<object><points><x>0.0029297</x><x>0.99805</x><y>0.0010718</y><y>1</y></points><label>2</label><labelname>facade</labelname><flag>1</flag></object><object><points><x>0.53906</x><x>0.63281</x><y>0.46624</y><y>0.53698</y></points><label>3</label><labelname>window</labelname><flag>1</flag></object><object><points><x>0.54004</x><x>0.63477</x><y>0.32262</y><y>0.39335</y></points><label>3</label><labelname>window</labelname><flag>1</flag></object><object><points><x>0.54102</x><x>0.63574</x><y>0.61093</y><y>0.68167</y></points><label>3</label><labelname>window</labelname><flag>1</flag></object><object><points><x>0.40234</x><x>0.47461</x><y>0.61522</y><y>0.68274</y></points><label>3</label><labelname>window</labelname><flag>1</flag></object><object><points><x>0.40332</x><x>0.47656</x><y>0.46838</y><y>0.53591</y></points><label>3</label><labelname>window</labelname><flag>1</flag></object><object><points><x>0.40137</x><x>0.47363</x><y>0.32476</y><y>0.39121</y></points><label>3</label><labelname>window</labelname><flag>1</flag></object><object><points><x>0.40332</x><x>0.46582</x><y>0.83387</y><y>0.90354</y></points><label>3</label><labelname>window</labelname><flag>1</flag></object><object><points><x>0.4043</x><x>0.4668</x><y>0.10504</y><y>0.17471</y></points><label>3</label><labelname>window</labelname><flag>1</flag></object><object><points><x>0.079102</x><x>0.13086</x><y>0.1104</y><y>0.18006</y></points><label>3</label><labelname>window</labelname><flag>1</flag></object><object><points><x>0.078125</x><x>0.12988</x><y>0.37299</y><y>0.44373</y></points><label>3</label><labelname>window</labelname><flag>1</flag></object><object><points><x>0.078125</x><x>0.12988</x><y>0.5627</y><y>0.63237</y></points><label>3</label><labelname>window</labelname><flag>1</flag></object><object><points><x>0.078125</x><x>0.12988</x><y>0.83065</y><y>0.90139</y></points><label>3</label><labelname>window</labelname><flag>1</flag></object><object><points><x>0.18457</x><x>0.23633</x><y>0.82958</y><y>0.90032</y></points><label>3</label><labelname>window</labelname><flag>1</flag></object><object><points><x>0.18457</x><x>0.23633</x><y>0.5627</y><y>0.63344</y></points><label>3</label><labelname>window</labelname><flag>1</flag></object><object><points><x>0.18164</x><x>0.2334</x><y>0.37299</y><y>0.44373</y></points><label>3</label><labelname>window</labelname><flag>1</flag></object><object><points><x>0.18359</x><x>0.23535</x><y>0.10825</y><y>0.17899</y></points><label>3</label><labelname>window</labelname><flag>1</flag></object><object><points><x>0.27246</x><x>0.36035</x><y>0.094319</y><y>0.19078</y></points><label>3</label><labelname>window</labelname><flag>1</flag></object><object><points><x>0.27344</x><x>0.36133</x><y>0.30868</y><y>0.40514</y></points><label>3</label><labelname>window</labelname><flag>1</flag></object><object><points><x>0.27441</x><x>0.3623</x><y>0.45766</y><y>0.55413</y></points><label>3</label><labelname>window</labelname><flag>1</flag></object><object><points><x>0.27344</x><x>0.36133</x><y>0.597</y><y>0.69346</y></points><label>3</label><labelname>window</labelname><flag>1</flag></object><object><points><x>0.27441</x><x>0.3623</x><y>0.81779</y><y>0.91426</y></points><label>3</label><labelname>window</labelname><flag>1</flag></object><object><points><x>0.71484</x><x>0.78223</x><y>0.82958</y><y>0.90032</y></points><label>3</label><labelname>window</labelname><flag>1</flag></object><object><points><x>0.71484</x><x>0.7832</x><y>0.098607</y><y>0.17363</y></points><label>3</label><labelname>window</labelname><flag>1</flag></object><object><points><x>0.50098</x><x>0.61719</x><y>0.062165</y><y>0.17471</y></points><label>3</label><labelname>window</labelname><flag>1</flag></object><object><points><x>0.50098</x><x>0.62012</x><y>0.17792</y><y>0.20364</y></points><label>3</label><labelname>window</labelname><flag>1</flag></object><object><points><x>0.50195</x><x>0.62109</x><y>0.046088</y><y>0.057878</y></points><label>3</label><labelname>window</labelname><flag>1</flag></object><object><points><x>0.49902</x><x>0.61523</x><y>0.82851</y><y>0.94105</y></points><label>3</label><labelname>window</labelname><flag>1</flag></object><object><points><x>0.50098</x><x>0.61914</x><y>0.80171</y><y>0.82529</y></points><label>3</label><labelname>window</labelname><flag>1</flag></object><object><points><x>0.50488</x><x>0.61719</x><y>0.94748</y><y>0.9582</y></points><label>3</label><labelname>window</labelname><flag>1</flag></object><object><points><x>0.68555</x><x>0.7998</x><y>0.40729</y><y>0.60129</y></points><label>3</label><labelname>window</labelname><flag>1</flag></object><object><points><x>0.69238</x><x>0.80176</x><y>0.27117</y><y>0.3955</y></points><label>3</label><labelname>window</labelname><flag>1</flag></object><object><points><x>0.69043</x><x>0.7998</x><y>0.61093</y><y>0.73526</y></points><label>3</label><labelname>window</labelname><flag>1</flag></object><object><points><x>0.86328</x><x>0.99609</x><y>0.45123</y><y>0.55841</y></points><label>4</label><labelname>door</labelname><flag>1</flag></object><object><points><x>0.094727</x><x>0.1543</x><y>0.072883</y><y>0.20257</y></points><label>7</label><labelname>balcony</labelname><flag>1</flag></object><object><points><x>0.09375</x><x>0.15332</x><y>0.34298</y><y>0.47267</y></points><label>7</label><labelname>balcony</labelname><flag>1</flag></object><object><points><x>0.091797</x><x>0.15234</x><y>0.53591</y><y>0.66559</y></points><label>7</label><labelname>balcony</labelname><flag>1</flag></object><object><points><x>0.19922</x><x>0.26758</x><y>0.068596</y><y>0.20364</y></points><label>7</label><labelname>balcony</labelname><flag>1</flag></object><object><points><x>0.19922</x><x>0.26953</x><y>0.34191</y><y>0.46945</y></points><label>7</label><labelname>balcony</labelname><flag>1</flag></object><object><points><x>0.19922</x><x>0.26953</x><y>0.53805</y><y>0.66452</y></points><label>7</label><labelname>balcony</labelname><flag>1</flag></object><object><points><x>0.32227</x><x>0.38574</x><y>0.066452</y><y>0.19936</y></points><label>7</label><labelname>balcony</labelname><flag>1</flag></object><object><points><x>0.32617</x><x>0.38574</x><y>0.29046</y><y>0.42229</y></points><label>7</label><labelname>balcony</labelname><flag>1</flag></object><object><points><x>0.32422</x><x>0.38379</x><y>0.43837</y><y>0.5702</y></points><label>7</label><labelname>balcony</labelname><flag>1</flag></object><object><points><x>0.3252</x><x>0.38477</x><y>0.58199</y><y>0.71383</y></points><label>7</label><labelname>balcony</labelname><flag>1</flag></object><object><points><x>0.42578</x><x>0.49707</x><y>0.039657</y><y>0.22722</y></points><label>7</label><labelname>balcony</labelname><flag>1</flag></object><object><points><x>0.42578</x><x>0.49512</x><y>0.78242</y><y>0.97749</y></points><label>7</label><labelname>balcony</labelname><flag>1</flag></object><object><points><x>0.43262</x><x>0.50293</x><y>0.25509</y><y>0.75241</y></points><label>7</label><labelname>balcony</labelname><flag>1</flag></object><object><points><x>0.59375</x><x>0.65723</x><y>0.25188</y><y>0.75241</y></points><label>7</label><labelname>balcony</labelname><flag>1</flag></object><object><points><x>0.7793</x><x>0.84375</x><y>0.024652</y><y>0.22508</y></points><label>7</label><labelname>balcony</labelname><flag>1</flag></object><object><points><x>0.78027</x><x>0.8457</x><y>0.77814</y><y>0.97856</y></points><label>7</label><labelname>balcony</labelname><flag>1</flag></object><object><points><x>0.085938</x><x>0.12988</x><y>0.1104</y><y>0.14469</y></points><label>8</label><labelname>blind</labelname><flag>1</flag></object><object><points><x>0.084961</x><x>0.12891</x><y>0.14577</y><y>0.17899</y></points><label>8</label><labelname>blind</labelname><flag>1</flag></object><object><points><x>0.085938</x><x>0.12793</x><y>0.37513</y><y>0.40836</y></points><label>8</label><labelname>blind</labelname><flag>1</flag></object><object><points><x>0.085938</x><x>0.12793</x><y>0.40943</y><y>0.44266</y></points><label>8</label><labelname>blind</labelname><flag>1</flag></object><object><points><x>0.074219</x><x>0.12793</x><y>0.60236</y><y>0.63237</y></points><label>8</label><labelname>blind</labelname><flag>1</flag></object><object><points><x>0.074219</x><x>0.12793</x><y>0.56592</y><y>0.59593</y></points><label>8</label><labelname>blind</labelname><flag>1</flag></object><object><points><x>0.083008</x><x>0.12891</x><y>0.83173</y><y>0.86281</y></points><label>8</label><labelname>blind</labelname><flag>1</flag></object><object><points><x>0.083984</x><x>0.12891</x><y>0.86495</y><y>0.89603</y></points><label>8</label><labelname>blind</labelname><flag>1</flag></object><object><points><x>0.1875</x><x>0.23438</x><y>0.1104</y><y>0.12862</y></points><label>8</label><labelname>blind</labelname><flag>1</flag></object><object><points><x>0.18945</x><x>0.2334</x><y>0.14362</y><y>0.17685</y></points><label>8</label><labelname>blind</labelname><flag>1</flag></object><object><points><x>0.18945</x><x>0.2334</x><y>0.37513</y><y>0.39335</y></points><label>8</label><labelname>blind</labelname><flag>1</flag></object><object><points><x>0.18945</x><x>0.23242</x><y>0.40836</y><y>0.44159</y></points><label>8</label><labelname>blind</labelname><flag>1</flag></object><object><points><x>0.18555</x><x>0.23535</x><y>0.56377</y><y>0.597</y></points><label>8</label><labelname>blind</labelname><flag>1</flag></object><object><points><x>0.18652</x><x>0.23535</x><y>0.59914</y><y>0.6313</y></points><label>8</label><labelname>blind</labelname><flag>1</flag></object><object><points><x>0.18457</x><x>0.23438</x><y>0.83173</y><y>0.86174</y></points><label>8</label><labelname>blind</labelname><flag>1</flag></object><object><points><x>0.18555</x><x>0.23438</x><y>0.86495</y><y>0.89496</y></points><label>8</label><labelname>blind</labelname><flag>1</flag></object><object><points><x>0.29883</x><x>0.36035</x><y>0.82101</y><y>0.84137</y></points><label>8</label><labelname>blind</labelname><flag>1</flag></object><object><points><x>0.29883</x><x>0.36035</x><y>0.89282</y><y>0.91318</y></points><label>8</label><labelname>blind</labelname><flag>1</flag></object><object><points><x>0.27832</x><x>0.30371</x><y>0.82529</y><y>0.90568</y></points><label>8</label><labelname>blind</labelname><flag>1</flag></object><object><points><x>0.27832</x><x>0.30273</x><y>0.6045</y><y>0.68917</y></points><label>8</label><labelname>blind</labelname><flag>1</flag></object><object><points><x>0.29883</x><x>0.35938</x><y>0.67095</y><y>0.69561</y></points><label>8</label><labelname>blind</labelname><flag>1</flag></object><object><points><x>0.30078</x><x>0.3623</x><y>0.59807</y><y>0.62272</y></points><label>8</label><labelname>blind</labelname><flag>1</flag></object><object><points><x>0.2998</x><x>0.36035</x><y>0.5284</y><y>0.55198</y></points><label>8</label><labelname>blind</labelname><flag>1</flag></object><object><points><x>0.30469</x><x>0.36426</x><y>0.46195</y><y>0.49946</y></points><label>8</label><labelname>blind</labelname><flag>1</flag></object><object><points><x>0.27832</x><x>0.30469</x><y>0.46195</y><y>0.54662</y></points><label>8</label><labelname>blind</labelname><flag>1</flag></object><object><points><x>0.2959</x><x>0.35938</x><y>0.38264</y><y>0.40193</y></points><label>8</label><labelname>blind</labelname><flag>1</flag></object><object><points><x>0.29785</x><x>0.36133</x><y>0.31083</y><y>0.33333</y></points><label>8</label><labelname>blind</labelname><flag>1</flag></object><object><points><x>0.27832</x><x>0.30371</x><y>0.31726</y><y>0.403</y></points><label>8</label><labelname>blind</labelname><flag>1</flag></object><object><points><x>0.2793</x><x>0.30371</x><y>0.10289</y><y>0.18328</y></points><label>8</label><labelname>blind</labelname><flag>1</flag></object><object><points><x>0.29785</x><x>0.35645</x><y>0.1672</y><y>0.18542</y></points><label>8</label><labelname>blind</labelname><flag>1</flag></object><object><points><x>0.29688</x><x>0.35742</x><y>0.087889</y><y>0.11254</y></points><label>8</label><labelname>blind</labelname><flag>1</flag></object><object><points><x>0.40723</x><x>0.46582</x><y>0.10718</y><y>0.12111</y></points><label>8</label><labelname>blind</labelname><flag>1</flag></object><object><points><x>0.40625</x><x>0.46484</x><y>0.15113</y><y>0.17149</y></points><label>8</label><labelname>blind</labelname><flag>1</flag></object><object><points><x>0.40234</x><x>0.47559</x><y>0.30118</y><y>0.32047</y></points><label>8</label><labelname>blind</labelname><flag>1</flag></object><object><points><x>0.40039</x><x>0.47754</x><y>0.44802</y><y>0.46624</y></points><label>8</label><labelname>blind</labelname><flag>1</flag></object><object><points><x>0.39844</x><x>0.47559</x><y>0.53805</y><y>0.55627</y></points><label>8</label><labelname>blind</labelname><flag>1</flag></object><object><points><x>0.40527</x><x>0.47461</x><y>0.65273</y><y>0.6806</y></points><label>8</label><labelname>blind</labelname><flag>1</flag></object><object><points><x>0.40723</x><x>0.46484</x><y>0.87138</y><y>0.89496</y></points><label>8</label><labelname>blind</labelname><flag>1</flag></object><object><points><x>0.54199</x><x>0.63379</x><y>0.36763</y><y>0.39228</y></points><label>8</label><labelname>blind</labelname><flag>1</flag></object><object><points><x>0.53711</x><x>0.63086</x><y>0.44802</y><y>0.46302</y></points><label>8</label><labelname>blind</labelname><flag>1</flag></object><object><points><x>0.53711</x><x>0.63281</x><y>0.54019</y><y>0.55627</y></points><label>8</label><labelname>blind</labelname><flag>1</flag></object><object><points><x>0.54004</x><x>0.63184</x><y>0.59807</y><y>0.61522</y></points><label>8</label><labelname>blind</labelname><flag>1</flag></object><object><points><x>0.54297</x><x>0.63184</x><y>0.65488</y><y>0.67953</y></points><label>8</label><labelname>blind</labelname><flag>1</flag></object><object><points><x>0.71875</x><x>0.73926</x><y>0.83173</y><y>0.89603</y></points><label>8</label><labelname>blind</labelname><flag>1</flag></object><object><points><x>0.7373</x><x>0.78125</x><y>0.82208</y><y>0.84352</y></points><label>8</label><labelname>blind</labelname><flag>1</flag></object><object><points><x>0.73535</x><x>0.7832</x><y>0.90139</y><y>0.92605</y></points><label>8</label><labelname>blind</labelname><flag>1</flag></object><object><points><x>0.71973</x><x>0.78223</x><y>0.10611</y><y>0.13934</y></points><label>8</label><labelname>blind</labelname><flag>1</flag></object><object><points><x>0.71973</x><x>0.78223</x><y>0.14041</y><y>0.17256</y></points><label>8</label><labelname>blind</labelname><flag>1</flag></object><object><points><x>0.6582</x><x>0.7168</x><y>0.050375</y><y>0.21651</y></points><label>5</label><labelname>cornice</labelname><flag>1</flag></object><object><points><x>0.65723</x><x>0.71191</x><y>0.79421</y><y>0.96034</y></points><label>5</label><labelname>cornice</labelname><flag>1</flag></object><object><points><x>0.38672</x><x>0.40039</x><y>0.22508</y><y>0.26902</y></points><label>9</label><labelname>deco</labelname><flag>1</flag></object><object><points><x>0.38672</x><x>0.40332</x><y>0.27438</y><y>0.29689</y></points><label>9</label><labelname>deco</labelname><flag>1</flag></object><object><points><x>0.38477</x><x>0.40137</x><y>0.19936</y><y>0.22079</y></points><label>9</label><labelname>deco</labelname><flag>1</flag></object><object><points><x>0.38574</x><x>0.40234</x><y>0.41908</y><y>0.44051</y></points><label>9</label><labelname>deco</labelname><flag>1</flag></object><object><points><x>0.38477</x><x>0.40137</x><y>0.56377</y><y>0.58628</y></points><label>9</label><labelname>deco</labelname><flag>1</flag></object><object><points><x>0.38574</x><x>0.40234</x><y>0.054662</y><y>0.07717</y></points><label>9</label><labelname>deco</labelname><flag>1</flag></object><object><points><x>0.38574</x><x>0.40234</x><y>0.70847</y><y>0.73098</y></points><label>9</label><labelname>deco</labelname><flag>1</flag></object><object><points><x>0.38574</x><x>0.40234</x><y>0.78457</y><y>0.806</y></points><label>9</label><labelname>deco</labelname><flag>1</flag></object><object><points><x>0.38379</x><x>0.40039</x><y>0.92712</y><y>0.94962</y></points><label>9</label><labelname>deco</labelname><flag>1</flag></object><object><points><x>0.38672</x><x>0.40039</x><y>0.95391</y><y>0.99893</y></points><label>9</label><labelname>deco</labelname><flag>1</flag></object><object><points><x>0.3877</x><x>0.40137</x><y>0.73526</y><y>0.78028</y></points><label>9</label><labelname>deco</labelname><flag>1</flag></object><object><points><x>0.3877</x><x>0.40234</x><y>0.0053591</y><y>0.049303</y></points><label>9</label><labelname>deco</labelname><flag>1</flag></object><object><points><x>0.0087891</x><x>0.060547</x><y>0.01179</y><y>0.99464</y></points><label>10</label><labelname>molding</labelname><flag>1</flag></object><object><points><x>0.13477</x><x>0.16797</x><y>0.01179</y><y>0.99464</y></points><label>10</label><labelname>molding</labelname><flag>1</flag></object><object><points><x>0.37207</x><x>0.40527</x><y>0.012862</y><y>0.99571</y></points><label>10</label><labelname>molding</labelname><flag>1</flag></object><object><points><x>0.86035</x><x>0.99609</x><y>0.052519</y><y>0.21972</y></points><label>12</label><labelname>shop</labelname><flag>1</flag></object><object><points><x>0.85938</x><x>0.99609</x><y>0.30225</y><y>0.42337</y></points><label>12</label><labelname>shop</labelname><flag>1</flag></object><object><points><x>0.86133</x><x>0.99609</x><y>0.59593</y><y>0.70418</y></points><label>12</label><labelname>shop</labelname><flag>1</flag></object><object><points><x>0.86328</x><x>0.99023</x><y>0.78349</y><y>0.94855</y></points><label>12</label><labelname>shop</labelname><flag>1</flag></object>