<object><points><x>0.0029297</x><x>1</x><y>0.006079</y><y>1</y></points><label>2</label><labelname>facade</labelname><flag>1</flag></object><object><points><x>0.056641</x><x>0.10059</x><y>0.06535</y><y>0.11246</y></points><label>3</label><labelname>window</labelname><flag>1</flag></object><object><points><x>0.057617</x><x>0.10156</x><y>0.17933</y><y>0.22644</y></points><label>3</label><labelname>window</labelname><flag>1</flag></object><object><points><x>0.056641</x><x>0.10059</x><y>0.29939</y><y>0.3465</y></points><label>3</label><labelname>window</labelname><flag>1</flag></object><object><points><x>0.055664</x><x>0.099609</x><y>0.41793</y><y>0.46657</y></points><label>3</label><labelname>window</labelname><flag>1</flag></object><object><points><x>0.056641</x><x>0.10059</x><y>0.53647</y><y>0.58511</y></points><label>3</label><labelname>window</labelname><flag>1</flag></object><object><points><x>0.056641</x><x>0.10059</x><y>0.65502</y><y>0.70365</y></points><label>3</label><labelname>window</labelname><flag>1</flag></object><object><points><x>0.057617</x><x>0.097656</x><y>0.769</y><y>0.82827</y></points><label>3</label><labelname>window</labelname><flag>1</flag></object><object><points><x>0.056641</x><x>0.10059</x><y>0.8921</y><y>0.94073</y></points><label>3</label><labelname>window</labelname><flag>1</flag></object><object><points><x>0.14062</x><x>0.17676</x><y>0.18389</y><y>0.22948</y></points><label>3</label><labelname>window</labelname><flag>1</flag></object><object><points><x>0.14062</x><x>0.17578</x><y>0.06383</y><y>0.11094</y></points><label>3</label><labelname>window</labelname><flag>1</flag></object><object><points><x>0.14062</x><x>0.17578</x><y>0.29787</y><y>0.34498</y></points><label>3</label><labelname>window</labelname><flag>1</flag></object><object><points><x>0.14062</x><x>0.17676</x><y>0.41793</y><y>0.46505</y></points><label>3</label><labelname>window</labelname><flag>1</flag></object><object><points><x>0.14062</x><x>0.17578</x><y>0.53495</y><y>0.58207</y></points><label>3</label><labelname>window</labelname><flag>1</flag></object><object><points><x>0.13965</x><x>0.1748</x><y>0.6535</y><y>0.70061</y></points><label>3</label><labelname>window</labelname><flag>1</flag></object><object><points><x>0.13867</x><x>0.17383</x><y>0.78116</y><y>0.82827</y></points><label>3</label><labelname>window</labelname><flag>1</flag></object><object><points><x>0.14062</x><x>0.17676</x><y>0.8921</y><y>0.93921</y></points><label>3</label><labelname>window</labelname><flag>1</flag></object><object><points><x>0.20605</x><x>0.24121</x><y>0.06535</y><y>0.11094</y></points><label>3</label><labelname>window</labelname><flag>1</flag></object><object><points><x>0.20605</x><x>0.24219</x><y>0.18237</y><y>0.22948</y></points><label>3</label><labelname>window</labelname><flag>1</flag></object><object><points><x>0.20605</x><x>0.24219</x><y>0.29787</y><y>0.34498</y></points><label>3</label><labelname>window</labelname><flag>1</flag></object><object><points><x>0.20605</x><x>0.24121</x><y>0.41793</y><y>0.46505</y></points><label>3</label><labelname>window</labelname><flag>1</flag></object><object><points><x>0.20508</x><x>0.24023</x><y>0.53647</y><y>0.58359</y></points><label>3</label><labelname>window</labelname><flag>1</flag></object><object><points><x>0.20605</x><x>0.24121</x><y>0.6535</y><y>0.70061</y></points><label>3</label><labelname>window</labelname><flag>1</flag></object><object><points><x>0.20605</x><x>0.24121</x><y>0.8921</y><y>0.93921</y></points><label>3</label><labelname>window</labelname><flag>1</flag></object><object><points><x>0.2041</x><x>0.2334</x><y>0.77052</y><y>0.82371</y></points><label>3</label><labelname>window</labelname><flag>1</flag></object><object><points><x>0.27148</x><x>0.30762</x><y>0.8921</y><y>0.93921</y></points><label>3</label><labelname>window</labelname><flag>1</flag></object><object><points><x>0.27148</x><x>0.30762</x><y>0.6535</y><y>0.70061</y></points><label>3</label><labelname>window</labelname><flag>1</flag></object><object><points><x>0.26953</x><x>0.30859</x><y>0.53495</y><y>0.58663</y></points><label>3</label><labelname>window</labelname><flag>1</flag></object><object><points><x>0.26758</x><x>0.30762</x><y>0.41489</y><y>0.46657</y></points><label>3</label><labelname>window</labelname><flag>1</flag></object><object><points><x>0.26855</x><x>0.30762</x><y>0.30395</y><y>0.3465</y></points><label>3</label><labelname>window</labelname><flag>1</flag></object><object><points><x>0.27051</x><x>0.30664</x><y>0.18389</y><y>0.22796</y></points><label>3</label><labelname>window</labelname><flag>1</flag></object><object><points><x>0.27148</x><x>0.30762</x><y>0.066869</y><y>0.11094</y></points><label>3</label><labelname>window</labelname><flag>1</flag></object><object><points><x>0.33691</x><x>0.37305</x><y>0.06535</y><y>0.10942</y></points><label>3</label><labelname>window</labelname><flag>1</flag></object><object><points><x>0.33594</x><x>0.37207</x><y>0.18541</y><y>0.22948</y></points><label>3</label><labelname>window</labelname><flag>1</flag></object><object><points><x>0.33594</x><x>0.37207</x><y>0.30091</y><y>0.34498</y></points><label>3</label><labelname>window</labelname><flag>1</flag></object><object><points><x>0.33594</x><x>0.37207</x><y>0.41945</y><y>0.46353</y></points><label>3</label><labelname>window</labelname><flag>1</flag></object><object><points><x>0.33398</x><x>0.37402</x><y>0.53647</y><y>0.58359</y></points><label>3</label><labelname>window</labelname><flag>1</flag></object><object><points><x>0.33496</x><x>0.375</x><y>0.6535</y><y>0.70061</y></points><label>3</label><labelname>window</labelname><flag>1</flag></object><object><points><x>0.33594</x><x>0.37695</x><y>0.89514</y><y>0.94073</y></points><label>3</label><labelname>window</labelname><flag>1</flag></object><object><points><x>0.40234</x><x>0.44043</x><y>0.8921</y><y>0.93921</y></points><label>3</label><labelname>window</labelname><flag>1</flag></object><object><points><x>0.40332</x><x>0.44141</x><y>0.65653</y><y>0.70365</y></points><label>3</label><labelname>window</labelname><flag>1</flag></object><object><points><x>0.40234</x><x>0.44043</x><y>0.53799</y><y>0.58511</y></points><label>3</label><labelname>window</labelname><flag>1</flag></object><object><points><x>0.40332</x><x>0.44141</x><y>0.42097</y><y>0.46657</y></points><label>3</label><labelname>window</labelname><flag>1</flag></object><object><points><x>0.40039</x><x>0.43848</x><y>0.29787</y><y>0.34498</y></points><label>3</label><labelname>window</labelname><flag>1</flag></object><object><points><x>0.40137</x><x>0.43945</x><y>0.18237</y><y>0.22948</y></points><label>3</label><labelname>window</labelname><flag>1</flag></object><object><points><x>0.40137</x><x>0.43945</x><y>0.06079</y><y>0.10638</y></points><label>3</label><labelname>window</labelname><flag>1</flag></object><object><points><x>0.46777</x><x>0.50586</x><y>0.06231</y><y>0.10942</y></points><label>3</label><labelname>window</labelname><flag>1</flag></object><object><points><x>0.46777</x><x>0.50586</x><y>0.18389</y><y>0.22948</y></points><label>3</label><labelname>window</labelname><flag>1</flag></object><object><points><x>0.4668</x><x>0.50391</x><y>0.30091</y><y>0.34802</y></points><label>3</label><labelname>window</labelname><flag>1</flag></object><object><points><x>0.46973</x><x>0.50781</x><y>0.41641</y><y>0.46201</y></points><label>3</label><labelname>window</labelname><flag>1</flag></object><object><points><x>0.4707</x><x>0.50781</x><y>0.53951</y><y>0.58511</y></points><label>3</label><labelname>window</labelname><flag>1</flag></object><object><points><x>0.46875</x><x>0.50684</x><y>0.65957</y><y>0.70517</y></points><label>3</label><labelname>window</labelname><flag>1</flag></object><object><points><x>0.46875</x><x>0.50684</x><y>0.89362</y><y>0.94073</y></points><label>3</label><labelname>window</labelname><flag>1</flag></object><object><points><x>0.53516</x><x>0.57324</x><y>0.06231</y><y>0.10942</y></points><label>3</label><labelname>window</labelname><flag>1</flag></object><object><points><x>0.53516</x><x>0.57324</x><y>0.17629</y><y>0.2234</y></points><label>3</label><labelname>window</labelname><flag>1</flag></object><object><points><x>0.53711</x><x>0.5752</x><y>0.29787</y><y>0.34347</y></points><label>3</label><labelname>window</labelname><flag>1</flag></object><object><points><x>0.53711</x><x>0.5752</x><y>0.41641</y><y>0.46201</y></points><label>3</label><labelname>window</labelname><flag>1</flag></object><object><points><x>0.53711</x><x>0.5752</x><y>0.53495</y><y>0.58055</y></points><label>3</label><labelname>window</labelname><flag>1</flag></object><object><points><x>0.53809</x><x>0.57617</x><y>0.6535</y><y>0.70061</y></points><label>3</label><labelname>window</labelname><flag>1</flag></object><object><points><x>0.53711</x><x>0.57422</x><y>0.7766</y><y>0.82371</y></points><label>3</label><labelname>window</labelname><flag>1</flag></object><object><points><x>0.53613</x><x>0.58887</x><y>0.88906</y><y>0.94377</y></points><label>3</label><labelname>window</labelname><flag>1</flag></object><object><points><x>0.26953</x><x>0.30176</x><y>0.77356</y><y>0.82523</y></points><label>3</label><labelname>window</labelname><flag>1</flag></object><object><points><x>0.33496</x><x>0.36719</x><y>0.77204</y><y>0.82371</y></points><label>3</label><labelname>window</labelname><flag>1</flag></object><object><points><x>0.40137</x><x>0.43457</x><y>0.77508</y><y>0.82675</y></points><label>3</label><labelname>window</labelname><flag>1</flag></object><object><points><x>0.4707</x><x>0.50293</x><y>0.77204</y><y>0.82523</y></points><label>3</label><labelname>window</labelname><flag>1</flag></object><object><points><x>0.65625</x><x>0.75195</x><y>0.16717</y><y>0.2386</y></points><label>3</label><labelname>window</labelname><flag>1</flag></object><object><points><x>0.6543</x><x>0.75098</x><y>0.28419</y><y>0.35562</y></points><label>3</label><labelname>window</labelname><flag>1</flag></object><object><points><x>0.65527</x><x>0.75195</x><y>0.40881</y><y>0.48024</y></points><label>3</label><labelname>window</labelname><flag>1</flag></object><object><points><x>0.65625</x><x>0.75195</x><y>0.5228</y><y>0.59422</y></points><label>3</label><labelname>window</labelname><flag>1</flag></object><object><points><x>0.65527</x><x>0.75195</x><y>0.64742</y><y>0.71884</y></points><label>3</label><labelname>window</labelname><flag>1</flag></object><object><points><x>0.69531</x><x>0.74805</x><y>0.8921</y><y>0.94833</y></points><label>3</label><labelname>window</labelname><flag>1</flag></object><object><points><x>0.79688</x><x>0.84473</x><y>0.89362</y><y>0.94377</y></points><label>3</label><labelname>window</labelname><flag>1</flag></object><object><points><x>0.79785</x><x>0.83496</x><y>0.65198</y><y>0.70517</y></points><label>3</label><labelname>window</labelname><flag>1</flag></object><object><points><x>0.7959</x><x>0.83301</x><y>0.52736</y><y>0.58055</y></points><label>3</label><labelname>window</labelname><flag>1</flag></object><object><points><x>0.37207</x><x>0.39551</x><y>0.037994</y><y>0.12766</y></points><label>5</label><labelname>cornice</labelname><flag>1</flag></object><object><points><x>0.37207</x><x>0.39648</x><y>0.15805</y><y>0.24772</y></points><label>5</label><labelname>cornice</labelname><flag>1</flag></object><object><points><x>0.37305</x><x>0.39746</x><y>0.27356</y><y>0.36322</y></points><label>5</label><labelname>cornice</labelname><flag>1</flag></object><object><points><x>0.37305</x><x>0.39648</x><y>0.3921</y><y>0.48024</y></points><label>5</label><labelname>cornice</labelname><flag>1</flag></object><object><points><x>0.375</x><x>0.39844</x><y>0.5152</y><y>0.60334</y></points><label>5</label><labelname>cornice</labelname><flag>1</flag></object><object><points><x>0.37305</x><x>0.39746</x><y>0.8693</y><y>0.95897</y></points><label>5</label><labelname>cornice</labelname><flag>1</flag></object><object><points><x>0.37305</x><x>0.39746</x><y>0.75532</y><y>0.84347</y></points><label>5</label><labelname>cornice</labelname><flag>1</flag></object><object><points><x>0.37305</x><x>0.39746</x><y>0.63222</y><y>0.72036</y></points><label>5</label><labelname>cornice</labelname><flag>1</flag></object><object><points><x>0.0039062</x><x>0.02832</x><y>0.037994</y><y>0.97264</y></points><label>7</label><labelname>balcony</labelname><flag>1</flag></object><object><points><x>0.74805</x><x>0.7793</x><y>0.13982</y><y>0.77964</y></points><label>7</label><labelname>balcony</labelname><flag>1</flag></object><object><points><x>0.62695</x><x>0.65234</x><y>0.18085</y><y>0.21277</y></points><label>9</label><labelname>deco</labelname><flag>1</flag></object><object><points><x>0.62695</x><x>0.65234</x><y>0.30547</y><y>0.33587</y></points><label>9</label><labelname>deco</labelname><flag>1</flag></object><object><points><x>0.62695</x><x>0.65234</x><y>0.42553</y><y>0.45745</y></points><label>9</label><labelname>deco</labelname><flag>1</flag></object><object><points><x>0.62793</x><x>0.65332</x><y>0.53951</y><y>0.57143</y></points><label>9</label><labelname>deco</labelname><flag>1</flag></object><object><points><x>0.62695</x><x>0.65234</x><y>0.66413</y><y>0.69605</y></points><label>9</label><labelname>deco</labelname><flag>1</flag></object><object><points><x>0.61914</x><x>0.68066</x><y>0.048632</y><y>0.11702</y></points><label>9</label><labelname>deco</labelname><flag>1</flag></object><object><points><x>0.62402</x><x>0.67676</x><y>0.88906</y><y>0.94833</y></points><label>9</label><labelname>deco</labelname><flag>1</flag></object><object><points><x>0.50391</x><x>0.51562</x><y>0.012158</y><y>1</y></points><label>10</label><labelname>molding</labelname><flag>1</flag></object><object><points><x>0.43652</x><x>0.46875</x><y>0.019757</y><y>0.99088</y></points><label>10</label><labelname>molding</labelname><flag>1</flag></object><object><points><x>0.094727</x><x>0.1875</x><y>0.022796</y><y>0.99696</y></points><label>10</label><labelname>molding</labelname><flag>1</flag></object><object><points><x>0.038086</x><x>0.056641</x><y>0.045593</y><y>0.1307</y></points><label>5</label><labelname>cornice</labelname><flag>1</flag></object><object><points><x>0.039062</x><x>0.056641</x><y>0.15805</y><y>0.24164</y></points><label>5</label><labelname>cornice</labelname><flag>1</flag></object><object><points><x>0.038086</x><x>0.056641</x><y>0.28116</y><y>0.36474</y></points><label>5</label><labelname>cornice</labelname><flag>1</flag></object><object><points><x>0.038086</x><x>0.056641</x><y>0.39818</y><y>0.48176</y></points><label>5</label><labelname>cornice</labelname><flag>1</flag></object><object><points><x>0.039062</x><x>0.057617</x><y>0.51976</y><y>0.60334</y></points><label>5</label><labelname>cornice</labelname><flag>1</flag></object><object><points><x>0.041016</x><x>0.05957</x><y>0.63526</y><y>0.71884</y></points><label>5</label><labelname>cornice</labelname><flag>1</flag></object><object><points><x>0.040039</x><x>0.058594</x><y>0.75684</y><y>0.84043</y></points><label>5</label><labelname>cornice</labelname><flag>1</flag></object><object><points><x>0.039062</x><x>0.056641</x><y>0.87082</y><y>0.95593</y></points><label>5</label><labelname>cornice</labelname><flag>1</flag></object><object><points><x>0.87988</x><x>0.98828</x><y>0.87234</y><y>0.96353</y></points><label>12</label><labelname>shop</labelname><flag>1</flag></object>