<object><points><x>0.24023</x><x>0.8457</x><y>0.46621</y><y>0.73793</y></points><label>2</label><labelname>facade</labelname><flag>1</flag></object><object><points><x>0.29199</x><x>0.34375</x><y>0.50345</y><y>0.54897</y></points><label>3</label><labelname>window</labelname><flag>1</flag></object><object><points><x>0.29297</x><x>0.34375</x><y>0.58207</y><y>0.62759</y></points><label>3</label><labelname>window</labelname><flag>1</flag></object><object><points><x>0.29297</x><x>0.34473</x><y>0.65931</y><y>0.70483</y></points><label>3</label><labelname>window</labelname><flag>1</flag></object><object><points><x>0.49707</x><x>0.57324</x><y>0.22621</y><y>0.27586</y></points><label>3</label><labelname>window</labelname><flag>1</flag></object><object><points><x>0.50293</x><x>0.5791</x><y>0.33793</y><y>0.38759</y></points><label>3</label><labelname>window</labelname><flag>1</flag></object><object><points><x>0.63281</x><x>0.69824</x><y>0.22621</y><y>0.27586</y></points><label>3</label><labelname>window</labelname><flag>1</flag></object><object><points><x>0.63672</x><x>0.7002</x><y>0.34069</y><y>0.38483</y></points><label>3</label><labelname>window</labelname><flag>1</flag></object><object><points><x>0.38965</x><x>0.44824</x><y>0.33517</y><y>0.35586</y></points><label>3</label><labelname>window</labelname><flag>1</flag></object><object><points><x>0.40625</x><x>0.46191</x><y>0.49517</y><y>0.52</y></points><label>3</label><labelname>window</labelname><flag>1</flag></object><object><points><x>0.40527</x><x>0.46094</x><y>0.5269</y><y>0.5531</y></points><label>3</label><labelname>window</labelname><flag>1</flag></object><object><points><x>0.40527</x><x>0.46094</x><y>0.57241</y><y>0.59724</y></points><label>3</label><labelname>window</labelname><flag>1</flag></object><object><points><x>0.40527</x><x>0.46094</x><y>0.60552</y><y>0.63172</y></points><label>3</label><labelname>window</labelname><flag>1</flag></object><object><points><x>0.40527</x><x>0.46094</x><y>0.65241</y><y>0.67724</y></points><label>3</label><labelname>window</labelname><flag>1</flag></object><object><points><x>0.40527</x><x>0.46094</x><y>0.68138</y><y>0.70759</y></points><label>3</label><labelname>window</labelname><flag>1</flag></object><object><points><x>0.5166</x><x>0.58398</x><y>0.49379</y><y>0.52</y></points><label>3</label><labelname>window</labelname><flag>1</flag></object><object><points><x>0.51562</x><x>0.58301</x><y>0.5269</y><y>0.5531</y></points><label>3</label><labelname>window</labelname><flag>1</flag></object><object><points><x>0.51562</x><x>0.58203</x><y>0.57241</y><y>0.59862</y></points><label>3</label><labelname>window</labelname><flag>1</flag></object><object><points><x>0.51562</x><x>0.58203</x><y>0.60414</y><y>0.63172</y></points><label>3</label><labelname>window</labelname><flag>1</flag></object><object><points><x>0.51465</x><x>0.58105</x><y>0.65103</y><y>0.67586</y></points><label>3</label><labelname>window</labelname><flag>1</flag></object><object><points><x>0.51465</x><x>0.58008</x><y>0.68276</y><y>0.70759</y></points><label>3</label><labelname>window</labelname><flag>1</flag></object><object><points><x>0.39453</x><x>0.4541</x><y>0.36414</y><y>0.38483</y></points><label>3</label><labelname>window</labelname><flag>1</flag></object><object><points><x>0.37695</x><x>0.44043</x><y>0.25517</y><y>0.27724</y></points><label>3</label><labelname>window</labelname><flag>1</flag></object><object><points><x>0.37402</x><x>0.43555</x><y>0.22207</y><y>0.24552</y></points><label>3</label><labelname>window</labelname><flag>1</flag></object><object><points><x>0.49805</x><x>0.50977</x><y>0.47586</y><y>0.72552</y></points><label>5</label><labelname>cornice</labelname><flag>1</flag></object><object><points><x>0.35645</x><x>0.37207</x><y>0.22069</y><y>0.25103</y></points><label>5</label><labelname>cornice</labelname><flag>1</flag></object><object><points><x>0.36035</x><x>0.37598</x><y>0.25379</y><y>0.28276</y></points><label>5</label><labelname>cornice</labelname><flag>1</flag></object><object><points><x>0.37402</x><x>0.38867</x><y>0.33517</y><y>0.36138</y></points><label>5</label><labelname>cornice</labelname><flag>1</flag></object><object><points><x>0.37891</x><x>0.39355</x><y>0.36414</y><y>0.39034</y></points><label>5</label><labelname>cornice</labelname><flag>1</flag></object><object><points><x>0.57812</x><x>0.5918</x><y>0.48</y><y>0.72552</y></points><label>6</label><labelname>sill</labelname><flag>1</flag></object><object><points><x>0.59766</x><x>0.65527</x><y>0.48828</y><y>0.70897</y></points><label>9</label><labelname>deco</labelname><flag>1</flag></object><object><points><x>0.45312</x><x>0.66797</x><y>0.11034</y><y>0.19724</y></points><label>9</label><labelname>deco</labelname><flag>1</flag></object><object><points><x>0.36816</x><x>0.39258</x><y>0.46897</y><y>0.73517</y></points><label>10</label><labelname>molding</labelname><flag>1</flag></object><object><points><x>0.45703</x><x>0.4707</x><y>0.47172</y><y>0.73103</y></points><label>10</label><labelname>molding</labelname><flag>1</flag></object><object><points><x>0.68066</x><x>0.8418</x><y>0.50345</y><y>0.6869</y></points><label>4</label><labelname>door</labelname><flag>1</flag></object>