<object><points><x>0.19629</x><x>0.26855</x><y>0.55729</y><y>0.66536</y></points><label>3</label><labelname>window</labelname><flag>1</flag></object><object><points><x>0.09668</x><x>0.13379</x><y>0.57552</y><y>0.64583</y></points><label>3</label><labelname>window</labelname><flag>1</flag></object><object><points><x>0.12305</x><x>0.16016</x><y>0.51302</y><y>0.52344</y></points><label>3</label><labelname>window</labelname><flag>1</flag></object><object><points><x>0.20703</x><x>0.29004</x><y>0.50651</y><y>0.52344</y></points><label>3</label><labelname>window</labelname><flag>1</flag></object><object><points><x>0.3457</x><x>0.42871</x><y>0.50781</y><y>0.52474</y></points><label>3</label><labelname>window</labelname><flag>1</flag></object><object><points><x>0.48828</x><x>0.56738</x><y>0.50781</y><y>0.52474</y></points><label>3</label><labelname>window</labelname><flag>1</flag></object><object><points><x>0.33789</x><x>0.41113</x><y>0.55729</y><y>0.66536</y></points><label>3</label><labelname>window</labelname><flag>1</flag></object><object><points><x>0.48242</x><x>0.55469</x><y>0.55859</y><y>0.66536</y></points><label>3</label><labelname>window</labelname><flag>1</flag></object><object><points><x>0.625</x><x>0.69727</x><y>0.5599</y><y>0.66667</y></points><label>3</label><labelname>window</labelname><flag>1</flag></object><object><points><x>0.76953</x><x>0.8418</x><y>0.57161</y><y>0.64844</y></points><label>3</label><labelname>window</labelname><flag>1</flag></object><object><points><x>0.62793</x><x>0.70508</x><y>0.50781</y><y>0.52604</y></points><label>3</label><labelname>window</labelname><flag>1</flag></object><object><points><x>0.77148</x><x>0.84277</x><y>0.51823</y><y>0.53776</y></points><label>3</label><labelname>window</labelname><flag>1</flag></object><object><points><x>0.7666</x><x>0.84668</x><y>0.73307</y><y>0.8724</y></points><label>3</label><labelname>window</labelname><flag>1</flag></object><object><points><x>0.49707</x><x>0.57227</x><y>0.73177</y><y>0.86849</y></points><label>3</label><labelname>window</labelname><flag>1</flag></object><object><points><x>0.63184</x><x>0.70898</x><y>0.73307</y><y>0.86979</y></points><label>3</label><labelname>window</labelname><flag>1</flag></object><object><points><x>0.23047</x><x>0.30371</x><y>0.73047</y><y>0.86719</y></points><label>3</label><labelname>window</labelname><flag>1</flag></object><object><points><x>0.3623</x><x>0.4375</x><y>0.73177</y><y>0.86719</y></points><label>3</label><labelname>window</labelname><flag>1</flag></object><object><points><x>0.77344</x><x>0.84473</x><y>0.43229</y><y>0.47917</y></points><label>3</label><labelname>window</labelname><flag>1</flag></object><object><points><x>0.063477</x><x>0.97754</x><y>0.19141</y><y>0.90365</y></points><label>2</label><labelname>facade</labelname><flag>1</flag></object><object><points><x>0.89746</x><x>0.95605</x><y>0.43359</y><y>0.47917</y></points><label>3</label><labelname>window</labelname><flag>1</flag></object><object><points><x>0.66211</x><x>0.72852</x><y>0.26172</y><y>0.36328</y></points><label>3</label><labelname>window</labelname><flag>1</flag></object><object><points><x>0.54199</x><x>0.5957</x><y>0.26562</y><y>0.35807</y></points><label>3</label><labelname>window</labelname><flag>1</flag></object><object><points><x>0.41797</x><x>0.4502</x><y>0.26172</y><y>0.35938</y></points><label>3</label><labelname>window</labelname><flag>1</flag></object><object><points><x>0.29199</x><x>0.33203</x><y>0.25911</y><y>0.35938</y></points><label>3</label><labelname>window</labelname><flag>1</flag></object><object><points><x>0.80859</x><x>0.9502</x><y>0.26953</y><y>0.34896</y></points><label>4</label><labelname>door</labelname><flag>1</flag></object><object><points><x>0.19727</x><x>0.26074</x><y>0.06901</y><y>0.1237</y></points><label>3</label><labelname>window</labelname><flag>1</flag></object><object><points><x>0.30762</x><x>0.37109</x><y>0.067708</y><y>0.1224</y></points><label>3</label><labelname>window</labelname><flag>1</flag></object><object><points><x>0.41797</x><x>0.48145</x><y>0.067708</y><y>0.1224</y></points><label>3</label><labelname>window</labelname><flag>1</flag></object><object><points><x>0.1709</x><x>0.19824</x><y>0.54167</y><y>0.68099</y></points><label>5</label><labelname>cornice</labelname><flag>1</flag></object><object><points><x>0.31445</x><x>0.3418</x><y>0.54427</y><y>0.6849</y></points><label>5</label><labelname>cornice</labelname><flag>1</flag></object><object><points><x>0.43359</x><x>0.48242</x><y>0.53906</y><y>0.67969</y></points><label>5</label><labelname>cornice</labelname><flag>1</flag></object><object><points><x>0.56934</x><x>0.625</x><y>0.53906</y><y>0.68099</y></points><label>5</label><labelname>cornice</labelname><flag>1</flag></object><object><points><x>0.26562</x><x>0.28711</x><y>0.54688</y><y>0.67188</y></points><label>6</label><labelname>sill</labelname><flag>1</flag></object><object><points><x>0.30078</x><x>0.35352</x><y>0.72135</y><y>0.875</y></points><label>6</label><labelname>sill</labelname><flag>1</flag></object><object><points><x>0.43555</x><x>0.44727</x><y>0.72135</y><y>0.87891</y></points><label>6</label><labelname>sill</labelname><flag>1</flag></object><object><points><x>0.44922</x><x>0.4873</x><y>0.72266</y><y>0.88021</y></points><label>5</label><labelname>cornice</labelname><flag>1</flag></object><object><points><x>0.57129</x><x>0.58301</x><y>0.72526</y><y>0.87891</y></points><label>6</label><labelname>sill</labelname><flag>1</flag></object><object><points><x>0.55664</x><x>0.57812</x><y>0.6888</y><y>0.70833</y></points><label>6</label><labelname>sill</labelname><flag>1</flag></object><object><points><x>0.55273</x><x>0.56445</x><y>0.54688</y><y>0.67578</y></points><label>6</label><labelname>sill</labelname><flag>1</flag></object><object><points><x>0.55859</x><x>0.58301</x><y>0.50391</y><y>0.52995</y></points><label>6</label><labelname>sill</labelname><flag>1</flag></object><object><points><x>0.58691</x><x>0.60059</x><y>0.73828</y><y>0.77214</y></points><label>5</label><labelname>cornice</labelname><flag>1</flag></object><object><points><x>0.58691</x><x>0.60059</x><y>0.78125</y><y>0.82161</y></points><label>5</label><labelname>cornice</labelname><flag>1</flag></object><object><points><x>0.58691</x><x>0.59961</x><y>0.82682</y><y>0.86719</y></points><label>5</label><labelname>cornice</labelname><flag>1</flag></object><object><points><x>0.58789</x><x>0.62988</x><y>0.69141</y><y>0.71224</y></points><label>5</label><labelname>cornice</labelname><flag>1</flag></object><object><points><x>0.58691</x><x>0.63184</x><y>0.5026</y><y>0.52995</y></points><label>5</label><labelname>cornice</labelname><flag>1</flag></object><object><points><x>0.32227</x><x>0.35156</x><y>0.4987</y><y>0.52865</y></points><label>5</label><labelname>cornice</labelname><flag>1</flag></object><object><points><x>0.44629</x><x>0.49902</x><y>0.4987</y><y>0.53255</y></points><label>5</label><labelname>cornice</labelname><flag>1</flag></object><object><points><x>0.41504</x><x>0.4502</x><y>0.5013</y><y>0.52865</y></points><label>6</label><labelname>sill</labelname><flag>1</flag></object><object><points><x>0.41699</x><x>0.45117</x><y>0.69271</y><y>0.70573</y></points><label>6</label><labelname>sill</labelname><flag>1</flag></object><object><points><x>0.27539</x><x>0.30762</x><y>0.6888</y><y>0.70703</y></points><label>6</label><labelname>sill</labelname><flag>1</flag></object><object><points><x>0.27148</x><x>0.30957</x><y>0.49479</y><y>0.52865</y></points><label>6</label><labelname>sill</labelname><flag>1</flag></object><object><points><x>0.44531</x><x>0.49316</x><y>0.6888</y><y>0.70833</y></points><label>5</label><labelname>cornice</labelname><flag>1</flag></object><object><points><x>0.32129</x><x>0.36328</x><y>0.6888</y><y>0.70833</y></points><label>5</label><labelname>cornice</labelname><flag>1</flag></object><object><points><x>0.16602</x><x>0.22559</x><y>0.4974</y><y>0.52995</y></points><label>5</label><labelname>cornice</labelname><flag>1</flag></object><object><points><x>0.16602</x><x>0.22363</x><y>0.69141</y><y>0.70833</y></points><label>5</label><labelname>cornice</labelname><flag>1</flag></object><object><points><x>0.13184</x><x>0.16797</x><y>0.53516</y><y>0.68359</y></points><label>6</label><labelname>sill</labelname><flag>1</flag></object><object><points><x>0.40918</x><x>0.43555</x><y>0.55078</y><y>0.67318</y></points><label>6</label><labelname>sill</labelname><flag>1</flag></object><object><points><x>0.69629</x><x>0.70898</x><y>0.54948</y><y>0.67969</y></points><label>6</label><labelname>sill</labelname><flag>1</flag></object><object><points><x>0.69922</x><x>0.71387</x><y>0.69271</y><y>0.70964</y></points><label>6</label><labelname>sill</labelname><flag>1</flag></object><object><points><x>0.69824</x><x>0.71484</x><y>0.5013</y><y>0.53125</y></points><label>6</label><labelname>sill</labelname><flag>1</flag></object><object><points><x>0.70605</x><x>0.71777</x><y>0.72396</y><y>0.88151</y></points><label>6</label><labelname>sill</labelname><flag>1</flag></object><object><points><x>0.28516</x><x>0.33691</x><y>0.22266</y><y>0.40755</y></points><label>7</label><labelname>balcony</labelname><flag>1</flag></object><object><points><x>0.4209</x><x>0.47266</x><y>0.22396</y><y>0.40755</y></points><label>7</label><labelname>balcony</labelname><flag>1</flag></object><object><points><x>0.55469</x><x>0.60645</x><y>0.22266</y><y>0.40625</y></points><label>7</label><labelname>balcony</labelname><flag>1</flag></object><object><points><x>0.69922</x><x>0.74414</x><y>0.22266</y><y>0.40755</y></points><label>7</label><labelname>balcony</labelname><flag>1</flag></object><object><points><x>0.19434</x><x>0.31348</x><y>0.42969</y><y>0.48047</y></points><label>9</label><labelname>deco</labelname><flag>1</flag></object><object><points><x>0.19336</x><x>0.26855</x><y>0.19271</y><y>0.22786</y></points><label>9</label><labelname>deco</labelname><flag>1</flag></object><object><points><x>0.4541</x><x>0.63574</x><y>0.43099</y><y>0.48438</y></points><label>9</label><labelname>deco</labelname><flag>1</flag></object><object><points><x>0.19336</x><x>0.26758</x><y>0.8724</y><y>0.90104</y></points><label>9</label><labelname>deco</labelname><flag>1</flag></object><object><points><x>0.77539</x><x>0.8418</x><y>0.23177</y><y>0.375</y></points><label>9</label><labelname>deco</labelname><flag>1</flag></object><object><points><x>0.18262</x><x>0.19727</x><y>0.19531</y><y>0.89974</y></points><label>10</label><labelname>molding</labelname><flag>1</flag></object><object><points><x>0.72656</x><x>0.75391</x><y>0.19661</y><y>0.89844</y></points><label>10</label><labelname>molding</labelname><flag>1</flag></object><object><points><x>0.8584</x><x>0.88086</x><y>0.19271</y><y>0.89844</y></points><label>10</label><labelname>molding</labelname><flag>1</flag></object>