<object><points><x>0.4082</x><x>0.43066</x><y>0.1276</y><y>0.25911</y></points><label>5</label><labelname>cornice</labelname><flag>1</flag></object><object><points><x>0.41211</x><x>0.43066</x><y>0.31771</y><y>0.40755</y></points><label>5</label><labelname>cornice</labelname><flag>1</flag></object><object><points><x>0.41309</x><x>0.43066</x><y>0.42318</y><y>0.51432</y></points><label>5</label><labelname>cornice</labelname><flag>1</flag></object><object><points><x>0.30957</x><x>0.37109</x><y>0.33464</y><y>0.38411</y></points><label>3</label><labelname>window</labelname><flag>1</flag></object><object><points><x>0.30957</x><x>0.37109</x><y>0.44271</y><y>0.49089</y></points><label>3</label><labelname>window</labelname><flag>1</flag></object><object><points><x>0.43555</x><x>0.50195</x><y>0.33464</y><y>0.38281</y></points><label>3</label><labelname>window</labelname><flag>1</flag></object><object><points><x>0.43555</x><x>0.50098</x><y>0.44271</y><y>0.49089</y></points><label>3</label><labelname>window</labelname><flag>1</flag></object><object><points><x>0.30957</x><x>0.37109</x><y>0.54167</y><y>0.59115</y></points><label>3</label><labelname>window</labelname><flag>1</flag></object><object><points><x>0.43555</x><x>0.50098</x><y>0.54297</y><y>0.59245</y></points><label>3</label><labelname>window</labelname><flag>1</flag></object><object><points><x>0.41309</x><x>0.42969</x><y>0.52474</y><y>0.61849</y></points><label>5</label><labelname>cornice</labelname><flag>1</flag></object><object><points><x>0.43164</x><x>0.49707</x><y>0.67057</y><y>0.71484</y></points><label>3</label><labelname>window</labelname><flag>1</flag></object><object><points><x>0.43164</x><x>0.49609</x><y>0.72005</y><y>0.76432</y></points><label>3</label><labelname>window</labelname><flag>1</flag></object><object><points><x>0.82324</x><x>0.89258</x><y>0.67448</y><y>0.71224</y></points><label>3</label><labelname>window</labelname><flag>1</flag></object><object><points><x>0.82324</x><x>0.89355</x><y>0.72396</y><y>0.76172</y></points><label>3</label><labelname>window</labelname><flag>1</flag></object><object><points><x>0.69238</x><x>0.7627</x><y>0.54297</y><y>0.59115</y></points><label>3</label><labelname>window</labelname><flag>1</flag></object><object><points><x>0.82422</x><x>0.89355</x><y>0.54948</y><y>0.58724</y></points><label>3</label><labelname>window</labelname><flag>1</flag></object><object><points><x>0.82422</x><x>0.89258</x><y>0.44922</y><y>0.48698</y></points><label>3</label><labelname>window</labelname><flag>1</flag></object><object><points><x>0.69238</x><x>0.76367</x><y>0.44271</y><y>0.49219</y></points><label>3</label><labelname>window</labelname><flag>1</flag></object><object><points><x>0.69336</x><x>0.76465</x><y>0.33724</y><y>0.38542</y></points><label>3</label><labelname>window</labelname><flag>1</flag></object><object><points><x>0.85449</x><x>0.98926</x><y>0.33073</y><y>0.39974</y></points><label>4</label><labelname>door</labelname><flag>1</flag></object><object><points><x>0.82422</x><x>0.89355</x><y>0.15495</y><y>0.19271</y></points><label>3</label><labelname>window</labelname><flag>1</flag></object><object><points><x>0.8252</x><x>0.89355</x><y>0.20573</y><y>0.24219</y></points><label>3</label><labelname>window</labelname><flag>1</flag></object><object><points><x>0.56543</x><x>0.63672</x><y>0.33594</y><y>0.38411</y></points><label>3</label><labelname>window</labelname><flag>1</flag></object><object><points><x>0.56543</x><x>0.63672</x><y>0.44271</y><y>0.49089</y></points><label>3</label><labelname>window</labelname><flag>1</flag></object><object><points><x>0.56445</x><x>0.63672</x><y>0.54167</y><y>0.59115</y></points><label>3</label><labelname>window</labelname><flag>1</flag></object><object><points><x>0.5332</x><x>0.56348</x><y>0.52344</y><y>0.6263</y></points><label>5</label><labelname>cornice</labelname><flag>1</flag></object><object><points><x>0.5332</x><x>0.56348</x><y>0.41536</y><y>0.52214</y></points><label>5</label><labelname>cornice</labelname><flag>1</flag></object><object><points><x>0.5332</x><x>0.56152</x><y>0.3099</y><y>0.41667</y></points><label>5</label><labelname>cornice</labelname><flag>1</flag></object><object><points><x>0.5293</x><x>0.56152</x><y>0.12109</y><y>0.26953</y></points><label>5</label><labelname>cornice</labelname><flag>1</flag></object><object><points><x>0.082031</x><x>0.99121</x><y>0.0052083</y><y>0.80469</y></points><label>2</label><labelname>facade</labelname><flag>1</flag></object><object><points><x>0.17383</x><x>0.21191</x><y>0.69922</y><y>0.73828</y></points><label>3</label><labelname>window</labelname><flag>1</flag></object><object><points><x>0.94531</x><x>0.99023</x><y>0.6875</y><y>0.75651</y></points><label>3</label><labelname>window</labelname><flag>1</flag></object><object><points><x>0.94434</x><x>0.98926</x><y>0.55339</y><y>0.58984</y></points><label>3</label><labelname>window</labelname><flag>1</flag></object><object><points><x>0.94434</x><x>0.98926</x><y>0.45182</y><y>0.48828</y></points><label>3</label><labelname>window</labelname><flag>1</flag></object><object><points><x>0.94434</x><x>0.98438</x><y>0.16797</y><y>0.23438</y></points><label>3</label><labelname>window</labelname><flag>1</flag></object><object><points><x>0.2832</x><x>0.30859</x><y>0.32292</y><y>0.39714</y></points><label>5</label><labelname>cornice</labelname><flag>1</flag></object><object><points><x>0.2832</x><x>0.30859</x><y>0.42969</y><y>0.5026</y></points><label>5</label><labelname>cornice</labelname><flag>1</flag></object><object><points><x>0.28418</x><x>0.30957</x><y>0.53125</y><y>0.60547</y></points><label>5</label><labelname>cornice</labelname><flag>1</flag></object><object><points><x>0.27832</x><x>0.30371</x><y>0.13281</y><y>0.25</y></points><label>5</label><labelname>cornice</labelname><flag>1</flag></object><object><points><x>0.27637</x><x>0.30371</x><y>0.66146</y><y>0.78385</y></points><label>5</label><labelname>cornice</labelname><flag>1</flag></object><object><points><x>0.48828</x><x>0.53125</x><y>0.1263</y><y>0.26432</y></points><label>6</label><labelname>sill</labelname><flag>1</flag></object><object><points><x>0.49219</x><x>0.53418</x><y>0.3151</y><y>0.40625</y></points><label>6</label><labelname>sill</labelname><flag>1</flag></object><object><points><x>0.49805</x><x>0.53516</x><y>0.42448</y><y>0.51693</y></points><label>6</label><labelname>sill</labelname><flag>1</flag></object><object><points><x>0.49707</x><x>0.53418</x><y>0.52474</y><y>0.61589</y></points><label>6</label><labelname>sill</labelname><flag>1</flag></object><object><points><x>0.63574</x><x>0.66016</x><y>0.44141</y><y>0.49349</y></points><label>6</label><labelname>sill</labelname><flag>1</flag></object><object><points><x>0.63574</x><x>0.65918</x><y>0.54297</y><y>0.59505</y></points><label>6</label><labelname>sill</labelname><flag>1</flag></object><object><points><x>0.63574</x><x>0.66016</x><y>0.33464</y><y>0.38672</y></points><label>6</label><labelname>sill</labelname><flag>1</flag></object><object><points><x>0.63379</x><x>0.6582</x><y>0.14714</y><y>0.24479</y></points><label>6</label><labelname>sill</labelname><flag>1</flag></object><object><points><x>0.76465</x><x>0.79199</x><y>0.14844</y><y>0.24609</y></points><label>6</label><labelname>sill</labelname><flag>1</flag></object><object><points><x>0.76465</x><x>0.79395</x><y>0.44141</y><y>0.4974</y></points><label>6</label><labelname>sill</labelname><flag>1</flag></object><object><points><x>0.76465</x><x>0.79395</x><y>0.54167</y><y>0.59635</y></points><label>6</label><labelname>sill</labelname><flag>1</flag></object><object><points><x>0.7627</x><x>0.78906</x><y>0.67188</y><y>0.76953</y></points><label>6</label><labelname>sill</labelname><flag>1</flag></object><object><points><x>0.35254</x><x>0.43652</x><y>0.65365</y><y>0.80339</y></points><label>7</label><labelname>balcony</labelname><flag>1</flag></object><object><points><x>0.61035</x><x>0.68457</x><y>0.64844</y><y>0.80859</y></points><label>7</label><labelname>balcony</labelname><flag>1</flag></object><object><points><x>0.89062</x><x>0.90527</x><y>0.14974</y><y>0.2513</y></points><label>6</label><labelname>sill</labelname><flag>1</flag></object><object><points><x>0.89062</x><x>0.90527</x><y>0.4401</y><y>0.5013</y></points><label>6</label><labelname>sill</labelname><flag>1</flag></object><object><points><x>0.89062</x><x>0.90527</x><y>0.54036</y><y>0.60156</y></points><label>6</label><labelname>sill</labelname><flag>1</flag></object><object><points><x>0.88965</x><x>0.90527</x><y>0.66927</y><y>0.77604</y></points><label>6</label><labelname>sill</labelname><flag>1</flag></object><object><points><x>0.49316</x><x>0.52246</x><y>0.66146</y><y>0.78646</y></points><label>6</label><labelname>sill</labelname><flag>1</flag></object><object><points><x>0.28418</x><x>0.35352</x><y>0.08724</y><y>0.1263</y></points><label>9</label><labelname>deco</labelname><flag>1</flag></object><object><points><x>0.44531</x><x>0.53027</x><y>0.096354</y><y>0.1263</y></points><label>9</label><labelname>deco</labelname><flag>1</flag></object><object><points><x>0.40332</x><x>0.42676</x><y>0.10026</y><y>0.12109</y></points><label>9</label><labelname>deco</labelname><flag>1</flag></object><object><points><x>0.53223</x><x>0.56152</x><y>0.70443</y><y>0.73568</y></points><label>9</label><labelname>deco</labelname><flag>1</flag></object><object><points><x>0.6709</x><x>0.69434</x><y>0.32812</y><y>0.39844</y></points><label>9</label><labelname>deco</labelname><flag>1</flag></object><object><points><x>0.66992</x><x>0.69336</x><y>0.43359</y><y>0.50521</y></points><label>9</label><labelname>deco</labelname><flag>1</flag></object><object><points><x>0.66895</x><x>0.69336</x><y>0.53385</y><y>0.60547</y></points><label>9</label><labelname>deco</labelname><flag>1</flag></object><object><points><x>0.6709</x><x>0.69043</x><y>0.18229</y><y>0.21224</y></points><label>9</label><labelname>deco</labelname><flag>1</flag></object><object><points><x>0.76758</x><x>0.83496</x><y>0.29297</y><y>0.4362</y></points><label>9</label><labelname>deco</labelname><flag>1</flag></object><object><points><x>0.21191</x><x>0.27539</x><y>0.0091146</y><y>0.79818</y></points><label>10</label><labelname>molding</labelname><flag>1</flag></object><object><points><x>0.36133</x><x>0.40918</x><y>0.0091146</y><y>0.80339</y></points><label>10</label><labelname>molding</labelname><flag>1</flag></object><object><points><x>0.63086</x><x>0.67969</x><y>0.0065104</y><y>0.80078</y></points><label>10</label><labelname>molding</labelname><flag>1</flag></object><object><points><x>0.75684</x><x>0.80566</x><y>0.0078125</y><y>0.80208</y></points><label>10</label><labelname>molding</labelname><flag>1</flag></object><object><points><x>0.54883</x><x>0.59961</x><y>0.11068</y><y>0.11589</y></points><label>11</label><labelname>pillar</labelname><flag>1</flag></object><object><points><x>0.59961</x><x>0.60547</x><y>0.10547</y><y>0.11979</y></points><label>11</label><labelname>pillar</labelname><flag>1</flag></object><object><points><x>0.53906</x><x>0.54883</x><y>0.10807</y><y>0.11849</y></points><label>11</label><labelname>pillar</labelname><flag>1</flag></object><object><points><x>0.84082</x><x>0.92773</x><y>0.30859</y><y>0.32292</y></points><label>11</label><labelname>pillar</labelname><flag>1</flag></object><object><points><x>0.84082</x><x>0.92676</x><y>0.41146</y><y>0.42578</y></points><label>11</label><labelname>pillar</labelname><flag>1</flag></object><object><points><x>0.92773</x><x>0.97656</x><y>0.30469</y><y>0.32943</y></points><label>11</label><labelname>pillar</labelname><flag>1</flag></object><object><points><x>0.92773</x><x>0.97656</x><y>0.40625</y><y>0.43099</y></points><label>11</label><labelname>pillar</labelname><flag>1</flag></object><object><points><x>0.83301</x><x>0.84082</x><y>0.30599</y><y>0.32422</y></points><label>11</label><labelname>pillar</labelname><flag>1</flag></object><object><points><x>0.83398</x><x>0.84082</x><y>0.41016</y><y>0.42708</y></points><label>11</label><labelname>pillar</labelname><flag>1</flag></object><object><points><x>0.91602</x><x>0.94629</x><y>0.27604</y><y>0.29167</y></points><label>12</label><labelname>shop</labelname><flag>1</flag></object><object><points><x>0.30371</x><x>0.36719</x><y>0.14453</y><y>0.23698</y></points><label>3</label><labelname>window</labelname><flag>1</flag></object><object><points><x>0.43066</x><x>0.49902</x><y>0.14453</y><y>0.24089</y></points><label>3</label><labelname>window</labelname><flag>1</flag></object><object><points><x>0.56055</x><x>0.63379</x><y>0.14844</y><y>0.24219</y></points><label>3</label><labelname>window</labelname><flag>1</flag></object><object><points><x>0.68945</x><x>0.76367</x><y>0.14844</y><y>0.24219</y></points><label>3</label><labelname>window</labelname><flag>1</flag></object><object><points><x>0.68848</x><x>0.76172</x><y>0.67318</y><y>0.76693</y></points><label>3</label><labelname>window</labelname><flag>1</flag></object><object><points><x>0.56055</x><x>0.61816</x><y>0.66927</y><y>0.76562</y></points><label>3</label><labelname>window</labelname><flag>1</flag></object><object><points><x>0.30371</x><x>0.35547</x><y>0.67318</y><y>0.76953</y></points><label>3</label><labelname>window</labelname><flag>1</flag></object><object><points><x>0.29199</x><x>0.36328</x><y>0.8724</y><y>0.9401</y></points><label>3</label><labelname>window</labelname><flag>1</flag></object><object><points><x>0.42773</x><x>0.49316</x><y>0.86849</y><y>0.9388</y></points><label>3</label><labelname>window</labelname><flag>1</flag></object><object><points><x>0.48926</x><x>0.51172</x><y>0.85547</y><y>0.94792</y></points><label>6</label><labelname>sill</labelname><flag>1</flag></object><object><points><x>0.3584</x><x>0.41113</x><y>0.86068</y><y>0.94922</y></points><label>6</label><labelname>sill</labelname><flag>1</flag></object><object><points><x>0.10059</x><x>0.1377</x><y>0.70703</y><y>0.73438</y></points><label>9</label><labelname>deco</labelname><flag>1</flag></object>