<object><points><x>0.73438</x><x>0.79785</x><y>0.33594</y><y>0.40755</y></points><label>3</label><labelname>window</labelname><flag>1</flag></object><object><points><x>0.18262</x><x>0.99902</x><y>0.0039062</y><y>0.78255</y></points><label>2</label><labelname>facade</labelname><flag>1</flag></object><object><points><x>0.58105</x><x>0.62207</x><y>0.19141</y><y>0.28125</y></points><label>5</label><labelname>cornice</labelname><flag>1</flag></object><object><points><x>0.41016</x><x>0.46484</x><y>0.20573</y><y>0.26432</y></points><label>3</label><labelname>window</labelname><flag>1</flag></object><object><points><x>0.51562</x><x>0.57324</x><y>0.20573</y><y>0.26432</y></points><label>3</label><labelname>window</labelname><flag>1</flag></object><object><points><x>0.48145</x><x>0.51465</x><y>0.1901</y><y>0.28125</y></points><label>5</label><labelname>cornice</labelname><flag>1</flag></object><object><points><x>0.41016</x><x>0.45605</x><y>0.30859</y><y>0.33984</y></points><label>3</label><labelname>window</labelname><flag>1</flag></object><object><points><x>0.41016</x><x>0.42871</x><y>0.40625</y><y>0.4375</y></points><label>3</label><labelname>window</labelname><flag>1</flag></object><object><points><x>0.40527</x><x>0.42871</x><y>0.34896</y><y>0.39714</y></points><label>3</label><labelname>window</labelname><flag>1</flag></object><object><points><x>0.49707</x><x>0.56836</x><y>0.30729</y><y>0.33073</y></points><label>3</label><labelname>window</labelname><flag>1</flag></object><object><points><x>0.48242</x><x>0.5459</x><y>0.36458</y><y>0.41927</y></points><label>3</label><labelname>window</labelname><flag>1</flag></object><object><points><x>0.41016</x><x>0.46484</x><y>0.48177</y><y>0.54036</y></points><label>3</label><labelname>window</labelname><flag>1</flag></object><object><points><x>0.51562</x><x>0.57324</x><y>0.48307</y><y>0.54167</y></points><label>3</label><labelname>window</labelname><flag>1</flag></object><object><points><x>0.48145</x><x>0.51465</x><y>0.46745</y><y>0.5625</y></points><label>5</label><labelname>cornice</labelname><flag>1</flag></object><object><points><x>0.50195</x><x>0.56055</x><y>0.65365</y><y>0.6888</y></points><label>3</label><labelname>window</labelname><flag>1</flag></object><object><points><x>0.50195</x><x>0.56055</x><y>0.69661</y><y>0.73307</y></points><label>3</label><labelname>window</labelname><flag>1</flag></object><object><points><x>0.41016</x><x>0.4668</x><y>0.63802</y><y>0.71094</y></points><label>3</label><labelname>window</labelname><flag>1</flag></object><object><points><x>0.61133</x><x>0.67578</x><y>0.65365</y><y>0.6901</y></points><label>3</label><labelname>window</labelname><flag>1</flag></object><object><points><x>0.61133</x><x>0.67578</x><y>0.69922</y><y>0.73438</y></points><label>3</label><labelname>window</labelname><flag>1</flag></object><object><points><x>0.7373</x><x>0.79785</x><y>0.63281</y><y>0.66927</y></points><label>3</label><labelname>window</labelname><flag>1</flag></object><object><points><x>0.7373</x><x>0.79785</x><y>0.68099</y><y>0.71875</y></points><label>3</label><labelname>window</labelname><flag>1</flag></object><object><points><x>0.84961</x><x>0.91113</x><y>0.63151</y><y>0.66927</y></points><label>3</label><labelname>window</labelname><flag>1</flag></object><object><points><x>0.84961</x><x>0.91113</x><y>0.67969</y><y>0.71615</y></points><label>3</label><labelname>window</labelname><flag>1</flag></object><object><points><x>0.84961</x><x>0.91211</x><y>0.47656</y><y>0.54557</y></points><label>3</label><labelname>window</labelname><flag>1</flag></object><object><points><x>0.62305</x><x>0.68555</x><y>0.48177</y><y>0.54167</y></points><label>3</label><labelname>window</labelname><flag>1</flag></object><object><points><x>0.73828</x><x>0.79785</x><y>0.48047</y><y>0.54036</y></points><label>3</label><labelname>window</labelname><flag>1</flag></object><object><points><x>0.58105</x><x>0.62012</x><y>0.46745</y><y>0.5599</y></points><label>5</label><labelname>cornice</labelname><flag>1</flag></object><object><points><x>0.59961</x><x>0.66602</x><y>0.36458</y><y>0.41927</y></points><label>3</label><labelname>window</labelname><flag>1</flag></object><object><points><x>0.60938</x><x>0.68164</x><y>0.30729</y><y>0.33073</y></points><label>3</label><labelname>window</labelname><flag>1</flag></object><object><points><x>0.62305</x><x>0.68652</x><y>0.20573</y><y>0.26432</y></points><label>3</label><labelname>window</labelname><flag>1</flag></object><object><points><x>0.7373</x><x>0.79785</x><y>0.20573</y><y>0.26432</y></points><label>3</label><labelname>window</labelname><flag>1</flag></object><object><points><x>0.84863</x><x>0.91113</x><y>0.20052</y><y>0.26823</y></points><label>3</label><labelname>window</labelname><flag>1</flag></object><object><points><x>0.88477</x><x>0.98145</x><y>0.33854</y><y>0.40885</y></points><label>4</label><labelname>door</labelname><flag>1</flag></object><object><points><x>0.41211</x><x>0.46289</x><y>0.035156</y><y>0.10807</y></points><label>3</label><labelname>window</labelname><flag>1</flag></object><object><points><x>0.2959</x><x>0.34961</x><y>0.31901</y><y>0.35547</y></points><label>3</label><labelname>window</labelname><flag>1</flag></object><object><points><x>0.2959</x><x>0.34961</x><y>0.38802</y><y>0.42578</y></points><label>3</label><labelname>window</labelname><flag>1</flag></object><object><points><x>0.95215</x><x>0.97852</x><y>0.47786</y><y>0.54557</y></points><label>3</label><labelname>window</labelname><flag>1</flag></object><object><points><x>0.95312</x><x>0.98242</x><y>0.63281</y><y>0.67188</y></points><label>3</label><labelname>window</labelname><flag>1</flag></object><object><points><x>0.95215</x><x>0.98145</x><y>0.67969</y><y>0.71745</y></points><label>3</label><labelname>window</labelname><flag>1</flag></object><object><points><x>0.93848</x><x>0.97266</x><y>0.19922</y><y>0.26823</y></points><label>3</label><labelname>window</labelname><flag>1</flag></object><object><points><x>0.49707</x><x>0.56055</x><y>0.072917</y><y>0.11068</y></points><label>3</label><labelname>window</labelname><flag>1</flag></object><object><points><x>0.49707</x><x>0.56055</x><y>0.028646</y><y>0.065104</y></points><label>3</label><labelname>window</labelname><flag>1</flag></object><object><points><x>0.61133</x><x>0.6748</x><y>0.072917</y><y>0.10938</y></points><label>3</label><labelname>window</labelname><flag>1</flag></object><object><points><x>0.30566</x><x>0.34473</x><y>0.85807</y><y>0.89062</y></points><label>3</label><labelname>window</labelname><flag>1</flag></object><object><points><x>0.38379</x><x>0.44531</x><y>0.83203</y><y>0.92057</y></points><label>3</label><labelname>window</labelname><flag>1</flag></object><object><points><x>0.49023</x><x>0.55176</x><y>0.83333</y><y>0.92318</y></points><label>3</label><labelname>window</labelname><flag>1</flag></object><object><points><x>0.46289</x><x>0.47266</x><y>0.1901</y><y>0.27995</y></points><label>6</label><labelname>sill</labelname><flag>1</flag></object><object><points><x>0.46289</x><x>0.47168</x><y>0.47005</y><y>0.5599</y></points><label>6</label><labelname>sill</labelname><flag>1</flag></object><object><points><x>0.57129</x><x>0.58984</x><y>0.19141</y><y>0.28125</y></points><label>6</label><labelname>sill</labelname><flag>1</flag></object><object><points><x>0.57031</x><x>0.58887</x><y>0.46745</y><y>0.55729</y></points><label>6</label><labelname>sill</labelname><flag>1</flag></object><object><points><x>0.68555</x><x>0.70801</x><y>0.1875</y><y>0.28255</y></points><label>6</label><labelname>sill</labelname><flag>1</flag></object><object><points><x>0.68359</x><x>0.70605</x><y>0.46615</y><y>0.5612</y></points><label>6</label><labelname>sill</labelname><flag>1</flag></object><object><points><x>0.55664</x><x>0.60938</x><y>0.64323</y><y>0.74609</y></points><label>6</label><labelname>sill</labelname><flag>1</flag></object><object><points><x>0.67383</x><x>0.70312</x><y>0.64323</y><y>0.74479</y></points><label>6</label><labelname>sill</labelname><flag>1</flag></object><object><points><x>0.55664</x><x>0.61426</x><y>0.018229</y><y>0.125</y></points><label>6</label><labelname>sill</labelname><flag>1</flag></object><object><points><x>0.67578</x><x>0.70117</x><y>0.03776</y><y>0.125</y></points><label>6</label><labelname>sill</labelname><flag>1</flag></object><object><points><x>0.79492</x><x>0.8125</x><y>0.46615</y><y>0.55859</y></points><label>6</label><labelname>sill</labelname><flag>1</flag></object><object><points><x>0.79688</x><x>0.81641</x><y>0.61589</y><y>0.73698</y></points><label>6</label><labelname>sill</labelname><flag>1</flag></object><object><points><x>0.79492</x><x>0.81543</x><y>0.18229</y><y>0.27865</y></points><label>6</label><labelname>sill</labelname><flag>1</flag></object><object><points><x>0.9082</x><x>0.93652</x><y>0.19531</y><y>0.27474</y></points><label>6</label><labelname>sill</labelname><flag>1</flag></object><object><points><x>0.90918</x><x>0.94922</x><y>0.47135</y><y>0.54948</y></points><label>6</label><labelname>sill</labelname><flag>1</flag></object><object><points><x>0.90723</x><x>0.94824</x><y>0.62891</y><y>0.72135</y></points><label>6</label><labelname>sill</labelname><flag>1</flag></object><object><points><x>0.82812</x><x>0.84961</x><y>0.19141</y><y>0.28385</y></points><label>5</label><labelname>cornice</labelname><flag>1</flag></object><object><points><x>0.82715</x><x>0.84766</x><y>0.46875</y><y>0.5612</y></points><label>5</label><labelname>cornice</labelname><flag>1</flag></object><object><points><x>0.82617</x><x>0.84863</x><y>0.61719</y><y>0.73698</y></points><label>5</label><labelname>cornice</labelname><flag>1</flag></object><object><points><x>0.71191</x><x>0.74512</x><y>0.46224</y><y>0.5599</y></points><label>5</label><labelname>cornice</labelname><flag>1</flag></object><object><points><x>0.70996</x><x>0.74316</x><y>0.18229</y><y>0.27995</y></points><label>5</label><labelname>cornice</labelname><flag>1</flag></object><object><points><x>0.37988</x><x>0.4082</x><y>0.1888</y><y>0.28255</y></points><label>5</label><labelname>cornice</labelname><flag>1</flag></object><object><points><x>0.37988</x><x>0.40918</x><y>0.023438</y><y>0.1276</y></points><label>5</label><labelname>cornice</labelname><flag>1</flag></object><object><points><x>0.37988</x><x>0.41016</x><y>0.45703</y><y>0.5612</y></points><label>5</label><labelname>cornice</labelname><flag>1</flag></object><object><points><x>0.37988</x><x>0.40918</x><y>0.61589</y><y>0.72786</y></points><label>5</label><labelname>cornice</labelname><flag>1</flag></object><object><points><x>0.36816</x><x>0.40625</x><y>0.29427</y><y>0.45052</y></points><label>4</label><labelname>door</labelname><flag>1</flag></object><object><points><x>0.42773</x><x>0.47949</x><y>0.30078</y><y>0.45182</y></points><label>7</label><labelname>balcony</labelname><flag>1</flag></object><object><points><x>0.44043</x><x>0.48242</x><y>0.6237</y><y>0.76172</y></points><label>7</label><labelname>balcony</labelname><flag>1</flag></object><object><points><x>0.44141</x><x>0.48242</x><y>0.0026042</y><y>0.14062</y></points><label>7</label><labelname>balcony</labelname><flag>1</flag></object><object><points><x>0.80273</x><x>0.88184</x><y>0.28516</y><y>0.46875</y></points><label>9</label><labelname>deco</labelname><flag>1</flag></object><object><points><x>0.7959</x><x>0.81641</x><y>0.32812</y><y>0.41406</y></points><label>6</label><labelname>sill</labelname><flag>1</flag></object><object><points><x>0.5459</x><x>0.59863</x><y>0.35417</y><y>0.42969</y></points><label>9</label><labelname>deco</labelname><flag>1</flag></object><object><points><x>0.66797</x><x>0.68555</x><y>0.35417</y><y>0.42839</y></points><label>6</label><labelname>sill</labelname><flag>1</flag></object><object><points><x>0.20703</x><x>0.2793</x><y>0.3112</y><y>0.44531</y></points><label>9</label><labelname>deco</labelname><flag>1</flag></object><object><points><x>0.34473</x><x>0.3916</x><y>0.0091146</y><y>0.78255</y></points><label>10</label><labelname>molding</labelname><flag>1</flag></object><object><points><x>0.69336</x><x>0.72168</x><y>0.0078125</y><y>0.77604</y></points><label>10</label><labelname>molding</labelname><flag>1</flag></object><object><points><x>0.81152</x><x>0.8291</x><y>0.0052083</y><y>0.77995</y></points><label>10</label><labelname>molding</labelname><flag>1</flag></object><object><points><x>0.8877</x><x>0.97266</x><y>0.42578</y><y>0.44661</y></points><label>11</label><labelname>pillar</labelname><flag>1</flag></object><object><points><x>0.88965</x><x>0.97461</x><y>0.30208</y><y>0.32292</y></points><label>11</label><labelname>pillar</labelname><flag>1</flag></object><object><points><x>0.97266</x><x>0.99512</x><y>0.42318</y><y>0.44661</y></points><label>11</label><labelname>pillar</labelname><flag>1</flag></object><object><points><x>0.97363</x><x>0.99609</x><y>0.29948</y><y>0.32292</y></points><label>11</label><labelname>pillar</labelname><flag>1</flag></object><object><points><x>0.87012</x><x>0.89062</x><y>0.29948</y><y>0.32812</y></points><label>11</label><labelname>pillar</labelname><flag>1</flag></object><object><points><x>0.87109</x><x>0.88965</x><y>0.42318</y><y>0.45052</y></points><label>11</label><labelname>pillar</labelname><flag>1</flag></object><object><points><x>0.46777</x><x>0.69531</x><y>0.57161</y><y>0.61068</y></points><label>11</label><labelname>pillar</labelname><flag>1</flag></object><object><points><x>0.46387</x><x>0.69434</x><y>0.7526</y><y>0.78125</y></points><label>11</label><labelname>pillar</labelname><flag>1</flag></object><object><points><x>0.46582</x><x>0.69434</x><y>0.13802</y><y>0.17708</y></points><label>11</label><labelname>pillar</labelname><flag>1</flag></object><object><points><x>0.69434</x><x>0.70703</x><y>0.13021</y><y>0.18099</y></points><label>11</label><labelname>pillar</labelname><flag>1</flag></object><object><points><x>0.69531</x><x>0.70801</x><y>0.56771</y><y>0.61849</y></points><label>11</label><labelname>pillar</labelname><flag>1</flag></object><object><points><x>0.69434</x><x>0.70801</x><y>0.74479</y><y>0.78255</y></points><label>11</label><labelname>pillar</labelname><flag>1</flag></object><object><points><x>0.41895</x><x>0.46582</x><y>0.13151</y><y>0.18359</y></points><label>11</label><labelname>pillar</labelname><flag>1</flag></object><object><points><x>0.4209</x><x>0.46777</x><y>0.5638</y><y>0.61719</y></points><label>11</label><labelname>pillar</labelname><flag>1</flag></object><object><points><x>0.4209</x><x>0.46484</x><y>0.73438</y><y>0.77865</y></points><label>11</label><labelname>pillar</labelname><flag>1</flag></object><object><points><x>0.93359</x><x>0.94238</x><y>0.14714</y><y>0.1849</y></points><label>12</label><labelname>shop</labelname><flag>1</flag></object><object><points><x>0.30469</x><x>0.34375</x><y>0.91536</y><y>0.94792</y></points><label>3</label><labelname>window</labelname><flag>1</flag></object>