<object><points><x>0.0028409</x><x>0.99716</x><y>0.0014535</y><y>0.88808</y></points><label>2</label><labelname>facade</labelname><flag>1</flag></object><object><points><x>0.125</x><x>0.25852</x><y>0.58721</y><y>0.61483</y></points><label>3</label><labelname>window</labelname><flag>1</flag></object><object><points><x>0.125</x><x>0.25852</x><y>0.54942</y><y>0.57703</y></points><label>3</label><labelname>window</labelname><flag>1</flag></object><object><points><x>0.125</x><x>0.25852</x><y>0.51308</y><y>0.5407</y></points><label>3</label><labelname>window</labelname><flag>1</flag></object><object><points><x>0.17614</x><x>0.30398</x><y>0.74128</y><y>0.7689</y></points><label>3</label><labelname>window</labelname><flag>1</flag></object><object><points><x>0.17614</x><x>0.30114</x><y>0.77616</y><y>0.80378</y></points><label>3</label><labelname>window</labelname><flag>1</flag></object><object><points><x>0.17614</x><x>0.30114</x><y>0.81105</y><y>0.83721</y></points><label>3</label><labelname>window</labelname><flag>1</flag></object><object><points><x>0.34659</x><x>0.47727</x><y>0.51163</y><y>0.53924</y></points><label>3</label><labelname>window</labelname><flag>1</flag></object><object><points><x>0.34943</x><x>0.47727</x><y>0.54651</y><y>0.57558</y></points><label>3</label><labelname>window</labelname><flag>1</flag></object><object><points><x>0.34943</x><x>0.47727</x><y>0.5843</y><y>0.61192</y></points><label>3</label><labelname>window</labelname><flag>1</flag></object><object><points><x>0.38352</x><x>0.50852</x><y>0.74273</y><y>0.77035</y></points><label>3</label><labelname>window</labelname><flag>1</flag></object><object><points><x>0.38636</x><x>0.50852</x><y>0.77471</y><y>0.80233</y></points><label>3</label><labelname>window</labelname><flag>1</flag></object><object><points><x>0.38636</x><x>0.50852</x><y>0.80814</y><y>0.83576</y></points><label>3</label><labelname>window</labelname><flag>1</flag></object><object><points><x>0.11932</x><x>0.25</x><y>0.12064</y><y>0.1439</y></points><label>3</label><labelname>window</labelname><flag>1</flag></object><object><points><x>0.11932</x><x>0.24716</x><y>0.085756</y><y>0.10901</y></points><label>3</label><labelname>window</labelname><flag>1</flag></object><object><points><x>0.11932</x><x>0.24432</x><y>0.050872</y><y>0.074128</y></points><label>3</label><labelname>window</labelname><flag>1</flag></object><object><points><x>0.34091</x><x>0.46875</x><y>0.11919</y><y>0.1439</y></points><label>3</label><labelname>window</labelname><flag>1</flag></object><object><points><x>0.34091</x><x>0.46875</x><y>0.085756</y><y>0.10901</y></points><label>3</label><labelname>window</labelname><flag>1</flag></object><object><points><x>0.33807</x><x>0.46875</x><y>0.049419</y><y>0.075581</y></points><label>3</label><labelname>window</labelname><flag>1</flag></object><object><points><x>0.56818</x><x>0.73295</x><y>0.15552</y><y>0.18023</y></points><label>3</label><labelname>window</labelname><flag>1</flag></object><object><points><x>0.57102</x><x>0.7358</x><y>0.12064</y><y>0.14535</y></points><label>3</label><labelname>window</labelname><flag>1</flag></object><object><points><x>0.56818</x><x>0.73295</x><y>0.087209</y><y>0.11192</y></points><label>3</label><labelname>window</labelname><flag>1</flag></object><object><points><x>0.56818</x><x>0.72727</x><y>0.049419</y><y>0.078488</y></points><label>3</label><labelname>window</labelname><flag>1</flag></object><object><points><x>0.59375</x><x>0.74432</x><y>0.2689</y><y>0.2907</y></points><label>3</label><labelname>window</labelname><flag>1</flag></object><object><points><x>0.59375</x><x>0.74432</x><y>0.29942</y><y>0.32122</y></points><label>3</label><labelname>window</labelname><flag>1</flag></object><object><points><x>0.59659</x><x>0.74716</x><y>0.3314</y><y>0.3532</y></points><label>3</label><labelname>window</labelname><flag>1</flag></object><object><points><x>0.59375</x><x>0.74432</x><y>0.36483</y><y>0.38663</y></points><label>3</label><labelname>window</labelname><flag>1</flag></object><object><points><x>0.59943</x><x>0.74716</x><y>0.41279</y><y>0.43314</y></points><label>3</label><labelname>window</labelname><flag>1</flag></object><object><points><x>0.59943</x><x>0.75</x><y>0.44477</y><y>0.46657</y></points><label>3</label><labelname>window</labelname><flag>1</flag></object><object><points><x>0.59943</x><x>0.75284</x><y>0.47384</y><y>0.48983</y></points><label>3</label><labelname>window</labelname><flag>1</flag></object><object><points><x>0.36932</x><x>0.5</x><y>0.005814</y><y>0.02907</y></points><label>3</label><labelname>window</labelname><flag>1</flag></object><object><points><x>0.16477</x><x>0.29545</x><y>0.0087209</y><y>0.027616</y></points><label>3</label><labelname>window</labelname><flag>1</flag></object><object><points><x>0.5767</x><x>0.74148</x><y>0.51163</y><y>0.53779</y></points><label>3</label><labelname>window</labelname><flag>1</flag></object><object><points><x>0.57955</x><x>0.74148</x><y>0.54942</y><y>0.57558</y></points><label>3</label><labelname>window</labelname><flag>1</flag></object><object><points><x>0.57955</x><x>0.74432</x><y>0.58576</y><y>0.61192</y></points><label>3</label><labelname>window</labelname><flag>1</flag></object><object><points><x>0.57955</x><x>0.74716</x><y>0.62209</y><y>0.6468</y></points><label>3</label><labelname>window</labelname><flag>1</flag></object><object><points><x>0.60511</x><x>0.76136</x><y>0.80959</y><y>0.8343</y></points><label>3</label><labelname>window</labelname><flag>1</flag></object><object><points><x>0.60511</x><x>0.75852</x><y>0.77762</y><y>0.79942</y></points><label>3</label><labelname>window</labelname><flag>1</flag></object><object><points><x>0.16761</x><x>0.30398</x><y>0.26453</y><y>0.39244</y></points><label>3</label><labelname>window</labelname><flag>1</flag></object><object><points><x>0.37784</x><x>0.50852</x><y>0.26163</y><y>0.39099</y></points><label>3</label><labelname>window</labelname><flag>1</flag></object><object><points><x>0.63068</x><x>0.78693</x><y>0.92006</y><y>0.95785</y></points><label>3</label><labelname>window</labelname><flag>1</flag></object><object><points><x>0.44034</x><x>0.52273</x><y>0.92151</y><y>0.9593</y></points><label>3</label><labelname>window</labelname><flag>1</flag></object><object><points><x>0.67045</x><x>0.79261</x><y>0.97093</y><y>0.98983</y></points><label>3</label><labelname>window</labelname><flag>1</flag></object><object><points><x>0.49716</x><x>0.56818</x><y>0.96948</y><y>0.99273</y></points><label>3</label><labelname>window</labelname><flag>1</flag></object><object><points><x>0.32102</x><x>0.39773</x><y>0.97384</y><y>0.99419</y></points><label>3</label><labelname>window</labelname><flag>1</flag></object><object><points><x>0.16477</x><x>0.30398</x><y>0.40552</y><y>0.48983</y></points><label>3</label><labelname>window</labelname><flag>1</flag></object><object><points><x>0.375</x><x>0.5142</x><y>0.40407</y><y>0.48983</y></points><label>3</label><labelname>window</labelname><flag>1</flag></object><object><points><x>0.24432</x><x>0.2642</x><y>0.042151</y><y>0.075581</y></points><label>6</label><labelname>sill</labelname><flag>1</flag></object><object><points><x>0.24716</x><x>0.2642</x><y>0.077035</y><y>0.11047</y></points><label>6</label><labelname>sill</labelname><flag>1</flag></object><object><points><x>0.25</x><x>0.26705</x><y>0.11337</y><y>0.1468</y></points><label>6</label><labelname>sill</labelname><flag>1</flag></object><object><points><x>0.46875</x><x>0.4858</x><y>0.043605</y><y>0.077035</y></points><label>6</label><labelname>sill</labelname><flag>1</flag></object><object><points><x>0.46875</x><x>0.4858</x><y>0.078488</y><y>0.11337</y></points><label>6</label><labelname>sill</labelname><flag>1</flag></object><object><points><x>0.46591</x><x>0.48864</x><y>0.11483</y><y>0.14826</y></points><label>6</label><labelname>sill</labelname><flag>1</flag></object><object><points><x>0.72727</x><x>0.75</x><y>0.046512</y><y>0.079942</y></points><label>6</label><labelname>sill</labelname><flag>1</flag></object><object><points><x>0.73295</x><x>0.75</x><y>0.082849</y><y>0.11628</y></points><label>6</label><labelname>sill</labelname><flag>1</flag></object><object><points><x>0.7358</x><x>0.75284</x><y>0.11483</y><y>0.14971</y></points><label>6</label><labelname>sill</labelname><flag>1</flag></object><object><points><x>0.73295</x><x>0.75</x><y>0.15116</y><y>0.18605</y></points><label>6</label><labelname>sill</labelname><flag>1</flag></object><object><points><x>0.25284</x><x>0.26989</x><y>0.50727</y><y>0.54215</y></points><label>6</label><labelname>sill</labelname><flag>1</flag></object><object><points><x>0.25568</x><x>0.27273</x><y>0.5436</y><y>0.57703</y></points><label>6</label><labelname>sill</labelname><flag>1</flag></object><object><points><x>0.25852</x><x>0.27557</x><y>0.57994</y><y>0.61483</y></points><label>6</label><labelname>sill</labelname><flag>1</flag></object><object><points><x>0.47443</x><x>0.49716</x><y>0.50581</y><y>0.5407</y></points><label>6</label><labelname>sill</labelname><flag>1</flag></object><object><points><x>0.47443</x><x>0.49716</x><y>0.5436</y><y>0.57703</y></points><label>6</label><labelname>sill</labelname><flag>1</flag></object><object><points><x>0.47727</x><x>0.49432</x><y>0.57849</y><y>0.61337</y></points><label>6</label><labelname>sill</labelname><flag>1</flag></object><object><points><x>0.74148</x><x>0.76136</x><y>0.50727</y><y>0.5407</y></points><label>6</label><labelname>sill</labelname><flag>1</flag></object><object><points><x>0.74148</x><x>0.7642</x><y>0.54215</y><y>0.57558</y></points><label>6</label><labelname>sill</labelname><flag>1</flag></object><object><points><x>0.74148</x><x>0.7642</x><y>0.57849</y><y>0.61337</y></points><label>6</label><labelname>sill</labelname><flag>1</flag></object><object><points><x>0.74148</x><x>0.7642</x><y>0.61483</y><y>0.64826</y></points><label>6</label><labelname>sill</labelname><flag>1</flag></object><object><points><x>0.2983</x><x>0.31534</x><y>0.73837</y><y>0.7718</y></points><label>6</label><labelname>sill</labelname><flag>1</flag></object><object><points><x>0.2983</x><x>0.31534</x><y>0.77326</y><y>0.80669</y></points><label>6</label><labelname>sill</labelname><flag>1</flag></object><object><points><x>0.2983</x><x>0.31534</x><y>0.80814</y><y>0.84302</y></points><label>6</label><labelname>sill</labelname><flag>1</flag></object><object><points><x>0.50852</x><x>0.52557</x><y>0.80669</y><y>0.84012</y></points><label>6</label><labelname>sill</labelname><flag>1</flag></object><object><points><x>0.50852</x><x>0.52557</x><y>0.77035</y><y>0.80523</y></points><label>6</label><labelname>sill</labelname><flag>1</flag></object><object><points><x>0.75852</x><x>0.78125</x><y>0.80523</y><y>0.83576</y></points><label>6</label><labelname>sill</labelname><flag>1</flag></object><object><points><x>0.75568</x><x>0.78125</x><y>0.7689</y><y>0.80087</y></points><label>6</label><labelname>sill</labelname><flag>1</flag></object><object><points><x>0.17614</x><x>0.29545</x><y>0.74564</y><y>0.7689</y></points><label>8</label><labelname>blind</labelname><flag>1</flag></object><object><points><x>0.17614</x><x>0.29545</x><y>0.77907</y><y>0.80233</y></points><label>8</label><labelname>blind</labelname><flag>1</flag></object><object><points><x>0.17898</x><x>0.2983</x><y>0.8125</y><y>0.83576</y></points><label>8</label><labelname>blind</labelname><flag>1</flag></object><object><points><x>0.12216</x><x>0.20739</x><y>0.12209</y><y>0.1439</y></points><label>8</label><labelname>blind</labelname><flag>1</flag></object><object><points><x>0.11932</x><x>0.20739</x><y>0.085756</y><y>0.10756</y></points><label>8</label><labelname>blind</labelname><flag>1</flag></object><object><points><x>0.11932</x><x>0.20739</x><y>0.052326</y><y>0.074128</y></points><label>8</label><labelname>blind</labelname><flag>1</flag></object><object><points><x>0.16477</x><x>0.28977</x><y>0.010174</y><y>0.026163</y></points><label>8</label><labelname>blind</labelname><flag>1</flag></object><object><points><x>0.375</x><x>0.5</x><y>0.0087209</y><y>0.026163</y></points><label>8</label><labelname>blind</labelname><flag>1</flag></object><object><points><x>0.59659</x><x>0.74148</x><y>0.27035</y><y>0.28779</y></points><label>8</label><labelname>blind</labelname><flag>1</flag></object><object><points><x>0.59943</x><x>0.74432</x><y>0.30233</y><y>0.31977</y></points><label>8</label><labelname>blind</labelname><flag>1</flag></object><object><points><x>0.59943</x><x>0.74432</x><y>0.33576</y><y>0.35174</y></points><label>8</label><labelname>blind</labelname><flag>1</flag></object><object><points><x>0.59659</x><x>0.74148</x><y>0.36773</y><y>0.38517</y></points><label>8</label><labelname>blind</labelname><flag>1</flag></object><object><points><x>0.59943</x><x>0.74432</x><y>0.41424</y><y>0.43169</y></points><label>8</label><labelname>blind</labelname><flag>1</flag></object><object><points><x>0.60227</x><x>0.75</x><y>0.44767</y><y>0.46366</y></points><label>8</label><labelname>blind</labelname><flag>1</flag></object><object><points><x>0.60511</x><x>0.75</x><y>0.47965</y><y>0.48692</y></points><label>8</label><labelname>blind</labelname><flag>1</flag></object><object><points><x>0.6108</x><x>0.75568</x><y>0.81541</y><y>0.83285</y></points><label>8</label><labelname>blind</labelname><flag>1</flag></object><object><points><x>0.60795</x><x>0.75284</x><y>0.78052</y><y>0.79797</y></points><label>8</label><labelname>blind</labelname><flag>1</flag></object><object><points><x>0.12784</x><x>0.15625</x><y>0.51453</y><y>0.5407</y></points><label>8</label><labelname>blind</labelname><flag>1</flag></object><object><points><x>0.125</x><x>0.15341</x><y>0.55087</y><y>0.57703</y></points><label>8</label><labelname>blind</labelname><flag>1</flag></object><object><points><x>0.125</x><x>0.15625</x><y>0.58721</y><y>0.61337</y></points><label>8</label><labelname>blind</labelname><flag>1</flag></object><object><points><x>0.34943</x><x>0.37784</x><y>0.51163</y><y>0.53779</y></points><label>8</label><labelname>blind</labelname><flag>1</flag></object><object><points><x>0.34943</x><x>0.38068</x><y>0.54797</y><y>0.57413</y></points><label>8</label><labelname>blind</labelname><flag>1</flag></object><object><points><x>0.35227</x><x>0.38068</x><y>0.5843</y><y>0.61047</y></points><label>8</label><labelname>blind</labelname><flag>1</flag></object><object><points><x>0.38636</x><x>0.41477</x><y>0.74273</y><y>0.7689</y></points><label>8</label><labelname>blind</labelname><flag>1</flag></object><object><points><x>0.38636</x><x>0.41477</x><y>0.77616</y><y>0.80233</y></points><label>8</label><labelname>blind</labelname><flag>1</flag></object><object><points><x>0.38636</x><x>0.41761</x><y>0.80814</y><y>0.8343</y></points><label>8</label><labelname>blind</labelname><flag>1</flag></object><object><points><x>0.57955</x><x>0.6108</x><y>0.51308</y><y>0.53634</y></points><label>8</label><labelname>blind</labelname><flag>1</flag></object><object><points><x>0.58239</x><x>0.6108</x><y>0.54942</y><y>0.57267</y></points><label>8</label><labelname>blind</labelname><flag>1</flag></object><object><points><x>0.58239</x><x>0.6108</x><y>0.58721</y><y>0.61047</y></points><label>8</label><labelname>blind</labelname><flag>1</flag></object><object><points><x>0.58523</x><x>0.61364</x><y>0.62209</y><y>0.64535</y></points><label>8</label><labelname>blind</labelname><flag>1</flag></object><object><points><x>0.33807</x><x>0.36932</x><y>0.050872</y><y>0.074128</y></points><label>8</label><labelname>blind</labelname><flag>1</flag></object><object><points><x>0.34091</x><x>0.36932</x><y>0.087209</y><y>0.10901</y></points><label>8</label><labelname>blind</labelname><flag>1</flag></object><object><points><x>0.34091</x><x>0.37216</x><y>0.12064</y><y>0.14244</y></points><label>8</label><labelname>blind</labelname><flag>1</flag></object><object><points><x>0.56818</x><x>0.59375</x><y>0.052326</y><y>0.077035</y></points><label>8</label><labelname>blind</labelname><flag>1</flag></object><object><points><x>0.56818</x><x>0.59375</x><y>0.087209</y><y>0.11192</y></points><label>8</label><labelname>blind</labelname><flag>1</flag></object><object><points><x>0.57102</x><x>0.59659</x><y>0.12064</y><y>0.1439</y></points><label>8</label><labelname>blind</labelname><flag>1</flag></object><object><points><x>0.57102</x><x>0.59659</x><y>0.15552</y><y>0.18023</y></points><label>8</label><labelname>blind</labelname><flag>1</flag></object><object><points><x>0.8608</x><x>0.99148</x><y>0.26163</y><y>0.38953</y></points><label>12</label><labelname>shop</labelname><flag>1</flag></object><object><points><x>0.87216</x><x>0.98864</x><y>0.40262</y><y>0.53343</y></points><label>12</label><labelname>shop</labelname><flag>1</flag></object><object><points><x>0.88068</x><x>0.98864</x><y>0.54797</y><y>0.68459</y></points><label>12</label><labelname>shop</labelname><flag>1</flag></object><object><points><x>0.88636</x><x>0.98864</x><y>0.70058</y><y>0.86919</y></points><label>12</label><labelname>shop</labelname><flag>1</flag></object><object><points><x>0.86648</x><x>0.99148</x><y>0.11192</y><y>0.25</y></points><label>12</label><labelname>shop</labelname><flag>1</flag></object><object><points><x>0.85795</x><x>0.98011</x><y>0.047965</y><y>0.098837</y></points><label>12</label><labelname>shop</labelname><flag>1</flag></object><object><points><x>0.29545</x><x>0.39489</x><y>0.89244</y><y>0.95203</y></points><label>7</label><labelname>balcony</labelname><flag>1</flag></object><object><points><x>0.50284</x><x>0.61932</x><y>0.89244</y><y>0.94913</y></points><label>7</label><labelname>balcony</labelname><flag>1</flag></object><object><points><x>0.75852</x><x>0.87216</x><y>0.89099</y><y>0.94622</y></points><label>7</label><labelname>balcony</labelname><flag>1</flag></object>