<object><points><x>0.22656</x><x>0.96094</x><y>0.02474</y><y>0.78125</y></points><label>2</label><labelname>facade</labelname><flag>1</flag></object><object><points><x>0.76758</x><x>0.82715</x><y>0.17188</y><y>0.29427</y></points><label>3</label><labelname>window</labelname><flag>1</flag></object><object><points><x>0.66602</x><x>0.72363</x><y>0.1862</y><y>0.27865</y></points><label>3</label><labelname>window</labelname><flag>1</flag></object><object><points><x>0.5625</x><x>0.62109</x><y>0.1862</y><y>0.27865</y></points><label>3</label><labelname>window</labelname><flag>1</flag></object><object><points><x>0.66504</x><x>0.72266</x><y>0.49349</y><y>0.58464</y></points><label>3</label><labelname>window</labelname><flag>1</flag></object><object><points><x>0.5625</x><x>0.62109</x><y>0.49349</y><y>0.58464</y></points><label>3</label><labelname>window</labelname><flag>1</flag></object><object><points><x>0.7666</x><x>0.82715</x><y>0.47917</y><y>0.60156</y></points><label>3</label><labelname>window</labelname><flag>1</flag></object><object><points><x>0.7666</x><x>0.8252</x><y>0.64193</y><y>0.7474</y></points><label>3</label><labelname>window</labelname><flag>1</flag></object><object><points><x>0.65723</x><x>0.72168</x><y>0.64062</y><y>0.74609</y></points><label>3</label><labelname>window</labelname><flag>1</flag></object><object><points><x>0.55176</x><x>0.62012</x><y>0.64193</y><y>0.74479</y></points><label>3</label><labelname>window</labelname><flag>1</flag></object><object><points><x>0.44531</x><x>0.51758</x><y>0.64193</y><y>0.7474</y></points><label>3</label><labelname>window</labelname><flag>1</flag></object><object><points><x>0.3418</x><x>0.41699</x><y>0.64193</y><y>0.7487</y></points><label>3</label><labelname>window</labelname><flag>1</flag></object><object><points><x>0.46191</x><x>0.51758</x><y>0.49479</y><y>0.58464</y></points><label>3</label><labelname>window</labelname><flag>1</flag></object><object><points><x>0.36035</x><x>0.42676</x><y>0.49349</y><y>0.58724</y></points><label>3</label><labelname>window</labelname><flag>1</flag></object><object><points><x>0.76758</x><x>0.82617</x><y>0.33464</y><y>0.4388</y></points><label>3</label><labelname>window</labelname><flag>1</flag></object><object><points><x>0.6582</x><x>0.72363</x><y>0.33464</y><y>0.4388</y></points><label>3</label><labelname>window</labelname><flag>1</flag></object><object><points><x>0.55176</x><x>0.62012</x><y>0.33464</y><y>0.4375</y></points><label>3</label><labelname>window</labelname><flag>1</flag></object><object><points><x>0.44727</x><x>0.51758</x><y>0.33464</y><y>0.4388</y></points><label>3</label><labelname>window</labelname><flag>1</flag></object><object><points><x>0.34277</x><x>0.41699</x><y>0.33464</y><y>0.4388</y></points><label>3</label><labelname>window</labelname><flag>1</flag></object><object><points><x>0.46094</x><x>0.51855</x><y>0.1862</y><y>0.27734</y></points><label>3</label><labelname>window</labelname><flag>1</flag></object><object><points><x>0.36035</x><x>0.42578</x><y>0.1862</y><y>0.27865</y></points><label>3</label><labelname>window</labelname><flag>1</flag></object><object><points><x>0.34375</x><x>0.41309</x><y>0.03776</y><y>0.13151</y></points><label>3</label><labelname>window</labelname><flag>1</flag></object><object><points><x>0.44824</x><x>0.51758</x><y>0.03776</y><y>0.13021</y></points><label>3</label><labelname>window</labelname><flag>1</flag></object><object><points><x>0.55176</x><x>0.61914</x><y>0.036458</y><y>0.12891</y></points><label>3</label><labelname>window</labelname><flag>1</flag></object><object><points><x>0.25781</x><x>0.29395</x><y>0.03125</y><y>0.12109</y></points><label>3</label><labelname>window</labelname><flag>1</flag></object><object><points><x>0.25684</x><x>0.29395</x><y>0.34375</y><y>0.43359</y></points><label>3</label><labelname>window</labelname><flag>1</flag></object><object><points><x>0.25684</x><x>0.29395</x><y>0.65104</y><y>0.74089</y></points><label>3</label><labelname>window</labelname><flag>1</flag></object><object><points><x>0.27832</x><x>0.29395</x><y>0.4987</y><y>0.57422</y></points><label>3</label><labelname>window</labelname><flag>1</flag></object><object><points><x>0.27832</x><x>0.29395</x><y>0.19531</y><y>0.27083</y></points><label>3</label><labelname>window</labelname><flag>1</flag></object><object><points><x>0.28027</x><x>0.30566</x><y>0.83203</y><y>0.88021</y></points><label>3</label><labelname>window</labelname><flag>1</flag></object><object><points><x>0.3584</x><x>0.41211</x><y>0.86458</y><y>0.89323</y></points><label>3</label><labelname>window</labelname><flag>1</flag></object><object><points><x>0.35938</x><x>0.41309</x><y>0.82422</y><y>0.85156</y></points><label>3</label><labelname>window</labelname><flag>1</flag></object><object><points><x>0.45996</x><x>0.51465</x><y>0.86328</y><y>0.89323</y></points><label>3</label><labelname>window</labelname><flag>1</flag></object><object><points><x>0.46094</x><x>0.51465</x><y>0.82161</y><y>0.85156</y></points><label>3</label><labelname>window</labelname><flag>1</flag></object><object><points><x>0.56055</x><x>0.61719</x><y>0.86198</y><y>0.89323</y></points><label>3</label><labelname>window</labelname><flag>1</flag></object><object><points><x>0.56055</x><x>0.61719</x><y>0.82031</y><y>0.85156</y></points><label>3</label><labelname>window</labelname><flag>1</flag></object><object><points><x>0.66211</x><x>0.72266</x><y>0.82031</y><y>0.85156</y></points><label>3</label><labelname>window</labelname><flag>1</flag></object><object><points><x>0.66309</x><x>0.72363</x><y>0.86198</y><y>0.89323</y></points><label>3</label><labelname>window</labelname><flag>1</flag></object><object><points><x>0.75781</x><x>0.83008</x><y>0.82292</y><y>0.86979</y></points><label>3</label><labelname>window</labelname><flag>1</flag></object><object><points><x>0.88867</x><x>0.95312</x><y>0.35286</y><y>0.41146</y></points><label>4</label><labelname>door</labelname><flag>1</flag></object><object><points><x>0.5166</x><x>0.52832</x><y>0.17969</y><y>0.28385</y></points><label>6</label><labelname>sill</labelname><flag>1</flag></object><object><points><x>0.51562</x><x>0.52734</x><y>0.48828</y><y>0.59245</y></points><label>6</label><labelname>sill</labelname><flag>1</flag></object><object><points><x>0.61719</x><x>0.62891</x><y>0.48698</y><y>0.59115</y></points><label>6</label><labelname>sill</labelname><flag>1</flag></object><object><points><x>0.61816</x><x>0.63086</x><y>0.18099</y><y>0.28646</y></points><label>6</label><labelname>sill</labelname><flag>1</flag></object><object><points><x>0.72168</x><x>0.7334</x><y>0.17969</y><y>0.28516</y></points><label>6</label><labelname>sill</labelname><flag>1</flag></object><object><points><x>0.71973</x><x>0.73242</x><y>0.48828</y><y>0.59245</y></points><label>6</label><labelname>sill</labelname><flag>1</flag></object><object><points><x>0.51172</x><x>0.55859</x><y>0.80859</y><y>0.90885</y></points><label>6</label><labelname>sill</labelname><flag>1</flag></object><object><points><x>0.61621</x><x>0.66113</x><y>0.80859</y><y>0.90495</y></points><label>6</label><labelname>sill</labelname><flag>1</flag></object><object><points><x>0.31055</x><x>0.34082</x><y>0.26953</y><y>0.29297</y></points><label>9</label><labelname>deco</labelname><flag>1</flag></object><object><points><x>0.30957</x><x>0.33984</x><y>0.31901</y><y>0.34245</y></points><label>9</label><labelname>deco</labelname><flag>1</flag></object><object><points><x>0.30957</x><x>0.34082</x><y>0.21875</y><y>0.24089</y></points><label>9</label><labelname>deco</labelname><flag>1</flag></object><object><points><x>0.30859</x><x>0.33984</x><y>0.17057</y><y>0.19271</y></points><label>9</label><labelname>deco</labelname><flag>1</flag></object><object><points><x>0.30859</x><x>0.33984</x><y>0.11979</y><y>0.14323</y></points><label>9</label><labelname>deco</labelname><flag>1</flag></object><object><points><x>0.30762</x><x>0.33789</x><y>0.75</y><y>0.77344</y></points><label>9</label><labelname>deco</labelname><flag>1</flag></object><object><points><x>0.30957</x><x>0.33984</x><y>0.63411</y><y>0.65755</y></points><label>9</label><labelname>deco</labelname><flag>1</flag></object><object><points><x>0.30859</x><x>0.33984</x><y>0.58594</y><y>0.60807</y></points><label>9</label><labelname>deco</labelname><flag>1</flag></object><object><points><x>0.30957</x><x>0.33984</x><y>0.53516</y><y>0.55859</y></points><label>9</label><labelname>deco</labelname><flag>1</flag></object><object><points><x>0.30957</x><x>0.34082</x><y>0.43359</y><y>0.45703</y></points><label>9</label><labelname>deco</labelname><flag>1</flag></object><object><points><x>0.30957</x><x>0.34082</x><y>0.48307</y><y>0.50651</y></points><label>9</label><labelname>deco</labelname><flag>1</flag></object><object><points><x>0.31055</x><x>0.32227</x><y>0.46224</y><y>0.47786</y></points><label>9</label><labelname>deco</labelname><flag>1</flag></object><object><points><x>0.30957</x><x>0.32227</x><y>0.51302</y><y>0.52995</y></points><label>9</label><labelname>deco</labelname><flag>1</flag></object><object><points><x>0.31055</x><x>0.32227</x><y>0.5638</y><y>0.57943</y></points><label>9</label><labelname>deco</labelname><flag>1</flag></object><object><points><x>0.30957</x><x>0.32227</x><y>0.61328</y><y>0.62891</y></points><label>9</label><labelname>deco</labelname><flag>1</flag></object><object><points><x>0.31055</x><x>0.32227</x><y>0.29818</y><y>0.3138</y></points><label>9</label><labelname>deco</labelname><flag>1</flag></object><object><points><x>0.31055</x><x>0.32324</x><y>0.2474</y><y>0.26432</y></points><label>9</label><labelname>deco</labelname><flag>1</flag></object><object><points><x>0.30957</x><x>0.32227</x><y>0.19661</y><y>0.21354</y></points><label>9</label><labelname>deco</labelname><flag>1</flag></object><object><points><x>0.31055</x><x>0.32324</x><y>0.14714</y><y>0.16276</y></points><label>9</label><labelname>deco</labelname><flag>1</flag></object><object><points><x>0.30957</x><x>0.32422</x><y>0.059896</y><y>0.079427</y></points><label>9</label><labelname>deco</labelname><flag>1</flag></object><object><points><x>0.30664</x><x>0.32129</x><y>0.69792</y><y>0.71745</y></points><label>9</label><labelname>deco</labelname><flag>1</flag></object><object><points><x>0.30957</x><x>0.32422</x><y>0.37891</y><y>0.39974</y></points><label>9</label><labelname>deco</labelname><flag>1</flag></object><object><points><x>0.29004</x><x>0.33984</x><y>0.026042</y><y>0.77344</y></points><label>10</label><labelname>molding</labelname><flag>1</flag></object><object><points><x>0.41309</x><x>0.43066</x><y>0.032552</y><y>0.77344</y></points><label>10</label><labelname>molding</labelname><flag>1</flag></object><object><points><x>0.73828</x><x>0.75586</x><y>0.036458</y><y>0.77734</y></points><label>10</label><labelname>molding</labelname><flag>1</flag></object><object><points><x>0.83008</x><x>0.87207</x><y>0.16406</y><y>0.29948</y></points><label>12</label><labelname>shop</labelname><flag>1</flag></object><object><points><x>0.87305</x><x>0.94727</x><y>0.16797</y><y>0.30078</y></points><label>12</label><labelname>shop</labelname><flag>1</flag></object><object><points><x>0.8291</x><x>0.87207</x><y>0.1263</y><y>0.16146</y></points><label>12</label><labelname>shop</labelname><flag>1</flag></object><object><points><x>0.87305</x><x>0.94727</x><y>0.13021</y><y>0.16536</y></points><label>12</label><labelname>shop</labelname><flag>1</flag></object><object><points><x>0.83203</x><x>0.85059</x><y>0.32031</y><y>0.45443</y></points><label>12</label><labelname>shop</labelname><flag>1</flag></object><object><points><x>0.82715</x><x>0.87402</x><y>0.45833</y><y>0.55729</y></points><label>12</label><labelname>shop</labelname><flag>1</flag></object><object><points><x>0.82812</x><x>0.87305</x><y>0.55729</y><y>0.77474</y></points><label>12</label><labelname>shop</labelname><flag>1</flag></object><object><points><x>0.875</x><x>0.94336</x><y>0.47266</y><y>0.55078</y></points><label>12</label><labelname>shop</labelname><flag>1</flag></object><object><points><x>0.875</x><x>0.94629</x><y>0.56901</y><y>0.60547</y></points><label>12</label><labelname>shop</labelname><flag>1</flag></object><object><points><x>0.87402</x><x>0.94238</x><y>0.63281</y><y>0.76562</y></points><label>12</label><labelname>shop</labelname><flag>1</flag></object><object><points><x>0.88184</x><x>0.9375</x><y>0.79557</y><y>0.82552</y></points><label>12</label><labelname>shop</labelname><flag>1</flag></object><object><points><x>0.83789</x><x>0.88281</x><y>0.82422</y><y>0.85677</y></points><label>12</label><labelname>shop</labelname><flag>1</flag></object><object><points><x>0.84082</x><x>0.87793</x><y>0.80339</y><y>0.81901</y></points><label>12</label><labelname>shop</labelname><flag>1</flag></object>