<object><points><x>0.0058594</x><x>0.99805</x><y>0.0056926</y><y>1</y></points><label>2</label><labelname>facade</labelname><flag>1</flag></object><object><points><x>0.18555</x><x>0.27148</x><y>0.081594</y><y>0.1537</y></points><label>3</label><labelname>window</labelname><flag>1</flag></object><object><points><x>0.18945</x><x>0.27539</x><y>0.83681</y><y>0.90892</y></points><label>3</label><labelname>window</labelname><flag>1</flag></object><object><points><x>0.35742</x><x>0.44434</x><y>0.8444</y><y>0.91651</y></points><label>3</label><labelname>window</labelname><flag>1</flag></object><object><points><x>0.35254</x><x>0.43945</x><y>0.079696</y><y>0.1518</y></points><label>3</label><labelname>window</labelname><flag>1</flag></object><object><points><x>0.18457</x><x>0.27148</x><y>0.28273</y><y>0.35484</y></points><label>3</label><labelname>window</labelname><flag>1</flag></object><object><points><x>0.18652</x><x>0.27344</x><y>0.63757</y><y>0.70968</y></points><label>3</label><labelname>window</labelname><flag>1</flag></object><object><points><x>0.35254</x><x>0.43945</x><y>0.28463</y><y>0.35674</y></points><label>3</label><labelname>window</labelname><flag>1</flag></object><object><points><x>0.35449</x><x>0.44141</x><y>0.63188</y><y>0.70209</y></points><label>3</label><labelname>window</labelname><flag>1</flag></object><object><points><x>0.5166</x><x>0.60352</x><y>0.079696</y><y>0.1518</y></points><label>3</label><labelname>window</labelname><flag>1</flag></object><object><points><x>0.52637</x><x>0.61328</x><y>0.8463</y><y>0.91841</y></points><label>3</label><labelname>window</labelname><flag>1</flag></object><object><points><x>0.52246</x><x>0.60938</x><y>0.64326</y><y>0.71347</y></points><label>3</label><labelname>window</labelname><flag>1</flag></object><object><points><x>0.52051</x><x>0.60742</x><y>0.29222</y><y>0.36433</y></points><label>3</label><labelname>window</labelname><flag>1</flag></object><object><points><x>0.69043</x><x>0.77734</x><y>0.083491</y><y>0.1556</y></points><label>3</label><labelname>window</labelname><flag>1</flag></object><object><points><x>0.69336</x><x>0.78027</x><y>0.29032</y><y>0.36053</y></points><label>3</label><labelname>window</labelname><flag>1</flag></object><object><points><x>0.69336</x><x>0.78027</x><y>0.8482</y><y>0.9203</y></points><label>3</label><labelname>window</labelname><flag>1</flag></object><object><points><x>0.18262</x><x>0.24023</x><y>0.44402</y><y>0.48387</y></points><label>3</label><labelname>window</labelname><flag>1</flag></object><object><points><x>0.18262</x><x>0.24023</x><y>0.50664</y><y>0.54459</y></points><label>3</label><labelname>window</labelname><flag>1</flag></object><object><points><x>0.34766</x><x>0.4043</x><y>0.44782</y><y>0.48577</y></points><label>3</label><labelname>window</labelname><flag>1</flag></object><object><points><x>0.88965</x><x>0.99609</x><y>0.8425</y><y>0.90892</y></points><label>4</label><labelname>door</labelname><flag>1</flag></object><object><points><x>0.19727</x><x>0.30566</x><y>0.26565</y><y>0.81784</y></points><label>7</label><labelname>balcony</labelname><flag>1</flag></object><object><points><x>0.37109</x><x>0.47949</x><y>0.26376</y><y>0.81404</y></points><label>7</label><labelname>balcony</labelname><flag>1</flag></object><object><points><x>0.53809</x><x>0.64648</x><y>0.27514</y><y>0.82543</y></points><label>7</label><labelname>balcony</labelname><flag>1</flag></object><object><points><x>0.70605</x><x>0.81445</x><y>0.27324</y><y>0.82353</y></points><label>7</label><labelname>balcony</labelname><flag>1</flag></object><object><points><x>0.0068359</x><x>0.11719</x><y>0.017078</y><y>0.99051</y></points><label>9</label><labelname>deco</labelname><flag>1</flag></object><object><points><x>0.80664</x><x>0.84082</x><y>0.024668</y><y>0.58065</y></points><label>12</label><labelname>shop</labelname><flag>1</flag></object><object><points><x>0.83984</x><x>0.99316</x><y>0.047438</y><y>0.55408</y></points><label>12</label><labelname>shop</labelname><flag>1</flag></object>