<object><points><x>0.56055</x><x>0.59668</x><y>0.3112</y><y>0.35156</y></points><label>3</label><labelname>window</labelname><flag>1</flag></object><object><points><x>0.56152</x><x>0.59082</x><y>0.25651</y><y>0.29557</y></points><label>3</label><labelname>window</labelname><flag>1</flag></object><object><points><x>0.54004</x><x>0.55957</x><y>0.33333</y><y>0.35286</y></points><label>3</label><labelname>window</labelname><flag>1</flag></object><object><points><x>0.54004</x><x>0.55957</x><y>0.3125</y><y>0.32943</y></points><label>3</label><labelname>window</labelname><flag>1</flag></object><object><points><x>0.54102</x><x>0.55957</x><y>0.27734</y><y>0.29557</y></points><label>3</label><labelname>window</labelname><flag>1</flag></object><object><points><x>0.54102</x><x>0.56055</x><y>0.25651</y><y>0.27344</y></points><label>3</label><labelname>window</labelname><flag>1</flag></object><object><points><x>0.50293</x><x>0.58203</x><y>0.39193</y><y>0.44792</y></points><label>3</label><labelname>window</labelname><flag>1</flag></object><object><points><x>0.50293</x><x>0.58203</x><y>0.47656</y><y>0.53516</y></points><label>3</label><labelname>window</labelname><flag>1</flag></object><object><points><x>0.50293</x><x>0.58105</x><y>0.5625</y><y>0.61979</y></points><label>3</label><labelname>window</labelname><flag>1</flag></object><object><points><x>0.41699</x><x>0.45898</x><y>0.60026</y><y>0.625</y></points><label>3</label><labelname>window</labelname><flag>1</flag></object><object><points><x>0.41699</x><x>0.45898</x><y>0.56901</y><y>0.59375</y></points><label>3</label><labelname>window</labelname><flag>1</flag></object><object><points><x>0.41699</x><x>0.45898</x><y>0.53776</y><y>0.5625</y></points><label>3</label><labelname>window</labelname><flag>1</flag></object><object><points><x>0.39453</x><x>0.41211</x><y>0.60026</y><y>0.6237</y></points><label>3</label><labelname>window</labelname><flag>1</flag></object><object><points><x>0.39453</x><x>0.41211</x><y>0.56901</y><y>0.59245</y></points><label>3</label><labelname>window</labelname><flag>1</flag></object><object><points><x>0.39453</x><x>0.41211</x><y>0.53646</y><y>0.5625</y></points><label>3</label><labelname>window</labelname><flag>1</flag></object><object><points><x>0.32324</x><x>0.33691</x><y>0.61328</y><y>0.64062</y></points><label>3</label><labelname>window</labelname><flag>1</flag></object><object><points><x>0.32324</x><x>0.33691</x><y>0.57943</y><y>0.60677</y></points><label>3</label><labelname>window</labelname><flag>1</flag></object><object><points><x>0.44824</x><x>0.49902</x><y>0.30859</y><y>0.35417</y></points><label>3</label><labelname>window</labelname><flag>1</flag></object><object><points><x>0.44824</x><x>0.48926</x><y>0.25391</y><y>0.29818</y></points><label>3</label><labelname>window</labelname><flag>1</flag></object><object><points><x>0.42773</x><x>0.44434</x><y>0.33333</y><y>0.35417</y></points><label>3</label><labelname>window</labelname><flag>1</flag></object><object><points><x>0.42676</x><x>0.44531</x><y>0.3099</y><y>0.32943</y></points><label>3</label><labelname>window</labelname><flag>1</flag></object><object><points><x>0.42773</x><x>0.44531</x><y>0.27865</y><y>0.29818</y></points><label>3</label><labelname>window</labelname><flag>1</flag></object><object><points><x>0.42773</x><x>0.44531</x><y>0.25391</y><y>0.27474</y></points><label>3</label><labelname>window</labelname><flag>1</flag></object><object><points><x>0.41699</x><x>0.45898</x><y>0.44661</y><y>0.47135</y></points><label>3</label><labelname>window</labelname><flag>1</flag></object><object><points><x>0.41699</x><x>0.45898</x><y>0.41667</y><y>0.44141</y></points><label>3</label><labelname>window</labelname><flag>1</flag></object><object><points><x>0.41699</x><x>0.45898</x><y>0.38542</y><y>0.41016</y></points><label>3</label><labelname>window</labelname><flag>1</flag></object><object><points><x>0.39453</x><x>0.41309</x><y>0.44792</y><y>0.47266</y></points><label>3</label><labelname>window</labelname><flag>1</flag></object><object><points><x>0.39453</x><x>0.41309</x><y>0.41667</y><y>0.44141</y></points><label>3</label><labelname>window</labelname><flag>1</flag></object><object><points><x>0.39453</x><x>0.41309</x><y>0.38542</y><y>0.41016</y></points><label>3</label><labelname>window</labelname><flag>1</flag></object><object><points><x>0.32422</x><x>0.33691</x><y>0.46875</y><y>0.4974</y></points><label>3</label><labelname>window</labelname><flag>1</flag></object><object><points><x>0.32422</x><x>0.33691</x><y>0.4349</y><y>0.46354</y></points><label>3</label><labelname>window</labelname><flag>1</flag></object><object><points><x>0.66016</x><x>0.68164</x><y>0.25</y><y>0.27083</y></points><label>3</label><labelname>window</labelname><flag>1</flag></object><object><points><x>0.66016</x><x>0.68164</x><y>0.27474</y><y>0.29688</y></points><label>3</label><labelname>window</labelname><flag>1</flag></object><object><points><x>0.68359</x><x>0.72559</x><y>0.2513</y><y>0.29688</y></points><label>3</label><labelname>window</labelname><flag>1</flag></object><object><points><x>0.66016</x><x>0.68164</x><y>0.30599</y><y>0.32812</y></points><label>3</label><labelname>window</labelname><flag>1</flag></object><object><points><x>0.66016</x><x>0.68164</x><y>0.33073</y><y>0.35286</y></points><label>3</label><labelname>window</labelname><flag>1</flag></object><object><points><x>0.68359</x><x>0.73926</x><y>0.30599</y><y>0.35286</y></points><label>3</label><labelname>window</labelname><flag>1</flag></object><object><points><x>0.65918</x><x>0.68066</x><y>0.43099</y><y>0.45052</y></points><label>3</label><labelname>window</labelname><flag>1</flag></object><object><points><x>0.65918</x><x>0.68066</x><y>0.45443</y><y>0.47396</y></points><label>3</label><labelname>window</labelname><flag>1</flag></object><object><points><x>0.68262</x><x>0.72461</x><y>0.43099</y><y>0.47396</y></points><label>3</label><labelname>window</labelname><flag>1</flag></object><object><points><x>0.6582</x><x>0.68066</x><y>0.50911</y><y>0.53255</y></points><label>3</label><labelname>window</labelname><flag>1</flag></object><object><points><x>0.6582</x><x>0.67969</x><y>0.53516</y><y>0.55729</y></points><label>3</label><labelname>window</labelname><flag>1</flag></object><object><points><x>0.68262</x><x>0.72461</x><y>0.50911</y><y>0.55599</y></points><label>3</label><labelname>window</labelname><flag>1</flag></object><object><points><x>0.6582</x><x>0.68066</x><y>0.59375</y><y>0.61328</y></points><label>3</label><labelname>window</labelname><flag>1</flag></object><object><points><x>0.6582</x><x>0.68066</x><y>0.61719</y><y>0.63672</y></points><label>3</label><labelname>window</labelname><flag>1</flag></object><object><points><x>0.68262</x><x>0.72461</x><y>0.59375</y><y>0.63542</y></points><label>3</label><labelname>window</labelname><flag>1</flag></object><object><points><x>0.7793</x><x>0.80371</x><y>0.25781</y><y>0.27344</y></points><label>3</label><labelname>window</labelname><flag>1</flag></object><object><points><x>0.7793</x><x>0.80371</x><y>0.28125</y><y>0.29557</y></points><label>3</label><labelname>window</labelname><flag>1</flag></object><object><points><x>0.7793</x><x>0.80273</x><y>0.30859</y><y>0.32422</y></points><label>3</label><labelname>window</labelname><flag>1</flag></object><object><points><x>0.7793</x><x>0.80176</x><y>0.33073</y><y>0.34505</y></points><label>3</label><labelname>window</labelname><flag>1</flag></object><object><points><x>0.80566</x><x>0.8457</x><y>0.25781</y><y>0.29557</y></points><label>3</label><labelname>window</labelname><flag>1</flag></object><object><points><x>0.80566</x><x>0.8457</x><y>0.30859</y><y>0.34635</y></points><label>3</label><labelname>window</labelname><flag>1</flag></object><object><points><x>0.77734</x><x>0.80176</x><y>0.43099</y><y>0.44792</y></points><label>3</label><labelname>window</labelname><flag>1</flag></object><object><points><x>0.80469</x><x>0.84473</x><y>0.42969</y><y>0.47266</y></points><label>3</label><labelname>window</labelname><flag>1</flag></object><object><points><x>0.77734</x><x>0.80176</x><y>0.45443</y><y>0.47396</y></points><label>3</label><labelname>window</labelname><flag>1</flag></object><object><points><x>0.80371</x><x>0.84473</x><y>0.51042</y><y>0.55339</y></points><label>3</label><labelname>window</labelname><flag>1</flag></object><object><points><x>0.77734</x><x>0.7998</x><y>0.51042</y><y>0.52995</y></points><label>3</label><labelname>window</labelname><flag>1</flag></object><object><points><x>0.77734</x><x>0.7998</x><y>0.53385</y><y>0.55339</y></points><label>3</label><labelname>window</labelname><flag>1</flag></object><object><points><x>0.78809</x><x>0.82129</x><y>0.61328</y><y>0.63281</y></points><label>3</label><labelname>window</labelname><flag>1</flag></object><object><points><x>0.78809</x><x>0.82129</x><y>0.66016</y><y>0.67839</y></points><label>3</label><labelname>window</labelname><flag>1</flag></object><object><points><x>0.77344</x><x>0.80859</x><y>0.63542</y><y>0.65495</y></points><label>3</label><labelname>window</labelname><flag>1</flag></object><object><points><x>0.86621</x><x>0.9707</x><y>0.61068</y><y>0.68229</y></points><label>4</label><labelname>door</labelname><flag>1</flag></object><object><points><x>0.7793</x><x>0.80273</x><y>0.73958</y><y>0.76042</y></points><label>3</label><labelname>window</labelname><flag>1</flag></object><object><points><x>0.7793</x><x>0.80273</x><y>0.76562</y><y>0.79167</y></points><label>3</label><labelname>window</labelname><flag>1</flag></object><object><points><x>0.7793</x><x>0.80273</x><y>0.79818</y><y>0.81901</y></points><label>3</label><labelname>window</labelname><flag>1</flag></object><object><points><x>0.80566</x><x>0.8457</x><y>0.73958</y><y>0.76042</y></points><label>3</label><labelname>window</labelname><flag>1</flag></object><object><points><x>0.80566</x><x>0.8457</x><y>0.76562</y><y>0.79167</y></points><label>3</label><labelname>window</labelname><flag>1</flag></object><object><points><x>0.80664</x><x>0.8457</x><y>0.79818</y><y>0.81901</y></points><label>3</label><labelname>window</labelname><flag>1</flag></object><object><points><x>0.66113</x><x>0.68164</x><y>0.72005</y><y>0.73828</y></points><label>3</label><labelname>window</labelname><flag>1</flag></object><object><points><x>0.66113</x><x>0.68164</x><y>0.74479</y><y>0.76172</y></points><label>3</label><labelname>window</labelname><flag>1</flag></object><object><points><x>0.66113</x><x>0.68164</x><y>0.77474</y><y>0.79427</y></points><label>3</label><labelname>window</labelname><flag>1</flag></object><object><points><x>0.66211</x><x>0.68066</x><y>0.79948</y><y>0.81901</y></points><label>3</label><labelname>window</labelname><flag>1</flag></object><object><points><x>0.68555</x><x>0.72363</x><y>0.77604</y><y>0.81901</y></points><label>3</label><labelname>window</labelname><flag>1</flag></object><object><points><x>0.68457</x><x>0.73926</x><y>0.72135</y><y>0.76432</y></points><label>3</label><labelname>window</labelname><flag>1</flag></object><object><points><x>0.56543</x><x>0.58984</x><y>0.72005</y><y>0.76172</y></points><label>3</label><labelname>window</labelname><flag>1</flag></object><object><points><x>0.56543</x><x>0.58789</x><y>0.77474</y><y>0.81771</y></points><label>3</label><labelname>window</labelname><flag>1</flag></object><object><points><x>0.54199</x><x>0.5625</x><y>0.72005</y><y>0.73828</y></points><label>3</label><labelname>window</labelname><flag>1</flag></object><object><points><x>0.54199</x><x>0.5625</x><y>0.74479</y><y>0.76302</y></points><label>3</label><labelname>window</labelname><flag>1</flag></object><object><points><x>0.54199</x><x>0.5625</x><y>0.77474</y><y>0.79427</y></points><label>3</label><labelname>window</labelname><flag>1</flag></object><object><points><x>0.54199</x><x>0.5625</x><y>0.79818</y><y>0.81771</y></points><label>3</label><labelname>window</labelname><flag>1</flag></object><object><points><x>0.42773</x><x>0.44531</x><y>0.71875</y><y>0.73958</y></points><label>3</label><labelname>window</labelname><flag>1</flag></object><object><points><x>0.42773</x><x>0.44629</x><y>0.74349</y><y>0.76302</y></points><label>3</label><labelname>window</labelname><flag>1</flag></object><object><points><x>0.42773</x><x>0.44531</x><y>0.77214</y><y>0.79297</y></points><label>3</label><labelname>window</labelname><flag>1</flag></object><object><points><x>0.42773</x><x>0.44531</x><y>0.79818</y><y>0.81771</y></points><label>3</label><labelname>window</labelname><flag>1</flag></object><object><points><x>0.44824</x><x>0.49316</x><y>0.71875</y><y>0.76172</y></points><label>3</label><labelname>window</labelname><flag>1</flag></object><object><points><x>0.44824</x><x>0.49121</x><y>0.77214</y><y>0.81641</y></points><label>3</label><labelname>window</labelname><flag>1</flag></object><object><points><x>0.34668</x><x>0.37598</x><y>0.75521</y><y>0.78125</y></points><label>3</label><labelname>window</labelname><flag>1</flag></object><object><points><x>0.34668</x><x>0.37695</x><y>0.72005</y><y>0.75</y></points><label>3</label><labelname>window</labelname><flag>1</flag></object><object><points><x>0.34766</x><x>0.37695</x><y>0.78776</y><y>0.81771</y></points><label>3</label><labelname>window</labelname><flag>1</flag></object><object><points><x>0.32617</x><x>0.34277</x><y>0.78646</y><y>0.81641</y></points><label>3</label><labelname>window</labelname><flag>1</flag></object><object><points><x>0.32422</x><x>0.34277</x><y>0.75521</y><y>0.78125</y></points><label>3</label><labelname>window</labelname><flag>1</flag></object><object><points><x>0.32617</x><x>0.34277</x><y>0.72005</y><y>0.75</y></points><label>3</label><labelname>window</labelname><flag>1</flag></object><object><points><x>0.18457</x><x>0.97168</x><y>0.20443</y><y>0.86849</y></points><label>2</label><labelname>facade</labelname><flag>1</flag></object><object><points><x>0.3457</x><x>0.37695</x><y>0.32292</y><y>0.35417</y></points><label>3</label><labelname>window</labelname><flag>1</flag></object><object><points><x>0.3457</x><x>0.37793</x><y>0.29297</y><y>0.32031</y></points><label>3</label><labelname>window</labelname><flag>1</flag></object><object><points><x>0.3457</x><x>0.37695</x><y>0.25651</y><y>0.28776</y></points><label>3</label><labelname>window</labelname><flag>1</flag></object><object><points><x>0.32422</x><x>0.34277</x><y>0.25781</y><y>0.28776</y></points><label>3</label><labelname>window</labelname><flag>1</flag></object><object><points><x>0.32422</x><x>0.34277</x><y>0.32292</y><y>0.35417</y></points><label>3</label><labelname>window</labelname><flag>1</flag></object><object><points><x>0.32324</x><x>0.34277</x><y>0.29297</y><y>0.31901</y></points><label>3</label><labelname>window</labelname><flag>1</flag></object><object><points><x>0.90625</x><x>0.9707</x><y>0.48177</y><y>0.51562</y></points><label>4</label><labelname>door</labelname><flag>1</flag></object><object><points><x>0.32422</x><x>0.38184</x><y>0.10547</y><y>0.14062</y></points><label>3</label><labelname>window</labelname><flag>1</flag></object><object><points><x>0.32422</x><x>0.38184</x><y>0.053385</y><y>0.08724</y></points><label>3</label><labelname>window</labelname><flag>1</flag></object><object><points><x>0.43262</x><x>0.45117</x><y>0.11589</y><y>0.14062</y></points><label>3</label><labelname>window</labelname><flag>1</flag></object><object><points><x>0.43262</x><x>0.4502</x><y>0.10026</y><y>0.11068</y></points><label>3</label><labelname>window</labelname><flag>1</flag></object><object><points><x>0.43262</x><x>0.4502</x><y>0.082031</y><y>0.09375</y></points><label>3</label><labelname>window</labelname><flag>1</flag></object><object><points><x>0.45508</x><x>0.50391</x><y>0.11719</y><y>0.13932</y></points><label>3</label><labelname>window</labelname><flag>1</flag></object><object><points><x>0.45312</x><x>0.49512</x><y>0.080729</y><y>0.11198</y></points><label>3</label><labelname>window</labelname><flag>1</flag></object><object><points><x>0.54688</x><x>0.56348</x><y>0.11589</y><y>0.14323</y></points><label>3</label><labelname>window</labelname><flag>1</flag></object><object><points><x>0.56641</x><x>0.60645</x><y>0.11719</y><y>0.14193</y></points><label>3</label><labelname>window</labelname><flag>1</flag></object><object><points><x>0.5459</x><x>0.59473</x><y>0.085938</y><y>0.11328</y></points><label>3</label><labelname>window</labelname><flag>1</flag></object><object><points><x>0.67188</x><x>0.69238</x><y>0.11719</y><y>0.13802</y></points><label>3</label><labelname>window</labelname><flag>1</flag></object><object><points><x>0.69336</x><x>0.73047</x><y>0.11849</y><y>0.13542</y></points><label>3</label><labelname>window</labelname><flag>1</flag></object><object><points><x>0.43262</x><x>0.49316</x><y>0.93359</y><y>0.97005</y></points><label>3</label><labelname>window</labelname><flag>1</flag></object><object><points><x>0.5498</x><x>0.61133</x><y>0.9349</y><y>0.97135</y></points><label>3</label><labelname>window</labelname><flag>1</flag></object><object><points><x>0.23535</x><x>0.2627</x><y>0.11458</y><y>0.13281</y></points><label>3</label><labelname>window</labelname><flag>1</flag></object><object><points><x>0.22559</x><x>0.24902</x><y>0.080729</y><y>0.095052</y></points><label>3</label><labelname>window</labelname><flag>1</flag></object><object><points><x>0.2334</x><x>0.25195</x><y>0.29167</y><y>0.3151</y></points><label>3</label><labelname>window</labelname><flag>1</flag></object><object><points><x>0.24121</x><x>0.25879</x><y>0.33594</y><y>0.34896</y></points><label>3</label><labelname>window</labelname><flag>1</flag></object><object><points><x>0.24121</x><x>0.25781</x><y>0.25651</y><y>0.26953</y></points><label>3</label><labelname>window</labelname><flag>1</flag></object><object><points><x>0.24121</x><x>0.25977</x><y>0.42318</y><y>0.4388</y></points><label>3</label><labelname>window</labelname><flag>1</flag></object><object><points><x>0.20801</x><x>0.23145</x><y>0.44661</y><y>0.46484</y></points><label>3</label><labelname>window</labelname><flag>1</flag></object><object><points><x>0.21484</x><x>0.25195</x><y>0.51042</y><y>0.5651</y></points><label>3</label><labelname>window</labelname><flag>1</flag></object><object><points><x>0.50391</x><x>0.54297</x><y>0.91927</y><y>0.9987</y></points><label>5</label><labelname>cornice</labelname><flag>1</flag></object><object><points><x>0.38672</x><x>0.42871</x><y>0.91797</y><y>1</y></points><label>5</label><labelname>cornice</labelname><flag>1</flag></object><object><points><x>0.375</x><x>0.41895</x><y>0.23828</y><y>0.36198</y></points><label>7</label><labelname>balcony</labelname><flag>1</flag></object><object><points><x>0.46387</x><x>0.53613</x><y>0.21745</y><y>0.35938</y></points><label>7</label><labelname>balcony</labelname><flag>1</flag></object><object><points><x>0.46387</x><x>0.53516</x><y>0.6901</y><y>0.83203</y></points><label>7</label><labelname>balcony</labelname><flag>1</flag></object><object><points><x>0.375</x><x>0.41797</x><y>0.70312</y><y>0.82943</y></points><label>7</label><labelname>balcony</labelname><flag>1</flag></object><object><points><x>0.58691</x><x>0.66406</x><y>0.6901</y><y>0.83203</y></points><label>7</label><labelname>balcony</labelname><flag>1</flag></object><object><points><x>0.58887</x><x>0.66406</x><y>0.21615</y><y>0.36719</y></points><label>7</label><labelname>balcony</labelname><flag>1</flag></object><object><points><x>0.57812</x><x>0.61719</x><y>0.3724</y><y>0.63281</y></points><label>7</label><labelname>balcony</labelname><flag>1</flag></object><object><points><x>0.70703</x><x>0.7793</x><y>0.21745</y><y>0.86328</y></points><label>7</label><labelname>balcony</labelname><flag>1</flag></object><object><points><x>0.4668</x><x>0.55371</x><y>0.059896</y><y>0.16276</y></points><label>7</label><labelname>balcony</labelname><flag>1</flag></object><object><points><x>0.58789</x><x>0.66602</x><y>0.061198</y><y>0.15885</y></points><label>7</label><labelname>balcony</labelname><flag>1</flag></object><object><points><x>0.80957</x><x>0.89062</x><y>0.58073</y><y>0.70703</y></points><label>9</label><labelname>deco</labelname><flag>1</flag></object><object><points><x>0.4668</x><x>0.5166</x><y>0.53646</y><y>0.55599</y></points><label>9</label><labelname>deco</labelname><flag>1</flag></object><object><points><x>0.46484</x><x>0.51465</x><y>0.625</y><y>0.64453</y></points><label>9</label><labelname>deco</labelname><flag>1</flag></object><object><points><x>0.46387</x><x>0.5127</x><y>0.45052</y><y>0.47005</y></points><label>9</label><labelname>deco</labelname><flag>1</flag></object><object><points><x>0.46582</x><x>0.51465</x><y>0.36328</y><y>0.38281</y></points><label>9</label><labelname>deco</labelname><flag>1</flag></object><object><points><x>0.28809</x><x>0.30859</x><y>0.06901</y><y>0.11328</y></points><label>9</label><labelname>deco</labelname><flag>1</flag></object><object><points><x>0.2373</x><x>0.26953</x><y>0.18099</y><y>0.20573</y></points><label>9</label><labelname>deco</labelname><flag>1</flag></object><object><points><x>0.25098</x><x>0.28125</x><y>0.26172</y><y>0.32422</y></points><label>7</label><labelname>balcony</labelname><flag>1</flag></object><object><points><x>0.25781</x><x>0.28809</x><y>0.22266</y><y>0.26042</y></points><label>7</label><labelname>balcony</labelname><flag>1</flag></object><object><points><x>0.25879</x><x>0.28809</x><y>0.32943</y><y>0.375</y></points><label>7</label><labelname>balcony</labelname><flag>1</flag></object><object><points><x>0.25195</x><x>0.28223</x><y>0.38672</y><y>0.41927</y></points><label>7</label><labelname>balcony</labelname><flag>1</flag></object><object><points><x>0.26172</x><x>0.28613</x><y>0.42188</y><y>0.49479</y></points><label>7</label><labelname>balcony</labelname><flag>1</flag></object><object><points><x>0.24707</x><x>0.30859</x><y>0.5013</y><y>0.57552</y></points><label>7</label><labelname>balcony</labelname><flag>1</flag></object><object><points><x>0.25977</x><x>0.28516</x><y>0.57943</y><y>0.66797</y></points><label>7</label><labelname>balcony</labelname><flag>1</flag></object><object><points><x>0.33691</x><x>0.36816</x><y>0.36068</y><y>0.64714</y></points><label>7</label><labelname>balcony</labelname><flag>1</flag></object><object><points><x>0.25781</x><x>0.28125</x><y>0.040365</y><y>0.19792</y></points><label>7</label><labelname>balcony</labelname><flag>1</flag></object><object><points><x>0.28125</x><x>0.30762</x><y>0.21875</y><y>0.86328</y></points><label>10</label><labelname>molding</labelname><flag>1</flag></object><object><points><x>0.40039</x><x>0.41797</x><y>0.21615</y><y>0.86458</y></points><label>10</label><labelname>molding</labelname><flag>1</flag></object><object><points><x>0.625</x><x>0.64844</x><y>0.21745</y><y>0.86458</y></points><label>10</label><labelname>molding</labelname><flag>1</flag></object><object><points><x>0.84375</x><x>0.85352</x><y>0.21354</y><y>0.86198</y></points><label>10</label><labelname>molding</labelname><flag>1</flag></object><object><points><x>0.90137</x><x>0.9541</x><y>0.58073</y><y>0.59115</y></points><label>11</label><labelname>pillar</labelname><flag>1</flag></object><object><points><x>0.90039</x><x>0.95508</x><y>0.69271</y><y>0.70182</y></points><label>11</label><labelname>pillar</labelname><flag>1</flag></object><object><points><x>0.90137</x><x>0.9541</x><y>0.60026</y><y>0.60417</y></points><label>11</label><labelname>pillar</labelname><flag>1</flag></object><object><points><x>0.90137</x><x>0.9541</x><y>0.68359</y><y>0.6875</y></points><label>11</label><labelname>pillar</labelname><flag>1</flag></object><object><points><x>0.89258</x><x>0.90039</x><y>0.59505</y><y>0.60677</y></points><label>11</label><labelname>pillar</labelname><flag>1</flag></object><object><points><x>0.89258</x><x>0.90137</x><y>0.67839</y><y>0.6901</y></points><label>11</label><labelname>pillar</labelname><flag>1</flag></object><object><points><x>0.8916</x><x>0.90039</x><y>0.6901</y><y>0.70573</y></points><label>11</label><labelname>pillar</labelname><flag>1</flag></object><object><points><x>0.89258</x><x>0.90039</x><y>0.57812</y><y>0.59375</y></points><label>11</label><labelname>pillar</labelname><flag>1</flag></object><object><points><x>0.85059</x><x>0.87793</x><y>0.42057</y><y>0.55208</y></points><label>12</label><labelname>shop</labelname><flag>1</flag></object><object><points><x>0.86719</x><x>0.87793</x><y>0.2487</y><y>0.34766</y></points><label>12</label><labelname>shop</labelname><flag>1</flag></object><object><points><x>0.85156</x><x>0.89844</x><y>0.20833</y><y>0.23047</y></points><label>12</label><labelname>shop</labelname><flag>1</flag></object><object><points><x>0.88965</x><x>0.95215</x><y>0.4401</y><y>0.47786</y></points><label>12</label><labelname>shop</labelname><flag>1</flag></object><object><points><x>0.88867</x><x>0.95215</x><y>0.51823</y><y>0.55599</y></points><label>12</label><labelname>shop</labelname><flag>1</flag></object><object><points><x>0.88867</x><x>0.90527</x><y>0.48177</y><y>0.51432</y></points><label>12</label><labelname>shop</labelname><flag>1</flag></object><object><points><x>0.88086</x><x>0.96973</x><y>0.73828</y><y>0.81901</y></points><label>12</label><labelname>shop</labelname><flag>1</flag></object><object><points><x>0.87988</x><x>0.96973</x><y>0.25</y><y>0.34896</y></points><label>12</label><labelname>shop</labelname><flag>1</flag></object>