<object><points><x>0.00409</x><x>0.98569</x><y>0.1214</y><y>0.94385</y></points><label>2</label><labelname>facade</labelname><flag>1</flag></object><object><points><x>0.20859</x><x>0.27607</x><y>0.40516</y><y>0.46586</y></points><label>3</label><labelname>window</labelname><flag>1</flag></object><object><points><x>0.39468</x><x>0.47239</x><y>0.40668</y><y>0.47344</y></points><label>3</label><labelname>window</labelname><flag>1</flag></object><object><points><x>0.58691</x><x>0.67076</x><y>0.40668</y><y>0.47496</y></points><label>3</label><labelname>window</labelname><flag>1</flag></object><object><points><x>0.21881</x><x>0.28834</x><y>0.81184</y><y>0.86798</y></points><label>3</label><labelname>window</labelname><flag>1</flag></object><object><points><x>0.39264</x><x>0.47648</x><y>0.50228</y><y>0.58877</y></points><label>3</label><labelname>window</labelname><flag>1</flag></object><object><points><x>0.21063</x><x>0.28221</x><y>0.49924</y><y>0.58422</y></points><label>3</label><labelname>window</labelname><flag>1</flag></object><object><points><x>0.58487</x><x>0.66871</x><y>0.50228</y><y>0.58877</y></points><label>3</label><labelname>window</labelname><flag>1</flag></object><object><points><x>0.39673</x><x>0.47853</x><y>0.81184</y><y>0.89074</y></points><label>3</label><labelname>window</labelname><flag>1</flag></object><object><points><x>0.58691</x><x>0.66871</x><y>0.81639</y><y>0.89378</y></points><label>3</label><labelname>window</labelname><flag>1</flag></object><object><points><x>0.39059</x><x>0.48057</x><y>0.13657</y><y>0.24734</y></points><label>3</label><labelname>window</labelname><flag>1</flag></object><object><points><x>0.58487</x><x>0.67485</x><y>0.13657</y><y>0.24734</y></points><label>3</label><labelname>window</labelname><flag>1</flag></object><object><points><x>0.087935</x><x>0.13497</x><y>0.68134</y><y>0.71775</y></points><label>3</label><labelname>window</labelname><flag>1</flag></object><object><points><x>0.66053</x><x>0.76687</x><y>0.67071</y><y>0.74052</y></points><label>3</label><labelname>window</labelname><flag>1</flag></object><object><points><x>0.4683</x><x>0.64008</x><y>0.67071</y><y>0.73748</y></points><label>3</label><labelname>window</labelname><flag>1</flag></object><object><points><x>0.28425</x><x>0.45399</x><y>0.6692</y><y>0.73748</y></points><label>3</label><labelname>window</labelname><flag>1</flag></object><object><points><x>0.19632</x><x>0.26994</x><y>0.66464</y><y>0.73445</y></points><label>3</label><labelname>window</labelname><flag>1</flag></object><object><points><x>0.78119</x><x>0.86299</x><y>0.81791</y><y>0.89681</y></points><label>3</label><labelname>window</labelname><flag>1</flag></object><object><points><x>0.83436</x><x>0.98569</x><y>0.3566</y><y>0.41275</y></points><label>4</label><labelname>door</labelname><flag>1</flag></object><object><points><x>0.7955</x><x>0.82822</x><y>0.36267</y><y>0.40668</y></points><label>3</label><labelname>window</labelname><flag>1</flag></object><object><points><x>0.58487</x><x>0.6728</x><y>0.13961</y><y>0.24583</y></points><label>8</label><labelname>blind</labelname><flag>1</flag></object><object><points><x>0.58896</x><x>0.66667</x><y>0.81639</y><y>0.89226</y></points><label>8</label><labelname>blind</labelname><flag>1</flag></object><object><points><x>0.39877</x><x>0.42536</x><y>0.81487</y><y>0.88923</y></points><label>8</label><labelname>blind</labelname><flag>1</flag></object><object><points><x>0.21268</x><x>0.28016</x><y>0.50076</y><y>0.5827</y></points><label>8</label><labelname>blind</labelname><flag>1</flag></object><object><points><x>0.31084</x><x>0.33538</x><y>0.14264</y><y>0.94082</y></points><label>10</label><labelname>molding</labelname><flag>1</flag></object><object><points><x>0.76074</x><x>0.79959</x><y>0.1305</y><y>0.93778</y></points><label>10</label><labelname>molding</labelname><flag>1</flag></object><object><points><x>0.78323</x><x>0.92843</x><y>0.16388</y><y>0.3217</y></points><label>12</label><labelname>shop</labelname><flag>1</flag></object><object><points><x>0.79346</x><x>0.9407</x><y>0.44461</y><y>0.61608</y></points><label>12</label><labelname>shop</labelname><flag>1</flag></object><object><points><x>0.73006</x><x>0.77505</x><y>0.32777</y><y>0.43247</y></points><label>12</label><labelname>shop</labelname><flag>1</flag></object>