<object><points><x>0.34253</x><x>0.82299</x><y>0.033203</y><y>0.52344</y></points><label>2</label><labelname>facade</labelname><flag>1</flag></object><object><points><x>0.42299</x><x>0.53563</x><y>0.06543</y><y>0.089844</y></points><label>3</label><labelname>window</labelname><flag>1</flag></object><object><points><x>0.42529</x><x>0.53793</x><y>0.11328</y><y>0.1377</y></points><label>3</label><labelname>window</labelname><flag>1</flag></object><object><points><x>0.42299</x><x>0.53333</x><y>0.16309</y><y>0.1875</y></points><label>3</label><labelname>window</labelname><flag>1</flag></object><object><points><x>0.42299</x><x>0.53563</x><y>0.21387</y><y>0.23828</y></points><label>3</label><labelname>window</labelname><flag>1</flag></object><object><points><x>0.42299</x><x>0.53333</x><y>0.26367</y><y>0.28809</y></points><label>3</label><labelname>window</labelname><flag>1</flag></object><object><points><x>0.42299</x><x>0.53563</x><y>0.31445</y><y>0.33984</y></points><label>3</label><labelname>window</labelname><flag>1</flag></object><object><points><x>0.42299</x><x>0.53333</x><y>0.36523</y><y>0.38965</y></points><label>3</label><labelname>window</labelname><flag>1</flag></object><object><points><x>0.42299</x><x>0.53563</x><y>0.41504</y><y>0.43848</y></points><label>3</label><labelname>window</labelname><flag>1</flag></object><object><points><x>0.42299</x><x>0.53333</x><y>0.4668</y><y>0.49121</y></points><label>3</label><labelname>window</labelname><flag>1</flag></object><object><points><x>0.5977</x><x>0.68506</x><y>0.1123</y><y>0.1377</y></points><label>3</label><labelname>window</labelname><flag>1</flag></object><object><points><x>0.5954</x><x>0.68276</x><y>0.0625</y><y>0.087891</y></points><label>3</label><labelname>window</labelname><flag>1</flag></object><object><points><x>0.5954</x><x>0.68506</x><y>0.16211</y><y>0.1875</y></points><label>3</label><labelname>window</labelname><flag>1</flag></object><object><points><x>0.5954</x><x>0.68506</x><y>0.21094</y><y>0.23633</y></points><label>3</label><labelname>window</labelname><flag>1</flag></object><object><points><x>0.5977</x><x>0.68736</x><y>0.26172</y><y>0.28711</y></points><label>3</label><labelname>window</labelname><flag>1</flag></object><object><points><x>0.5977</x><x>0.68736</x><y>0.41406</y><y>0.43945</y></points><label>3</label><labelname>window</labelname><flag>1</flag></object><object><points><x>0.5954</x><x>0.68506</x><y>0.46387</y><y>0.48926</y></points><label>3</label><labelname>window</labelname><flag>1</flag></object><object><points><x>0.078161</x><x>0.16092</x><y>0.59082</y><y>0.61621</y></points><label>3</label><labelname>window</labelname><flag>1</flag></object><object><points><x>0.075862</x><x>0.16092</x><y>0.64746</y><y>0.6709</y></points><label>3</label><labelname>window</labelname><flag>1</flag></object><object><points><x>0.078161</x><x>0.16092</x><y>0.7041</y><y>0.72754</y></points><label>3</label><labelname>window</labelname><flag>1</flag></object><object><points><x>0.075862</x><x>0.16092</x><y>0.76074</y><y>0.78418</y></points><label>3</label><labelname>window</labelname><flag>1</flag></object><object><points><x>0.075862</x><x>0.16092</x><y>0.81641</y><y>0.83984</y></points><label>3</label><labelname>window</labelname><flag>1</flag></object><object><points><x>0.24138</x><x>0.32414</x><y>0.58984</y><y>0.61328</y></points><label>3</label><labelname>window</labelname><flag>1</flag></object><object><points><x>0.23678</x><x>0.32644</x><y>0.64648</y><y>0.66992</y></points><label>3</label><labelname>window</labelname><flag>1</flag></object><object><points><x>0.23448</x><x>0.32644</x><y>0.75977</y><y>0.78418</y></points><label>3</label><labelname>window</labelname><flag>1</flag></object><object><points><x>0.23678</x><x>0.32644</x><y>0.81543</y><y>0.83496</y></points><label>3</label><labelname>window</labelname><flag>1</flag></object><object><points><x>0.3908</x><x>0.51034</x><y>0.64355</y><y>0.66797</y></points><label>3</label><labelname>window</labelname><flag>1</flag></object><object><points><x>0.3954</x><x>0.51494</x><y>0.58789</y><y>0.6123</y></points><label>3</label><labelname>window</labelname><flag>1</flag></object><object><points><x>0.38851</x><x>0.50805</x><y>0.75879</y><y>0.7832</y></points><label>3</label><labelname>window</labelname><flag>1</flag></object><object><points><x>0.38851</x><x>0.50805</x><y>0.81348</y><y>0.83691</y></points><label>3</label><labelname>window</labelname><flag>1</flag></object><object><points><x>0.57701</x><x>0.67356</x><y>0.58594</y><y>0.61035</y></points><label>3</label><labelname>window</labelname><flag>1</flag></object><object><points><x>0.23678</x><x>0.41609</x><y>0.7002</y><y>0.73047</y></points><label>3</label><labelname>window</labelname><flag>1</flag></object><object><points><x>0.27126</x><x>0.35632</x><y>0.90918</y><y>0.93262</y></points><label>3</label><labelname>window</labelname><flag>1</flag></object><object><points><x>0.26897</x><x>0.35402</x><y>0.9541</y><y>0.97754</y></points><label>3</label><labelname>window</labelname><flag>1</flag></object><object><points><x>0.13103</x><x>0.2092</x><y>0.91016</y><y>0.93262</y></points><label>3</label><labelname>window</labelname><flag>1</flag></object><object><points><x>0.13333</x><x>0.2092</x><y>0.95703</y><y>0.97949</y></points><label>3</label><labelname>window</labelname><flag>1</flag></object><object><points><x>0.13563</x><x>0.22529</x><y>0.49121</y><y>0.51172</y></points><label>3</label><labelname>window</labelname><flag>1</flag></object><object><points><x>0.1931</x><x>0.27586</x><y>0.43848</y><y>0.4541</y></points><label>3</label><labelname>window</labelname><flag>1</flag></object><object><points><x>0.24138</x><x>0.32184</x><y>0.39062</y><y>0.40625</y></points><label>3</label><labelname>window</labelname><flag>1</flag></object><object><points><x>0.28966</x><x>0.35402</x><y>0.35547</y><y>0.36328</y></points><label>3</label><labelname>window</labelname><flag>1</flag></object><object><points><x>0.28276</x><x>0.34943</x><y>0.49219</y><y>0.51074</y></points><label>3</label><labelname>window</labelname><flag>1</flag></object><object><points><x>0.73793</x><x>0.81149</x><y>0.16504</y><y>0.18457</y></points><label>3</label><labelname>window</labelname><flag>1</flag></object><object><points><x>0.73103</x><x>0.8046</x><y>0.11426</y><y>0.13379</y></points><label>3</label><labelname>window</labelname><flag>1</flag></object><object><points><x>0.5977</x><x>0.62989</x><y>0.16309</y><y>0.18652</y></points><label>8</label><labelname>blind</labelname><flag>1</flag></object><object><points><x>0.42529</x><x>0.45057</x><y>0.41602</y><y>0.43848</y></points><label>8</label><labelname>blind</labelname><flag>1</flag></object><object><points><x>0.42299</x><x>0.43678</x><y>0.46973</y><y>0.49023</y></points><label>8</label><labelname>blind</labelname><flag>1</flag></object><object><points><x>0.42529</x><x>0.44138</x><y>0.31543</y><y>0.33887</y></points><label>8</label><labelname>blind</labelname><flag>1</flag></object><object><points><x>0.42529</x><x>0.45057</x><y>0.066406</y><y>0.088867</y></points><label>8</label><labelname>blind</labelname><flag>1</flag></object><object><points><x>0.42529</x><x>0.43908</x><y>0.16406</y><y>0.1875</y></points><label>8</label><labelname>blind</labelname><flag>1</flag></object><object><points><x>0.34713</x><x>0.3908</x><y>0.040039</y><y>0.52246</y></points><label>10</label><labelname>molding</labelname><flag>1</flag></object><object><points><x>0.013793</x><x>0.057471</x><y>0.56055</y><y>0.87402</y></points><label>10</label><labelname>molding</labelname><flag>1</flag></object><object><points><x>0.51954</x><x>0.55632</x><y>0.039062</y><y>0.52148</y></points><label>10</label><labelname>molding</labelname><flag>1</flag></object><object><points><x>0.0022989</x><x>0.81149</x><y>0.55566</y><y>0.87695</y></points><label>2</label><labelname>facade</labelname><flag>1</flag></object>