<object><points><x>0.075916</x><x>0.96073</x><y>0.081264</y><y>0.87133</y></points><label>2</label><labelname>facade</labelname><flag>1</flag></object><object><points><x>0.19372</x><x>0.2801</x><y>0.24153</y><y>0.28668</y></points><label>3</label><labelname>window</labelname><flag>1</flag></object><object><points><x>0.34031</x><x>0.4267</x><y>0.23928</y><y>0.28442</y></points><label>3</label><labelname>window</labelname><flag>1</flag></object><object><points><x>0.18848</x><x>0.27487</x><y>0.65688</y><y>0.70203</y></points><label>3</label><labelname>window</labelname><flag>1</flag></object><object><points><x>0.34031</x><x>0.42932</x><y>0.65688</y><y>0.70203</y></points><label>3</label><labelname>window</labelname><flag>1</flag></object><object><points><x>0.48953</x><x>0.57853</x><y>0.23702</y><y>0.28217</y></points><label>3</label><labelname>window</labelname><flag>1</flag></object><object><points><x>0.48953</x><x>0.57853</x><y>0.65688</y><y>0.70203</y></points><label>3</label><labelname>window</labelname><flag>1</flag></object><object><points><x>0.33246</x><x>0.42932</x><y>0.11287</y><y>0.14447</y></points><label>3</label><labelname>window</labelname><flag>1</flag></object><object><points><x>0.48429</x><x>0.58115</x><y>0.11061</y><y>0.14221</y></points><label>3</label><labelname>window</labelname><flag>1</flag></object><object><points><x>0.1911</x><x>0.28534</x><y>0.11287</y><y>0.14447</y></points><label>3</label><labelname>window</labelname><flag>1</flag></object><object><points><x>0.17277</x><x>0.26963</x><y>0.80361</y><y>0.83521</y></points><label>3</label><labelname>window</labelname><flag>1</flag></object><object><points><x>0.32199</x><x>0.41885</x><y>0.80587</y><y>0.83521</y></points><label>3</label><labelname>window</labelname><flag>1</flag></object><object><points><x>0.48168</x><x>0.57853</x><y>0.80587</y><y>0.83747</y></points><label>3</label><labelname>window</labelname><flag>1</flag></object><object><points><x>0.19372</x><x>0.2801</x><y>0.34086</y><y>0.36569</y></points><label>3</label><labelname>window</labelname><flag>1</flag></object><object><points><x>0.1911</x><x>0.27749</x><y>0.41309</y><y>0.43567</y></points><label>3</label><labelname>window</labelname><flag>1</flag></object><object><points><x>0.1911</x><x>0.27487</x><y>0.50339</y><y>0.52822</y></points><label>3</label><labelname>window</labelname><flag>1</flag></object><object><points><x>0.18848</x><x>0.27225</x><y>0.57788</y><y>0.60045</y></points><label>3</label><labelname>window</labelname><flag>1</flag></object><object><points><x>0.34031</x><x>0.4267</x><y>0.57336</y><y>0.59819</y></points><label>3</label><labelname>window</labelname><flag>1</flag></object><object><points><x>0.3377</x><x>0.42408</x><y>0.50339</y><y>0.52822</y></points><label>3</label><labelname>window</labelname><flag>1</flag></object><object><points><x>0.34031</x><x>0.4267</x><y>0.41084</y><y>0.43567</y></points><label>3</label><labelname>window</labelname><flag>1</flag></object><object><points><x>0.34293</x><x>0.4267</x><y>0.3386</y><y>0.36343</y></points><label>3</label><labelname>window</labelname><flag>1</flag></object><object><points><x>0.48953</x><x>0.58115</x><y>0.3386</y><y>0.36343</y></points><label>3</label><labelname>window</labelname><flag>1</flag></object><object><points><x>0.48953</x><x>0.58115</x><y>0.41084</y><y>0.43341</y></points><label>3</label><labelname>window</labelname><flag>1</flag></object><object><points><x>0.48953</x><x>0.58115</x><y>0.50339</y><y>0.52596</y></points><label>3</label><labelname>window</labelname><flag>1</flag></object><object><points><x>0.48953</x><x>0.58115</x><y>0.57788</y><y>0.60045</y></points><label>3</label><labelname>window</labelname><flag>1</flag></object><object><points><x>0.1911</x><x>0.27749</x><y>0.3702</y><y>0.40632</y></points><label>3</label><labelname>window</labelname><flag>1</flag></object><object><points><x>0.18586</x><x>0.27225</x><y>0.53499</y><y>0.56885</y></points><label>3</label><labelname>window</labelname><flag>1</flag></object><object><points><x>0.34031</x><x>0.4267</x><y>0.36795</y><y>0.40406</y></points><label>3</label><labelname>window</labelname><flag>1</flag></object><object><points><x>0.34031</x><x>0.4267</x><y>0.53047</y><y>0.56659</y></points><label>3</label><labelname>window</labelname><flag>1</flag></object><object><points><x>0.48953</x><x>0.58115</x><y>0.3702</y><y>0.40406</y></points><label>3</label><labelname>window</labelname><flag>1</flag></object><object><points><x>0.48953</x><x>0.57853</x><y>0.53499</y><y>0.56885</y></points><label>3</label><labelname>window</labelname><flag>1</flag></object><object><points><x>0.65445</x><x>0.74084</x><y>0.23025</y><y>0.2912</y></points><label>3</label><labelname>window</labelname><flag>1</flag></object><object><points><x>0.65183</x><x>0.73822</x><y>0.65011</y><y>0.71106</y></points><label>3</label><labelname>window</labelname><flag>1</flag></object><object><points><x>0.65183</x><x>0.74084</x><y>0.32957</y><y>0.44244</y></points><label>3</label><labelname>window</labelname><flag>1</flag></object><object><points><x>0.65183</x><x>0.74084</x><y>0.49436</y><y>0.60722</y></points><label>3</label><labelname>window</labelname><flag>1</flag></object><object><points><x>0.19895</x><x>0.28796</x><y>0.088036</y><y>0.10384</y></points><label>3</label><labelname>window</labelname><flag>1</flag></object><object><points><x>0.34293</x><x>0.43194</x><y>0.088036</y><y>0.10384</y></points><label>3</label><labelname>window</labelname><flag>1</flag></object><object><points><x>0.48691</x><x>0.58115</x><y>0.088036</y><y>0.10609</y></points><label>3</label><labelname>window</labelname><flag>1</flag></object><object><points><x>0.18325</x><x>0.27487</x><y>0.1535</y><y>0.16253</y></points><label>3</label><labelname>window</labelname><flag>1</flag></object><object><points><x>0.33246</x><x>0.42147</x><y>0.15576</y><y>0.16479</y></points><label>3</label><labelname>window</labelname><flag>1</flag></object><object><points><x>0.48429</x><x>0.5733</x><y>0.1535</y><y>0.16253</y></points><label>3</label><labelname>window</labelname><flag>1</flag></object><object><points><x>0.48429</x><x>0.5733</x><y>0.18736</y><y>0.19639</y></points><label>3</label><labelname>window</labelname><flag>1</flag></object><object><points><x>0.33246</x><x>0.42408</x><y>0.18962</y><y>0.19865</y></points><label>3</label><labelname>window</labelname><flag>1</flag></object><object><points><x>0.18586</x><x>0.27487</x><y>0.19187</y><y>0.2009</y></points><label>3</label><labelname>window</labelname><flag>1</flag></object><object><points><x>0.1178</x><x>0.13089</x><y>0.11287</y><y>0.14673</y></points><label>3</label><labelname>window</labelname><flag>1</flag></object><object><points><x>0.096859</x><x>0.1178</x><y>0.80361</y><y>0.84199</y></points><label>3</label><labelname>window</labelname><flag>1</flag></object><object><points><x>0.18063</x><x>0.27225</x><y>0.8465</y><y>0.8623</y></points><label>3</label><labelname>window</labelname><flag>1</flag></object><object><points><x>0.33508</x><x>0.42408</x><y>0.8465</y><y>0.8623</y></points><label>3</label><labelname>window</labelname><flag>1</flag></object><object><points><x>0.48429</x><x>0.5733</x><y>0.84876</y><y>0.86456</y></points><label>3</label><labelname>window</labelname><flag>1</flag></object><object><points><x>0.47906</x><x>0.56806</x><y>0.77878</y><y>0.79458</y></points><label>3</label><labelname>window</labelname><flag>1</flag></object><object><points><x>0.16754</x><x>0.25916</x><y>0.77878</y><y>0.79458</y></points><label>3</label><labelname>window</labelname><flag>1</flag></object><object><points><x>0.32461</x><x>0.41361</x><y>0.77878</y><y>0.79458</y></points><label>3</label><labelname>window</labelname><flag>1</flag></object><object><points><x>0.17277</x><x>0.26178</x><y>0.74718</y><y>0.75847</y></points><label>3</label><labelname>window</labelname><flag>1</flag></object><object><points><x>0.32461</x><x>0.41361</x><y>0.74718</y><y>0.75847</y></points><label>3</label><labelname>window</labelname><flag>1</flag></object><object><points><x>0.48168</x><x>0.57068</x><y>0.74944</y><y>0.76072</y></points><label>3</label><labelname>window</labelname><flag>1</flag></object><object><points><x>0.30366</x><x>0.3377</x><y>0.21896</y><y>0.30248</y></points><label>5</label><labelname>cornice</labelname><flag>1</flag></object><object><points><x>0.29581</x><x>0.32984</x><y>0.64108</y><y>0.72686</y></points><label>5</label><labelname>cornice</labelname><flag>1</flag></object><object><points><x>0.29843</x><x>0.33508</x><y>0.51693</y><y>0.58916</y></points><label>5</label><labelname>cornice</labelname><flag>1</flag></object><object><points><x>0.29843</x><x>0.33508</x><y>0.35214</y><y>0.42438</y></points><label>5</label><labelname>cornice</labelname><flag>1</flag></object><object><points><x>0.43455</x><x>0.47382</x><y>0.21896</y><y>0.30474</y></points><label>5</label><labelname>cornice</labelname><flag>1</flag></object><object><points><x>0.43194</x><x>0.4712</x><y>0.63657</y><y>0.72235</y></points><label>5</label><labelname>cornice</labelname><flag>1</flag></object><object><points><x>0.43455</x><x>0.48168</x><y>0.32054</y><y>0.45598</y></points><label>5</label><labelname>cornice</labelname><flag>1</flag></object><object><points><x>0.43717</x><x>0.48168</x><y>0.48307</y><y>0.61851</y></points><label>5</label><labelname>cornice</labelname><flag>1</flag></object><object><points><x>0.58115</x><x>0.59948</x><y>0.22348</y><y>0.30023</y></points><label>6</label><labelname>sill</labelname><flag>1</flag></object><object><points><x>0.58115</x><x>0.60471</x><y>0.3228</y><y>0.45147</y></points><label>6</label><labelname>sill</labelname><flag>1</flag></object><object><points><x>0.57853</x><x>0.60209</x><y>0.48533</y><y>0.61625</y></points><label>6</label><labelname>sill</labelname><flag>1</flag></object><object><points><x>0.58115</x><x>0.59948</x><y>0.64108</y><y>0.72009</y></points><label>6</label><labelname>sill</labelname><flag>1</flag></object><object><points><x>0.4267</x><x>0.44503</x><y>0.22573</y><y>0.29797</y></points><label>6</label><labelname>sill</labelname><flag>1</flag></object><object><points><x>0.4267</x><x>0.44503</x><y>0.3228</y><y>0.44695</y></points><label>6</label><labelname>sill</labelname><flag>1</flag></object><object><points><x>0.4267</x><x>0.44241</x><y>0.4921</y><y>0.614</y></points><label>6</label><labelname>sill</labelname><flag>1</flag></object><object><points><x>0.41885</x><x>0.44241</x><y>0.64334</y><y>0.72009</y></points><label>6</label><labelname>sill</labelname><flag>1</flag></object><object><points><x>0.27749</x><x>0.29581</x><y>0.22573</y><y>0.29797</y></points><label>6</label><labelname>sill</labelname><flag>1</flag></object><object><points><x>0.27487</x><x>0.29319</x><y>0.32731</y><y>0.45147</y></points><label>6</label><labelname>sill</labelname><flag>1</flag></object><object><points><x>0.27225</x><x>0.29058</x><y>0.48984</y><y>0.614</y></points><label>6</label><labelname>sill</labelname><flag>1</flag></object><object><points><x>0.27225</x><x>0.29058</x><y>0.64786</y><y>0.71783</y></points><label>6</label><labelname>sill</labelname><flag>1</flag></object><object><points><x>0.4267</x><x>0.51309</x><y>0.88262</y><y>0.9842</y></points><label>7</label><labelname>balcony</labelname><flag>1</flag></object><object><points><x>0.57068</x><x>0.65707</x><y>0.88713</y><y>0.98871</y></points><label>7</label><labelname>balcony</labelname><flag>1</flag></object><object><points><x>0.42932</x><x>0.52356</x><y>0.0045147</y><y>0.051919</y></points><label>7</label><labelname>balcony</labelname><flag>1</flag></object><object><points><x>0.57592</x><x>0.67016</x><y>0.0045147</y><y>0.051919</y></points><label>7</label><labelname>balcony</labelname><flag>1</flag></object><object><points><x>0.4555</x><x>0.48429</x><y>0.083521</y><y>0.10384</y></points><label>9</label><labelname>deco</labelname><flag>1</flag></object><object><points><x>0.45288</x><x>0.47906</x><y>0.14673</y><y>0.16704</y></points><label>9</label><labelname>deco</labelname><flag>1</flag></object><object><points><x>0.45288</x><x>0.48168</x><y>0.18736</y><y>0.20542</y></points><label>9</label><labelname>deco</labelname><flag>1</flag></object><object><points><x>0.45026</x><x>0.48429</x><y>0.10835</y><y>0.14447</y></points><label>9</label><labelname>deco</labelname><flag>1</flag></object><object><points><x>0.44764</x><x>0.48168</x><y>0.84876</y><y>0.86907</y></points><label>9</label><labelname>deco</labelname><flag>1</flag></object><object><points><x>0.44503</x><x>0.47644</x><y>0.80813</y><y>0.8465</y></points><label>9</label><labelname>deco</labelname><flag>1</flag></object><object><points><x>0.44241</x><x>0.47382</x><y>0.77652</y><y>0.80361</y></points><label>9</label><labelname>deco</labelname><flag>1</flag></object><object><points><x>0.44503</x><x>0.47644</x><y>0.73815</y><y>0.76298</y></points><label>9</label><labelname>deco</labelname><flag>1</flag></object><object><points><x>0.11257</x><x>0.1911</x><y>0.21219</y><y>0.74041</y></points><label>10</label><labelname>molding</labelname><flag>1</flag></object><object><points><x>0.60995</x><x>0.63613</x><y>0.21219</y><y>0.73363</y></points><label>10</label><labelname>molding</labelname><flag>1</flag></object><object><points><x>0.75131</x><x>0.79843</x><y>0.39503</y><y>0.54176</y></points><label>12</label><labelname>shop</labelname><flag>1</flag></object><object><points><x>0.79843</x><x>0.93194</x><y>0.22799</y><y>0.30248</y></points><label>12</label><labelname>shop</labelname><flag>1</flag></object><object><points><x>0.79843</x><x>0.93455</x><y>0.63205</y><y>0.71106</y></points><label>12</label><labelname>shop</labelname><flag>1</flag></object><object><points><x>0.79843</x><x>0.93455</x><y>0.47856</y><y>0.61625</y></points><label>12</label><labelname>shop</labelname><flag>1</flag></object><object><points><x>0.80105</x><x>0.93455</x><y>0.31603</y><y>0.45598</y></points><label>12</label><labelname>shop</labelname><flag>1</flag></object><object><points><x>0.65183</x><x>0.74346</x><y>0.12641</y><y>0.1693</y></points><label>3</label><labelname>window</labelname><flag>1</flag></object><object><points><x>0.65445</x><x>0.74346</x><y>0.77878</y><y>0.82167</y></points><label>3</label><labelname>window</labelname><flag>1</flag></object><object><points><x>0.81937</x><x>0.93979</x><y>0.30248</y><y>0.31603</y></points><label>11</label><labelname>pillar</labelname><flag>1</flag></object><object><points><x>0.81937</x><x>0.94241</x><y>0.45598</y><y>0.47856</y></points><label>11</label><labelname>pillar</labelname><flag>1</flag></object><object><points><x>0.81937</x><x>0.94241</x><y>0.61851</y><y>0.63205</y></points><label>11</label><labelname>pillar</labelname><flag>1</flag></object><object><points><x>0.79843</x><x>0.81937</x><y>0.45147</y><y>0.48081</y></points><label>11</label><labelname>pillar</labelname><flag>1</flag></object><object><points><x>0.79843</x><x>0.82199</x><y>0.60948</y><y>0.64108</y></points><label>11</label><labelname>pillar</labelname><flag>1</flag></object><object><points><x>0.79843</x><x>0.81675</x><y>0.2912</y><y>0.32731</y></points><label>11</label><labelname>pillar</labelname><flag>1</flag></object>