<object><points><x>0.045898</x><x>1</x><y>0.0017825</y><y>0.94831</y></points><label>2</label><labelname>facade</labelname><flag>1</flag></object><object><points><x>0.62109</x><x>0.68945</x><y>0.63815</y><y>0.88235</y></points><label>5</label><labelname>cornice</labelname><flag>1</flag></object><object><points><x>0.61914</x><x>0.68945</x><y>0.033868</y><y>0.27273</y></points><label>5</label><labelname>cornice</labelname><flag>1</flag></object><object><points><x>0.46191</x><x>0.53223</x><y>0.035651</y><y>0.26916</y></points><label>5</label><labelname>cornice</labelname><flag>1</flag></object><object><points><x>0.85938</x><x>0.96191</x><y>0.68093</y><y>0.85205</y></points><label>3</label><labelname>window</labelname><flag>1</flag></object><object><points><x>0.87109</x><x>0.96289</x><y>0.49198</y><y>0.55437</y></points><label>3</label><labelname>window</labelname><flag>1</flag></object><object><points><x>0.87402</x><x>0.96484</x><y>0.37255</y><y>0.43494</y></points><label>3</label><labelname>window</labelname><flag>1</flag></object><object><points><x>0.86133</x><x>0.96387</x><y>0.071301</y><y>0.24242</y></points><label>3</label><labelname>window</labelname><flag>1</flag></object><object><points><x>0.69141</x><x>0.77734</x><y>0.77718</y><y>0.84492</y></points><label>3</label><labelname>window</labelname><flag>1</flag></object><object><points><x>0.69141</x><x>0.77734</x><y>0.68271</y><y>0.75045</y></points><label>3</label><labelname>window</labelname><flag>1</flag></object><object><points><x>0.66016</x><x>0.75098</x><y>0.41355</y><y>0.46702</y></points><label>3</label><labelname>window</labelname><flag>1</flag></object><object><points><x>0.69336</x><x>0.77832</x><y>0.17469</y><y>0.24064</y></points><label>3</label><labelname>window</labelname><flag>1</flag></object><object><points><x>0.69434</x><x>0.77734</x><y>0.076649</y><y>0.13904</y></points><label>3</label><labelname>window</labelname><flag>1</flag></object><object><points><x>0.53027</x><x>0.6084</x><y>0.77718</y><y>0.84314</y></points><label>3</label><labelname>window</labelname><flag>1</flag></object><object><points><x>0.53027</x><x>0.60938</x><y>0.68271</y><y>0.75045</y></points><label>3</label><labelname>window</labelname><flag>1</flag></object><object><points><x>0.48633</x><x>0.57129</x><y>0.41711</y><y>0.47059</y></points><label>3</label><labelname>window</labelname><flag>1</flag></object><object><points><x>0.5332</x><x>0.61133</x><y>0.17647</y><y>0.24064</y></points><label>3</label><labelname>window</labelname><flag>1</flag></object><object><points><x>0.5332</x><x>0.60938</x><y>0.076649</y><y>0.1426</y></points><label>3</label><labelname>window</labelname><flag>1</flag></object><object><points><x>0.36914</x><x>0.44824</x><y>0.70232</y><y>0.82353</y></points><label>3</label><labelname>window</labelname><flag>1</flag></object><object><points><x>0.37891</x><x>0.44824</x><y>0.50446</y><y>0.5615</y></points><label>3</label><labelname>window</labelname><flag>1</flag></object><object><points><x>0.37695</x><x>0.44824</x><y>0.3672</y><y>0.41889</y></points><label>3</label><labelname>window</labelname><flag>1</flag></object><object><points><x>0.37891</x><x>0.44824</x><y>0.17469</y><y>0.24064</y></points><label>3</label><labelname>window</labelname><flag>1</flag></object><object><points><x>0.37891</x><x>0.44824</x><y>0.074866</y><y>0.14082</y></points><label>3</label><labelname>window</labelname><flag>1</flag></object><object><points><x>0.23047</x><x>0.29395</x><y>0.40107</y><y>0.52228</y></points><label>3</label><labelname>window</labelname><flag>1</flag></object><object><points><x>0.23633</x><x>0.2959</x><y>0.20856</y><y>0.24242</y></points><label>3</label><labelname>window</labelname><flag>1</flag></object><object><points><x>0.23633</x><x>0.29395</x><y>0.12478</y><y>0.18895</y></points><label>3</label><labelname>window</labelname><flag>1</flag></object><object><points><x>0.23633</x><x>0.2959</x><y>0.071301</y><y>0.10695</y></points><label>3</label><labelname>window</labelname><flag>1</flag></object><object><points><x>0.45898</x><x>0.52734</x><y>0.65062</y><y>0.88057</y></points><label>5</label><labelname>cornice</labelname><flag>1</flag></object><object><points><x>0.57617</x><x>0.6582</x><y>0.37433</y><y>0.50267</y></points><label>5</label><labelname>cornice</labelname><flag>1</flag></object><object><points><x>0.50586</x><x>0.5957</x><y>0.52763</y><y>0.55971</y></points><label>3</label><labelname>window</labelname><flag>1</flag></object><object><points><x>0.67871</x><x>0.76855</x><y>0.52941</y><y>0.5615</y></points><label>3</label><labelname>window</labelname><flag>1</flag></object><object><points><x>0.11621</x><x>0.21973</x><y>0.3672</y><y>0.56506</y></points><label>5</label><labelname>cornice</labelname><flag>1</flag></object><object><points><x>0.056641</x><x>0.22363</x><y>0.010695</y><y>0.30838</y></points><label>5</label><labelname>cornice</labelname><flag>1</flag></object><object><points><x>0.31641</x><x>0.37988</x><y>0.024955</y><y>0.29234</y></points><label>5</label><labelname>cornice</labelname><flag>1</flag></object><object><points><x>0.77441</x><x>0.81934</x><y>0.65597</y><y>0.87701</y></points><label>6</label><labelname>sill</labelname><flag>1</flag></object><object><points><x>0.77441</x><x>0.81934</x><y>0.049911</y><y>0.27094</y></points><label>6</label><labelname>sill</labelname><flag>1</flag></object><object><points><x>0.95996</x><x>0.97266</x><y>0.65062</y><y>0.88592</y></points><label>6</label><labelname>sill</labelname><flag>1</flag></object><object><points><x>0.95996</x><x>0.97266</x><y>0.34759</y><y>0.58289</y></points><label>6</label><labelname>sill</labelname><flag>1</flag></object><object><points><x>0.96094</x><x>0.97363</x><y>0.042781</y><y>0.27629</y></points><label>6</label><labelname>sill</labelname><flag>1</flag></object><object><points><x>0.60938</x><x>0.6377</x><y>0.65241</y><y>0.88057</y></points><label>6</label><labelname>sill</labelname><flag>1</flag></object><object><points><x>0.60938</x><x>0.6377</x><y>0.042781</y><y>0.27094</y></points><label>6</label><labelname>sill</labelname><flag>1</flag></object><object><points><x>0.29395</x><x>0.38086</x><y>0.35116</y><y>0.58111</y></points><label>9</label><labelname>deco</labelname><flag>1</flag></object><object><points><x>0.45996</x><x>0.47754</x><y>0.40463</y><y>0.47772</y></points><label>9</label><labelname>deco</labelname><flag>1</flag></object><object><points><x>0.61816</x><x>0.68164</x><y>0.52228</y><y>0.59002</y></points><label>9</label><labelname>deco</labelname><flag>1</flag></object><object><points><x>0.61133</x><x>0.67969</x><y>0.34046</y><y>0.37433</y></points><label>9</label><labelname>deco</labelname><flag>1</flag></object><object><points><x>0.81738</x><x>0.86133</x><y>0.7344</y><y>0.80214</y></points><label>9</label><labelname>deco</labelname><flag>1</flag></object><object><points><x>0.82129</x><x>0.86621</x><y>0.12299</y><y>0.19073</y></points><label>9</label><labelname>deco</labelname><flag>1</flag></object><object><points><x>0.8457</x><x>0.92969</x><y>0.4385</y><y>0.48663</y></points><label>9</label><labelname>deco</labelname><flag>1</flag></object><object><points><x>0.85547</x><x>0.87402</x><y>0.38681</y><y>0.42602</y></points><label>9</label><labelname>deco</labelname><flag>1</flag></object><object><points><x>0.85547</x><x>0.87402</x><y>0.50624</y><y>0.54189</y></points><label>9</label><labelname>deco</labelname><flag>1</flag></object><object><points><x>0.38184</x><x>0.44434</x><y>0.42959</y><y>0.49911</y></points><label>9</label><labelname>deco</labelname><flag>1</flag></object><object><points><x>0.29199</x><x>0.36914</x><y>0.0035651</y><y>0.93761</y></points><label>10</label><labelname>molding</labelname><flag>1</flag></object><object><points><x>0.44629</x><x>0.50195</x><y>0.0035651</y><y>0.93761</y></points><label>10</label><labelname>molding</labelname><flag>1</flag></object><object><points><x>0.98242</x><x>0.99805</x><y>0.0017825</y><y>0.93583</y></points><label>10</label><labelname>molding</labelname><flag>1</flag></object><object><points><x>0.36328</x><x>0.44824</x><y>0.90018</y><y>0.94652</y></points><label>11</label><labelname>pillar</labelname><flag>1</flag></object><object><points><x>0.36523</x><x>0.4502</x><y>0.58289</y><y>0.63102</y></points><label>11</label><labelname>pillar</labelname><flag>1</flag></object><object><points><x>0.36426</x><x>0.44922</x><y>0.29768</y><y>0.34403</y></points><label>11</label><labelname>pillar</labelname><flag>1</flag></object><object><points><x>0.36523</x><x>0.4502</x><y>0.0017825</y><y>0.017825</y></points><label>11</label><labelname>pillar</labelname><flag>1</flag></object><object><points><x>0.32129</x><x>0.36523</x><y>0.0017825</y><y>0.02139</y></points><label>11</label><labelname>pillar</labelname><flag>1</flag></object><object><points><x>0.32227</x><x>0.36523</x><y>0.29055</y><y>0.35116</y></points><label>11</label><labelname>pillar</labelname><flag>1</flag></object><object><points><x>0.32227</x><x>0.36523</x><y>0.57932</y><y>0.63993</y></points><label>11</label><labelname>pillar</labelname><flag>1</flag></object><object><points><x>0.32031</x><x>0.36328</x><y>0.89305</y><y>0.94831</y></points><label>11</label><labelname>pillar</labelname><flag>1</flag></object>