<object><points><x>0.13314</x><x>0.98521</x><y>0.0014368</y><y>0.76437</y></points><label>2</label><labelname>facade</labelname><flag>1</flag></object><object><points><x>0.63018</x><x>0.84911</x><y>0.16523</y><y>0.27443</y></points><label>3</label><labelname>window</labelname><flag>1</flag></object><object><points><x>0.63609</x><x>0.85503</x><y>0.2931</y><y>0.40086</y></points><label>3</label><labelname>window</labelname><flag>1</flag></object><object><points><x>0.63314</x><x>0.85207</x><y>0.41954</y><y>0.52874</y></points><label>3</label><labelname>window</labelname><flag>1</flag></object><object><points><x>0.63609</x><x>0.85503</x><y>0.037356</y><y>0.14655</y></points><label>3</label><labelname>window</labelname><flag>1</flag></object><object><points><x>0.31065</x><x>0.4645</x><y>0.083333</y><y>0.18966</y></points><label>3</label><labelname>window</labelname><flag>1</flag></object><object><points><x>0.31065</x><x>0.4645</x><y>0.27443</y><y>0.38075</y></points><label>3</label><labelname>window</labelname><flag>1</flag></object><object><points><x>0.30769</x><x>0.47041</x><y>0.46839</y><y>0.53736</y></points><label>3</label><labelname>window</labelname><flag>1</flag></object><object><points><x>0.30769</x><x>0.47041</x><y>0.62644</y><y>0.69253</y></points><label>3</label><labelname>window</labelname><flag>1</flag></object><object><points><x>0.70414</x><x>0.97337</x><y>0.62356</y><y>0.68534</y></points><label>4</label><labelname>door</labelname><flag>1</flag></object><object><points><x>0.4497</x><x>0.48817</x><y>0.074713</y><y>0.19828</y></points><label>6</label><labelname>sill</labelname><flag>1</flag></object><object><points><x>0.45266</x><x>0.48225</x><y>0.2658</y><y>0.38937</y></points><label>6</label><labelname>sill</labelname><flag>1</flag></object><object><points><x>0.46154</x><x>0.48521</x><y>0.45546</y><y>0.54741</y></points><label>6</label><labelname>sill</labelname><flag>1</flag></object><object><points><x>0.4645</x><x>0.48817</x><y>0.61207</y><y>0.71552</y></points><label>6</label><labelname>sill</labelname><flag>1</flag></object><object><points><x>0.30473</x><x>0.4645</x><y>0.23276</y><y>0.27299</y></points><label>8</label><labelname>blind</labelname><flag>1</flag></object><object><points><x>0.30473</x><x>0.46746</x><y>0.38075</y><y>0.42098</y></points><label>8</label><labelname>blind</labelname><flag>1</flag></object><object><points><x>0.29882</x><x>0.4645</x><y>0.18966</y><y>0.22557</y></points><label>8</label><labelname>blind</labelname><flag>1</flag></object><object><points><x>0.31065</x><x>0.46746</x><y>0.46983</y><y>0.50431</y></points><label>8</label><labelname>blind</labelname><flag>1</flag></object><object><points><x>0.31065</x><x>0.46746</x><y>0.50575</y><y>0.53736</y></points><label>8</label><labelname>blind</labelname><flag>1</flag></object><object><points><x>0.31065</x><x>0.4645</x><y>0.62787</y><y>0.66092</y></points><label>8</label><labelname>blind</labelname><flag>1</flag></object><object><points><x>0.31065</x><x>0.46746</x><y>0.66236</y><y>0.69253</y></points><label>8</label><labelname>blind</labelname><flag>1</flag></object><object><points><x>0.41716</x><x>0.5503</x><y>0.88649</y><y>0.90661</y></points><label>8</label><labelname>blind</labelname><flag>1</flag></object><object><points><x>0.44379</x><x>0.56509</x><y>0.91379</y><y>0.93103</y></points><label>8</label><labelname>blind</labelname><flag>1</flag></object><object><points><x>0.4645</x><x>0.56805</x><y>0.94684</y><y>0.95833</y></points><label>8</label><labelname>blind</labelname><flag>1</flag></object><object><points><x>0.49704</x><x>0.56805</x><y>0.97989</y><y>0.99138</y></points><label>8</label><labelname>blind</labelname><flag>1</flag></object><object><points><x>0.13905</x><x>0.20414</x><y>0.0071839</y><y>0.75144</y></points><label>10</label><labelname>molding</labelname><flag>1</flag></object><object><points><x>0.36982</x><x>0.51479</x><y>0.69397</y><y>0.75431</y></points><label>12</label><labelname>shop</labelname><flag>1</flag></object><object><points><x>0.49408</x><x>0.56509</x><y>0.14655</y><y>0.63075</y></points><label>12</label><labelname>shop</labelname><flag>1</flag></object><object><points><x>0.6213</x><x>0.68047</x><y>0.79598</y><y>0.875</y></points><label>12</label><labelname>shop</labelname><flag>1</flag></object><object><points><x>0.69231</x><x>0.88166</x><y>0.72989</y><y>0.93822</y></points><label>12</label><labelname>shop</labelname><flag>1</flag></object><object><points><x>0.75444</x><x>0.82249</x><y>0.69253</y><y>0.72989</y></points><label>12</label><labelname>shop</labelname><flag>1</flag></object><object><points><x>0.68343</x><x>0.74556</x><y>0.68678</y><y>0.71983</y></points><label>12</label><labelname>shop</labelname><flag>1</flag></object><object><points><x>0.67456</x><x>0.74556</x><y>0.53592</y><y>0.57615</y></points><label>12</label><labelname>shop</labelname><flag>1</flag></object><object><points><x>0.76036</x><x>0.81953</x><y>0.55029</y><y>0.58046</y></points><label>12</label><labelname>shop</labelname><flag>1</flag></object><object><points><x>0.71006</x><x>0.96746</x><y>0.60489</y><y>0.62069</y></points><label>12</label><labelname>shop</labelname><flag>1</flag></object><object><points><x>0.84024</x><x>0.89645</x><y>0.55891</y><y>0.58046</y></points><label>12</label><labelname>shop</labelname><flag>1</flag></object>