<object><points><x>0.20605</x><x>0.24023</x><y>0.23438</y><y>0.30859</y></points><label>3</label><labelname>window</labelname><flag>1</flag></object><object><points><x>0.36719</x><x>0.40234</x><y>0.23828</y><y>0.30208</y></points><label>3</label><labelname>window</labelname><flag>1</flag></object><object><points><x>0.20703</x><x>0.24121</x><y>0.43359</y><y>0.50781</y></points><label>3</label><labelname>window</labelname><flag>1</flag></object><object><points><x>0.36816</x><x>0.4043</x><y>0.4401</y><y>0.50391</y></points><label>3</label><labelname>window</labelname><flag>1</flag></object><object><points><x>0.20801</x><x>0.24219</x><y>0.63542</y><y>0.71094</y></points><label>3</label><labelname>window</labelname><flag>1</flag></object><object><points><x>0.36816</x><x>0.4043</x><y>0.63932</y><y>0.70312</y></points><label>3</label><labelname>window</labelname><flag>1</flag></object><object><points><x>0.47168</x><x>0.60254</x><y>0.62891</y><y>0.71224</y></points><label>3</label><labelname>window</labelname><flag>1</flag></object><object><points><x>0.41895</x><x>0.46387</x><y>0.59505</y><y>0.75651</y></points><label>5</label><labelname>cornice</labelname><flag>1</flag></object><object><points><x>0.41797</x><x>0.46191</x><y>0.39453</y><y>0.55208</y></points><label>5</label><labelname>cornice</labelname><flag>1</flag></object><object><points><x>0.47168</x><x>0.57422</x><y>0.42969</y><y>0.51042</y></points><label>3</label><labelname>window</labelname><flag>1</flag></object><object><points><x>0.4707</x><x>0.60254</x><y>0.22917</y><y>0.3125</y></points><label>3</label><labelname>window</labelname><flag>1</flag></object><object><points><x>0.41699</x><x>0.46289</x><y>0.1901</y><y>0.34766</y></points><label>5</label><labelname>cornice</labelname><flag>1</flag></object><object><points><x>0.70508</x><x>0.75488</x><y>0.24609</y><y>0.29427</y></points><label>3</label><labelname>window</labelname><flag>1</flag></object><object><points><x>0.78125</x><x>0.83203</x><y>0.24609</y><y>0.29297</y></points><label>3</label><labelname>window</labelname><flag>1</flag></object><object><points><x>0.70605</x><x>0.75391</x><y>0.45182</y><y>0.49349</y></points><label>3</label><labelname>window</labelname><flag>1</flag></object><object><points><x>0.80957</x><x>0.96484</x><y>0.43229</y><y>0.51823</y></points><label>4</label><labelname>door</labelname><flag>1</flag></object><object><points><x>0.70605</x><x>0.75586</x><y>0.65234</y><y>0.69922</y></points><label>3</label><labelname>window</labelname><flag>1</flag></object><object><points><x>0.78125</x><x>0.83105</x><y>0.65234</y><y>0.69792</y></points><label>3</label><labelname>window</labelname><flag>1</flag></object><object><points><x>0.91895</x><x>0.94141</x><y>0.24479</y><y>0.29167</y></points><label>3</label><labelname>window</labelname><flag>1</flag></object><object><points><x>0.91797</x><x>0.94336</x><y>0.65755</y><y>0.70443</y></points><label>3</label><labelname>window</labelname><flag>1</flag></object><object><points><x>0.015625</x><x>0.99023</x><y>0.0052083</y><y>0.93359</y></points><label>2</label><labelname>facade</labelname><flag>1</flag></object><object><points><x>0.21777</x><x>0.25195</x><y>0.0065104</y><y>0.074219</y></points><label>3</label><labelname>window</labelname><flag>1</flag></object><object><points><x>0.49805</x><x>0.61035</x><y>0.052083</y><y>0.125</y></points><label>3</label><labelname>window</labelname><flag>1</flag></object><object><points><x>0.38574</x><x>0.44336</x><y>0.048177</y><y>0.1276</y></points><label>3</label><labelname>window</labelname><flag>1</flag></object><object><points><x>0.35449</x><x>0.3877</x><y>0.79167</y><y>0.83984</y></points><label>3</label><labelname>window</labelname><flag>1</flag></object><object><points><x>0.47363</x><x>0.61426</x><y>0.79297</y><y>0.86068</y></points><label>3</label><labelname>window</labelname><flag>1</flag></object><object><points><x>0.2002</x><x>0.24902</x><y>0.80729</y><y>0.91406</y></points><label>7</label><labelname>balcony</labelname><flag>1</flag></object><object><points><x>0.017578</x><x>0.049805</x><y>0.47786</y><y>0.78646</y></points><label>7</label><labelname>balcony</labelname><flag>1</flag></object><object><points><x>0.57129</x><x>0.72656</x><y>0.34115</y><y>0.63151</y></points><label>7</label><labelname>balcony</labelname><flag>1</flag></object><object><points><x>0.6084</x><x>0.65137</x><y>0.029948</y><y>0.13411</y></points><label>7</label><labelname>balcony</labelname><flag>1</flag></object><object><points><x>0.69727</x><x>0.79883</x><y>0.3724</y><y>0.58333</y></points><label>9</label><labelname>deco</labelname><flag>1</flag></object><object><points><x>0.78613</x><x>0.83496</x><y>0.34115</y><y>0.36198</y></points><label>9</label><labelname>deco</labelname><flag>1</flag></object><object><points><x>0.78516</x><x>0.83398</x><y>0.58854</y><y>0.60938</y></points><label>9</label><labelname>deco</labelname><flag>1</flag></object><object><points><x>0.60059</x><x>0.64648</x><y>0.61458</y><y>0.73958</y></points><label>6</label><labelname>sill</labelname><flag>1</flag></object><object><points><x>0.60059</x><x>0.64648</x><y>0.20573</y><y>0.33073</y></points><label>6</label><labelname>sill</labelname><flag>1</flag></object><object><points><x>0.63965</x><x>0.67578</x><y>0.013021</y><y>0.82031</y></points><label>10</label><labelname>molding</labelname><flag>1</flag></object><object><points><x>0.25879</x><x>0.31152</x><y>0.013021</y><y>0.80078</y></points><label>10</label><labelname>molding</labelname><flag>1</flag></object><object><points><x>0.051758</x><x>0.18945</x><y>0.0065104</y><y>0.83594</y></points><label>10</label><labelname>molding</labelname><flag>1</flag></object><object><points><x>0.33008</x><x>0.57324</x><y>0.15104</y><y>0.1888</y></points><label>11</label><labelname>pillar</labelname><flag>1</flag></object><object><points><x>0.33301</x><x>0.57227</x><y>0.35286</y><y>0.39062</y></points><label>11</label><labelname>pillar</labelname><flag>1</flag></object><object><points><x>0.33301</x><x>0.57227</x><y>0.55469</y><y>0.59245</y></points><label>11</label><labelname>pillar</labelname><flag>1</flag></object><object><points><x>0.33398</x><x>0.57617</x><y>0.75781</y><y>0.79167</y></points><label>11</label><labelname>pillar</labelname><flag>1</flag></object><object><points><x>0.57324</x><x>0.6416</x><y>0.13802</y><y>0.20182</y></points><label>11</label><labelname>pillar</labelname><flag>1</flag></object><object><points><x>0.57617</x><x>0.64453</x><y>0.74479</y><y>0.80859</y></points><label>11</label><labelname>pillar</labelname><flag>1</flag></object><object><points><x>0.2832</x><x>0.3291</x><y>0.14323</y><y>0.19792</y></points><label>11</label><labelname>pillar</labelname><flag>1</flag></object><object><points><x>0.28613</x><x>0.33203</x><y>0.34375</y><y>0.39844</y></points><label>11</label><labelname>pillar</labelname><flag>1</flag></object><object><points><x>0.28613</x><x>0.33301</x><y>0.74609</y><y>0.80078</y></points><label>11</label><labelname>pillar</labelname><flag>1</flag></object><object><points><x>0.28613</x><x>0.33203</x><y>0.54557</y><y>0.60026</y></points><label>11</label><labelname>pillar</labelname><flag>1</flag></object><object><points><x>0.19922</x><x>0.24805</x><y>0.3138</y><y>0.35547</y></points><label>9</label><labelname>deco</labelname><flag>1</flag></object><object><points><x>0.19629</x><x>0.24609</x><y>0.1875</y><y>0.22786</y></points><label>9</label><labelname>deco</labelname><flag>1</flag></object><object><points><x>0.19727</x><x>0.24707</x><y>0.38672</y><y>0.42839</y></points><label>9</label><labelname>deco</labelname><flag>1</flag></object><object><points><x>0.19727</x><x>0.24707</x><y>0.51432</y><y>0.55599</y></points><label>9</label><labelname>deco</labelname><flag>1</flag></object><object><points><x>0.20117</x><x>0.25098</x><y>0.58854</y><y>0.63021</y></points><label>9</label><labelname>deco</labelname><flag>1</flag></object><object><points><x>0.2002</x><x>0.25</x><y>0.71615</y><y>0.75781</y></points><label>9</label><labelname>deco</labelname><flag>1</flag></object>