<object><points><x>0.042254</x><x>1</x><y>0.01848</y><y>0.99589</y></points><label>2</label><labelname>facade</labelname><flag>1</flag></object><object><points><x>0.39155</x><x>0.50986</x><y>0.065708</y><y>0.11704</y></points><label>3</label><labelname>window</labelname><flag>1</flag></object><object><points><x>0.59718</x><x>0.71549</x><y>0.069815</y><y>0.1232</y></points><label>3</label><labelname>window</labelname><flag>1</flag></object><object><points><x>0.38873</x><x>0.50704</x><y>0.23614</y><y>0.28747</y></points><label>3</label><labelname>window</labelname><flag>1</flag></object><object><points><x>0.6</x><x>0.71831</x><y>0.23409</y><y>0.28542</y></points><label>3</label><labelname>window</labelname><flag>1</flag></object><object><points><x>0.41127</x><x>0.52958</x><y>0.46201</y><y>0.51335</y></points><label>3</label><labelname>window</labelname><flag>1</flag></object><object><points><x>0.61408</x><x>0.73239</x><y>0.45791</y><y>0.50924</y></points><label>3</label><labelname>window</labelname><flag>1</flag></object><object><points><x>0.61127</x><x>0.72394</x><y>0.63244</y><y>0.68994</y></points><label>3</label><labelname>window</labelname><flag>1</flag></object><object><points><x>0.40563</x><x>0.51831</x><y>0.63039</y><y>0.68789</y></points><label>3</label><labelname>window</labelname><flag>1</flag></object><object><points><x>0.2169</x><x>0.32113</x><y>0.63039</y><y>0.68789</y></points><label>3</label><labelname>window</labelname><flag>1</flag></object><object><points><x>0.2169</x><x>0.31268</x><y>0.23614</y><y>0.28542</y></points><label>3</label><labelname>window</labelname><flag>1</flag></object><object><points><x>0.21408</x><x>0.26479</x><y>0.11704</y><y>0.16427</y></points><label>3</label><labelname>window</labelname><flag>1</flag></object><object><points><x>0.10141</x><x>0.16056</x><y>0.32444</y><y>0.37782</y></points><label>3</label><labelname>window</labelname><flag>1</flag></object><object><points><x>0.2338</x><x>0.27606</x><y>0.44969</y><y>0.52156</y></points><label>3</label><labelname>window</labelname><flag>1</flag></object><object><points><x>0.61972</x><x>0.70986</x><y>0.81314</y><y>0.85216</y></points><label>3</label><labelname>window</labelname><flag>1</flag></object><object><points><x>0.62535</x><x>0.71549</x><y>0.87064</y><y>0.90965</y></points><label>3</label><labelname>window</labelname><flag>1</flag></object><object><points><x>0.40845</x><x>0.48732</x><y>0.81109</y><y>0.85216</y></points><label>3</label><labelname>window</labelname><flag>1</flag></object><object><points><x>0.41127</x><x>0.50141</x><y>0.87064</y><y>0.9076</y></points><label>3</label><labelname>window</labelname><flag>1</flag></object><object><points><x>0.23099</x><x>0.29014</x><y>0.87064</y><y>0.9076</y></points><label>3</label><labelname>window</labelname><flag>1</flag></object><object><points><x>0.21972</x><x>0.26761</x><y>0.81109</y><y>0.85216</y></points><label>3</label><labelname>window</labelname><flag>1</flag></object><object><points><x>0.092958</x><x>0.16056</x><y>0.61396</y><y>0.70842</y></points><label>3</label><labelname>window</labelname><flag>1</flag></object><object><points><x>0.098592</x><x>0.16056</x><y>0.46201</y><y>0.55852</y></points><label>3</label><labelname>window</labelname><flag>1</flag></object><object><points><x>0.49859</x><x>0.52958</x><y>0.21561</y><y>0.30185</y></points><label>6</label><labelname>sill</labelname><flag>1</flag></object><object><points><x>0.50141</x><x>0.52958</x><y>0.047228</y><y>0.13142</y></points><label>6</label><labelname>sill</labelname><flag>1</flag></object><object><points><x>0.70986</x><x>0.74085</x><y>0.21971</y><y>0.30595</y></points><label>6</label><labelname>sill</labelname><flag>1</flag></object><object><points><x>0.70704</x><x>0.73521</x><y>0.053388</y><y>0.13963</y></points><label>6</label><labelname>sill</labelname><flag>1</flag></object><object><points><x>0.51831</x><x>0.54648</x><y>0.43737</y><y>0.52361</y></points><label>6</label><labelname>sill</labelname><flag>1</flag></object><object><points><x>0.72394</x><x>0.75211</x><y>0.44353</y><y>0.52977</y></points><label>6</label><labelname>sill</labelname><flag>1</flag></object><object><points><x>0.71549</x><x>0.73803</x><y>0.61602</y><y>0.70021</y></points><label>6</label><labelname>sill</labelname><flag>1</flag></object><object><points><x>0.50986</x><x>0.53239</x><y>0.61807</y><y>0.70021</y></points><label>6</label><labelname>sill</labelname><flag>1</flag></object><object><points><x>0.30704</x><x>0.32958</x><y>0.62012</y><y>0.70431</y></points><label>6</label><labelname>sill</labelname><flag>1</flag></object><object><points><x>0.27324</x><x>0.38592</x><y>0.33265</y><y>0.5729</y></points><label>7</label><labelname>balcony</labelname><flag>1</flag></object><object><points><x>0.25634</x><x>0.37183</x><y>0.028747</y><y>0.26489</y></points><label>7</label><labelname>balcony</labelname><flag>1</flag></object><object><points><x>0.25915</x><x>0.4338</x><y>0.77207</y><y>0.99384</y></points><label>7</label><labelname>balcony</labelname><flag>1</flag></object><object><points><x>0.48451</x><x>0.62254</x><y>0.77413</y><y>0.99589</y></points><label>7</label><labelname>balcony</labelname><flag>1</flag></object><object><points><x>0.70423</x><x>0.80845</x><y>0.77207</y><y>0.99384</y></points><label>7</label><labelname>balcony</labelname><flag>1</flag></object><object><points><x>0.1493</x><x>0.21972</x><y>0.032854</y><y>0.98973</y></points><label>10</label><labelname>molding</labelname><flag>1</flag></object><object><points><x>0.75211</x><x>0.8338</x><y>0.024641</y><y>0.99179</y></points><label>10</label><labelname>molding</labelname><flag>1</flag></object><object><points><x>0.82817</x><x>0.94648</x><y>0.25051</y><y>0.32033</y></points><label>12</label><labelname>shop</labelname><flag>1</flag></object><object><points><x>0.82254</x><x>0.93803</x><y>0.067762</y><y>0.17864</y></points><label>12</label><labelname>shop</labelname><flag>1</flag></object><object><points><x>0.83944</x><x>0.96338</x><y>0.40657</y><y>0.53388</y></points><label>12</label><labelname>shop</labelname><flag>1</flag></object><object><points><x>0.83662</x><x>0.99155</x><y>0.59343</y><y>0.70431</y></points><label>12</label><labelname>shop</labelname><flag>1</flag></object><object><points><x>0.83944</x><x>0.99155</x><y>0.72485</y><y>0.90349</y></points><label>12</label><labelname>shop</labelname><flag>1</flag></object><object><points><x>0.84789</x><x>0.87606</x><y>0.92197</y><y>0.94661</y></points><label>12</label><labelname>shop</labelname><flag>1</flag></object><object><points><x>0.38873</x><x>0.50704</x><y>0.039014</y><y>0.065708</y></points><label>8</label><labelname>blind</labelname><flag>1</flag></object><object><points><x>0.38873</x><x>0.50704</x><y>0.11499</y><y>0.14168</y></points><label>8</label><labelname>blind</labelname><flag>1</flag></object><object><points><x>0.39155</x><x>0.50423</x><y>0.23614</y><y>0.26078</y></points><label>8</label><labelname>blind</labelname><flag>1</flag></object><object><points><x>0.38873</x><x>0.50423</x><y>0.26283</y><y>0.28747</y></points><label>8</label><labelname>blind</labelname><flag>1</flag></object><object><points><x>0.40563</x><x>0.52676</x><y>0.42916</y><y>0.45585</y></points><label>8</label><labelname>blind</labelname><flag>1</flag></object><object><points><x>0.40563</x><x>0.52676</x><y>0.51129</y><y>0.53799</y></points><label>8</label><labelname>blind</labelname><flag>1</flag></object><object><points><x>0.59437</x><x>0.71549</x><y>0.041068</y><y>0.067762</y></points><label>8</label><labelname>blind</labelname><flag>1</flag></object><object><points><x>0.59437</x><x>0.71549</x><y>0.12115</y><y>0.14579</y></points><label>8</label><labelname>blind</labelname><flag>1</flag></object><object><points><x>0.61408</x><x>0.73521</x><y>0.42916</y><y>0.4538</y></points><label>8</label><labelname>blind</labelname><flag>1</flag></object><object><points><x>0.61408</x><x>0.73521</x><y>0.51129</y><y>0.53593</y></points><label>8</label><labelname>blind</labelname><flag>1</flag></object><object><points><x>0.59718</x><x>0.71831</x><y>0.26283</y><y>0.28747</y></points><label>8</label><labelname>blind</labelname><flag>1</flag></object><object><points><x>0.59718</x><x>0.71831</x><y>0.23614</y><y>0.26283</y></points><label>8</label><labelname>blind</labelname><flag>1</flag></object><object><points><x>0.61408</x><x>0.72676</x><y>0.6037</y><y>0.63039</y></points><label>8</label><labelname>blind</labelname><flag>1</flag></object><object><points><x>0.61408</x><x>0.72676</x><y>0.68789</y><y>0.71458</y></points><label>8</label><labelname>blind</labelname><flag>1</flag></object><object><points><x>0.40845</x><x>0.51549</x><y>0.66119</y><y>0.68789</y></points><label>8</label><labelname>blind</labelname><flag>1</flag></object><object><points><x>0.40845</x><x>0.51268</x><y>0.6345</y><y>0.65914</y></points><label>8</label><labelname>blind</labelname><flag>1</flag></object><object><points><x>0.22254</x><x>0.30704</x><y>0.66119</y><y>0.68583</y></points><label>8</label><labelname>blind</labelname><flag>1</flag></object><object><points><x>0.22254</x><x>0.30986</x><y>0.6345</y><y>0.65914</y></points><label>8</label><labelname>blind</labelname><flag>1</flag></object><object><points><x>0.23662</x><x>0.27606</x><y>0.48255</y><y>0.52156</y></points><label>8</label><labelname>blind</labelname><flag>1</flag></object><object><points><x>0.23662</x><x>0.27606</x><y>0.44764</y><y>0.48049</y></points><label>8</label><labelname>blind</labelname><flag>1</flag></object><object><points><x>0.21127</x><x>0.30704</x><y>0.28131</y><y>0.30801</y></points><label>8</label><labelname>blind</labelname><flag>1</flag></object><object><points><x>0.21127</x><x>0.26479</x><y>0.19918</y><y>0.22793</y></points><label>8</label><labelname>blind</labelname><flag>1</flag></object><object><points><x>0.21127</x><x>0.25915</x><y>0.16016</y><y>0.18275</y></points><label>8</label><labelname>blind</labelname><flag>1</flag></object><object><points><x>0.21408</x><x>0.26197</x><y>0.088296</y><y>0.11088</y></points><label>8</label><labelname>blind</labelname><flag>1</flag></object><object><points><x>0.08169</x><x>0.15775</x><y>0.29363</y><y>0.32238</y></points><label>8</label><labelname>blind</labelname><flag>1</flag></object><object><points><x>0.098592</x><x>0.15775</x><y>0.45791</y><y>0.49897</y></points><label>8</label><labelname>blind</labelname><flag>1</flag></object><object><points><x>0.095775</x><x>0.15775</x><y>0.53183</y><y>0.55647</y></points><label>8</label><labelname>blind</labelname><flag>1</flag></object><object><points><x>0.095775</x><x>0.15775</x><y>0.58727</y><y>0.61396</y></points><label>8</label><labelname>blind</labelname><flag>1</flag></object><object><points><x>0.095775</x><x>0.15493</x><y>0.68994</y><y>0.71869</y></points><label>8</label><labelname>blind</labelname><flag>1</flag></object><object><points><x>0.22254</x><x>0.27042</x><y>0.80903</y><y>0.8501</y></points><label>8</label><labelname>blind</labelname><flag>1</flag></object><object><points><x>0.40845</x><x>0.48732</x><y>0.80903</y><y>0.84805</y></points><label>8</label><labelname>blind</labelname><flag>1</flag></object><object><points><x>0.41408</x><x>0.49859</x><y>0.86858</y><y>0.90554</y></points><label>8</label><labelname>blind</labelname><flag>1</flag></object><object><points><x>0.2338</x><x>0.28732</x><y>0.87064</y><y>0.90554</y></points><label>8</label><labelname>blind</labelname><flag>1</flag></object>