<object><points><x>0.087859</x><x>0.95208</x><y>0.026367</y><y>0.39062</y></points><label>2</label><labelname>facade</labelname><flag>1</flag></object><object><points><x>0.097444</x><x>0.95367</x><y>0.39551</y><y>0.80664</y></points><label>2</label><labelname>facade</labelname><flag>1</flag></object><object><points><x>0.051118</x><x>0.94409</x><y>0.80664</y><y>0.98047</y></points><label>2</label><labelname>facade</labelname><flag>1</flag></object><object><points><x>0.17412</x><x>0.23323</x><y>0.10547</y><y>0.125</y></points><label>3</label><labelname>window</labelname><flag>1</flag></object><object><points><x>0.17412</x><x>0.23323</x><y>0.19531</y><y>0.21777</y></points><label>3</label><labelname>window</labelname><flag>1</flag></object><object><points><x>0.17572</x><x>0.23323</x><y>0.28418</y><y>0.30371</y></points><label>3</label><labelname>window</labelname><flag>1</flag></object><object><points><x>0.28914</x><x>0.36741</x><y>0.10254</y><y>0.13086</y></points><label>3</label><labelname>window</labelname><flag>1</flag></object><object><points><x>0.29073</x><x>0.36901</x><y>0.19238</y><y>0.2207</y></points><label>3</label><labelname>window</labelname><flag>1</flag></object><object><points><x>0.29233</x><x>0.37061</x><y>0.2832</y><y>0.31055</y></points><label>3</label><labelname>window</labelname><flag>1</flag></object><object><points><x>0.42013</x><x>0.50319</x><y>0.28223</y><y>0.31055</y></points><label>3</label><labelname>window</labelname><flag>1</flag></object><object><points><x>0.41374</x><x>0.50479</x><y>0.18848</y><y>0.22559</y></points><label>3</label><labelname>window</labelname><flag>1</flag></object><object><points><x>0.42013</x><x>0.5</x><y>0.10449</y><y>0.13281</y></points><label>3</label><labelname>window</labelname><flag>1</flag></object><object><points><x>0.54792</x><x>0.63259</x><y>0.10352</y><y>0.13281</y></points><label>3</label><labelname>window</labelname><flag>1</flag></object><object><points><x>0.54952</x><x>0.63419</x><y>0.2832</y><y>0.31348</y></points><label>3</label><labelname>window</labelname><flag>1</flag></object><object><points><x>0.54313</x><x>0.63419</x><y>0.18945</y><y>0.22656</y></points><label>3</label><labelname>window</labelname><flag>1</flag></object><object><points><x>0.40096</x><x>0.49521</x><y>0.052734</y><y>0.067383</y></points><label>3</label><labelname>window</labelname><flag>1</flag></object><object><points><x>0.40096</x><x>0.49521</x><y>0.032227</y><y>0.047852</y></points><label>3</label><labelname>window</labelname><flag>1</flag></object><object><points><x>0.53195</x><x>0.6262</x><y>0.053711</y><y>0.069336</y></points><label>3</label><labelname>window</labelname><flag>1</flag></object><object><points><x>0.53514</x><x>0.62939</x><y>0.033203</y><y>0.048828</y></points><label>3</label><labelname>window</labelname><flag>1</flag></object><object><points><x>0.21406</x><x>0.29872</x><y>0.56543</y><y>0.58496</y></points><label>3</label><labelname>window</labelname><flag>1</flag></object><object><points><x>0.21406</x><x>0.30032</x><y>0.59277</y><y>0.61133</y></points><label>3</label><labelname>window</labelname><flag>1</flag></object><object><points><x>0.21565</x><x>0.30192</x><y>0.61719</y><y>0.63574</y></points><label>3</label><labelname>window</labelname><flag>1</flag></object><object><points><x>0.21725</x><x>0.30192</x><y>0.64062</y><y>0.65723</y></points><label>3</label><labelname>window</labelname><flag>1</flag></object><object><points><x>0.31949</x><x>0.40575</x><y>0.56641</y><y>0.58496</y></points><label>3</label><labelname>window</labelname><flag>1</flag></object><object><points><x>0.31949</x><x>0.40415</x><y>0.59375</y><y>0.6123</y></points><label>3</label><labelname>window</labelname><flag>1</flag></object><object><points><x>0.32109</x><x>0.40575</x><y>0.61816</y><y>0.63672</y></points><label>3</label><labelname>window</labelname><flag>1</flag></object><object><points><x>0.32268</x><x>0.40735</x><y>0.64258</y><y>0.65723</y></points><label>3</label><labelname>window</labelname><flag>1</flag></object><object><points><x>0.42492</x><x>0.50958</x><y>0.56738</y><y>0.58594</y></points><label>3</label><labelname>window</labelname><flag>1</flag></object><object><points><x>0.42492</x><x>0.51118</x><y>0.59375</y><y>0.6123</y></points><label>3</label><labelname>window</labelname><flag>1</flag></object><object><points><x>0.42652</x><x>0.51118</x><y>0.61914</y><y>0.6377</y></points><label>3</label><labelname>window</labelname><flag>1</flag></object><object><points><x>0.42652</x><x>0.51118</x><y>0.64355</y><y>0.6582</y></points><label>3</label><labelname>window</labelname><flag>1</flag></object><object><points><x>0.53035</x><x>0.61502</x><y>0.56836</y><y>0.58691</y></points><label>3</label><labelname>window</labelname><flag>1</flag></object><object><points><x>0.52875</x><x>0.61502</x><y>0.59375</y><y>0.6123</y></points><label>3</label><labelname>window</labelname><flag>1</flag></object><object><points><x>0.53195</x><x>0.61661</x><y>0.62109</y><y>0.63867</y></points><label>3</label><labelname>window</labelname><flag>1</flag></object><object><points><x>0.53355</x><x>0.61821</x><y>0.64453</y><y>0.65918</y></points><label>3</label><labelname>window</labelname><flag>1</flag></object><object><points><x>0.63419</x><x>0.69649</x><y>0.56934</y><y>0.58691</y></points><label>3</label><labelname>window</labelname><flag>1</flag></object><object><points><x>0.63419</x><x>0.69649</x><y>0.59668</y><y>0.61426</y></points><label>3</label><labelname>window</labelname><flag>1</flag></object><object><points><x>0.63578</x><x>0.69808</x><y>0.62109</y><y>0.63867</y></points><label>3</label><labelname>window</labelname><flag>1</flag></object><object><points><x>0.63738</x><x>0.69808</x><y>0.64453</y><y>0.65918</y></points><label>3</label><labelname>window</labelname><flag>1</flag></object><object><points><x>0.4345</x><x>0.49521</x><y>0.68066</y><y>0.70117</y></points><label>3</label><labelname>window</labelname><flag>1</flag></object><object><points><x>0.4377</x><x>0.49681</x><y>0.70605</y><y>0.72656</y></points><label>3</label><labelname>window</labelname><flag>1</flag></object><object><points><x>0.4393</x><x>0.4984</x><y>0.73828</y><y>0.75879</y></points><label>3</label><labelname>window</labelname><flag>1</flag></object><object><points><x>0.4393</x><x>0.5</x><y>0.76465</y><y>0.78516</y></points><label>3</label><labelname>window</labelname><flag>1</flag></object><object><points><x>0.53834</x><x>0.59744</x><y>0.68066</y><y>0.70117</y></points><label>3</label><labelname>window</labelname><flag>1</flag></object><object><points><x>0.53994</x><x>0.59904</x><y>0.70605</y><y>0.72754</y></points><label>3</label><labelname>window</labelname><flag>1</flag></object><object><points><x>0.54153</x><x>0.60064</x><y>0.73828</y><y>0.75977</y></points><label>3</label><labelname>window</labelname><flag>1</flag></object><object><points><x>0.54313</x><x>0.60224</x><y>0.76367</y><y>0.78516</y></points><label>3</label><labelname>window</labelname><flag>1</flag></object><object><points><x>0.64058</x><x>0.70128</x><y>0.68066</y><y>0.70215</y></points><label>3</label><labelname>window</labelname><flag>1</flag></object><object><points><x>0.64217</x><x>0.70288</x><y>0.70703</y><y>0.72852</y></points><label>3</label><labelname>window</labelname><flag>1</flag></object><object><points><x>0.64377</x><x>0.70447</x><y>0.73828</y><y>0.75879</y></points><label>3</label><labelname>window</labelname><flag>1</flag></object><object><points><x>0.64377</x><x>0.70447</x><y>0.76562</y><y>0.78711</y></points><label>3</label><labelname>window</labelname><flag>1</flag></object><object><points><x>0.42332</x><x>0.48403</x><y>0.40918</y><y>0.43262</y></points><label>3</label><labelname>window</labelname><flag>1</flag></object><object><points><x>0.42332</x><x>0.48562</x><y>0.4375</y><y>0.46094</y></points><label>3</label><labelname>window</labelname><flag>1</flag></object><object><points><x>0.42492</x><x>0.48722</x><y>0.47266</y><y>0.49609</y></points><label>3</label><labelname>window</labelname><flag>1</flag></object><object><points><x>0.42492</x><x>0.48722</x><y>0.50195</y><y>0.52539</y></points><label>3</label><labelname>window</labelname><flag>1</flag></object><object><points><x>0.52716</x><x>0.58946</x><y>0.40918</y><y>0.43262</y></points><label>3</label><labelname>window</labelname><flag>1</flag></object><object><points><x>0.52875</x><x>0.59105</x><y>0.43848</y><y>0.46191</y></points><label>3</label><labelname>window</labelname><flag>1</flag></object><object><points><x>0.53035</x><x>0.59265</x><y>0.47363</y><y>0.49707</y></points><label>3</label><labelname>window</labelname><flag>1</flag></object><object><points><x>0.53195</x><x>0.59425</x><y>0.50195</y><y>0.52539</y></points><label>3</label><labelname>window</labelname><flag>1</flag></object><object><points><x>0.63419</x><x>0.69649</x><y>0.40918</y><y>0.43164</y></points><label>3</label><labelname>window</labelname><flag>1</flag></object><object><points><x>0.63419</x><x>0.69649</x><y>0.4375</y><y>0.46094</y></points><label>3</label><labelname>window</labelname><flag>1</flag></object><object><points><x>0.63578</x><x>0.69808</x><y>0.47363</y><y>0.49707</y></points><label>3</label><labelname>window</labelname><flag>1</flag></object><object><points><x>0.63419</x><x>0.69649</x><y>0.50293</y><y>0.52637</y></points><label>3</label><labelname>window</labelname><flag>1</flag></object><object><points><x>0.31949</x><x>0.34505</x><y>0.36133</y><y>0.37109</y></points><label>3</label><labelname>window</labelname><flag>1</flag></object><object><points><x>0.44728</x><x>0.47284</x><y>0.3623</y><y>0.37207</y></points><label>3</label><labelname>window</labelname><flag>1</flag></object><object><points><x>0.57029</x><x>0.60543</x><y>0.36328</y><y>0.37305</y></points><label>3</label><labelname>window</labelname><flag>1</flag></object><object><points><x>0.69808</x><x>0.7492</x><y>0.36621</y><y>0.37598</y></points><label>3</label><labelname>window</labelname><flag>1</flag></object><object><points><x>0.84345</x><x>0.90096</x><y>0.36719</y><y>0.37793</y></points><label>3</label><labelname>window</labelname><flag>1</flag></object><object><points><x>0.21086</x><x>0.26677</x><y>0.4082</y><y>0.44238</y></points><label>3</label><labelname>window</labelname><flag>1</flag></object><object><points><x>0.21246</x><x>0.26837</x><y>0.47363</y><y>0.50684</y></points><label>3</label><labelname>window</labelname><flag>1</flag></object><object><points><x>0.22684</x><x>0.28115</x><y>0.67578</y><y>0.70605</y></points><label>3</label><labelname>window</labelname><flag>1</flag></object><object><points><x>0.23003</x><x>0.28435</x><y>0.7334</y><y>0.76367</y></points><label>3</label><labelname>window</labelname><flag>1</flag></object><object><points><x>0.1246</x><x>0.19968</x><y>0.40137</y><y>0.43066</y></points><label>3</label><labelname>window</labelname><flag>1</flag></object><object><points><x>0.1278</x><x>0.20128</x><y>0.46387</y><y>0.49316</y></points><label>3</label><labelname>window</labelname><flag>1</flag></object><object><points><x>0.14377</x><x>0.21246</x><y>0.66113</y><y>0.69141</y></points><label>3</label><labelname>window</labelname><flag>1</flag></object><object><points><x>0.14696</x><x>0.22204</x><y>0.71973</y><y>0.75</y></points><label>3</label><labelname>window</labelname><flag>1</flag></object><object><points><x>0.31789</x><x>0.38019</x><y>0.41504</y><y>0.4541</y></points><label>3</label><labelname>window</labelname><flag>1</flag></object><object><points><x>0.32268</x><x>0.38339</x><y>0.47852</y><y>0.51758</y></points><label>3</label><labelname>window</labelname><flag>1</flag></object><object><points><x>0.33387</x><x>0.39297</x><y>0.68457</y><y>0.71973</y></points><label>3</label><labelname>window</labelname><flag>1</flag></object><object><points><x>0.33866</x><x>0.39617</x><y>0.74316</y><y>0.77832</y></points><label>3</label><labelname>window</labelname><flag>1</flag></object><object><points><x>0.15016</x><x>0.22684</x><y>0.83789</y><y>0.86328</y></points><label>3</label><labelname>window</labelname><flag>1</flag></object><object><points><x>0.15655</x><x>0.23323</x><y>0.87598</y><y>0.90039</y></points><label>3</label><labelname>window</labelname><flag>1</flag></object><object><points><x>0.16294</x><x>0.23962</x><y>0.91309</y><y>0.9375</y></points><label>3</label><labelname>window</labelname><flag>1</flag></object><object><points><x>0.27636</x><x>0.35783</x><y>0.81836</y><y>0.84277</y></points><label>3</label><labelname>window</labelname><flag>1</flag></object><object><points><x>0.28115</x><x>0.36422</x><y>0.85352</y><y>0.87793</y></points><label>3</label><labelname>window</labelname><flag>1</flag></object><object><points><x>0.28594</x><x>0.36901</x><y>0.89551</y><y>0.91992</y></points><label>3</label><labelname>window</labelname><flag>1</flag></object><object><points><x>0.41214</x><x>0.49361</x><y>0.81836</y><y>0.84277</y></points><label>3</label><labelname>window</labelname><flag>1</flag></object><object><points><x>0.41374</x><x>0.49681</x><y>0.85645</y><y>0.87793</y></points><label>3</label><labelname>window</labelname><flag>1</flag></object><object><points><x>0.41693</x><x>0.5</x><y>0.89844</y><y>0.92285</y></points><label>3</label><labelname>window</labelname><flag>1</flag></object><object><points><x>0.42013</x><x>0.5016</x><y>0.93652</y><y>0.96094</y></points><label>3</label><labelname>window</labelname><flag>1</flag></object><object><points><x>0.53994</x><x>0.63099</x><y>0.81934</y><y>0.84277</y></points><label>3</label><labelname>window</labelname><flag>1</flag></object><object><points><x>0.54313</x><x>0.63419</x><y>0.85547</y><y>0.87793</y></points><label>3</label><labelname>window</labelname><flag>1</flag></object><object><points><x>0.54792</x><x>0.64058</x><y>0.89746</y><y>0.91992</y></points><label>3</label><labelname>window</labelname><flag>1</flag></object><object><points><x>0.68051</x><x>0.77157</x><y>0.89746</y><y>0.92383</y></points><label>3</label><labelname>window</labelname><flag>1</flag></object><object><points><x>0.68211</x><x>0.77316</x><y>0.93555</y><y>0.96191</y></points><label>3</label><labelname>window</labelname><flag>1</flag></object><object><points><x>0.67732</x><x>0.76837</x><y>0.85645</y><y>0.88086</y></points><label>3</label><labelname>window</labelname><flag>1</flag></object><object><points><x>0.67891</x><x>0.76997</x><y>0.81934</y><y>0.84375</y></points><label>3</label><labelname>window</labelname><flag>1</flag></object><object><points><x>0.39776</x><x>0.41693</x><y>0.092773</y><y>0.14355</y></points><label>5</label><labelname>cornice</labelname><flag>1</flag></object><object><points><x>0.39936</x><x>0.41693</x><y>0.27246</y><y>0.32422</y></points><label>5</label><labelname>cornice</labelname><flag>1</flag></object><object><points><x>0.52396</x><x>0.54313</x><y>0.09082</y><y>0.14844</y></points><label>5</label><labelname>cornice</labelname><flag>1</flag></object><object><points><x>0.52396</x><x>0.54473</x><y>0.27148</y><y>0.32812</y></points><label>5</label><labelname>cornice</labelname><flag>1</flag></object><object><points><x>0.52396</x><x>0.54313</x><y>0.17285</y><y>0.24414</y></points><label>5</label><labelname>cornice</labelname><flag>1</flag></object><object><points><x>0.4984</x><x>0.52556</x><y>0.09375</y><y>0.1416</y></points><label>6</label><labelname>sill</labelname><flag>1</flag></object><object><points><x>0.4984</x><x>0.52716</x><y>0.17578</y><y>0.23828</y></points><label>6</label><labelname>sill</labelname><flag>1</flag></object><object><points><x>0.5016</x><x>0.52716</x><y>0.27637</y><y>0.32129</y></points><label>6</label><labelname>sill</labelname><flag>1</flag></object><object><points><x>0.62939</x><x>0.66454</x><y>0.092773</y><y>0.14355</y></points><label>6</label><labelname>sill</labelname><flag>1</flag></object><object><points><x>0.63259</x><x>0.66613</x><y>0.27344</y><y>0.32324</y></points><label>6</label><labelname>sill</labelname><flag>1</flag></object><object><points><x>0.49042</x><x>0.51757</x><y>0.81543</y><y>0.84473</y></points><label>6</label><labelname>sill</labelname><flag>1</flag></object><object><points><x>0.49361</x><x>0.52077</x><y>0.85449</y><y>0.88379</y></points><label>6</label><labelname>sill</labelname><flag>1</flag></object><object><points><x>0.4984</x><x>0.52556</x><y>0.89648</y><y>0.92578</y></points><label>6</label><labelname>sill</labelname><flag>1</flag></object><object><points><x>0.5</x><x>0.52875</x><y>0.93359</y><y>0.96582</y></points><label>6</label><labelname>sill</labelname><flag>1</flag></object><object><points><x>0.6278</x><x>0.64058</x><y>0.81738</y><y>0.84766</y></points><label>6</label><labelname>sill</labelname><flag>1</flag></object><object><points><x>0.63099</x><x>0.64377</x><y>0.85352</y><y>0.88281</y></points><label>6</label><labelname>sill</labelname><flag>1</flag></object><object><points><x>0.77157</x><x>0.78115</x><y>0.93359</y><y>0.9668</y></points><label>6</label><labelname>sill</labelname><flag>1</flag></object><object><points><x>0.77157</x><x>0.78115</x><y>0.89551</y><y>0.92871</y></points><label>6</label><labelname>sill</labelname><flag>1</flag></object><object><points><x>0.76837</x><x>0.77796</x><y>0.85254</y><y>0.88574</y></points><label>6</label><labelname>sill</labelname><flag>1</flag></object><object><points><x>0.35623</x><x>0.36901</x><y>0.81641</y><y>0.84473</y></points><label>6</label><labelname>sill</labelname><flag>1</flag></object><object><points><x>0.35942</x><x>0.3738</x><y>0.85254</y><y>0.88184</y></points><label>6</label><labelname>sill</labelname><flag>1</flag></object><object><points><x>0.36581</x><x>0.38019</x><y>0.89355</y><y>0.92285</y></points><label>6</label><labelname>sill</labelname><flag>1</flag></object><object><points><x>0.22364</x><x>0.23323</x><y>0.83691</y><y>0.86719</y></points><label>6</label><labelname>sill</labelname><flag>1</flag></object><object><points><x>0.22843</x><x>0.23802</x><y>0.875</y><y>0.90527</y></points><label>6</label><labelname>sill</labelname><flag>1</flag></object><object><points><x>0.23482</x><x>0.24281</x><y>0.91113</y><y>0.94043</y></points><label>6</label><labelname>sill</labelname><flag>1</flag></object><object><points><x>0.62939</x><x>0.66454</x><y>0.17676</y><y>0.24121</y></points><label>7</label><labelname>balcony</labelname><flag>1</flag></object><object><points><x>0.15335</x><x>0.21246</x><y>0.39844</y><y>0.44922</y></points><label>7</label><labelname>balcony</labelname><flag>1</flag></object><object><points><x>0.15335</x><x>0.21406</x><y>0.46289</y><y>0.51367</y></points><label>7</label><labelname>balcony</labelname><flag>1</flag></object><object><points><x>0.17252</x><x>0.23163</x><y>0.71875</y><y>0.77539</y></points><label>7</label><labelname>balcony</labelname><flag>1</flag></object><object><points><x>0.16933</x><x>0.22843</x><y>0.66016</y><y>0.7168</y></points><label>7</label><labelname>balcony</labelname><flag>1</flag></object><object><points><x>0.15655</x><x>0.20607</x><y>0.53223</y><y>0.66016</y></points><label>7</label><labelname>balcony</labelname><flag>1</flag></object><object><points><x>0.097444</x><x>0.15815</x><y>0.19043</y><y>0.22266</y></points><label>9</label><labelname>deco</labelname><flag>1</flag></object><object><points><x>0.17572</x><x>0.23482</x><y>0.24512</y><y>0.26074</y></points><label>9</label><labelname>deco</labelname><flag>1</flag></object><object><points><x>0.17412</x><x>0.23482</x><y>0.15332</y><y>0.16895</y></points><label>9</label><labelname>deco</labelname><flag>1</flag></object><object><points><x>0.27955</x><x>0.29393</x><y>0.11328</y><y>0.12012</y></points><label>9</label><labelname>deco</labelname><flag>1</flag></object><object><points><x>0.27955</x><x>0.29393</x><y>0.20312</y><y>0.20996</y></points><label>9</label><labelname>deco</labelname><flag>1</flag></object><object><points><x>0.28115</x><x>0.29553</x><y>0.29297</y><y>0.2998</y></points><label>9</label><labelname>deco</labelname><flag>1</flag></object><object><points><x>0.67572</x><x>0.70767</x><y>0.20117</y><y>0.21777</y></points><label>9</label><labelname>deco</labelname><flag>1</flag></object><object><points><x>0.067093</x><x>0.13419</x><y>0.85059</y><y>0.92871</y></points><label>9</label><labelname>deco</labelname><flag>1</flag></object><object><points><x>0.23962</x><x>0.27955</x><y>0.03125</y><y>0.38574</y></points><label>10</label><labelname>molding</labelname><flag>1</flag></object><object><points><x>0.36581</x><x>0.38978</x><y>0.032227</y><y>0.38672</y></points><label>10</label><labelname>molding</labelname><flag>1</flag></object><object><points><x>0.65815</x><x>0.6885</x><y>0.029297</y><y>0.38672</y></points><label>10</label><labelname>molding</labelname><flag>1</flag></object><object><points><x>0.24121</x><x>0.28914</x><y>0.81152</y><y>0.97852</y></points><label>10</label><labelname>molding</labelname><flag>1</flag></object><object><points><x>0.51438</x><x>0.53834</x><y>0.80859</y><y>0.97852</y></points><label>10</label><labelname>molding</labelname><flag>1</flag></object><object><points><x>0.65016</x><x>0.68051</x><y>0.80957</y><y>0.97754</y></points><label>10</label><labelname>molding</labelname><flag>1</flag></object><object><points><x>0.42652</x><x>0.59744</x><y>0.1543</y><y>0.1709</y></points><label>11</label><labelname>pillar</labelname><flag>1</flag></object><object><points><x>0.42812</x><x>0.59744</x><y>0.24707</y><y>0.26367</y></points><label>11</label><labelname>pillar</labelname><flag>1</flag></object><object><points><x>0.79393</x><x>0.95048</x><y>0.15625</y><y>0.17188</y></points><label>11</label><labelname>pillar</labelname><flag>1</flag></object><object><points><x>0.79712</x><x>0.95048</x><y>0.24902</y><y>0.26465</y></points><label>11</label><labelname>pillar</labelname><flag>1</flag></object><object><points><x>0.59904</x><x>0.66454</x><y>0.24512</y><y>0.26758</y></points><label>11</label><labelname>pillar</labelname><flag>1</flag></object><object><points><x>0.59744</x><x>0.66454</x><y>0.15039</y><y>0.17383</y></points><label>11</label><labelname>pillar</labelname><flag>1</flag></object><object><points><x>0.38339</x><x>0.42652</x><y>0.15332</y><y>0.17188</y></points><label>11</label><labelname>pillar</labelname><flag>1</flag></object><object><points><x>0.38339</x><x>0.42812</x><y>0.24609</y><y>0.26562</y></points><label>11</label><labelname>pillar</labelname><flag>1</flag></object><object><points><x>0.76358</x><x>0.79393</x><y>0.15527</y><y>0.17383</y></points><label>11</label><labelname>pillar</labelname><flag>1</flag></object><object><points><x>0.76198</x><x>0.79233</x><y>0.063477</y><y>0.083008</y></points><label>11</label><labelname>pillar</labelname><flag>1</flag></object><object><points><x>0.76677</x><x>0.79712</x><y>0.33594</y><y>0.35449</y></points><label>11</label><labelname>pillar</labelname><flag>1</flag></object><object><points><x>0.79872</x><x>0.95048</x><y>0.33691</y><y>0.35352</y></points><label>11</label><labelname>pillar</labelname><flag>1</flag></object><object><points><x>0.70288</x><x>0.94249</x><y>0.17188</y><y>0.24219</y></points><label>12</label><labelname>shop</labelname><flag>1</flag></object><object><points><x>0.69968</x><x>0.94089</x><y>0.26465</y><y>0.33496</y></points><label>12</label><labelname>shop</labelname><flag>1</flag></object><object><points><x>0.69968</x><x>0.94089</x><y>0.083984</y><y>0.1543</y></points><label>12</label><labelname>shop</labelname><flag>1</flag></object><object><points><x>0.8115</x><x>0.84026</x><y>0.8623</y><y>0.91895</y></points><label>12</label><labelname>shop</labelname><flag>1</flag></object><object><points><x>0.8115</x><x>0.83706</x><y>0.93359</y><y>0.97852</y></points><label>12</label><labelname>shop</labelname><flag>1</flag></object><object><points><x>0.27796</x><x>0.36102</x><y>0.052734</y><y>0.067383</y></points><label>3</label><labelname>window</labelname><flag>1</flag></object><object><points><x>0.15815</x><x>0.23003</x><y>0.051758</y><y>0.067383</y></points><label>3</label><labelname>window</labelname><flag>1</flag></object><object><points><x>0.16613</x><x>0.23003</x><y>0.032227</y><y>0.045898</y></points><label>3</label><labelname>window</labelname><flag>1</flag></object><object><points><x>0.27796</x><x>0.35783</x><y>0.03125</y><y>0.045898</y></points><label>3</label><labelname>window</labelname><flag>1</flag></object><object><points><x>0.15176</x><x>0.19489</x><y>0.54297</y><y>0.5791</y></points><label>3</label><labelname>window</labelname><flag>1</flag></object><object><points><x>0.15016</x><x>0.19329</x><y>0.51953</y><y>0.5332</y></points><label>3</label><labelname>window</labelname><flag>1</flag></object><object><points><x>0.15016</x><x>0.19329</x><y>0.58691</y><y>0.60059</y></points><label>3</label><labelname>window</labelname><flag>1</flag></object>