<object><points><x>0.20117</x><x>0.96289</x><y>0.30816</y><y>0.90918</y></points><label>2</label><labelname>facade</labelname><flag>1</flag></object><object><points><x>0.38965</x><x>0.47168</x><y>0.35612</y><y>0.42653</y></points><label>3</label><labelname>window</labelname><flag>1</flag></object><object><points><x>0.53711</x><x>0.62012</x><y>0.3551</y><y>0.42347</y></points><label>3</label><labelname>window</labelname><flag>1</flag></object><object><points><x>0.12207</x><x>0.19531</x><y>0.15306</y><y>0.22857</y></points><label>3</label><labelname>window</labelname><flag>1</flag></object><object><points><x>0.39355</x><x>0.47559</x><y>0.48776</y><y>0.53061</y></points><label>3</label><labelname>window</labelname><flag>1</flag></object><object><points><x>0.68262</x><x>0.77051</x><y>0.35306</y><y>0.42245</y></points><label>3</label><labelname>window</labelname><flag>1</flag></object><object><points><x>0.53711</x><x>0.62207</x><y>0.48571</y><y>0.52857</y></points><label>3</label><labelname>window</labelname><flag>1</flag></object><object><points><x>0.39355</x><x>0.47461</x><y>0.58673</y><y>0.62755</y></points><label>3</label><labelname>window</labelname><flag>1</flag></object><object><points><x>0.39355</x><x>0.47461</x><y>0.68469</y><y>0.72551</y></points><label>3</label><labelname>window</labelname><flag>1</flag></object><object><points><x>0.39062</x><x>0.47559</x><y>0.79898</y><y>0.86837</y></points><label>3</label><labelname>window</labelname><flag>1</flag></object><object><points><x>0.53711</x><x>0.62109</x><y>0.58469</y><y>0.62755</y></points><label>3</label><labelname>window</labelname><flag>1</flag></object><object><points><x>0.53711</x><x>0.62207</x><y>0.68163</y><y>0.72347</y></points><label>3</label><labelname>window</labelname><flag>1</flag></object><object><points><x>0.53906</x><x>0.62207</x><y>0.79898</y><y>0.86837</y></points><label>3</label><labelname>window</labelname><flag>1</flag></object><object><points><x>0.39062</x><x>0.47168</x><y>0.95612</y><y>0.99184</y></points><label>3</label><labelname>window</labelname><flag>1</flag></object><object><points><x>0.53906</x><x>0.62109</x><y>0.95612</y><y>0.99184</y></points><label>3</label><labelname>window</labelname><flag>1</flag></object><object><points><x>0.68652</x><x>0.77051</x><y>0.48673</y><y>0.52857</y></points><label>3</label><labelname>window</labelname><flag>1</flag></object><object><points><x>0.6875</x><x>0.77148</x><y>0.58469</y><y>0.62755</y></points><label>3</label><labelname>window</labelname><flag>1</flag></object><object><points><x>0.68652</x><x>0.77051</x><y>0.68265</y><y>0.72449</y></points><label>3</label><labelname>window</labelname><flag>1</flag></object><object><points><x>0.68652</x><x>0.77148</x><y>0.79796</y><y>0.86735</y></points><label>3</label><labelname>window</labelname><flag>1</flag></object><object><points><x>0.68652</x><x>0.77051</x><y>0.95408</y><y>0.99082</y></points><label>3</label><labelname>window</labelname><flag>1</flag></object><object><points><x>0.12012</x><x>0.19336</x><y>0.021429</y><y>0.096939</y></points><label>3</label><labelname>window</labelname><flag>1</flag></object><object><points><x>0.26465</x><x>0.33398</x><y>0.15612</y><y>0.23163</y></points><label>3</label><labelname>window</labelname><flag>1</flag></object><object><points><x>0.26367</x><x>0.33301</x><y>0.021429</y><y>0.096939</y></points><label>3</label><labelname>window</labelname><flag>1</flag></object><object><points><x>0.41016</x><x>0.47949</x><y>0.15918</y><y>0.23469</y></points><label>3</label><labelname>window</labelname><flag>1</flag></object><object><points><x>0.40625</x><x>0.47852</x><y>0.02449</y><y>0.10306</y></points><label>3</label><labelname>window</labelname><flag>1</flag></object><object><points><x>0.55176</x><x>0.62207</x><y>0.15714</y><y>0.23265</y></points><label>3</label><labelname>window</labelname><flag>1</flag></object><object><points><x>0.5498</x><x>0.62305</x><y>0.027551</y><y>0.10306</y></points><label>3</label><labelname>window</labelname><flag>1</flag></object><object><points><x>0.69238</x><x>0.76172</x><y>0.15918</y><y>0.23367</y></points><label>3</label><labelname>window</labelname><flag>1</flag></object><object><points><x>0.69141</x><x>0.76367</x><y>0.029592</y><y>0.1051</y></points><label>3</label><labelname>window</labelname><flag>1</flag></object><object><points><x>0.85547</x><x>0.98633</x><y>0.15714</y><y>0.26939</y></points><label>4</label><labelname>door</labelname><flag>1</flag></object><object><points><x>0.85352</x><x>0.98633</x><y>0.017347</y><y>0.11633</y></points><label>4</label><labelname>door</labelname><flag>1</flag></object><object><points><x>0.83789</x><x>0.95508</x><y>0.78367</y><y>0.88776</y></points><label>4</label><labelname>door</labelname><flag>1</flag></object><object><points><x>0.83594</x><x>0.95605</x><y>0.68061</y><y>0.73265</y></points><label>4</label><labelname>door</labelname><flag>1</flag></object><object><points><x>0.83594</x><x>0.95898</x><y>0.58163</y><y>0.63571</y></points><label>4</label><labelname>door</labelname><flag>1</flag></object><object><points><x>0.63281</x><x>0.71484</x><y>0.33061</y><y>0.4398</y></points><label>5</label><labelname>cornice</labelname><flag>1</flag></object><object><points><x>0.63574</x><x>0.71387</x><y>0.46531</y><y>0.5449</y></points><label>5</label><labelname>cornice</labelname><flag>1</flag></object><object><points><x>0.63867</x><x>0.71387</x><y>0.56531</y><y>0.64388</y></points><label>5</label><labelname>cornice</labelname><flag>1</flag></object><object><points><x>0.6416</x><x>0.71484</x><y>0.66327</y><y>0.73878</y></points><label>5</label><labelname>cornice</labelname><flag>1</flag></object><object><points><x>0.63672</x><x>0.71484</x><y>0.78265</y><y>0.88367</y></points><label>5</label><labelname>cornice</labelname><flag>1</flag></object><object><points><x>0.52051</x><x>0.53809</x><y>0.3551</y><y>0.42143</y></points><label>5</label><labelname>cornice</labelname><flag>1</flag></object><object><points><x>0.52148</x><x>0.53711</x><y>0.48265</y><y>0.53163</y></points><label>5</label><labelname>cornice</labelname><flag>1</flag></object><object><points><x>0.52246</x><x>0.53809</x><y>0.58163</y><y>0.63061</y></points><label>5</label><labelname>cornice</labelname><flag>1</flag></object><object><points><x>0.52246</x><x>0.53711</x><y>0.67959</y><y>0.72653</y></points><label>5</label><labelname>cornice</labelname><flag>1</flag></object><object><points><x>0.52246</x><x>0.53809</x><y>0.80204</y><y>0.86224</y></points><label>5</label><labelname>cornice</labelname><flag>1</flag></object><object><points><x>0.63086</x><x>0.7334</x><y>0.94082</y><y>0.99898</y></points><label>5</label><labelname>cornice</labelname><flag>1</flag></object><object><points><x>0.61816</x><x>0.63574</x><y>0.32755</y><y>0.44388</y></points><label>6</label><labelname>sill</labelname><flag>1</flag></object><object><points><x>0.61914</x><x>0.63379</x><y>0.46327</y><y>0.55</y></points><label>6</label><labelname>sill</labelname><flag>1</flag></object><object><points><x>0.61914</x><x>0.63574</x><y>0.56633</y><y>0.6449</y></points><label>6</label><labelname>sill</labelname><flag>1</flag></object><object><points><x>0.62012</x><x>0.63379</x><y>0.66327</y><y>0.74388</y></points><label>6</label><labelname>sill</labelname><flag>1</flag></object><object><points><x>0.62012</x><x>0.63379</x><y>0.75714</y><y>0.91735</y></points><label>6</label><labelname>sill</labelname><flag>1</flag></object><object><points><x>0.61914</x><x>0.63184</x><y>0.93673</y><y>0.99898</y></points><label>6</label><labelname>sill</labelname><flag>1</flag></object><object><points><x>0.77539</x><x>0.80176</x><y>0.35204</y><y>0.42449</y></points><label>6</label><labelname>sill</labelname><flag>1</flag></object><object><points><x>0.77441</x><x>0.80371</x><y>0.48673</y><y>0.52959</y></points><label>6</label><labelname>sill</labelname><flag>1</flag></object><object><points><x>0.77441</x><x>0.80273</x><y>0.58469</y><y>0.62857</y></points><label>6</label><labelname>sill</labelname><flag>1</flag></object><object><points><x>0.77539</x><x>0.80176</x><y>0.68163</y><y>0.72551</y></points><label>6</label><labelname>sill</labelname><flag>1</flag></object><object><points><x>0.77539</x><x>0.80664</x><y>0.77959</y><y>0.88878</y></points><label>6</label><labelname>sill</labelname><flag>1</flag></object><object><points><x>0.77441</x><x>0.80176</x><y>0.94898</y><y>0.99286</y></points><label>6</label><labelname>sill</labelname><flag>1</flag></object><object><points><x>0.48535</x><x>0.51465</x><y>0.33061</y><y>0.44286</y></points><label>9</label><labelname>deco</labelname><flag>1</flag></object><object><points><x>0.36719</x><x>0.39551</x><y>0.52653</y><y>0.58878</y></points><label>9</label><labelname>deco</labelname><flag>1</flag></object><object><points><x>0.36816</x><x>0.39648</x><y>0.62347</y><y>0.68878</y></points><label>9</label><labelname>deco</labelname><flag>1</flag></object><object><points><x>0.3623</x><x>0.3877</x><y>0.35816</y><y>0.42653</y></points><label>9</label><labelname>deco</labelname><flag>1</flag></object><object><points><x>0.36426</x><x>0.38965</x><y>0.80306</y><y>0.86633</y></points><label>9</label><labelname>deco</labelname><flag>1</flag></object><object><points><x>0.36719</x><x>0.39453</x><y>0.72041</y><y>0.79082</y></points><label>9</label><labelname>deco</labelname><flag>1</flag></object><object><points><x>0.48828</x><x>0.5166</x><y>0.94082</y><y>0.99388</y></points><label>9</label><labelname>deco</labelname><flag>1</flag></object><object><points><x>0.36523</x><x>0.3916</x><y>0.96735</y><y>0.99796</y></points><label>9</label><labelname>deco</labelname><flag>1</flag></object><object><points><x>0.3623</x><x>0.39551</x><y>0.4949</y><y>0.51633</y></points><label>5</label><labelname>cornice</labelname><flag>1</flag></object><object><points><x>0.36035</x><x>0.39355</x><y>0.59388</y><y>0.61531</y></points><label>5</label><labelname>cornice</labelname><flag>1</flag></object><object><points><x>0.36133</x><x>0.39453</x><y>0.6949</y><y>0.71122</y></points><label>5</label><labelname>cornice</labelname><flag>1</flag></object><object><points><x>0.46875</x><x>0.55859</x><y>0.31122</y><y>0.90408</y></points><label>10</label><labelname>molding</labelname><flag>1</flag></object><object><points><x>0.31445</x><x>0.4248</x><y>0.31224</y><y>0.90714</y></points><label>10</label><labelname>molding</labelname><flag>1</flag></object><object><points><x>0.76562</x><x>0.84375</x><y>0.31122</y><y>0.90408</y></points><label>10</label><labelname>molding</labelname><flag>1</flag></object><object><points><x>0.91309</x><x>0.95996</x><y>0.31224</y><y>0.90408</y></points><label>10</label><labelname>molding</labelname><flag>1</flag></object><object><points><x>0.41211</x><x>0.47168</x><y>0.3102</y><y>0.33163</y></points><label>11</label><labelname>pillar</labelname><flag>1</flag></object><object><points><x>0.41406</x><x>0.47363</x><y>0.44592</y><y>0.46735</y></points><label>11</label><labelname>pillar</labelname><flag>1</flag></object><object><points><x>0.41309</x><x>0.47363</x><y>0.91633</y><y>0.93878</y></points><label>11</label><labelname>pillar</labelname><flag>1</flag></object><object><points><x>0.55273</x><x>0.77051</x><y>0.30918</y><y>0.33061</y></points><label>11</label><labelname>pillar</labelname><flag>1</flag></object><object><points><x>0.55273</x><x>0.77148</x><y>0.4449</y><y>0.46939</y></points><label>11</label><labelname>pillar</labelname><flag>1</flag></object><object><points><x>0.55469</x><x>0.77246</x><y>0.54388</y><y>0.56939</y></points><label>11</label><labelname>pillar</labelname><flag>1</flag></object><object><points><x>0.55469</x><x>0.77344</x><y>0.64286</y><y>0.66837</y></points><label>11</label><labelname>pillar</labelname><flag>1</flag></object><object><points><x>0.55566</x><x>0.77344</x><y>0.73776</y><y>0.76327</y></points><label>11</label><labelname>pillar</labelname><flag>1</flag></object><object><points><x>0.6543</x><x>0.67383</x><y>0.32857</y><y>0.90408</y></points><label>10</label><labelname>molding</labelname><flag>1</flag></object><object><points><x>0.55176</x><x>0.77051</x><y>0.91429</y><y>0.9398</y></points><label>11</label><labelname>pillar</labelname><flag>1</flag></object><object><points><x>0.3584</x><x>0.41211</x><y>0.30918</y><y>0.33061</y></points><label>11</label><labelname>pillar</labelname><flag>1</flag></object><object><points><x>0.35938</x><x>0.41309</x><y>0.4449</y><y>0.46837</y></points><label>11</label><labelname>pillar</labelname><flag>1</flag></object><object><points><x>0.35938</x><x>0.41309</x><y>0.91735</y><y>0.93878</y></points><label>11</label><labelname>pillar</labelname><flag>1</flag></object><object><points><x>0.51758</x><x>0.55176</x><y>0.30816</y><y>0.33061</y></points><label>11</label><labelname>pillar</labelname><flag>1</flag></object><object><points><x>0.52344</x><x>0.55273</x><y>0.44082</y><y>0.47245</y></points><label>11</label><labelname>pillar</labelname><flag>1</flag></object><object><points><x>0.51562</x><x>0.55176</x><y>0.91224</y><y>0.94184</y></points><label>11</label><labelname>pillar</labelname><flag>1</flag></object><object><points><x>0.77051</x><x>0.80664</x><y>0.30816</y><y>0.33163</y></points><label>11</label><labelname>pillar</labelname><flag>1</flag></object><object><points><x>0.77148</x><x>0.80469</x><y>0.43878</y><y>0.47551</y></points><label>11</label><labelname>pillar</labelname><flag>1</flag></object><object><points><x>0.77344</x><x>0.80371</x><y>0.54184</y><y>0.57245</y></points><label>11</label><labelname>pillar</labelname><flag>1</flag></object><object><points><x>0.77344</x><x>0.80469</x><y>0.64082</y><y>0.67041</y></points><label>11</label><labelname>pillar</labelname><flag>1</flag></object><object><points><x>0.77344</x><x>0.80469</x><y>0.73673</y><y>0.76531</y></points><label>11</label><labelname>pillar</labelname><flag>1</flag></object><object><points><x>0.77051</x><x>0.80566</x><y>0.90918</y><y>0.94184</y></points><label>11</label><labelname>pillar</labelname><flag>1</flag></object><object><points><x>0.82129</x><x>0.85449</x><y>0.11735</y><y>0.29286</y></points><label>12</label><labelname>shop</labelname><flag>1</flag></object><object><points><x>0.85547</x><x>0.93066</x><y>0.12041</y><y>0.14898</y></points><label>12</label><labelname>shop</labelname><flag>1</flag></object><object><points><x>0.85547</x><x>0.93262</x><y>0.27143</y><y>0.2949</y></points><label>12</label><labelname>shop</labelname><flag>1</flag></object><object><points><x>0.81445</x><x>0.83398</x><y>0.33878</y><y>0.73469</y></points><label>12</label><labelname>shop</labelname><flag>1</flag></object><object><points><x>0.8418</x><x>0.93066</x><y>0.35102</y><y>0.4449</y></points><label>12</label><labelname>shop</labelname><flag>1</flag></object><object><points><x>0.83887</x><x>0.93164</x><y>0.48163</y><y>0.5398</y></points><label>12</label><labelname>shop</labelname><flag>1</flag></object>