<object><points><x>0.025478</x><x>0.99788</x><y>0.0064935</y><y>0.99838</y></points><label>2</label><labelname>facade</labelname><flag>1</flag></object><object><points><x>0.091295</x><x>0.19321</x><y>0.23377</y><y>0.28896</y></points><label>3</label><labelname>window</labelname><flag>1</flag></object><object><points><x>0.089172</x><x>0.19108</x><y>0.34091</y><y>0.3961</y></points><label>3</label><labelname>window</labelname><flag>1</flag></object><object><points><x>0.28875</x><x>0.43312</x><y>0.2013</y><y>0.2776</y></points><label>3</label><labelname>window</labelname><flag>1</flag></object><object><points><x>0.55839</x><x>0.70488</x><y>0.20292</y><y>0.2776</y></points><label>3</label><labelname>window</labelname><flag>1</flag></object><object><points><x>0.8259</x><x>0.9724</x><y>0.19968</y><y>0.27435</y></points><label>3</label><labelname>window</labelname><flag>1</flag></object><object><points><x>0.56688</x><x>0.71338</x><y>0.71753</y><y>0.79221</y></points><label>3</label><labelname>window</labelname><flag>1</flag></object><object><points><x>0.83864</x><x>0.98514</x><y>0.71916</y><y>0.79383</y></points><label>3</label><labelname>window</labelname><flag>1</flag></object><object><points><x>0.29936</x><x>0.44374</x><y>0.71591</y><y>0.79221</y></points><label>3</label><labelname>window</labelname><flag>1</flag></object><object><points><x>0.10403</x><x>0.19745</x><y>0.75649</y><y>0.81006</y></points><label>3</label><labelname>window</labelname><flag>1</flag></object><object><points><x>0.10828</x><x>0.20382</x><y>0.86039</y><y>0.91396</y></points><label>3</label><labelname>window</labelname><flag>1</flag></object><object><points><x>0.29299</x><x>0.38429</x><y>0.37013</y><y>0.40097</y></points><label>3</label><labelname>window</labelname><flag>1</flag></object><object><points><x>0.29936</x><x>0.38854</x><y>0.62338</y><y>0.65422</y></points><label>3</label><labelname>window</labelname><flag>1</flag></object><object><points><x>0.56476</x><x>0.65605</x><y>0.62825</y><y>0.65747</y></points><label>3</label><labelname>window</labelname><flag>1</flag></object><object><points><x>0.56263</x><x>0.6518</x><y>0.36851</y><y>0.39448</y></points><label>3</label><labelname>window</labelname><flag>1</flag></object><object><points><x>0.83652</x><x>0.92781</x><y>0.61039</y><y>0.65422</y></points><label>3</label><labelname>window</labelname><flag>1</flag></object><object><points><x>0.83652</x><x>0.92781</x><y>0.54545</y><y>0.58929</y></points><label>3</label><labelname>window</labelname><flag>1</flag></object><object><points><x>0.83652</x><x>0.92781</x><y>0.48864</y><y>0.53247</y></points><label>3</label><labelname>window</labelname><flag>1</flag></object><object><points><x>0.83439</x><x>0.92569</x><y>0.43182</y><y>0.47727</y></points><label>3</label><labelname>window</labelname><flag>1</flag></object><object><points><x>0.83439</x><x>0.92569</x><y>0.37013</y><y>0.41396</y></points><label>3</label><labelname>window</labelname><flag>1</flag></object><object><points><x>0.68153</x><x>0.79406</x><y>0.43344</y><y>0.47565</y></points><label>3</label><labelname>window</labelname><flag>1</flag></object><object><points><x>0.68153</x><x>0.79406</x><y>0.49026</y><y>0.53247</y></points><label>3</label><labelname>window</labelname><flag>1</flag></object><object><points><x>0.68153</x><x>0.79618</x><y>0.5487</y><y>0.58929</y></points><label>3</label><labelname>window</labelname><flag>1</flag></object><object><points><x>0.29512</x><x>0.36943</x><y>0.43506</y><y>0.4789</y></points><label>3</label><labelname>window</labelname><flag>1</flag></object><object><points><x>0.29724</x><x>0.37155</x><y>0.49188</y><y>0.53409</y></points><label>3</label><labelname>window</labelname><flag>1</flag></object><object><points><x>0.29936</x><x>0.37367</x><y>0.5487</y><y>0.59091</y></points><label>3</label><labelname>window</labelname><flag>1</flag></object><object><points><x>0.47134</x><x>0.63907</x><y>0.43344</y><y>0.47727</y></points><label>3</label><labelname>window</labelname><flag>1</flag></object><object><points><x>0.46921</x><x>0.63907</x><y>0.49026</y><y>0.53247</y></points><label>3</label><labelname>window</labelname><flag>1</flag></object><object><points><x>0.47346</x><x>0.63694</x><y>0.5487</y><y>0.58929</y></points><label>3</label><labelname>window</labelname><flag>1</flag></object><object><points><x>0.076433</x><x>0.19321</x><y>0.51136</y><y>0.54221</y></points><label>3</label><labelname>window</labelname><flag>1</flag></object><object><points><x>0.078556</x><x>0.19745</x><y>0.56494</y><y>0.59578</y></points><label>3</label><labelname>window</labelname><flag>1</flag></object><object><points><x>0.093418</x><x>0.19745</x><y>0.61851</y><y>0.65097</y></points><label>3</label><labelname>window</labelname><flag>1</flag></object><object><points><x>0.48832</x><x>0.56263</x><y>0.69318</y><y>0.81656</y></points><label>5</label><labelname>cornice</labelname><flag>1</flag></object><object><points><x>0.48195</x><x>0.55626</x><y>0.17857</y><y>0.30195</y></points><label>5</label><labelname>cornice</labelname><flag>1</flag></object><object><points><x>0.69851</x><x>0.73036</x><y>0.17208</y><y>0.2987</y></points><label>6</label><labelname>sill</labelname><flag>1</flag></object><object><points><x>0.70276</x><x>0.73461</x><y>0.69643</y><y>0.82305</y></points><label>6</label><labelname>sill</labelname><flag>1</flag></object><object><points><x>0.29299</x><x>0.431</x><y>0.20455</y><y>0.24026</y></points><label>8</label><labelname>blind</labelname><flag>1</flag></object><object><points><x>0.29299</x><x>0.431</x><y>0.24026</y><y>0.27597</y></points><label>8</label><labelname>blind</labelname><flag>1</flag></object><object><points><x>0.28875</x><x>0.43737</x><y>0.66721</y><y>0.71104</y></points><label>8</label><labelname>blind</labelname><flag>1</flag></object><object><points><x>0.29512</x><x>0.44161</x><y>0.79383</y><y>0.83442</y></points><label>8</label><labelname>blind</labelname><flag>1</flag></object><object><points><x>0.55202</x><x>0.70276</x><y>0.15097</y><y>0.19481</y></points><label>8</label><labelname>blind</labelname><flag>1</flag></object><object><points><x>0.55626</x><x>0.70701</x><y>0.2776</y><y>0.31981</y></points><label>8</label><labelname>blind</labelname><flag>1</flag></object><object><points><x>0.55839</x><x>0.71125</x><y>0.79545</y><y>0.83766</y></points><label>8</label><labelname>blind</labelname><flag>1</flag></object><object><points><x>0.56051</x><x>0.71338</x><y>0.66883</y><y>0.71266</y></points><label>8</label><labelname>blind</labelname><flag>1</flag></object><object><points><x>0.83227</x><x>0.98301</x><y>0.79383</y><y>0.83766</y></points><label>8</label><labelname>blind</labelname><flag>1</flag></object><object><points><x>0.83439</x><x>0.98726</x><y>0.67208</y><y>0.71429</y></points><label>8</label><labelname>blind</labelname><flag>1</flag></object><object><points><x>0.8259</x><x>0.97665</x><y>0.15422</y><y>0.19318</y></points><label>8</label><labelname>blind</labelname><flag>1</flag></object><object><points><x>0.82803</x><x>0.98089</x><y>0.2776</y><y>0.31818</y></points><label>8</label><labelname>blind</labelname><flag>1</flag></object><object><points><x>0.19958</x><x>0.29724</x><y>0.016234</y><y>0.99351</y></points><label>10</label><labelname>molding</labelname><flag>1</flag></object><object><points><x>0.42463</x><x>0.46709</x><y>0.011364</y><y>0.99513</y></points><label>10</label><labelname>molding</labelname><flag>1</flag></object><object><points><x>0.78344</x><x>0.82378</x><y>0.17208</y><y>0.81818</y></points><label>10</label><labelname>molding</labelname><flag>1</flag></object><object><points><x>0.6327</x><x>0.65817</x><y>0.4237</y><y>0.59903</y></points><label>6</label><labelname>sill</labelname><flag>1</flag></object><object><points><x>0.03397</x><x>0.080679</x><y>0.20455</y><y>0.42532</y></points><label>5</label><labelname>cornice</labelname><flag>1</flag></object><object><points><x>0.029724</x><x>0.076433</x><y>0.48052</y><y>0.7013</y></points><label>5</label><labelname>cornice</labelname><flag>1</flag></object>