<object><points><x>0.004662</x><x>1</x><y>0.0029297</y><y>1</y></points><label>2</label><labelname>facade</labelname><flag>1</flag></object><object><points><x>0.2704</x><x>0.49883</x><y>0.02832</y><y>0.060547</y></points><label>3</label><labelname>window</labelname><flag>1</flag></object><object><points><x>0.27739</x><x>0.4965</x><y>0.10645</y><y>0.14746</y></points><label>3</label><labelname>window</labelname><flag>1</flag></object><object><points><x>0.27506</x><x>0.49417</x><y>0.22266</y><y>0.26465</y></points><label>3</label><labelname>window</labelname><flag>1</flag></object><object><points><x>0.2704</x><x>0.49184</x><y>0.33008</y><y>0.37109</y></points><label>3</label><labelname>window</labelname><flag>1</flag></object><object><points><x>0.2704</x><x>0.49184</x><y>0.49023</y><y>0.53223</y></points><label>3</label><labelname>window</labelname><flag>1</flag></object><object><points><x>0.2704</x><x>0.49184</x><y>0.65234</y><y>0.69336</y></points><label>3</label><labelname>window</labelname><flag>1</flag></object><object><points><x>0.26573</x><x>0.48718</x><y>0.76758</y><y>0.80957</y></points><label>3</label><labelname>window</labelname><flag>1</flag></object><object><points><x>0.26807</x><x>0.48951</x><y>0.87988</y><y>0.92188</y></points><label>3</label><labelname>window</labelname><flag>1</flag></object><object><points><x>0.74126</x><x>0.92308</x><y>0.22656</y><y>0.26562</y></points><label>3</label><labelname>window</labelname><flag>1</flag></object><object><points><x>0.74592</x><x>0.92541</x><y>0.3291</y><y>0.36719</y></points><label>3</label><labelname>window</labelname><flag>1</flag></object><object><points><x>0.73427</x><x>0.92075</x><y>0.88086</y><y>0.91895</y></points><label>3</label><labelname>window</labelname><flag>1</flag></object><object><points><x>0.73427</x><x>0.92075</x><y>0.76465</y><y>0.80371</y></points><label>3</label><labelname>window</labelname><flag>1</flag></object><object><points><x>0.74126</x><x>0.92774</x><y>0.65332</y><y>0.69238</y></points><label>3</label><labelname>window</labelname><flag>1</flag></object><object><points><x>0.69231</x><x>0.99767</x><y>0.46387</y><y>0.56152</y></points><label>4</label><labelname>door</labelname><flag>1</flag></object><object><points><x>0.21445</x><x>0.28671</x><y>0.09082</y><y>0.15918</y></points><label>5</label><labelname>cornice</labelname><flag>1</flag></object><object><points><x>0.21212</x><x>0.28438</x><y>0.20801</y><y>0.27539</y></points><label>5</label><labelname>cornice</labelname><flag>1</flag></object><object><points><x>0.20979</x><x>0.28205</x><y>0.86719</y><y>0.93457</y></points><label>5</label><labelname>cornice</labelname><flag>1</flag></object><object><points><x>0.20979</x><x>0.28205</x><y>0.75195</y><y>0.82031</y></points><label>5</label><labelname>cornice</labelname><flag>1</flag></object><object><points><x>0.17016</x><x>0.28438</x><y>0.31445</y><y>0.38672</y></points><label>5</label><labelname>cornice</labelname><flag>1</flag></object><object><points><x>0.17016</x><x>0.28438</x><y>0.47559</y><y>0.54785</y></points><label>5</label><labelname>cornice</labelname><flag>1</flag></object><object><points><x>0.17016</x><x>0.28438</x><y>0.63379</y><y>0.70605</y></points><label>5</label><labelname>cornice</labelname><flag>1</flag></object><object><points><x>0.49184</x><x>0.54079</x><y>0.088867</y><y>0.16113</y></points><label>6</label><labelname>sill</labelname><flag>1</flag></object><object><points><x>0.48485</x><x>0.5338</x><y>0.20703</y><y>0.2793</y></points><label>6</label><labelname>sill</labelname><flag>1</flag></object><object><points><x>0.48485</x><x>0.5338</x><y>0.86426</y><y>0.93652</y></points><label>6</label><labelname>sill</labelname><flag>1</flag></object><object><points><x>0.48718</x><x>0.53613</x><y>0.75195</y><y>0.82422</y></points><label>6</label><labelname>sill</labelname><flag>1</flag></object><object><points><x>0.48485</x><x>0.53147</x><y>0.31543</y><y>0.38867</y></points><label>6</label><labelname>sill</labelname><flag>1</flag></object><object><points><x>0.46853</x><x>0.58974</x><y>0.26074</y><y>0.74609</y></points><label>7</label><labelname>balcony</labelname><flag>1</flag></object><object><points><x>0.27739</x><x>0.38695</x><y>0.33301</y><y>0.37109</y></points><label>8</label><labelname>blind</labelname><flag>1</flag></object><object><points><x>0.27506</x><x>0.35897</x><y>0.49316</y><y>0.53223</y></points><label>8</label><labelname>blind</labelname><flag>1</flag></object><object><points><x>0.044289</x><x>0.081585</x><y>0.63672</y><y>0.70801</y></points><label>9</label><labelname>deco</labelname><flag>1</flag></object><object><points><x>0.048951</x><x>0.086247</x><y>0.47168</y><y>0.54883</y></points><label>9</label><labelname>deco</labelname><flag>1</flag></object><object><points><x>0.051282</x><x>0.088578</x><y>0.3125</y><y>0.38477</y></points><label>9</label><labelname>deco</labelname><flag>1</flag></object><object><points><x>0.027972</x><x>0.21212</x><y>0.28613</y><y>0.30273</y></points><label>9</label><labelname>deco</labelname><flag>1</flag></object><object><points><x>0.025641</x><x>0.20979</x><y>0.39062</y><y>0.40625</y></points><label>9</label><labelname>deco</labelname><flag>1</flag></object><object><points><x>0.025641</x><x>0.20979</x><y>0.44727</y><y>0.46387</y></points><label>9</label><labelname>deco</labelname><flag>1</flag></object><object><points><x>0.025641</x><x>0.19114</x><y>0.41895</y><y>0.43457</y></points><label>9</label><labelname>deco</labelname><flag>1</flag></object><object><points><x>0.020979</x><x>0.20513</x><y>0.71387</y><y>0.73047</y></points><label>9</label><labelname>deco</labelname><flag>1</flag></object><object><points><x>0.025641</x><x>0.20979</x><y>0.61328</y><y>0.62988</y></points><label>9</label><labelname>deco</labelname><flag>1</flag></object><object><points><x>0.02331</x><x>0.20746</x><y>0.55469</y><y>0.57031</y></points><label>9</label><labelname>deco</labelname><flag>1</flag></object><object><points><x>0.02331</x><x>0.18648</x><y>0.58398</y><y>0.59961</y></points><label>9</label><labelname>deco</labelname><flag>1</flag></object><object><points><x>0.016317</x><x>0.20746</x><y>0.97656</y><y>0.99023</y></points><label>9</label><labelname>deco</labelname><flag>1</flag></object><object><points><x>0.079254</x><x>0.13287</x><y>0.0097656</y><y>0.99805</y></points><label>10</label><labelname>molding</labelname><flag>1</flag></object><object><points><x>0.5711</x><x>0.62471</x><y>0.0058594</y><y>0.99512</y></points><label>10</label><labelname>molding</labelname><flag>1</flag></object><object><points><x>0.74359</x><x>0.9324</x><y>0.1084</y><y>0.14746</y></points><label>12</label><labelname>shop</labelname><flag>1</flag></object><object><points><x>0.81818</x><x>0.88811</x><y>0.61133</y><y>0.63867</y></points><label>12</label><labelname>shop</labelname><flag>1</flag></object><object><points><x>0.74359</x><x>0.81352</x><y>0.60742</y><y>0.63867</y></points><label>12</label><labelname>shop</labelname><flag>1</flag></object><object><points><x>0.74825</x><x>0.81818</x><y>0.57324</y><y>0.60156</y></points><label>12</label><labelname>shop</labelname><flag>1</flag></object><object><points><x>0.82284</x><x>0.87646</x><y>0.5752</y><y>0.60156</y></points><label>12</label><labelname>shop</labelname><flag>1</flag></object><object><points><x>0.75291</x><x>0.82284</x><y>0.38672</y><y>0.41699</y></points><label>12</label><labelname>shop</labelname><flag>1</flag></object><object><points><x>0.82284</x><x>0.89277</x><y>0.3916</y><y>0.41699</y></points><label>12</label><labelname>shop</labelname><flag>1</flag></object><object><points><x>0.74825</x><x>0.83916</x><y>0.41992</y><y>0.44629</y></points><label>12</label><labelname>shop</labelname><flag>1</flag></object><object><points><x>0.84149</x><x>0.88578</x><y>0.4209</y><y>0.44824</y></points><label>12</label><labelname>shop</labelname><flag>1</flag></object><object><points><x>0.61538</x><x>0.68998</x><y>0.74121</y><y>0.90723</y></points><label>12</label><labelname>shop</labelname><flag>1</flag></object>