<object><points><x>0.0058594</x><x>0.99805</x><y>0.001355</y><y>1</y></points><label>2</label><labelname>facade</labelname><flag>1</flag></object><object><points><x>0.3916</x><x>0.46875</x><y>0.065041</y><y>0.094851</y></points><label>3</label><labelname>window</labelname><flag>1</flag></object><object><points><x>0.3916</x><x>0.46875</x><y>0.10569</y><y>0.1355</y></points><label>3</label><labelname>window</labelname><flag>1</flag></object><object><points><x>0.39062</x><x>0.46777</x><y>0.14499</y><y>0.1748</y></points><label>3</label><labelname>window</labelname><flag>1</flag></object><object><points><x>0.37305</x><x>0.45117</x><y>0.24932</y><y>0.28862</y></points><label>3</label><labelname>window</labelname><flag>1</flag></object><object><points><x>0.37402</x><x>0.45117</x><y>0.29539</y><y>0.33333</y></points><label>3</label><labelname>window</labelname><flag>1</flag></object><object><points><x>0.37305</x><x>0.45117</x><y>0.34282</y><y>0.38076</y></points><label>3</label><labelname>window</labelname><flag>1</flag></object><object><points><x>0.37109</x><x>0.4502</x><y>0.59485</y><y>0.63279</y></points><label>3</label><labelname>window</labelname><flag>1</flag></object><object><points><x>0.37207</x><x>0.45215</x><y>0.64092</y><y>0.67886</y></points><label>3</label><labelname>window</labelname><flag>1</flag></object><object><points><x>0.37109</x><x>0.45117</x><y>0.6897</y><y>0.72764</y></points><label>3</label><labelname>window</labelname><flag>1</flag></object><object><points><x>0.38965</x><x>0.46484</x><y>0.89024</y><y>0.92005</y></points><label>3</label><labelname>window</labelname><flag>1</flag></object><object><points><x>0.52734</x><x>0.60938</x><y>0.61111</y><y>0.71138</y></points><label>3</label><labelname>window</labelname><flag>1</flag></object><object><points><x>0.52734</x><x>0.60938</x><y>0.26152</y><y>0.36314</y></points><label>3</label><labelname>window</labelname><flag>1</flag></object><object><points><x>0.68262</x><x>0.76758</x><y>0.61247</y><y>0.71138</y></points><label>3</label><labelname>window</labelname><flag>1</flag></object><object><points><x>0.68359</x><x>0.76855</x><y>0.26694</y><y>0.3645</y></points><label>3</label><labelname>window</labelname><flag>1</flag></object><object><points><x>0.55078</x><x>0.6123</x><y>0.88347</y><y>0.92818</y></points><label>3</label><labelname>window</labelname><flag>1</flag></object><object><points><x>0.55273</x><x>0.61426</x><y>0.80352</y><y>0.84824</y></points><label>3</label><labelname>window</labelname><flag>1</flag></object><object><points><x>0.69043</x><x>0.77148</x><y>0.88211</y><y>0.92954</y></points><label>3</label><labelname>window</labelname><flag>1</flag></object><object><points><x>0.69043</x><x>0.77148</x><y>0.80623</y><y>0.85366</y></points><label>3</label><labelname>window</labelname><flag>1</flag></object><object><points><x>0.68945</x><x>0.76855</x><y>0.13144</y><y>0.17886</y></points><label>3</label><labelname>window</labelname><flag>1</flag></object><object><points><x>0.69141</x><x>0.77051</x><y>0.060976</y><y>0.10705</y></points><label>3</label><labelname>window</labelname><flag>1</flag></object><object><points><x>0.54102</x><x>0.6123</x><y>0.13686</y><y>0.18428</y></points><label>3</label><labelname>window</labelname><flag>1</flag></object><object><points><x>0.53906</x><x>0.61035</x><y>0.062331</y><y>0.1084</y></points><label>3</label><labelname>window</labelname><flag>1</flag></object><object><points><x>0.14551</x><x>0.22461</x><y>0.47019</y><y>0.53117</y></points><label>3</label><labelname>window</labelname><flag>1</flag></object><object><points><x>0.3877</x><x>0.46289</x><y>0.47154</y><y>0.53388</y></points><label>3</label><labelname>window</labelname><flag>1</flag></object><object><points><x>0.35742</x><x>0.38965</x><y>0.22087</y><y>0.40108</y></points><label>5</label><labelname>cornice</labelname><flag>1</flag></object><object><points><x>0.35449</x><x>0.38574</x><y>0.57182</y><y>0.75068</y></points><label>5</label><labelname>cornice</labelname><flag>1</flag></object><object><points><x>0.4502</x><x>0.47266</x><y>0.22629</y><y>0.39973</y></points><label>6</label><labelname>sill</labelname><flag>1</flag></object><object><points><x>0.44824</x><x>0.47168</x><y>0.57453</y><y>0.74661</y></points><label>6</label><labelname>sill</labelname><flag>1</flag></object><object><points><x>0.49707</x><x>0.5127</x><y>0.051491</y><y>0.11653</y></points><label>5</label><labelname>cornice</labelname><flag>1</flag></object><object><points><x>0.49707</x><x>0.5127</x><y>0.12466</y><y>0.1897</y></points><label>5</label><labelname>cornice</labelname><flag>1</flag></object><object><points><x>0.49316</x><x>0.50879</x><y>0.87127</y><y>0.93631</y></points><label>5</label><labelname>cornice</labelname><flag>1</flag></object><object><points><x>0.49414</x><x>0.50977</x><y>0.79268</y><y>0.85908</y></points><label>5</label><labelname>cornice</labelname><flag>1</flag></object><object><points><x>0.60645</x><x>0.64258</x><y>0.76829</y><y>0.99458</y></points><label>7</label><labelname>balcony</labelname><flag>1</flag></object><object><points><x>0.76758</x><x>0.80371</x><y>0.76965</y><y>0.99458</y></points><label>7</label><labelname>balcony</labelname><flag>1</flag></object><object><points><x>0.60254</x><x>0.64453</x><y>0.40786</y><y>0.55556</y></points><label>7</label><labelname>balcony</labelname><flag>1</flag></object><object><points><x>0.61133</x><x>0.65039</x><y>0.0094851</y><y>0.21138</y></points><label>7</label><labelname>balcony</labelname><flag>1</flag></object><object><points><x>0.39355</x><x>0.41211</x><y>0.071816</y><y>0.094851</y></points><label>8</label><labelname>blind</labelname><flag>1</flag></object><object><points><x>0.39453</x><x>0.44531</x><y>0.10705</y><y>0.13415</y></points><label>8</label><labelname>blind</labelname><flag>1</flag></object><object><points><x>0.39355</x><x>0.4541</x><y>0.14634</y><y>0.17344</y></points><label>8</label><labelname>blind</labelname><flag>1</flag></object><object><points><x>0.38965</x><x>0.41797</x><y>0.47561</y><y>0.53252</y></points><label>8</label><labelname>blind</labelname><flag>1</flag></object><object><points><x>0.37305</x><x>0.44922</x><y>0.59756</y><y>0.63144</y></points><label>8</label><labelname>blind</labelname><flag>1</flag></object><object><points><x>0.37402</x><x>0.4502</x><y>0.64363</y><y>0.67751</y></points><label>8</label><labelname>blind</labelname><flag>1</flag></object><object><points><x>0.37305</x><x>0.4502</x><y>0.69241</y><y>0.72629</y></points><label>8</label><labelname>blind</labelname><flag>1</flag></object><object><points><x>0.3916</x><x>0.45605</x><y>0.8916</y><y>0.9187</y></points><label>8</label><labelname>blind</labelname><flag>1</flag></object><object><points><x>0.39062</x><x>0.46484</x><y>0.85095</y><y>0.88076</y></points><label>3</label><labelname>window</labelname><flag>1</flag></object><object><points><x>0.38965</x><x>0.46484</x><y>0.8103</y><y>0.83875</y></points><label>3</label><labelname>window</labelname><flag>1</flag></object><object><points><x>0.39062</x><x>0.45605</x><y>0.8523</y><y>0.8794</y></points><label>8</label><labelname>blind</labelname><flag>1</flag></object><object><points><x>0.38965</x><x>0.45508</x><y>0.81165</y><y>0.83875</y></points><label>8</label><labelname>blind</labelname><flag>1</flag></object><object><points><x>0.5293</x><x>0.58887</x><y>0.26558</y><y>0.36043</y></points><label>8</label><labelname>blind</labelname><flag>1</flag></object><object><points><x>0.54199</x><x>0.60938</x><y>0.066396</y><y>0.10569</y></points><label>8</label><labelname>blind</labelname><flag>1</flag></object><object><points><x>0.54297</x><x>0.61035</x><y>0.14092</y><y>0.18157</y></points><label>8</label><labelname>blind</labelname><flag>1</flag></object><object><points><x>0.69238</x><x>0.71973</x><y>0.062331</y><y>0.10569</y></points><label>8</label><labelname>blind</labelname><flag>1</flag></object><object><points><x>0.69141</x><x>0.7666</x><y>0.1355</y><y>0.1748</y></points><label>8</label><labelname>blind</labelname><flag>1</flag></object><object><points><x>0.68555</x><x>0.70215</x><y>0.26829</y><y>0.3645</y></points><label>8</label><labelname>blind</labelname><flag>1</flag></object><object><points><x>0.54004</x><x>0.62402</x><y>0.47154</y><y>0.53252</y></points><label>3</label><labelname>window</labelname><flag>1</flag></object><object><points><x>0.69043</x><x>0.76367</x><y>0.47154</y><y>0.53117</y></points><label>3</label><labelname>window</labelname><flag>1</flag></object><object><points><x>0.4668</x><x>0.5</x><y>0.45122</y><y>0.52575</y></points><label>9</label><labelname>deco</labelname><flag>1</flag></object><object><points><x>0.44141</x><x>0.46289</x><y>0.43089</y><y>0.54743</y></points><label>7</label><labelname>balcony</labelname><flag>1</flag></object><object><points><x>0.62207</x><x>0.65918</x><y>0.26016</y><y>0.3645</y></points><label>9</label><labelname>deco</labelname><flag>1</flag></object><object><points><x>0.61914</x><x>0.65723</x><y>0.60705</y><y>0.71138</y></points><label>9</label><labelname>deco</labelname><flag>1</flag></object><object><points><x>0.17676</x><x>0.1875</x><y>0.82791</y><y>0.85637</y></points><label>3</label><labelname>window</labelname><flag>1</flag></object><object><points><x>0.29883</x><x>0.34863</x><y>0.39566</y><y>0.5664</y></points><label>5</label><labelname>cornice</labelname><flag>1</flag></object><object><points><x>0.0068359</x><x>0.077148</x><y>0.4607</y><y>0.52846</y></points><label>9</label><labelname>deco</labelname><flag>1</flag></object><object><points><x>0.82227</x><x>0.87402</x><y>0.51897</y><y>0.76423</y></points><label>12</label><labelname>shop</labelname><flag>1</flag></object><object><points><x>0.81445</x><x>0.85547</x><y>0.062331</y><y>0.28862</y></points><label>12</label><labelname>shop</labelname><flag>1</flag></object>