<object><points><x>0.18016</x><x>0.9919</x><y>0.12335</y><y>0.92805</y></points><label>2</label><labelname>facade</labelname><flag>1</flag></object><object><points><x>0.25101</x><x>0.40283</x><y>0.58884</y><y>0.68282</y></points><label>3</label><labelname>window</labelname><flag>1</flag></object><object><points><x>0.24696</x><x>0.40081</x><y>0.39648</y><y>0.49046</y></points><label>3</label><labelname>window</labelname><flag>1</flag></object><object><points><x>0.52024</x><x>0.67206</x><y>0.63877</y><y>0.69604</y></points><label>3</label><labelname>window</labelname><flag>1</flag></object><object><points><x>0.52227</x><x>0.67409</x><y>0.51248</y><y>0.56975</y></points><label>3</label><labelname>window</labelname><flag>1</flag></object><object><points><x>0.52227</x><x>0.67409</x><y>0.3862</y><y>0.44347</y></points><label>3</label><labelname>window</labelname><flag>1</flag></object><object><points><x>0.51822</x><x>0.59109</x><y>0.27313</y><y>0.31865</y></points><label>3</label><labelname>window</labelname><flag>1</flag></object><object><points><x>0.51417</x><x>0.58704</x><y>0.75624</y><y>0.80323</y></points><label>3</label><labelname>window</labelname><flag>1</flag></object><object><points><x>0.80567</x><x>0.95951</x><y>0.73862</y><y>0.81938</y></points><label>3</label><labelname>window</labelname><flag>1</flag></object><object><points><x>0.81377</x><x>0.96964</x><y>0.24816</y><y>0.3348</y></points><label>3</label><labelname>window</labelname><flag>1</flag></object><object><points><x>0.82996</x><x>0.89271</x><y>0.51836</y><y>0.56241</y></points><label>3</label><labelname>window</labelname><flag>1</flag></object><object><points><x>0.82996</x><x>0.98785</x><y>0.59618</y><y>0.6652</y></points><label>4</label><labelname>door</labelname><flag>1</flag></object><object><points><x>0.82794</x><x>0.98583</x><y>0.41116</y><y>0.48018</y></points><label>4</label><labelname>door</labelname><flag>1</flag></object><object><points><x>0.583</x><x>0.60526</x><y>0.25698</y><y>0.33627</y></points><label>6</label><labelname>sill</labelname><flag>1</flag></object><object><points><x>0.57895</x><x>0.60121</x><y>0.74009</y><y>0.81938</y></points><label>6</label><labelname>sill</labelname><flag>1</flag></object><object><points><x>0.66599</x><x>0.68421</x><y>0.62702</y><y>0.71366</y></points><label>6</label><labelname>sill</labelname><flag>1</flag></object><object><points><x>0.66599</x><x>0.68421</x><y>0.49927</y><y>0.5859</y></points><label>6</label><labelname>sill</labelname><flag>1</flag></object><object><points><x>0.66802</x><x>0.68826</x><y>0.37004</y><y>0.45668</y></points><label>6</label><labelname>sill</labelname><flag>1</flag></object><object><points><x>0.95142</x><x>0.97368</x><y>0.7254</y><y>0.83407</y></points><label>6</label><labelname>sill</labelname><flag>1</flag></object><object><points><x>0.96154</x><x>0.98178</x><y>0.24229</y><y>0.34949</y></points><label>6</label><labelname>sill</labelname><flag>1</flag></object><object><points><x>0.88866</x><x>0.90688</x><y>0.50514</y><y>0.57709</y></points><label>6</label><labelname>sill</labelname><flag>1</flag></object><object><points><x>0.39271</x><x>0.41093</x><y>0.57269</y><y>0.6931</y></points><label>6</label><labelname>sill</labelname><flag>1</flag></object><object><points><x>0.39676</x><x>0.417</x><y>0.38326</y><y>0.50367</y></points><label>6</label><labelname>sill</labelname><flag>1</flag></object><object><points><x>0.24089</x><x>0.39879</x><y>0.34949</y><y>0.39648</y></points><label>8</label><labelname>blind</labelname><flag>1</flag></object><object><points><x>0.24089</x><x>0.40081</x><y>0.48752</y><y>0.53598</y></points><label>8</label><labelname>blind</labelname><flag>1</flag></object><object><points><x>0.24494</x><x>0.40283</x><y>0.54479</y><y>0.59178</y></points><label>8</label><labelname>blind</labelname><flag>1</flag></object><object><points><x>0.24494</x><x>0.39474</x><y>0.68135</y><y>0.72687</y></points><label>8</label><labelname>blind</labelname><flag>1</flag></object><object><points><x>0.52227</x><x>0.58907</x><y>0.29662</y><y>0.31865</y></points><label>8</label><labelname>blind</labelname><flag>1</flag></object><object><points><x>0.52227</x><x>0.58907</x><y>0.27606</y><y>0.29515</y></points><label>8</label><labelname>blind</labelname><flag>1</flag></object><object><points><x>0.51822</x><x>0.58502</x><y>0.77974</y><y>0.80029</y></points><label>8</label><labelname>blind</labelname><flag>1</flag></object><object><points><x>0.51822</x><x>0.58502</x><y>0.75918</y><y>0.77827</y></points><label>8</label><labelname>blind</labelname><flag>1</flag></object><object><points><x>0.51619</x><x>0.67206</x><y>0.35389</y><y>0.38473</y></points><label>8</label><labelname>blind</labelname><flag>1</flag></object><object><points><x>0.51417</x><x>0.67004</x><y>0.44493</y><y>0.47577</y></points><label>8</label><labelname>blind</labelname><flag>1</flag></object><object><points><x>0.51619</x><x>0.67206</x><y>0.48164</y><y>0.51248</y></points><label>8</label><labelname>blind</labelname><flag>1</flag></object><object><points><x>0.51619</x><x>0.67206</x><y>0.57122</y><y>0.60206</y></points><label>8</label><labelname>blind</labelname><flag>1</flag></object><object><points><x>0.51619</x><x>0.67206</x><y>0.61233</y><y>0.6373</y></points><label>8</label><labelname>blind</labelname><flag>1</flag></object><object><points><x>0.51619</x><x>0.67206</x><y>0.69897</y><y>0.72687</y></points><label>8</label><labelname>blind</labelname><flag>1</flag></object><object><points><x>0.81579</x><x>0.96761</x><y>0.29369</y><y>0.33333</y></points><label>8</label><labelname>blind</labelname><flag>1</flag></object><object><points><x>0.81781</x><x>0.96761</x><y>0.2511</y><y>0.29369</y></points><label>8</label><labelname>blind</labelname><flag>1</flag></object><object><points><x>0.80567</x><x>0.95547</x><y>0.78267</y><y>0.81938</y></points><label>8</label><labelname>blind</labelname><flag>1</flag></object><object><points><x>0.80567</x><x>0.95547</x><y>0.74156</y><y>0.78267</y></points><label>8</label><labelname>blind</labelname><flag>1</flag></object><object><points><x>0.43117</x><x>0.51822</x><y>0.14097</y><y>0.92364</y></points><label>10</label><labelname>molding</labelname><flag>1</flag></object>