<object><points><x>0.53982</x><x>0.98673</x><y>0.3418</y><y>0.86523</y></points><label>2</label><labelname>facade</labelname><flag>1</flag></object><object><points><x>0.34218</x><x>0.43658</x><y>0.013672</y><y>0.049805</y></points><label>3</label><labelname>window</labelname><flag>1</flag></object><object><points><x>0.20059</x><x>0.30678</x><y>0.15332</y><y>0.18262</y></points><label>3</label><labelname>window</labelname><flag>1</flag></object><object><points><x>0.22124</x><x>0.32891</x><y>0.19141</y><y>0.22168</y></points><label>3</label><labelname>window</labelname><flag>1</flag></object><object><points><x>0.43805</x><x>0.55015</x><y>0.15137</y><y>0.18262</y></points><label>3</label><labelname>window</labelname><flag>1</flag></object><object><points><x>0.45723</x><x>0.56932</x><y>0.18945</y><y>0.22168</y></points><label>3</label><labelname>window</labelname><flag>1</flag></object><object><points><x>0.67404</x><x>0.78319</x><y>0.1709</y><y>0.20215</y></points><label>3</label><labelname>window</labelname><flag>1</flag></object><object><points><x>0.71976</x><x>0.82448</x><y>0.28613</y><y>0.30859</y></points><label>3</label><labelname>window</labelname><flag>1</flag></object><object><points><x>0.90265</x><x>0.99853</x><y>0.16992</y><y>0.20117</y></points><label>3</label><labelname>window</labelname><flag>1</flag></object><object><points><x>0.33628</x><x>0.441</x><y>0.86523</y><y>0.8916</y></points><label>3</label><labelname>window</labelname><flag>1</flag></object><object><points><x>0.53245</x><x>0.66077</x><y>0.86816</y><y>0.89355</y></points><label>3</label><labelname>window</labelname><flag>1</flag></object><object><points><x>0.64307</x><x>0.74779</x><y>0.34375</y><y>0.41309</y></points><label>3</label><labelname>window</labelname><flag>1</flag></object><object><points><x>0.64454</x><x>0.74631</x><y>0.44043</y><y>0.50977</y></points><label>3</label><labelname>window</labelname><flag>1</flag></object><object><points><x>0.64602</x><x>0.74484</x><y>0.53516</y><y>0.60156</y></points><label>3</label><labelname>window</labelname><flag>1</flag></object><object><points><x>0.64602</x><x>0.74484</x><y>0.62598</y><y>0.69238</y></points><label>3</label><labelname>window</labelname><flag>1</flag></object><object><points><x>0.64454</x><x>0.74336</x><y>0.71582</y><y>0.77832</y></points><label>3</label><labelname>window</labelname><flag>1</flag></object><object><points><x>0.64602</x><x>0.74189</x><y>0.80273</y><y>0.85254</y></points><label>3</label><labelname>window</labelname><flag>1</flag></object><object><points><x>0.30973</x><x>0.33333</x><y>0.72949</y><y>0.73438</y></points><label>3</label><labelname>window</labelname><flag>1</flag></object><object><points><x>0.30973</x><x>0.33186</x><y>0.7373</y><y>0.74121</y></points><label>3</label><labelname>window</labelname><flag>1</flag></object><object><points><x>0.13127</x><x>0.23009</x><y>0.88965</y><y>0.93555</y></points><label>3</label><labelname>window</labelname><flag>1</flag></object><object><points><x>0.13274</x><x>0.22861</x><y>0.93848</y><y>0.98242</y></points><label>3</label><labelname>window</labelname><flag>1</flag></object><object><points><x>0.65044</x><x>0.66667</x><y>0.14648</y><y>0.21973</y></points><label>5</label><labelname>cornice</labelname><flag>1</flag></object><object><points><x>0.69322</x><x>0.72566</x><y>0.27539</y><y>0.33105</y></points><label>5</label><labelname>cornice</labelname><flag>1</flag></object><object><points><x>0.5472</x><x>0.61504</x><y>0.34473</y><y>0.85254</y></points><label>7</label><labelname>balcony</labelname><flag>1</flag></object><object><points><x>0.13274</x><x>0.20944</x><y>0.89062</y><y>0.93359</y></points><label>8</label><labelname>blind</labelname><flag>1</flag></object><object><points><x>0.13422</x><x>0.21091</x><y>0.93848</y><y>0.98145</y></points><label>8</label><labelname>blind</labelname><flag>1</flag></object><object><points><x>0.39823</x><x>0.50737</x><y>0.7168</y><y>0.75488</y></points><label>9</label><labelname>deco</labelname><flag>1</flag></object><object><points><x>0.79056</x><x>0.84808</x><y>0.56934</y><y>0.6582</y></points><label>9</label><labelname>deco</labelname><flag>1</flag></object><object><points><x>0.82153</x><x>0.92183</x><y>0.34668</y><y>0.39062</y></points><label>9</label><labelname>deco</labelname><flag>1</flag></object><object><points><x>0.80531</x><x>0.89971</x><y>0.81836</y><y>0.86133</y></points><label>9</label><labelname>deco</labelname><flag>1</flag></object><object><points><x>0.5413</x><x>0.59735</x><y>0.00097656</y><y>0.048828</y></points><label>9</label><labelname>deco</labelname><flag>1</flag></object><object><points><x>0.4528</x><x>0.51327</x><y>0.93555</y><y>0.95508</y></points><label>9</label><labelname>deco</labelname><flag>1</flag></object><object><points><x>0.45133</x><x>0.53245</x><y>0.86328</y><y>0.89453</y></points><label>9</label><labelname>deco</labelname><flag>1</flag></object><object><points><x>0.30678</x><x>0.34956</x><y>0.85645</y><y>0.89941</y></points><label>9</label><labelname>deco</labelname><flag>1</flag></object><object><points><x>0.26696</x><x>0.28909</x><y>0.85742</y><y>0.87305</y></points><label>9</label><labelname>deco</labelname><flag>1</flag></object><object><points><x>0.84808</x><x>0.94543</x><y>0.87598</y><y>0.93164</y></points><label>9</label><labelname>deco</labelname><flag>1</flag></object><object><points><x>0.60619</x><x>0.63422</x><y>0.34375</y><y>0.85156</y></points><label>10</label><labelname>molding</labelname><flag>1</flag></object><object><points><x>0.78024</x><x>0.81416</x><y>0.34473</y><y>0.86328</y></points><label>10</label><labelname>molding</labelname><flag>1</flag></object><object><points><x>0.73746</x><x>0.75959</x><y>0.34277</y><y>0.86133</y></points><label>10</label><labelname>molding</labelname><flag>1</flag></object><object><points><x>0.30383</x><x>0.65044</x><y>0.90527</y><y>0.93066</y></points><label>11</label><labelname>pillar</labelname><flag>1</flag></object><object><points><x>0.65044</x><x>0.73009</x><y>0.90137</y><y>0.9375</y></points><label>11</label><labelname>pillar</labelname><flag>1</flag></object><object><points><x>0.24926</x><x>0.30383</x><y>0.89648</y><y>0.94043</y></points><label>11</label><labelname>pillar</labelname><flag>1</flag></object><object><points><x>0.49853</x><x>0.61062</x><y>0.27148</y><y>0.29492</y></points><label>3</label><labelname>window</labelname><flag>1</flag></object><object><points><x>0.27286</x><x>0.38201</x><y>0.26758</y><y>0.29199</y></points><label>3</label><labelname>window</labelname><flag>1</flag></object><object><points><x>0.52655</x><x>0.63717</x><y>0.30078</y><y>0.32422</y></points><label>3</label><labelname>window</labelname><flag>1</flag></object><object><points><x>0.29794</x><x>0.41003</x><y>0.30078</y><y>0.32324</y></points><label>3</label><labelname>window</labelname><flag>1</flag></object><object><points><x>0.016224</x><x>0.99705</x><y>0.083008</y><y>0.33887</y></points><label>2</label><labelname>facade</labelname><flag>1</flag></object>