<object><points><x>0.32324</x><x>1</x><y>0.37705</y><y>0.95839</y></points><label>2</label><labelname>facade</labelname><flag>1</flag></object><object><points><x>0.8916</x><x>0.95605</x><y>0.87642</y><y>0.91677</y></points><label>3</label><labelname>window</labelname><flag>1</flag></object><object><points><x>0.89062</x><x>0.95508</x><y>0.71627</y><y>0.80202</y></points><label>3</label><labelname>window</labelname><flag>1</flag></object><object><points><x>0.88965</x><x>0.95312</x><y>0.5599</y><y>0.64565</y></points><label>3</label><labelname>window</labelname><flag>1</flag></object><object><points><x>0.8877</x><x>0.95215</x><y>0.42497</y><y>0.46532</y></points><label>3</label><labelname>window</labelname><flag>1</flag></object><object><points><x>0.62988</x><x>0.6748</x><y>0.85876</y><y>0.93317</y></points><label>5</label><labelname>cornice</labelname><flag>1</flag></object><object><points><x>0.62793</x><x>0.67285</x><y>0.69357</y><y>0.82219</y></points><label>5</label><labelname>cornice</labelname><flag>1</flag></object><object><points><x>0.62695</x><x>0.66992</x><y>0.53342</y><y>0.66456</y></points><label>5</label><labelname>cornice</labelname><flag>1</flag></object><object><points><x>0.625</x><x>0.67383</x><y>0.39975</y><y>0.47919</y></points><label>5</label><labelname>cornice</labelname><flag>1</flag></object><object><points><x>0.66406</x><x>0.72363</x><y>0.42497</y><y>0.46406</y></points><label>3</label><labelname>window</labelname><flag>1</flag></object><object><points><x>0.77246</x><x>0.83496</x><y>0.42245</y><y>0.4628</y></points><label>3</label><labelname>window</labelname><flag>1</flag></object><object><points><x>0.77539</x><x>0.83691</x><y>0.55612</y><y>0.59395</y></points><label>3</label><labelname>window</labelname><flag>1</flag></object><object><points><x>0.66602</x><x>0.72559</x><y>0.55864</y><y>0.59521</y></points><label>3</label><labelname>window</labelname><flag>1</flag></object><object><points><x>0.77539</x><x>0.83691</x><y>0.60782</y><y>0.64691</y></points><label>3</label><labelname>window</labelname><flag>1</flag></object><object><points><x>0.66699</x><x>0.72656</x><y>0.61034</y><y>0.64817</y></points><label>3</label><labelname>window</labelname><flag>1</flag></object><object><points><x>0.77637</x><x>0.83789</x><y>0.71248</y><y>0.75284</y></points><label>3</label><labelname>window</labelname><flag>1</flag></object><object><points><x>0.66699</x><x>0.72656</x><y>0.71501</y><y>0.75284</y></points><label>3</label><labelname>window</labelname><flag>1</flag></object><object><points><x>0.66699</x><x>0.72656</x><y>0.76797</y><y>0.80454</y></points><label>3</label><labelname>window</labelname><flag>1</flag></object><object><points><x>0.77637</x><x>0.83887</x><y>0.76671</y><y>0.80454</y></points><label>3</label><labelname>window</labelname><flag>1</flag></object><object><points><x>0.77734</x><x>0.83984</x><y>0.87642</y><y>0.91677</y></points><label>3</label><labelname>window</labelname><flag>1</flag></object><object><points><x>0.66797</x><x>0.72852</x><y>0.87642</y><y>0.91551</y></points><label>3</label><labelname>window</labelname><flag>1</flag></object><object><points><x>0.51953</x><x>0.56738</x><y>0.8575</y><y>0.93317</y></points><label>5</label><labelname>cornice</labelname><flag>1</flag></object><object><points><x>0.55762</x><x>0.61426</x><y>0.87642</y><y>0.91551</y></points><label>3</label><labelname>window</labelname><flag>1</flag></object><object><points><x>0.44629</x><x>0.50488</x><y>0.87516</y><y>0.91425</y></points><label>3</label><labelname>window</labelname><flag>1</flag></object><object><points><x>0.51953</x><x>0.56348</x><y>0.69231</y><y>0.82093</y></points><label>5</label><labelname>cornice</labelname><flag>1</flag></object><object><points><x>0.55762</x><x>0.61426</x><y>0.76671</y><y>0.80454</y></points><label>3</label><labelname>window</labelname><flag>1</flag></object><object><points><x>0.55762</x><x>0.61426</x><y>0.71501</y><y>0.75158</y></points><label>3</label><labelname>window</labelname><flag>1</flag></object><object><points><x>0.44629</x><x>0.50488</x><y>0.76545</y><y>0.80328</y></points><label>3</label><labelname>window</labelname><flag>1</flag></object><object><points><x>0.44629</x><x>0.50488</x><y>0.71122</y><y>0.75032</y></points><label>3</label><labelname>window</labelname><flag>1</flag></object><object><points><x>0.51953</x><x>0.56738</x><y>0.53216</y><y>0.66204</y></points><label>5</label><labelname>cornice</labelname><flag>1</flag></object><object><points><x>0.55762</x><x>0.61426</x><y>0.60908</y><y>0.64691</y></points><label>3</label><labelname>window</labelname><flag>1</flag></object><object><points><x>0.55664</x><x>0.61426</x><y>0.55612</y><y>0.59395</y></points><label>3</label><labelname>window</labelname><flag>1</flag></object><object><points><x>0.44727</x><x>0.50488</x><y>0.60656</y><y>0.64691</y></points><label>3</label><labelname>window</labelname><flag>1</flag></object><object><points><x>0.44629</x><x>0.50488</x><y>0.55359</y><y>0.59395</y></points><label>3</label><labelname>window</labelname><flag>1</flag></object><object><points><x>0.51465</x><x>0.56543</x><y>0.39723</y><y>0.47667</y></points><label>5</label><labelname>cornice</labelname><flag>1</flag></object><object><points><x>0.55371</x><x>0.61035</x><y>0.42245</y><y>0.4628</y></points><label>3</label><labelname>window</labelname><flag>1</flag></object><object><points><x>0.44336</x><x>0.50195</x><y>0.41992</y><y>0.46154</y></points><label>3</label><labelname>window</labelname><flag>1</flag></object><object><points><x>0.42285</x><x>0.49219</x><y>0.32282</y><y>0.35183</y></points><label>3</label><labelname>window</labelname><flag>1</flag></object><object><points><x>0.53809</x><x>0.60254</x><y>0.32409</y><y>0.35435</y></points><label>3</label><labelname>window</labelname><flag>1</flag></object><object><points><x>0.65527</x><x>0.71973</x><y>0.32787</y><y>0.35813</y></points><label>3</label><labelname>window</labelname><flag>1</flag></object><object><points><x>0.33984</x><x>0.36816</x><y>0.3203</y><y>0.35687</y></points><label>3</label><labelname>window</labelname><flag>1</flag></object><object><points><x>0.24121</x><x>0.26562</x><y>0.35057</y><y>0.36822</y></points><label>3</label><labelname>window</labelname><flag>1</flag></object><object><points><x>0.2334</x><x>0.25293</x><y>0.33039</y><y>0.34174</y></points><label>3</label><labelname>window</labelname><flag>1</flag></object><object><points><x>0.25684</x><x>0.2793</x><y>0.37453</y><y>0.38588</y></points><label>3</label><labelname>window</labelname><flag>1</flag></object><object><points><x>0.37012</x><x>0.38672</x><y>0.44893</y><y>0.49811</y></points><label>3</label><labelname>window</labelname><flag>1</flag></object><object><points><x>0.37207</x><x>0.38965</x><y>0.39092</y><y>0.4401</y></points><label>3</label><labelname>window</labelname><flag>1</flag></object><object><points><x>0.35059</x><x>0.38477</x><y>0.74149</y><y>0.7768</y></points><label>3</label><labelname>window</labelname><flag>1</flag></object><object><points><x>0.3252</x><x>0.35645</x><y>0.7087</y><y>0.81211</y></points><label>5</label><labelname>cornice</labelname><flag>1</flag></object><object><points><x>0.5</x><x>0.5166</x><y>0.40605</y><y>0.47037</y></points><label>6</label><labelname>sill</labelname><flag>1</flag></object><object><points><x>0.50391</x><x>0.52246</x><y>0.60151</y><y>0.657</y></points><label>6</label><labelname>sill</labelname><flag>1</flag></object><object><points><x>0.50391</x><x>0.52246</x><y>0.54603</y><y>0.60151</y></points><label>6</label><labelname>sill</labelname><flag>1</flag></object><object><points><x>0.50293</x><x>0.52246</x><y>0.86381</y><y>0.92812</y></points><label>6</label><labelname>sill</labelname><flag>1</flag></object><object><points><x>0.50391</x><x>0.52637</x><y>0.75914</y><y>0.81841</y></points><label>6</label><labelname>sill</labelname><flag>1</flag></object><object><points><x>0.50391</x><x>0.52637</x><y>0.69987</y><y>0.75914</y></points><label>6</label><labelname>sill</labelname><flag>1</flag></object><object><points><x>0.61133</x><x>0.62598</x><y>0.86129</y><y>0.9319</y></points><label>6</label><labelname>sill</labelname><flag>1</flag></object><object><points><x>0.61328</x><x>0.625</x><y>0.70113</y><y>0.81841</y></points><label>6</label><labelname>sill</labelname><flag>1</flag></object><object><points><x>0.6123</x><x>0.625</x><y>0.54098</y><y>0.65826</y></points><label>6</label><labelname>sill</labelname><flag>1</flag></object><object><points><x>0.6084</x><x>0.62012</x><y>0.40605</y><y>0.47541</y></points><label>6</label><labelname>sill</labelname><flag>1</flag></object><object><points><x>0.72266</x><x>0.74707</x><y>0.41236</y><y>0.47415</y></points><label>6</label><labelname>sill</labelname><flag>1</flag></object><object><points><x>0.72461</x><x>0.74805</x><y>0.54224</y><y>0.60151</y></points><label>6</label><labelname>sill</labelname><flag>1</flag></object><object><points><x>0.72461</x><x>0.74902</x><y>0.59899</y><y>0.65826</y></points><label>6</label><labelname>sill</labelname><flag>1</flag></object><object><points><x>0.72656</x><x>0.74902</x><y>0.70492</y><y>0.75914</y></points><label>6</label><labelname>sill</labelname><flag>1</flag></object><object><points><x>0.72754</x><x>0.75</x><y>0.76166</y><y>0.81589</y></points><label>6</label><labelname>sill</labelname><flag>1</flag></object><object><points><x>0.72852</x><x>0.75</x><y>0.86507</y><y>0.92938</y></points><label>6</label><labelname>sill</labelname><flag>1</flag></object><object><points><x>0.83691</x><x>0.86035</x><y>0.86381</y><y>0.92812</y></points><label>6</label><labelname>sill</labelname><flag>1</flag></object><object><points><x>0.83691</x><x>0.86035</x><y>0.7604</y><y>0.81463</y></points><label>6</label><labelname>sill</labelname><flag>1</flag></object><object><points><x>0.83789</x><x>0.86133</x><y>0.70492</y><y>0.75914</y></points><label>6</label><labelname>sill</labelname><flag>1</flag></object><object><points><x>0.83691</x><x>0.86035</x><y>0.60151</y><y>0.65574</y></points><label>6</label><labelname>sill</labelname><flag>1</flag></object><object><points><x>0.83789</x><x>0.86133</x><y>0.54603</y><y>0.60025</y></points><label>6</label><labelname>sill</labelname><flag>1</flag></object><object><points><x>0.83496</x><x>0.85742</x><y>0.4111</y><y>0.48045</y></points><label>6</label><labelname>sill</labelname><flag>1</flag></object><object><points><x>0.95117</x><x>0.95996</x><y>0.41362</y><y>0.47667</y></points><label>6</label><labelname>sill</labelname><flag>1</flag></object><object><points><x>0.95215</x><x>0.96387</x><y>0.54603</y><y>0.65574</y></points><label>6</label><labelname>sill</labelname><flag>1</flag></object><object><points><x>0.9502</x><x>0.96191</x><y>0.70113</y><y>0.81084</y></points><label>6</label><labelname>sill</labelname><flag>1</flag></object><object><points><x>0.95215</x><x>0.97559</x><y>0.86507</y><y>0.93064</y></points><label>6</label><labelname>sill</labelname><flag>1</flag></object><object><points><x>0.47754</x><x>0.50879</x><y>0.30769</y><y>0.37201</y></points><label>6</label><labelname>sill</labelname><flag>1</flag></object><object><points><x>0.58984</x><x>0.63477</x><y>0.30769</y><y>0.36696</y></points><label>6</label><labelname>sill</labelname><flag>1</flag></object><object><points><x>0.61621</x><x>0.65039</x><y>0.30139</y><y>0.37579</y></points><label>5</label><labelname>cornice</labelname><flag>1</flag></object><object><points><x>0.71094</x><x>0.74316</x><y>0.31021</y><y>0.37201</y></points><label>6</label><labelname>sill</labelname><flag>1</flag></object><object><points><x>0.42578</x><x>0.44336</x><y>0.42749</y><y>0.44767</y></points><label>9</label><labelname>deco</labelname><flag>1</flag></object><object><points><x>0.43066</x><x>0.44629</x><y>0.56368</y><y>0.58134</y></points><label>9</label><labelname>deco</labelname><flag>1</flag></object><object><points><x>0.43066</x><x>0.44629</x><y>0.61538</y><y>0.6343</y></points><label>9</label><labelname>deco</labelname><flag>1</flag></object><object><points><x>0.43066</x><x>0.44629</x><y>0.72131</y><y>0.74023</y></points><label>9</label><labelname>deco</labelname><flag>1</flag></object><object><points><x>0.43066</x><x>0.44531</x><y>0.77427</y><y>0.79319</y></points><label>9</label><labelname>deco</labelname><flag>1</flag></object><object><points><x>0.37891</x><x>0.4375</x><y>0.38083</y><y>0.95586</y></points><label>10</label><labelname>molding</labelname><flag>1</flag></object><object><points><x>0.74121</x><x>0.76465</x><y>0.38462</y><y>0.9546</y></points><label>10</label><labelname>molding</labelname><flag>1</flag></object><object><points><x>0.50781</x><x>0.69434</x><y>0.6633</y><y>0.69357</y></points><label>11</label><labelname>pillar</labelname><flag>1</flag></object><object><points><x>0.50781</x><x>0.69336</x><y>0.82346</y><y>0.8512</y></points><label>11</label><labelname>pillar</labelname><flag>1</flag></object><object><points><x>0.69434</x><x>0.74902</x><y>0.66078</y><y>0.69861</y></points><label>11</label><labelname>pillar</labelname><flag>1</flag></object><object><points><x>0.69336</x><x>0.74902</x><y>0.81967</y><y>0.85876</y></points><label>11</label><labelname>pillar</labelname><flag>1</flag></object><object><points><x>0.4707</x><x>0.50781</x><y>0.65574</y><y>0.69735</y></points><label>11</label><labelname>pillar</labelname><flag>1</flag></object><object><points><x>0.4707</x><x>0.50781</x><y>0.81715</y><y>0.85876</y></points><label>11</label><labelname>pillar</labelname><flag>1</flag></object><object><points><x>0.95801</x><x>0.97363</x><y>0.4174</y><y>0.47163</y></points><label>12</label><labelname>shop</labelname><flag>1</flag></object><object><points><x>0.95996</x><x>0.97656</x><y>0.55864</y><y>0.64565</y></points><label>12</label><labelname>shop</labelname><flag>1</flag></object><object><points><x>0.96094</x><x>0.97461</x><y>0.71753</y><y>0.80328</y></points><label>12</label><labelname>shop</labelname><flag>1</flag></object>