<object><points><x>0.0029297</x><x>0.99902</x><y>0.0020243</y><y>0.93522</y></points><label>2</label><labelname>facade</labelname><flag>1</flag></object><object><points><x>0.46191</x><x>0.60156</x><y>0.45142</y><y>0.583</y></points><label>3</label><labelname>window</labelname><flag>1</flag></object><object><points><x>0.16895</x><x>0.32031</x><y>0.44737</y><y>0.59109</y></points><label>3</label><labelname>window</labelname><flag>1</flag></object><object><points><x>0.72461</x><x>0.97949</x><y>0.40486</y><y>0.62955</y></points><label>3</label><labelname>window</labelname><flag>1</flag></object><object><points><x>0.32031</x><x>0.36133</x><y>0.40081</y><y>0.64372</y></points><label>7</label><labelname>balcony</labelname><flag>1</flag></object><object><points><x>0.60742</x><x>0.65918</x><y>0.2004</y><y>0.85425</y></points><label>7</label><labelname>balcony</labelname><flag>1</flag></object><object><points><x>0.51074</x><x>0.6123</x><y>0.2834</y><y>0.36235</y></points><label>9</label><labelname>deco</labelname><flag>1</flag></object><object><points><x>0.5127</x><x>0.61035</x><y>0.68623</y><y>0.75304</y></points><label>9</label><labelname>deco</labelname><flag>1</flag></object><object><points><x>0.22168</x><x>0.32324</x><y>0.66802</y><y>0.74291</y></points><label>9</label><labelname>deco</labelname><flag>1</flag></object><object><points><x>0.21777</x><x>0.32031</x><y>0.2834</y><y>0.3502</y></points><label>9</label><labelname>deco</labelname><flag>1</flag></object><object><points><x>0.020508</x><x>0.17188</x><y>0.024291</y><y>0.92308</y></points><label>10</label><labelname>molding</labelname><flag>1</flag></object><object><points><x>0.31934</x><x>0.33887</x><y>0.016194</y><y>0.917</y></points><label>10</label><labelname>molding</labelname><flag>1</flag></object><object><points><x>0.36035</x><x>0.45508</x><y>0.0080972</y><y>0.9251</y></points><label>10</label><labelname>molding</labelname><flag>1</flag></object><object><points><x>0.52148</x><x>0.53711</x><y>0.018219</y><y>0.93117</y></points><label>10</label><labelname>molding</labelname><flag>1</flag></object><object><points><x>0.65625</x><x>0.68652</x><y>0.0080972</y><y>0.92308</y></points><label>10</label><labelname>molding</labelname><flag>1</flag></object><object><points><x>0.44531</x><x>0.60254</x><y>0.21053</y><y>0.24291</y></points><label>11</label><labelname>pillar</labelname><flag>1</flag></object><object><points><x>0.44727</x><x>0.60449</x><y>0.39879</y><y>0.4332</y></points><label>11</label><labelname>pillar</labelname><flag>1</flag></object><object><points><x>0.44629</x><x>0.60352</x><y>0.61538</y><y>0.64777</y></points><label>11</label><labelname>pillar</labelname><flag>1</flag></object><object><points><x>0.44629</x><x>0.60352</x><y>0.7996</y><y>0.83401</y></points><label>11</label><labelname>pillar</labelname><flag>1</flag></object><object><points><x>0.4502</x><x>0.60742</x><y>0.0080972</y><y>0.032389</y></points><label>11</label><labelname>pillar</labelname><flag>1</flag></object><object><points><x>0.60254</x><x>0.65918</x><y>0.19838</y><y>0.25709</y></points><label>11</label><labelname>pillar</labelname><flag>1</flag></object><object><points><x>0.60449</x><x>0.65918</x><y>0.39271</y><y>0.45344</y></points><label>11</label><labelname>pillar</labelname><flag>1</flag></object><object><points><x>0.60352</x><x>0.6582</x><y>0.60729</y><y>0.66802</y></points><label>11</label><labelname>pillar</labelname><flag>1</flag></object><object><points><x>0.60352</x><x>0.65723</x><y>0.79757</y><y>0.85628</y></points><label>11</label><labelname>pillar</labelname><flag>1</flag></object><object><points><x>0.60742</x><x>0.66211</x><y>0.0020243</y><y>0.048583</y></points><label>11</label><labelname>pillar</labelname><flag>1</flag></object><object><points><x>0.42188</x><x>0.44531</x><y>0.19433</y><y>0.25911</y></points><label>11</label><labelname>pillar</labelname><flag>1</flag></object><object><points><x>0.42383</x><x>0.44727</x><y>0.38866</y><y>0.45344</y></points><label>11</label><labelname>pillar</labelname><flag>1</flag></object><object><points><x>0.42285</x><x>0.44531</x><y>0.78543</y><y>0.85223</y></points><label>11</label><labelname>pillar</labelname><flag>1</flag></object><object><points><x>0.42383</x><x>0.44727</x><y>0.59919</y><y>0.66599</y></points><label>11</label><labelname>pillar</labelname><flag>1</flag></object><object><points><x>0.42578</x><x>0.4502</x><y>0.0020243</y><y>0.038462</y></points><label>11</label><labelname>pillar</labelname><flag>1</flag></object><object><points><x>0.17578</x><x>0.21582</x><y>0.24696</y><y>0.39676</y></points><label>9</label><labelname>deco</labelname><flag>1</flag></object><object><points><x>0.17773</x><x>0.21777</x><y>0.64575</y><y>0.79352</y></points><label>9</label><labelname>deco</labelname><flag>1</flag></object><object><points><x>0.13965</x><x>0.15332</x><y>0.44332</y><y>0.60121</y></points><label>9</label><labelname>deco</labelname><flag>1</flag></object><object><points><x>0.46875</x><x>0.51172</x><y>0.65587</y><y>0.7834</y></points><label>9</label><labelname>deco</labelname><flag>1</flag></object><object><points><x>0.46777</x><x>0.51074</x><y>0.25304</y><y>0.38259</y></points><label>9</label><labelname>deco</labelname><flag>1</flag></object><object><points><x>0.21094</x><x>0.32031</x><y>0.21457</y><y>0.24089</y></points><label>11</label><labelname>pillar</labelname><flag>1</flag></object><object><points><x>0.20996</x><x>0.31836</x><y>0.40486</y><y>0.42915</y></points><label>11</label><labelname>pillar</labelname><flag>1</flag></object><object><points><x>0.21289</x><x>0.32129</x><y>0.61538</y><y>0.63968</y></points><label>11</label><labelname>pillar</labelname><flag>1</flag></object><object><points><x>0.21289</x><x>0.32227</x><y>0.79757</y><y>0.82389</y></points><label>11</label><labelname>pillar</labelname><flag>1</flag></object><object><points><x>0.14062</x><x>0.20996</x><y>0.39879</y><y>0.43927</y></points><label>11</label><labelname>pillar</labelname><flag>1</flag></object><object><points><x>0.1416</x><x>0.21094</x><y>0.20648</y><y>0.24899</y></points><label>11</label><labelname>pillar</labelname><flag>1</flag></object><object><points><x>0.14258</x><x>0.21289</x><y>0.60526</y><y>0.64575</y></points><label>11</label><labelname>pillar</labelname><flag>1</flag></object><object><points><x>0.14355</x><x>0.21387</x><y>0.7915</y><y>0.83198</y></points><label>11</label><labelname>pillar</labelname><flag>1</flag></object>