<object><points><x>0.0029297</x><x>0.99805</x><y>0.0011148</y><y>1</y></points><label>2</label><labelname>facade</labelname><flag>1</flag></object><object><points><x>0.54102</x><x>0.70312</x><y>0.35229</y><y>0.43813</y></points><label>3</label><labelname>window</labelname><flag>1</flag></object><object><points><x>0.53711</x><x>0.7002</x><y>0.56745</y><y>0.65329</y></points><label>3</label><labelname>window</labelname><flag>1</flag></object><object><points><x>0.53906</x><x>0.70312</x><y>0.80045</y><y>0.88517</y></points><label>3</label><labelname>window</labelname><flag>1</flag></object><object><points><x>0.54102</x><x>0.70703</x><y>0.12263</y><y>0.20736</y></points><label>3</label><labelname>window</labelname><flag>1</flag></object><object><points><x>0.23633</x><x>0.43262</x><y>0.35563</y><y>0.44147</y></points><label>3</label><labelname>window</labelname><flag>1</flag></object><object><points><x>0.23535</x><x>0.43066</x><y>0.57191</y><y>0.6544</y></points><label>3</label><labelname>window</labelname><flag>1</flag></object><object><points><x>0.23633</x><x>0.40234</x><y>0.80268</y><y>0.88406</y></points><label>3</label><labelname>window</labelname><flag>1</flag></object><object><points><x>0.23926</x><x>0.40527</x><y>0.12932</y><y>0.2107</y></points><label>3</label><labelname>window</labelname><flag>1</flag></object><object><points><x>0.1543</x><x>0.22559</x><y>0.27871</y><y>0.49944</y></points><label>5</label><labelname>cornice</labelname><flag>1</flag></object><object><points><x>0.1543</x><x>0.22559</x><y>0.50613</y><y>0.72798</y></points><label>5</label><labelname>cornice</labelname><flag>1</flag></object><object><points><x>0.43848</x><x>0.50586</x><y>0.057971</y><y>0.24749</y></points><label>5</label><labelname>cornice</labelname><flag>1</flag></object><object><points><x>0.44043</x><x>0.50977</x><y>0.74693</y><y>0.93645</y></points><label>5</label><labelname>cornice</labelname><flag>1</flag></object><object><points><x>0.16895</x><x>0.22852</x><y>0.083612</y><y>0.24749</y></points><label>5</label><labelname>cornice</labelname><flag>1</flag></object><object><points><x>0.1709</x><x>0.22949</x><y>0.76031</y><y>0.92419</y></points><label>5</label><labelname>cornice</labelname><flag>1</flag></object><object><points><x>0.40039</x><x>0.44434</x><y>0.767</y><y>0.91081</y></points><label>6</label><labelname>sill</labelname><flag>1</flag></object><object><points><x>0.70215</x><x>0.74609</x><y>0.3233</y><y>0.46711</y></points><label>6</label><labelname>sill</labelname><flag>1</flag></object><object><points><x>0.69824</x><x>0.74219</x><y>0.53623</y><y>0.68339</y></points><label>6</label><labelname>sill</labelname><flag>1</flag></object><object><points><x>0.3584</x><x>0.49121</x><y>0.27871</y><y>0.70011</y></points><label>7</label><labelname>balcony</labelname><flag>1</flag></object><object><points><x>0.68457</x><x>0.75</x><y>0.7748</y><y>0.90858</y></points><label>7</label><labelname>balcony</labelname><flag>1</flag></object><object><points><x>0.68848</x><x>0.75293</x><y>0.095875</y><y>0.23077</y></points><label>7</label><labelname>balcony</labelname><flag>1</flag></object><object><points><x>0.24512</x><x>0.40137</x><y>0.84615</y><y>0.88294</y></points><label>8</label><labelname>blind</labelname><flag>1</flag></object><object><points><x>0.24512</x><x>0.40137</x><y>0.80602</y><y>0.84392</y></points><label>8</label><labelname>blind</labelname><flag>1</flag></object><object><points><x>0.24512</x><x>0.42969</x><y>0.61761</y><y>0.65329</y></points><label>8</label><labelname>blind</labelname><flag>1</flag></object><object><points><x>0.24512</x><x>0.43066</x><y>0.57971</y><y>0.6165</y></points><label>8</label><labelname>blind</labelname><flag>1</flag></object><object><points><x>0.24512</x><x>0.43359</x><y>0.40803</y><y>0.43924</y></points><label>8</label><labelname>blind</labelname><flag>1</flag></object><object><points><x>0.24512</x><x>0.43359</x><y>0.36789</y><y>0.40357</y></points><label>8</label><labelname>blind</labelname><flag>1</flag></object><object><points><x>0.24512</x><x>0.40332</x><y>0.17726</y><y>0.20847</y></points><label>8</label><labelname>blind</labelname><flag>1</flag></object><object><points><x>0.24512</x><x>0.40332</x><y>0.1427</y><y>0.17503</y></points><label>8</label><labelname>blind</labelname><flag>1</flag></object><object><points><x>0.053711</x><x>0.16504</x><y>0.012263</y><y>1</y></points><label>10</label><labelname>molding</labelname><flag>1</flag></object><object><points><x>0.0068359</x><x>0.041016</x><y>0.0022297</y><y>0.99889</y></points><label>7</label><labelname>balcony</labelname><flag>1</flag></object><object><points><x>0.74414</x><x>0.79102</x><y>0.0078038</y><y>0.99331</y></points><label>10</label><labelname>molding</labelname><flag>1</flag></object><object><points><x>0.22949</x><x>0.37012</x><y>0.65663</y><y>0.68339</y></points><label>11</label><labelname>pillar</labelname><flag>1</flag></object><object><points><x>0.23145</x><x>0.37109</x><y>0.534</y><y>0.56076</y></points><label>11</label><labelname>pillar</labelname><flag>1</flag></object><object><points><x>0.23242</x><x>0.37305</x><y>0.44036</y><y>0.46823</y></points><label>11</label><labelname>pillar</labelname><flag>1</flag></object><object><points><x>0.23145</x><x>0.37207</x><y>0.31996</y><y>0.34671</y></points><label>11</label><labelname>pillar</labelname><flag>1</flag></object><object><points><x>0.37402</x><x>0.39746</x><y>0.43924</y><y>0.47046</y></points><label>11</label><labelname>pillar</labelname><flag>1</flag></object><object><points><x>0.37109</x><x>0.39551</x><y>0.31661</y><y>0.34783</y></points><label>11</label><labelname>pillar</labelname><flag>1</flag></object><object><points><x>0.37109</x><x>0.39648</x><y>0.53289</y><y>0.5641</y></points><label>11</label><labelname>pillar</labelname><flag>1</flag></object><object><points><x>0.37012</x><x>0.39551</x><y>0.65998</y><y>0.68896</y></points><label>11</label><labelname>pillar</labelname><flag>1</flag></object><object><points><x>0.21387</x><x>0.23145</x><y>0.31327</y><y>0.35229</y></points><label>11</label><labelname>pillar</labelname><flag>1</flag></object><object><points><x>0.21484</x><x>0.23242</x><y>0.43255</y><y>0.47157</y></points><label>11</label><labelname>pillar</labelname><flag>1</flag></object><object><points><x>0.21484</x><x>0.23242</x><y>0.52731</y><y>0.56633</y></points><label>11</label><labelname>pillar</labelname><flag>1</flag></object><object><points><x>0.21289</x><x>0.23047</x><y>0.64771</y><y>0.68673</y></points><label>11</label><labelname>pillar</labelname><flag>1</flag></object><object><points><x>0.78809</x><x>0.93652</x><y>0.13489</y><y>0.21182</y></points><label>12</label><labelname>shop</labelname><flag>1</flag></object><object><points><x>0.78906</x><x>0.97949</x><y>0.36232</y><y>0.43478</y></points><label>12</label><labelname>shop</labelname><flag>1</flag></object><object><points><x>0.78809</x><x>0.97852</x><y>0.57748</y><y>0.64994</y></points><label>12</label><labelname>shop</labelname><flag>1</flag></object><object><points><x>0.78613</x><x>0.97656</x><y>0.80379</y><y>0.87625</y></points><label>12</label><labelname>shop</labelname><flag>1</flag></object><object><points><x>0.53418</x><x>0.73926</x><y>0.32553</y><y>0.35006</y></points><label>11</label><labelname>pillar</labelname><flag>1</flag></object><object><points><x>0.53418</x><x>0.73828</x><y>0.20959</y><y>0.23411</y></points><label>11</label><labelname>pillar</labelname><flag>1</flag></object><object><points><x>0.53516</x><x>0.73828</x><y>0.098105</y><y>0.12375</y></points><label>11</label><labelname>pillar</labelname><flag>1</flag></object><object><points><x>0.53418</x><x>0.74219</x><y>0.43924</y><y>0.46488</y></points><label>11</label><labelname>pillar</labelname><flag>1</flag></object><object><points><x>0.5332</x><x>0.74023</x><y>0.54069</y><y>0.56522</y></points><label>11</label><labelname>pillar</labelname><flag>1</flag></object><object><points><x>0.5332</x><x>0.73926</x><y>0.6544</y><y>0.67893</y></points><label>11</label><labelname>pillar</labelname><flag>1</flag></object><object><points><x>0.5332</x><x>0.73828</x><y>0.77258</y><y>0.79822</y></points><label>11</label><labelname>pillar</labelname><flag>1</flag></object><object><points><x>0.53223</x><x>0.7373</x><y>0.88406</y><y>0.90858</y></points><label>11</label><labelname>pillar</labelname><flag>1</flag></object><object><points><x>0.50977</x><x>0.53516</x><y>0.089186</y><y>0.13043</y></points><label>11</label><labelname>pillar</labelname><flag>1</flag></object><object><points><x>0.50781</x><x>0.53418</x><y>0.19955</y><y>0.2408</y></points><label>11</label><labelname>pillar</labelname><flag>1</flag></object><object><points><x>0.50879</x><x>0.53418</x><y>0.31661</y><y>0.35786</y></points><label>11</label><labelname>pillar</labelname><flag>1</flag></object><object><points><x>0.50879</x><x>0.53418</x><y>0.42921</y><y>0.47046</y></points><label>11</label><labelname>pillar</labelname><flag>1</flag></object><object><points><x>0.50781</x><x>0.5332</x><y>0.534</y><y>0.57525</y></points><label>11</label><labelname>pillar</labelname><flag>1</flag></object><object><points><x>0.50684</x><x>0.53223</x><y>0.64548</y><y>0.68673</y></points><label>11</label><labelname>pillar</labelname><flag>1</flag></object><object><points><x>0.50781</x><x>0.5332</x><y>0.76477</y><y>0.80713</y></points><label>11</label><labelname>pillar</labelname><flag>1</flag></object><object><points><x>0.50781</x><x>0.5332</x><y>0.87514</y><y>0.9175</y></points><label>11</label><labelname>pillar</labelname><flag>1</flag></object><object><points><x>0.73828</x><x>0.75195</x><y>0.20401</y><y>0.23857</y></points><label>11</label><labelname>pillar</labelname><flag>1</flag></object><object><points><x>0.73828</x><x>0.75</x><y>0.093645</y><y>0.12821</y></points><label>11</label><labelname>pillar</labelname><flag>1</flag></object><object><points><x>0.74023</x><x>0.75098</x><y>0.31996</y><y>0.35452</y></points><label>11</label><labelname>pillar</labelname><flag>1</flag></object><object><points><x>0.74121</x><x>0.75293</x><y>0.4359</y><y>0.47046</y></points><label>11</label><labelname>pillar</labelname><flag>1</flag></object><object><points><x>0.73926</x><x>0.75</x><y>0.64883</y><y>0.68339</y></points><label>11</label><labelname>pillar</labelname><flag>1</flag></object><object><points><x>0.74023</x><x>0.75098</x><y>0.53735</y><y>0.57191</y></points><label>11</label><labelname>pillar</labelname><flag>1</flag></object><object><points><x>0.73633</x><x>0.74805</x><y>0.87737</y><y>0.91193</y></points><label>11</label><labelname>pillar</labelname><flag>1</flag></object><object><points><x>0.73828</x><x>0.75</x><y>0.76812</y><y>0.80156</y></points><label>11</label><labelname>pillar</labelname><flag>1</flag></object>