<object><points><x>0.061538</x><x>0.99744</x><y>0.0053191</y><y>0.9805</y></points><label>2</label><labelname>facade</labelname><flag>1</flag></object><object><points><x>0.2359</x><x>0.36154</x><y>0.54787</y><y>0.66135</y></points><label>3</label><labelname>window</labelname><flag>1</flag></object><object><points><x>0.23077</x><x>0.35641</x><y>0.78546</y><y>0.89894</y></points><label>3</label><labelname>window</labelname><flag>1</flag></object><object><points><x>0.2359</x><x>0.36154</x><y>0.069149</y><y>0.18262</y></points><label>3</label><labelname>window</labelname><flag>1</flag></object><object><points><x>0.48974</x><x>0.61538</x><y>0.54433</y><y>0.6578</y></points><label>3</label><labelname>window</labelname><flag>1</flag></object><object><points><x>0.48462</x><x>0.61026</x><y>0.78191</y><y>0.89716</y></points><label>3</label><labelname>window</labelname><flag>1</flag></object><object><points><x>0.49487</x><x>0.62051</x><y>0.078014</y><y>0.17553</y></points><label>3</label><labelname>window</labelname><flag>1</flag></object><object><points><x>0.49487</x><x>0.6</x><y>0.27482</y><y>0.46099</y></points><label>3</label><labelname>window</labelname><flag>1</flag></object><object><points><x>0.2359</x><x>0.34103</x><y>0.27305</y><y>0.45922</y></points><label>3</label><labelname>window</labelname><flag>1</flag></object><object><points><x>0.8359</x><x>0.99231</x><y>0.39716</y><y>0.45567</y></points><label>4</label><labelname>door</labelname><flag>1</flag></object><object><points><x>0.18974</x><x>0.22308</x><y>0.24291</y><y>0.47695</y></points><label>5</label><labelname>cornice</labelname><flag>1</flag></object><object><points><x>0.32564</x><x>0.46667</x><y>0.1773</y><y>0.47872</y></points><label>7</label><labelname>balcony</labelname><flag>1</flag></object><object><points><x>0.58718</x><x>0.70513</x><y>0.16667</y><y>0.46809</y></points><label>7</label><labelname>balcony</labelname><flag>1</flag></object><object><points><x>0.24359</x><x>0.32821</x><y>0.076241</y><y>0.17908</y></points><label>8</label><labelname>blind</labelname><flag>1</flag></object><object><points><x>0.48974</x><x>0.58462</x><y>0.7695</y><y>0.89539</y></points><label>8</label><labelname>blind</labelname><flag>1</flag></object><object><points><x>0.5</x><x>0.58462</x><y>0.037234</y><y>0.17376</y></points><label>8</label><labelname>blind</labelname><flag>1</flag></object><object><points><x>0.24359</x><x>0.33846</x><y>0.2766</y><y>0.45745</y></points><label>8</label><labelname>blind</labelname><flag>1</flag></object><object><points><x>0.069231</x><x>0.15128</x><y>0.015957</y><y>0.96631</y></points><label>10</label><labelname>molding</labelname><flag>1</flag></object><object><points><x>0.67949</x><x>0.74872</x><y>0.18972</y><y>0.95567</y></points><label>12</label><labelname>shop</labelname><flag>1</flag></object><object><points><x>0.60769</x><x>0.74615</x><y>0.028369</y><y>0.14716</y></points><label>12</label><labelname>shop</labelname><flag>1</flag></object><object><points><x>0.60769</x><x>0.71538</x><y>0.92199</y><y>0.96454</y></points><label>12</label><labelname>shop</labelname><flag>1</flag></object><object><points><x>0.81538</x><x>0.96154</x><y>0.90957</y><y>0.94326</y></points><label>12</label><labelname>shop</labelname><flag>1</flag></object><object><points><x>0.81795</x><x>0.9641</x><y>0.87057</y><y>0.90426</y></points><label>12</label><labelname>shop</labelname><flag>1</flag></object><object><points><x>0.81538</x><x>0.96154</x><y>0.82624</y><y>0.85993</y></points><label>12</label><labelname>shop</labelname><flag>1</flag></object><object><points><x>0.81538</x><x>0.96154</x><y>0.78723</y><y>0.82092</y></points><label>12</label><labelname>shop</labelname><flag>1</flag></object><object><points><x>0.81538</x><x>0.95897</x><y>0.74468</y><y>0.77837</y></points><label>12</label><labelname>shop</labelname><flag>1</flag></object><object><points><x>0.81795</x><x>0.9641</x><y>0.67908</y><y>0.71277</y></points><label>12</label><labelname>shop</labelname><flag>1</flag></object><object><points><x>0.81538</x><x>0.96154</x><y>0.63475</y><y>0.66844</y></points><label>12</label><labelname>shop</labelname><flag>1</flag></object><object><points><x>0.81538</x><x>0.96154</x><y>0.59397</y><y>0.62766</y></points><label>12</label><labelname>shop</labelname><flag>1</flag></object><object><points><x>0.81538</x><x>0.96154</x><y>0.55142</y><y>0.58688</y></points><label>12</label><labelname>shop</labelname><flag>1</flag></object><object><points><x>0.81795</x><x>0.96154</x><y>0.50355</y><y>0.53723</y></points><label>12</label><labelname>shop</labelname><flag>1</flag></object><object><points><x>0.75897</x><x>0.80769</x><y>0.90957</y><y>0.94326</y></points><label>12</label><labelname>shop</labelname><flag>1</flag></object><object><points><x>0.76154</x><x>0.81026</x><y>0.86879</y><y>0.90248</y></points><label>12</label><labelname>shop</labelname><flag>1</flag></object><object><points><x>0.76154</x><x>0.80769</x><y>0.77482</y><y>0.85993</y></points><label>12</label><labelname>shop</labelname><flag>1</flag></object><object><points><x>0.76923</x><x>0.80769</x><y>0.62411</y><y>0.70922</y></points><label>12</label><labelname>shop</labelname><flag>1</flag></object><object><points><x>0.75641</x><x>0.81282</x><y>0.49468</y><y>0.58688</y></points><label>12</label><labelname>shop</labelname><flag>1</flag></object><object><points><x>0.86923</x><x>0.92308</x><y>0.94504</y><y>0.97163</y></points><label>12</label><labelname>shop</labelname><flag>1</flag></object><object><points><x>0.87436</x><x>0.92821</x><y>0.46631</y><y>0.49468</y></points><label>12</label><labelname>shop</labelname><flag>1</flag></object><object><points><x>0.81538</x><x>0.87179</x><y>0.46631</y><y>0.49468</y></points><label>12</label><labelname>shop</labelname><flag>1</flag></object><object><points><x>0.87692</x><x>0.94103</x><y>0.34397</y><y>0.38298</y></points><label>12</label><labelname>shop</labelname><flag>1</flag></object><object><points><x>0.75641</x><x>0.81282</x><y>0.25532</y><y>0.34397</y></points><label>12</label><labelname>shop</labelname><flag>1</flag></object><object><points><x>0.77179</x><x>0.80513</x><y>0.15248</y><y>0.23404</y></points><label>12</label><labelname>shop</labelname><flag>1</flag></object><object><points><x>0.75385</x><x>0.82308</x><y>0.042553</y><y>0.11525</y></points><label>12</label><labelname>shop</labelname><flag>1</flag></object><object><points><x>0.87949</x><x>0.93077</x><y>0.23404</y><y>0.25709</y></points><label>12</label><labelname>shop</labelname><flag>1</flag></object><object><points><x>0.81795</x><x>0.95385</x><y>0.27128</y><y>0.30142</y></points><label>12</label><labelname>shop</labelname><flag>1</flag></object><object><points><x>0.81538</x><x>0.95385</x><y>0.3156</y><y>0.34574</y></points><label>12</label><labelname>shop</labelname><flag>1</flag></object><object><points><x>0.81795</x><x>0.96667</x><y>0.20745</y><y>0.23227</y></points><label>12</label><labelname>shop</labelname><flag>1</flag></object><object><points><x>0.81795</x><x>0.96667</x><y>0.16844</y><y>0.19326</y></points><label>12</label><labelname>shop</labelname><flag>1</flag></object><object><points><x>0.82051</x><x>0.96923</x><y>0.12589</y><y>0.15071</y></points><label>12</label><labelname>shop</labelname><flag>1</flag></object><object><points><x>0.82051</x><x>0.96923</x><y>0.085106</y><y>0.10993</y></points><label>12</label><labelname>shop</labelname><flag>1</flag></object><object><points><x>0.82051</x><x>0.96923</x><y>0.047872</y><y>0.072695</y></points><label>12</label><labelname>shop</labelname><flag>1</flag></object><object><points><x>0.81282</x><x>0.84615</x><y>0.21099</y><y>0.24823</y></points><label>12</label><labelname>shop</labelname><flag>1</flag></object>