<object><points><x>0.0058594</x><x>0.99805</x><y>0.13711</y><y>1</y></points><label>2</label><labelname>facade</labelname><flag>1</flag></object><object><points><x>0.13574</x><x>0.37891</x><y>0.20755</y><y>0.35723</y></points><label>3</label><labelname>window</labelname><flag>1</flag></object><object><points><x>0.14062</x><x>0.38379</x><y>0.56352</y><y>0.71195</y></points><label>3</label><labelname>window</labelname><flag>1</flag></object><object><points><x>0.5127</x><x>0.63477</x><y>0.20755</y><y>0.35849</y></points><label>3</label><labelname>window</labelname><flag>1</flag></object><object><points><x>0.51758</x><x>0.63574</x><y>0.56855</y><y>0.71572</y></points><label>3</label><labelname>window</labelname><flag>1</flag></object><object><points><x>0.74512</x><x>0.91406</x><y>0.56981</y><y>0.7195</y></points><label>3</label><labelname>window</labelname><flag>1</flag></object><object><points><x>0.74805</x><x>0.98047</x><y>0.21258</y><y>0.36101</y></points><label>4</label><labelname>door</labelname><flag>1</flag></object><object><points><x>0.0625</x><x>0.14746</x><y>0.1522</y><y>0.40252</y></points><label>5</label><labelname>cornice</labelname><flag>1</flag></object><object><points><x>0.068359</x><x>0.15625</x><y>0.51321</y><y>0.75723</y></points><label>5</label><labelname>cornice</labelname><flag>1</flag></object><object><points><x>0.6875</x><x>0.7627</x><y>0.52327</y><y>0.75723</y></points><label>5</label><labelname>cornice</labelname><flag>1</flag></object><object><points><x>0.375</x><x>0.4375</x><y>0.16352</y><y>0.39748</y></points><label>6</label><labelname>sill</labelname><flag>1</flag></object><object><points><x>0.37793</x><x>0.44336</x><y>0.52327</y><y>0.75346</y></points><label>6</label><labelname>sill</labelname><flag>1</flag></object><object><points><x>0.6416</x><x>0.68652</x><y>0.52956</y><y>0.75472</y></points><label>6</label><labelname>sill</labelname><flag>1</flag></object><object><points><x>0.63965</x><x>0.72461</x><y>0.20629</y><y>0.35975</y></points><label>9</label><labelname>deco</labelname><flag>1</flag></object><object><points><x>0.37793</x><x>0.50586</x><y>0.15472</y><y>0.98491</y></points><label>10</label><labelname>molding</labelname><flag>1</flag></object><object><points><x>0.66895</x><x>0.92773</x><y>0.42516</y><y>0.49686</y></points><label>11</label><labelname>pillar</labelname><flag>1</flag></object><object><points><x>0.66895</x><x>0.9248</x><y>0.79371</y><y>0.85409</y></points><label>11</label><labelname>pillar</labelname><flag>1</flag></object><object><points><x>0.91797</x><x>0.99609</x><y>0.14465</y><y>0.99748</y></points><label>10</label><labelname>molding</labelname><flag>1</flag></object><object><points><x>0.62891</x><x>0.66895</x><y>0.41006</y><y>0.51069</y></points><label>11</label><labelname>pillar</labelname><flag>1</flag></object><object><points><x>0.62793</x><x>0.66895</x><y>0.77233</y><y>0.87296</y></points><label>11</label><labelname>pillar</labelname><flag>1</flag></object><object><points><x>0.92676</x><x>0.99414</x><y>0.42013</y><y>0.50189</y></points><label>11</label><labelname>pillar</labelname><flag>1</flag></object><object><points><x>0.9248</x><x>0.99121</x><y>0.78365</y><y>0.86415</y></points><label>11</label><labelname>pillar</labelname><flag>1</flag></object>