<object><points><x>0.75028</x><x>0.81768</x><y>0.88672</y><y>0.92383</y></points><label>3</label><labelname>window</labelname><flag>1</flag></object><object><points><x>0.47514</x><x>0.56243</x><y>0.6084</y><y>0.66602</y></points><label>3</label><labelname>window</labelname><flag>1</flag></object><object><points><x>0.50497</x><x>0.59448</x><y>0.82031</y><y>0.85645</y></points><label>3</label><labelname>window</labelname><flag>1</flag></object><object><points><x>0.48398</x><x>0.60221</x><y>0.45215</y><y>0.47949</y></points><label>3</label><labelname>window</labelname><flag>1</flag></object><object><points><x>0.27072</x><x>0.37901</x><y>0.4502</y><y>0.47754</y></points><label>3</label><labelname>window</labelname><flag>1</flag></object><object><points><x>0.71381</x><x>0.8221</x><y>0.46191</y><y>0.48438</y></points><label>3</label><labelname>window</labelname><flag>1</flag></object><object><points><x>0.66961</x><x>0.75801</x><y>0.6123</y><y>0.6709</y></points><label>3</label><labelname>window</labelname><flag>1</flag></object>