<object><points><x>0.0021008</x><x>0.99685</x><y>0.0068359</y><y>0.88867</y></points><label>2</label><labelname>facade</labelname><flag>1</flag></object><object><points><x>0.12815</x><x>0.28361</x><y>0.3457</y><y>0.45996</y></points><label>3</label><labelname>window</labelname><flag>1</flag></object><object><points><x>0.13235</x><x>0.28782</x><y>0.6582</y><y>0.77246</y></points><label>3</label><labelname>window</labelname><flag>1</flag></object><object><points><x>0.125</x><x>0.28046</x><y>0.019531</y><y>0.13379</y></points><label>3</label><labelname>window</labelname><flag>1</flag></object><object><points><x>0.47584</x><x>0.67437</x><y>0.32617</y><y>0.44336</y></points><label>3</label><labelname>window</labelname><flag>1</flag></object><object><points><x>0.50105</x><x>0.68592</x><y>0.66113</y><y>0.7666</y></points><label>3</label><labelname>window</labelname><flag>1</flag></object><object><points><x>0.5042</x><x>0.68908</x><y>0.025391</y><y>0.13184</y></points><label>3</label><labelname>window</labelname><flag>1</flag></object><object><points><x>0.37395</x><x>0.45903</x><y>0.28125</y><y>0.49023</y></points><label>5</label><labelname>cornice</labelname><flag>1</flag></object><object><points><x>0.39601</x><x>0.48424</x><y>0.62891</y><y>0.80566</y></points><label>5</label><labelname>cornice</labelname><flag>1</flag></object><object><points><x>0.39706</x><x>0.48529</x><y>0.0097656</y><y>0.17676</y></points><label>5</label><labelname>cornice</labelname><flag>1</flag></object><object><points><x>0.78992</x><x>0.86555</x><y>0.58203</y><y>0.84668</y></points><label>5</label><labelname>cornice</labelname><flag>1</flag></object><object><points><x>0.66492</x><x>0.77416</x><y>0.28711</y><y>0.47266</y></points><label>6</label><labelname>sill</labelname><flag>1</flag></object><object><points><x>0.68487</x><x>0.78361</x><y>0.63281</y><y>0.80176</y></points><label>6</label><labelname>sill</labelname><flag>1</flag></object><object><points><x>0.68908</x><x>0.78782</x><y>0.013672</y><y>0.16602</y></points><label>6</label><labelname>sill</labelname><flag>1</flag></object><object><points><x>0.28571</x><x>0.30882</x><y>0.62891</y><y>0.80859</y></points><label>6</label><labelname>sill</labelname><flag>1</flag></object><object><points><x>0.28256</x><x>0.30567</x><y>0.31348</y><y>0.49219</y></points><label>6</label><labelname>sill</labelname><flag>1</flag></object><object><points><x>0.27626</x><x>0.30147</x><y>0.012695</y><y>0.16406</y></points><label>6</label><labelname>sill</labelname><flag>1</flag></object><object><points><x>0.0042017</x><x>0.085084</x><y>0.015625</y><y>0.88574</y></points><label>10</label><labelname>molding</labelname><flag>1</flag></object><object><points><x>0.76681</x><x>0.80147</x><y>0.012695</y><y>0.87598</y></points><label>10</label><labelname>molding</labelname><flag>1</flag></object><object><points><x>0.87815</x><x>0.93487</x><y>0.62207</y><y>0.80371</y></points><label>12</label><labelname>shop</labelname><flag>1</flag></object><object><points><x>0.85504</x><x>0.98109</x><y>0.29199</y><y>0.46289</y></points><label>12</label><labelname>shop</labelname><flag>1</flag></object>