<object><points><x>0.007215</x><x>0.92352</x><y>0.039062</y><y>0.21582</y></points><label>2</label><labelname>facade</labelname><flag>1</flag></object><object><points><x>0.35354</x><x>0.92641</x><y>0.2168</y><y>0.83398</y></points><label>2</label><labelname>facade</labelname><flag>1</flag></object><object><points><x>0.038961</x><x>0.07215</x><y>0.12305</y><y>0.15137</y></points><label>3</label><labelname>window</labelname><flag>1</flag></object><object><points><x>0.17027</x><x>0.22222</x><y>0.11133</y><y>0.14551</y></points><label>3</label><labelname>window</labelname><flag>1</flag></object><object><points><x>0.44733</x><x>0.51082</x><y>0.45703</y><y>0.48145</y></points><label>3</label><labelname>window</labelname><flag>1</flag></object><object><points><x>0.44589</x><x>0.50938</x><y>0.30469</y><y>0.33008</y></points><label>3</label><labelname>window</labelname><flag>1</flag></object><object><points><x>0.44733</x><x>0.51082</x><y>0.63184</y><y>0.65723</y></points><label>3</label><labelname>window</labelname><flag>1</flag></object><object><points><x>0.42713</x><x>0.48485</x><y>0.94043</y><y>0.96094</y></points><label>3</label><labelname>window</labelname><flag>1</flag></object><object><points><x>0.45887</x><x>0.52814</x><y>0.1123</y><y>0.1416</y></points><label>3</label><labelname>window</labelname><flag>1</flag></object><object><points><x>0.63492</x><x>0.70563</x><y>0.27246</y><y>0.28516</y></points><label>3</label><labelname>window</labelname><flag>1</flag></object><object><points><x>0.63348</x><x>0.70418</x><y>0.25488</y><y>0.26855</y></points><label>3</label><labelname>window</labelname><flag>1</flag></object><object><points><x>0.63203</x><x>0.70274</x><y>0.23828</y><y>0.25195</y></points><label>3</label><labelname>window</labelname><flag>1</flag></object><object><points><x>0.64502</x><x>0.70563</x><y>0.33691</y><y>0.37012</y></points><label>3</label><labelname>window</labelname><flag>1</flag></object><object><points><x>0.64358</x><x>0.70563</x><y>0.4082</y><y>0.44141</y></points><label>3</label><labelname>window</labelname><flag>1</flag></object><object><points><x>0.64358</x><x>0.70563</x><y>0.48145</y><y>0.51465</y></points><label>3</label><labelname>window</labelname><flag>1</flag></object><object><points><x>0.64646</x><x>0.70707</x><y>0.55566</y><y>0.58984</y></points><label>3</label><labelname>window</labelname><flag>1</flag></object><object><points><x>0.64935</x><x>0.7114</x><y>0.88965</y><y>0.92773</y></points><label>3</label><labelname>window</labelname><flag>1</flag></object><object><points><x>0.64646</x><x>0.70851</x><y>0.95703</y><y>0.99512</y></points><label>3</label><labelname>window</labelname><flag>1</flag></object><object><points><x>0.79509</x><x>0.8658</x><y>0.40723</y><y>0.44336</y></points><label>3</label><labelname>window</labelname><flag>1</flag></object><object><points><x>0.79798</x><x>0.86724</x><y>0.55469</y><y>0.58984</y></points><label>3</label><labelname>window</labelname><flag>1</flag></object><object><points><x>0.80087</x><x>0.87013</x><y>0.8916</y><y>0.92773</y></points><label>3</label><labelname>window</labelname><flag>1</flag></object><object><points><x>0.79942</x><x>0.87013</x><y>0.96191</y><y>0.99805</y></points><label>3</label><labelname>window</labelname><flag>1</flag></object><object><points><x>0.82251</x><x>0.86291</x><y>0.11719</y><y>0.13867</y></points><label>3</label><labelname>window</labelname><flag>1</flag></object><object><points><x>0.63348</x><x>0.72294</x><y>0.13281</y><y>0.1416</y></points><label>3</label><labelname>window</labelname><flag>1</flag></object><object><points><x>0.63636</x><x>0.72294</x><y>0.12109</y><y>0.12988</y></points><label>3</label><labelname>window</labelname><flag>1</flag></object><object><points><x>0.61472</x><x>0.71284</x><y>0.68457</y><y>0.70605</y></points><label>3</label><labelname>window</labelname><flag>1</flag></object><object><points><x>0.61616</x><x>0.71284</x><y>0.73145</y><y>0.75293</y></points><label>3</label><labelname>window</labelname><flag>1</flag></object><object><points><x>0.63925</x><x>0.71284</x><y>0.77344</y><y>0.79395</y></points><label>3</label><labelname>window</labelname><flag>1</flag></object><object><points><x>0.63781</x><x>0.71284</x><y>0.64258</y><y>0.66309</y></points><label>3</label><labelname>window</labelname><flag>1</flag></object><object><points><x>0.78355</x><x>0.91775</x><y>0.24121</y><y>0.31543</y></points><label>4</label><labelname>door</labelname><flag>1</flag></object><object><points><x>0.62049</x><x>0.64358</x><y>0.32227</y><y>0.37891</y></points><label>5</label><labelname>cornice</labelname><flag>1</flag></object><object><points><x>0.62049</x><x>0.64214</x><y>0.39648</y><y>0.45312</y></points><label>5</label><labelname>cornice</labelname><flag>1</flag></object><object><points><x>0.62193</x><x>0.64358</x><y>0.46973</y><y>0.52637</y></points><label>5</label><labelname>cornice</labelname><flag>1</flag></object><object><points><x>0.62193</x><x>0.64358</x><y>0.54199</y><y>0.59863</y></points><label>5</label><labelname>cornice</labelname><flag>1</flag></object><object><points><x>0.62626</x><x>0.64791</x><y>0.87793</y><y>0.93555</y></points><label>5</label><labelname>cornice</labelname><flag>1</flag></object><object><points><x>0.62771</x><x>0.64646</x><y>0.94824</y><y>1</y></points><label>5</label><labelname>cornice</labelname><flag>1</flag></object><object><points><x>0.70418</x><x>0.7215</x><y>0.32617</y><y>0.37891</y></points><label>6</label><labelname>sill</labelname><flag>1</flag></object><object><points><x>0.70418</x><x>0.7215</x><y>0.39746</y><y>0.4502</y></points><label>6</label><labelname>sill</labelname><flag>1</flag></object><object><points><x>0.70418</x><x>0.72006</x><y>0.47266</y><y>0.52441</y></points><label>6</label><labelname>sill</labelname><flag>1</flag></object><object><points><x>0.70563</x><x>0.72294</x><y>0.54492</y><y>0.59766</y></points><label>6</label><labelname>sill</labelname><flag>1</flag></object><object><points><x>0.70996</x><x>0.72583</x><y>0.94727</y><y>1</y></points><label>6</label><labelname>sill</labelname><flag>1</flag></object><object><points><x>0.70851</x><x>0.72583</x><y>0.88281</y><y>0.93457</y></points><label>6</label><labelname>sill</labelname><flag>1</flag></object><object><points><x>0.40115</x><x>0.49351</x><y>0.094727</y><y>0.15723</y></points><label>9</label><labelname>deco</labelname><flag>1</flag></object><object><points><x>0.54401</x><x>0.66378</x><y>0.099609</y><y>0.1543</y></points><label>5</label><labelname>cornice</labelname><flag>1</flag></object><object><points><x>0.56277</x><x>0.61616</x><y>0.62012</y><y>0.67285</y></points><label>9</label><labelname>deco</labelname><flag>1</flag></object><object><points><x>0.54257</x><x>0.5772</x><y>0.67383</y><y>0.70312</y></points><label>9</label><labelname>deco</labelname><flag>1</flag></object><object><points><x>0.54257</x><x>0.5772</x><y>0.72949</y><y>0.75977</y></points><label>9</label><labelname>deco</labelname><flag>1</flag></object><object><points><x>0.55844</x><x>0.61472</x><y>0.75879</y><y>0.80957</y></points><label>9</label><labelname>deco</labelname><flag>1</flag></object><object><points><x>0.39105</x><x>0.54257</x><y>0.44238</y><y>0.50488</y></points><label>9</label><labelname>deco</labelname><flag>1</flag></object><object><points><x>0.39105</x><x>0.54257</x><y>0.61621</y><y>0.67969</y></points><label>9</label><labelname>deco</labelname><flag>1</flag></object><object><points><x>0.38961</x><x>0.54113</x><y>0.29102</y><y>0.35449</y></points><label>9</label><labelname>deco</labelname><flag>1</flag></object><object><points><x>0.55844</x><x>0.61183</x><y>0.21875</y><y>0.30371</y></points><label>9</label><labelname>deco</labelname><flag>1</flag></object><object><points><x>0.77201</x><x>0.80808</x><y>0.6416</y><y>0.65723</y></points><label>9</label><labelname>deco</labelname><flag>1</flag></object><object><points><x>0.76768</x><x>0.81241</x><y>0.76562</y><y>0.78125</y></points><label>9</label><labelname>deco</labelname><flag>1</flag></object><object><points><x>0.74026</x><x>0.77633</x><y>0.11426</y><y>0.14062</y></points><label>9</label><labelname>deco</labelname><flag>1</flag></object><object><points><x>0.77778</x><x>0.81385</x><y>0.11328</y><y>0.14453</y></points><label>9</label><labelname>deco</labelname><flag>1</flag></object><object><points><x>0.75613</x><x>0.8254</x><y>0.1709</y><y>0.19531</y></points><label>9</label><labelname>deco</labelname><flag>1</flag></object><object><points><x>0.64502</x><x>0.71429</x><y>0.29492</y><y>0.30664</y></points><label>9</label><labelname>deco</labelname><flag>1</flag></object><object><points><x>0.64502</x><x>0.70851</x><y>0.2168</y><y>0.22363</y></points><label>9</label><labelname>deco</labelname><flag>1</flag></object><object><points><x>0.72583</x><x>0.78211</x><y>0.30566</y><y>0.32324</y></points><label>9</label><labelname>deco</labelname><flag>1</flag></object><object><points><x>0.67821</x><x>0.70707</x><y>0.30859</y><y>0.32129</y></points><label>9</label><labelname>deco</labelname><flag>1</flag></object><object><points><x>0.76912</x><x>0.8355</x><y>0.85059</y><y>0.86523</y></points><label>9</label><labelname>deco</labelname><flag>1</flag></object><object><points><x>0.046176</x><x>0.1342</x><y>0.045898</y><y>0.21289</y></points><label>7</label><labelname>balcony</labelname><flag>1</flag></object><object><points><x>0.64646</x><x>0.76479</x><y>0.040039</y><y>0.049805</y></points><label>9</label><labelname>deco</labelname><flag>1</flag></object><object><points><x>0.38961</x><x>0.45166</x><y>0.041992</y><y>0.21191</y></points><label>10</label><labelname>molding</labelname><flag>1</flag></object><object><points><x>0.73449</x><x>0.75469</x><y>0.042969</y><y>0.2041</y></points><label>10</label><labelname>molding</labelname><flag>1</flag></object><object><points><x>0.46609</x><x>0.70996</x><y>0.15527</y><y>0.17676</y></points><label>11</label><labelname>pillar</labelname><flag>1</flag></object><object><points><x>0.46465</x><x>0.70851</x><y>0.1875</y><y>0.20898</y></points><label>11</label><labelname>pillar</labelname><flag>1</flag></object><object><points><x>0.46898</x><x>0.71284</x><y>0.073242</y><y>0.094727</y></points><label>11</label><labelname>pillar</labelname><flag>1</flag></object><object><points><x>0.46898</x><x>0.71284</x><y>0.043945</y><y>0.066406</y></points><label>11</label><labelname>pillar</labelname><flag>1</flag></object><object><points><x>0.16595</x><x>0.37229</x><y>0.18848</y><y>0.20996</y></points><label>11</label><labelname>pillar</labelname><flag>1</flag></object><object><points><x>0.16595</x><x>0.37374</x><y>0.15625</y><y>0.17871</y></points><label>11</label><labelname>pillar</labelname><flag>1</flag></object><object><points><x>0.17316</x><x>0.37807</x><y>0.077148</y><y>0.09668</y></points><label>11</label><labelname>pillar</labelname><flag>1</flag></object><object><points><x>0.17605</x><x>0.37951</x><y>0.046875</y><y>0.067383</y></points><label>11</label><labelname>pillar</labelname><flag>1</flag></object><object><points><x>0.37374</x><x>0.39394</x><y>0.15527</y><y>0.17871</y></points><label>11</label><labelname>pillar</labelname><flag>1</flag></object><object><points><x>0.37229</x><x>0.3925</x><y>0.18652</y><y>0.21094</y></points><label>11</label><labelname>pillar</labelname><flag>1</flag></object><object><points><x>0.37951</x><x>0.39683</x><y>0.044922</y><y>0.068359</y></points><label>11</label><labelname>pillar</labelname><flag>1</flag></object><object><points><x>0.37807</x><x>0.39538</x><y>0.074219</y><y>0.097656</y></points><label>11</label><labelname>pillar</labelname><flag>1</flag></object><object><points><x>0.70996</x><x>0.73882</x><y>0.15332</y><y>0.17773</y></points><label>11</label><labelname>pillar</labelname><flag>1</flag></object><object><points><x>0.70851</x><x>0.73737</x><y>0.18652</y><y>0.20996</y></points><label>11</label><labelname>pillar</labelname><flag>1</flag></object><object><points><x>0.71284</x><x>0.73882</x><y>0.073242</y><y>0.09668</y></points><label>11</label><labelname>pillar</labelname><flag>1</flag></object><object><points><x>0.71284</x><x>0.73882</x><y>0.042969</y><y>0.067383</y></points><label>11</label><labelname>pillar</labelname><flag>1</flag></object><object><points><x>0.44877</x><x>0.46898</x><y>0.073242</y><y>0.095703</y></points><label>11</label><labelname>pillar</labelname><flag>1</flag></object><object><points><x>0.44877</x><x>0.46898</x><y>0.044922</y><y>0.066406</y></points><label>11</label><labelname>pillar</labelname><flag>1</flag></object><object><points><x>0.44589</x><x>0.46609</x><y>0.15527</y><y>0.17773</y></points><label>11</label><labelname>pillar</labelname><flag>1</flag></object><object><points><x>0.44444</x><x>0.46465</x><y>0.1875</y><y>0.20898</y></points><label>11</label><labelname>pillar</labelname><flag>1</flag></object><object><points><x>0.15152</x><x>0.1645</x><y>0.15625</y><y>0.17871</y></points><label>11</label><labelname>pillar</labelname><flag>1</flag></object><object><points><x>0.15152</x><x>0.16595</x><y>0.1875</y><y>0.20996</y></points><label>11</label><labelname>pillar</labelname><flag>1</flag></object><object><points><x>0.15584</x><x>0.17316</x><y>0.075195</y><y>0.097656</y></points><label>11</label><labelname>pillar</labelname><flag>1</flag></object><object><points><x>0.15729</x><x>0.1746</x><y>0.045898</y><y>0.068359</y></points><label>11</label><labelname>pillar</labelname><flag>1</flag></object><object><points><x>0.33189</x><x>0.37518</x><y>0.11816</y><y>0.13574</y></points><label>3</label><labelname>window</labelname><flag>1</flag></object><object><points><x>0.61616</x><x>0.65945</x><y>0.63379</y><y>0.66992</y></points><label>5</label><labelname>cornice</labelname><flag>1</flag></object><object><points><x>0.5772</x><x>0.62771</x><y>0.67188</y><y>0.71582</y></points><label>5</label><labelname>cornice</labelname><flag>1</flag></object><object><points><x>0.57864</x><x>0.62771</x><y>0.71777</y><y>0.76367</y></points><label>5</label><labelname>cornice</labelname><flag>1</flag></object><object><points><x>0.61328</x><x>0.65801</x><y>0.76172</y><y>0.80566</y></points><label>5</label><labelname>cornice</labelname><flag>1</flag></object>