<object><points><x>0.010909</x><x>0.90182</x><y>0.0027778</y><y>0.96111</y></points><label>2</label><labelname>facade</labelname><flag>1</flag></object><object><points><x>0.014545</x><x>0.10182</x><y>0.32917</y><y>0.40833</y></points><label>3</label><labelname>window</labelname><flag>1</flag></object><object><points><x>0.28364</x><x>0.41818</x><y>0.056944</y><y>0.10556</y></points><label>3</label><labelname>window</labelname><flag>1</flag></object><object><points><x>0.28</x><x>0.41455</x><y>0.175</y><y>0.22361</y></points><label>3</label><labelname>window</labelname><flag>1</flag></object><object><points><x>0.56</x><x>0.76</x><y>0.17083</y><y>0.21944</y></points><label>3</label><labelname>window</labelname><flag>1</flag></object><object><points><x>0.56</x><x>0.76</x><y>0.054167</y><y>0.10139</y></points><label>3</label><labelname>window</labelname><flag>1</flag></object><object><points><x>0.17818</x><x>0.33091</x><y>0.32778</y><y>0.3625</y></points><label>3</label><labelname>window</labelname><flag>1</flag></object><object><points><x>0.17818</x><x>0.33091</x><y>0.36806</y><y>0.40278</y></points><label>3</label><labelname>window</labelname><flag>1</flag></object><object><points><x>0.27636</x><x>0.41818</x><y>0.8375</y><y>0.8875</y></points><label>3</label><labelname>window</labelname><flag>1</flag></object><object><points><x>0.27636</x><x>0.41455</x><y>0.71528</y><y>0.76528</y></points><label>3</label><labelname>window</labelname><flag>1</flag></object><object><points><x>0.28</x><x>0.41818</x><y>0.59444</y><y>0.64444</y></points><label>3</label><labelname>window</labelname><flag>1</flag></object><object><points><x>0.54909</x><x>0.76364</x><y>0.83611</y><y>0.88889</y></points><label>3</label><labelname>window</labelname><flag>1</flag></object><object><points><x>0.55273</x><x>0.75636</x><y>0.71528</y><y>0.7625</y></points><label>3</label><labelname>window</labelname><flag>1</flag></object><object><points><x>0.54909</x><x>0.75273</x><y>0.59444</y><y>0.64306</y></points><label>3</label><labelname>window</labelname><flag>1</flag></object><object><points><x>0.21818</x><x>0.4</x><y>0.52917</y><y>0.55833</y></points><label>3</label><labelname>window</labelname><flag>1</flag></object><object><points><x>0.50545</x><x>0.73818</x><y>0.52639</y><y>0.55833</y></points><label>3</label><labelname>window</labelname><flag>1</flag></object><object><points><x>0.49091</x><x>0.78182</x><y>0.29861</y><y>0.41667</y></points><label>4</label><labelname>door</labelname><flag>1</flag></object><object><points><x>0.40727</x><x>0.44727</x><y>0.7</y><y>0.77361</y></points><label>6</label><labelname>sill</labelname><flag>1</flag></object><object><points><x>0.41091</x><x>0.44727</x><y>0.82361</y><y>0.89861</y></points><label>6</label><labelname>sill</labelname><flag>1</flag></object><object><points><x>0.41091</x><x>0.44727</x><y>0.58194</y><y>0.65139</y></points><label>6</label><labelname>sill</labelname><flag>1</flag></object><object><points><x>0.35636</x><x>0.42182</x><y>0.52083</y><y>0.57083</y></points><label>6</label><labelname>sill</labelname><flag>1</flag></object><object><points><x>0.75273</x><x>0.78545</x><y>0.82361</y><y>0.89444</y></points><label>6</label><labelname>sill</labelname><flag>1</flag></object><object><points><x>0.75273</x><x>0.78545</x><y>0.70139</y><y>0.77222</y></points><label>6</label><labelname>sill</labelname><flag>1</flag></object><object><points><x>0.74909</x><x>0.78545</x><y>0.58333</y><y>0.65417</y></points><label>6</label><labelname>sill</labelname><flag>1</flag></object><object><points><x>0.33091</x><x>0.39636</x><y>0.30972</y><y>0.41111</y></points><label>6</label><labelname>sill</labelname><flag>1</flag></object><object><points><x>0.41091</x><x>0.44</x><y>0.15972</y><y>0.225</y></points><label>6</label><labelname>sill</labelname><flag>1</flag></object><object><points><x>0.41091</x><x>0.44</x><y>0.044444</y><y>0.11111</y></points><label>6</label><labelname>sill</labelname><flag>1</flag></object><object><points><x>0.094545</x><x>0.12727</x><y>0.31389</y><y>0.41806</y></points><label>6</label><labelname>sill</labelname><flag>1</flag></object><object><points><x>0.13091</x><x>0.17818</x><y>0.30139</y><y>0.41806</y></points><label>5</label><labelname>cornice</labelname><flag>1</flag></object><object><points><x>0.26909</x><x>0.42182</x><y>0.027778</y><y>0.054167</y></points><label>8</label><labelname>blind</labelname><flag>1</flag></object><object><points><x>0.27636</x><x>0.41818</x><y>0.10556</y><y>0.13333</y></points><label>8</label><labelname>blind</labelname><flag>1</flag></object><object><points><x>0.27636</x><x>0.41818</x><y>0.14444</y><y>0.17222</y></points><label>8</label><labelname>blind</labelname><flag>1</flag></object><object><points><x>0.17091</x><x>0.33455</x><y>0.29861</y><y>0.32083</y></points><label>8</label><labelname>blind</labelname><flag>1</flag></object><object><points><x>0.17455</x><x>0.33818</x><y>0.4</y><y>0.42222</y></points><label>8</label><labelname>blind</labelname><flag>1</flag></object><object><points><x>0.55636</x><x>0.72</x><y>0.1375</y><y>0.16667</y></points><label>8</label><labelname>blind</labelname><flag>1</flag></object><object><points><x>0.55636</x><x>0.72</x><y>0.1</y><y>0.13056</y></points><label>8</label><labelname>blind</labelname><flag>1</flag></object><object><points><x>0.55636</x><x>0.72</x><y>0.022222</y><y>0.051389</y></points><label>8</label><labelname>blind</labelname><flag>1</flag></object><object><points><x>0.27273</x><x>0.42182</x><y>0.64444</y><y>0.67222</y></points><label>8</label><labelname>blind</labelname><flag>1</flag></object><object><points><x>0.25455</x><x>0.40364</x><y>0.56389</y><y>0.58333</y></points><label>8</label><labelname>blind</labelname><flag>1</flag></object><object><points><x>0.26545</x><x>0.42182</x><y>0.58056</y><y>0.59167</y></points><label>8</label><labelname>blind</labelname><flag>1</flag></object><object><points><x>0.26909</x><x>0.42182</x><y>0.68333</y><y>0.71111</y></points><label>8</label><labelname>blind</labelname><flag>1</flag></object><object><points><x>0.26909</x><x>0.42182</x><y>0.76528</y><y>0.79306</y></points><label>8</label><labelname>blind</labelname><flag>1</flag></object><object><points><x>0.26545</x><x>0.41818</x><y>0.80833</y><y>0.83472</y></points><label>8</label><labelname>blind</labelname><flag>1</flag></object><object><points><x>0.26909</x><x>0.41818</x><y>0.88889</y><y>0.91667</y></points><label>8</label><labelname>blind</labelname><flag>1</flag></object><object><points><x>0.54545</x><x>0.76364</x><y>0.88889</y><y>0.91389</y></points><label>8</label><labelname>blind</labelname><flag>1</flag></object><object><points><x>0.54182</x><x>0.76364</x><y>0.80556</y><y>0.83056</y></points><label>8</label><labelname>blind</labelname><flag>1</flag></object><object><points><x>0.54545</x><x>0.76364</x><y>0.76667</y><y>0.79167</y></points><label>8</label><labelname>blind</labelname><flag>1</flag></object><object><points><x>0.54545</x><x>0.76727</x><y>0.68472</y><y>0.70972</y></points><label>8</label><labelname>blind</labelname><flag>1</flag></object><object><points><x>0.54545</x><x>0.76727</x><y>0.64444</y><y>0.66944</y></points><label>8</label><labelname>blind</labelname><flag>1</flag></object><object><points><x>0.53091</x><x>0.74909</x><y>0.56528</y><y>0.59028</y></points><label>8</label><labelname>blind</labelname><flag>1</flag></object><object><points><x>0.50909</x><x>0.55273</x><y>0.44583</y><y>0.47083</y></points><label>9</label><labelname>deco</labelname><flag>1</flag></object><object><points><x>0.50545</x><x>0.55273</x><y>0.24167</y><y>0.26528</y></points><label>9</label><labelname>deco</labelname><flag>1</flag></object><object><points><x>0.17091</x><x>0.26545</x><y>0.0069444</y><y>0.95694</y></points><label>10</label><labelname>molding</labelname><flag>1</flag></object><object><points><x>0.090909</x><x>0.12364</x><y>0.81806</y><y>0.84583</y></points><label>3</label><labelname>window</labelname><flag>1</flag></object>