<object><points><x>0.3252</x><x>0.39258</x><y>0.11795</y><y>0.16667</y></points><label>3</label><labelname>window</labelname><flag>1</flag></object><object><points><x>0.45508</x><x>0.52246</x><y>0.12051</y><y>0.16795</y></points><label>3</label><labelname>window</labelname><flag>1</flag></object><object><points><x>0.41113</x><x>0.44922</x><y>0.098718</y><y>0.18974</y></points><label>5</label><labelname>cornice</labelname><flag>1</flag></object><object><points><x>0.41113</x><x>0.4502</x><y>0.23333</y><y>0.38974</y></points><label>5</label><labelname>cornice</labelname><flag>1</flag></object><object><points><x>0.32617</x><x>0.39355</x><y>0.25256</y><y>0.29872</y></points><label>3</label><labelname>window</labelname><flag>1</flag></object><object><points><x>0.32617</x><x>0.39453</x><y>0.31923</y><y>0.3641</y></points><label>3</label><labelname>window</labelname><flag>1</flag></object><object><points><x>0.4541</x><x>0.52246</x><y>0.25513</y><y>0.30128</y></points><label>3</label><labelname>window</labelname><flag>1</flag></object><object><points><x>0.4541</x><x>0.52148</x><y>0.32051</y><y>0.36538</y></points><label>3</label><labelname>window</labelname><flag>1</flag></object><object><points><x>0.3252</x><x>0.39551</x><y>0.44615</y><y>0.49359</y></points><label>3</label><labelname>window</labelname><flag>1</flag></object><object><points><x>0.32617</x><x>0.39453</x><y>0.51026</y><y>0.55769</y></points><label>3</label><labelname>window</labelname><flag>1</flag></object><object><points><x>0.45508</x><x>0.52148</x><y>0.44744</y><y>0.49359</y></points><label>3</label><labelname>window</labelname><flag>1</flag></object><object><points><x>0.45508</x><x>0.52148</x><y>0.51282</y><y>0.55769</y></points><label>3</label><labelname>window</labelname><flag>1</flag></object><object><points><x>0.41211</x><x>0.44922</x><y>0.42692</y><y>0.58462</y></points><label>5</label><labelname>cornice</labelname><flag>1</flag></object><object><points><x>0.58301</x><x>0.65527</x><y>0.44872</y><y>0.49359</y></points><label>3</label><labelname>window</labelname><flag>1</flag></object><object><points><x>0.58301</x><x>0.6543</x><y>0.51282</y><y>0.56026</y></points><label>3</label><labelname>window</labelname><flag>1</flag></object><object><points><x>0.71289</x><x>0.78711</x><y>0.45</y><y>0.49872</y></points><label>3</label><labelname>window</labelname><flag>1</flag></object><object><points><x>0.71289</x><x>0.78711</x><y>0.51538</y><y>0.56282</y></points><label>3</label><labelname>window</labelname><flag>1</flag></object><object><points><x>0.58398</x><x>0.6543</x><y>0.25513</y><y>0.30128</y></points><label>3</label><labelname>window</labelname><flag>1</flag></object><object><points><x>0.58301</x><x>0.65527</x><y>0.32051</y><y>0.36667</y></points><label>3</label><labelname>window</labelname><flag>1</flag></object><object><points><x>0.71289</x><x>0.78711</x><y>0.25641</y><y>0.30385</y></points><label>3</label><labelname>window</labelname><flag>1</flag></object><object><points><x>0.71289</x><x>0.78711</x><y>0.32179</y><y>0.36923</y></points><label>3</label><labelname>window</labelname><flag>1</flag></object><object><points><x>0.58398</x><x>0.6543</x><y>0.12051</y><y>0.16923</y></points><label>3</label><labelname>window</labelname><flag>1</flag></object><object><points><x>0.71387</x><x>0.78711</x><y>0.12051</y><y>0.16923</y></points><label>3</label><labelname>window</labelname><flag>1</flag></object><object><points><x>0.53809</x><x>0.58301</x><y>0.23462</y><y>0.39103</y></points><label>5</label><labelname>cornice</labelname><flag>1</flag></object><object><points><x>0.53906</x><x>0.58008</x><y>0.098718</y><y>0.19103</y></points><label>5</label><labelname>cornice</labelname><flag>1</flag></object><object><points><x>0.53809</x><x>0.58203</x><y>0.42692</y><y>0.5859</y></points><label>5</label><labelname>cornice</labelname><flag>1</flag></object><object><points><x>0.4082</x><x>0.44531</x><y>0.65</y><y>0.74872</y></points><label>5</label><labelname>cornice</labelname><flag>1</flag></object><object><points><x>0.32129</x><x>0.38965</x><y>0.66923</y><y>0.71923</y></points><label>3</label><labelname>window</labelname><flag>1</flag></object><object><points><x>0.45117</x><x>0.51855</x><y>0.67179</y><y>0.72051</y></points><label>3</label><labelname>window</labelname><flag>1</flag></object><object><points><x>0.53613</x><x>0.57617</x><y>0.65256</y><y>0.75256</y></points><label>5</label><labelname>cornice</labelname><flag>1</flag></object><object><points><x>0.58105</x><x>0.65234</x><y>0.67308</y><y>0.72179</y></points><label>3</label><labelname>window</labelname><flag>1</flag></object><object><points><x>0.71094</x><x>0.78516</x><y>0.67564</y><y>0.72564</y></points><label>3</label><labelname>window</labelname><flag>1</flag></object><object><points><x>0.21973</x><x>0.98242</x><y>0.066667</y><y>0.78462</y></points><label>2</label><labelname>facade</labelname><flag>1</flag></object><object><points><x>0.85254</x><x>0.94922</x><y>0.1141</y><y>0.17692</y></points><label>3</label><labelname>window</labelname><flag>1</flag></object><object><points><x>0.84961</x><x>0.94629</x><y>0.67308</y><y>0.7359</y></points><label>3</label><labelname>window</labelname><flag>1</flag></object><object><points><x>0.84961</x><x>0.94629</x><y>0.45641</y><y>0.56538</y></points><label>3</label><labelname>window</labelname><flag>1</flag></object><object><points><x>0.2998</x><x>0.37695</x><y>0.80897</y><y>0.84231</y></points><label>3</label><labelname>window</labelname><flag>1</flag></object><object><points><x>0.42969</x><x>0.50684</x><y>0.81026</y><y>0.84359</y></points><label>3</label><labelname>window</labelname><flag>1</flag></object><object><points><x>0.2041</x><x>0.23535</x><y>0.80513</y><y>0.84359</y></points><label>3</label><labelname>window</labelname><flag>1</flag></object><object><points><x>0.22168</x><x>0.24805</x><y>0.29103</y><y>0.31923</y></points><label>3</label><labelname>window</labelname><flag>1</flag></object><object><points><x>0.65332</x><x>0.68066</x><y>0.44231</y><y>0.5</y></points><label>6</label><labelname>sill</labelname><flag>1</flag></object><object><points><x>0.6543</x><x>0.68164</x><y>0.51026</y><y>0.56667</y></points><label>6</label><labelname>sill</labelname><flag>1</flag></object><object><points><x>0.65137</x><x>0.67871</x><y>0.67308</y><y>0.73077</y></points><label>6</label><labelname>sill</labelname><flag>1</flag></object><object><points><x>0.65332</x><x>0.68066</x><y>0.11667</y><y>0.17308</y></points><label>6</label><labelname>sill</labelname><flag>1</flag></object><object><points><x>0.65332</x><x>0.68066</x><y>0.25</y><y>0.30769</y></points><label>6</label><labelname>sill</labelname><flag>1</flag></object><object><points><x>0.6543</x><x>0.68164</x><y>0.31667</y><y>0.37436</y></points><label>6</label><labelname>sill</labelname><flag>1</flag></object><object><points><x>0.78711</x><x>0.81348</x><y>0.11026</y><y>0.18462</y></points><label>6</label><labelname>sill</labelname><flag>1</flag></object><object><points><x>0.78711</x><x>0.8125</x><y>0.24615</y><y>0.3141</y></points><label>6</label><labelname>sill</labelname><flag>1</flag></object><object><points><x>0.78711</x><x>0.81348</x><y>0.31538</y><y>0.38333</y></points><label>6</label><labelname>sill</labelname><flag>1</flag></object><object><points><x>0.78613</x><x>0.8125</x><y>0.44103</y><y>0.50897</y></points><label>6</label><labelname>sill</labelname><flag>1</flag></object><object><points><x>0.78613</x><x>0.8125</x><y>0.51026</y><y>0.57821</y></points><label>6</label><labelname>sill</labelname><flag>1</flag></object><object><points><x>0.78516</x><x>0.81152</x><y>0.66795</y><y>0.74103</y></points><label>6</label><labelname>sill</labelname><flag>1</flag></object><object><points><x>0.39258</x><x>0.41406</x><y>0.10641</y><y>0.17949</y></points><label>6</label><labelname>sill</labelname><flag>1</flag></object><object><points><x>0.39258</x><x>0.41797</x><y>0.23974</y><y>0.31026</y></points><label>6</label><labelname>sill</labelname><flag>1</flag></object><object><points><x>0.39355</x><x>0.41797</x><y>0.31282</y><y>0.38333</y></points><label>6</label><labelname>sill</labelname><flag>1</flag></object><object><points><x>0.39355</x><x>0.41895</x><y>0.4359</y><y>0.50256</y></points><label>6</label><labelname>sill</labelname><flag>1</flag></object><object><points><x>0.39355</x><x>0.41895</x><y>0.50385</y><y>0.57051</y></points><label>6</label><labelname>sill</labelname><flag>1</flag></object><object><points><x>0.3877</x><x>0.40918</x><y>0.65641</y><y>0.73333</y></points><label>6</label><labelname>sill</labelname><flag>1</flag></object><object><points><x>0.36133</x><x>0.39258</x><y>0.78974</y><y>0.8641</y></points><label>6</label><labelname>sill</labelname><flag>1</flag></object><object><points><x>0.50391</x><x>0.53906</x><y>0.78846</y><y>0.86538</y></points><label>6</label><labelname>sill</labelname><flag>1</flag></object><object><points><x>0.94727</x><x>0.95801</x><y>0.25</y><y>0.38846</y></points><label>6</label><labelname>sill</labelname><flag>1</flag></object><object><points><x>0.94727</x><x>0.95801</x><y>0.10385</y><y>0.18974</y></points><label>6</label><labelname>sill</labelname><flag>1</flag></object><object><points><x>0.24121</x><x>0.25391</x><y>0.7</y><y>0.76282</y></points><label>3</label><labelname>window</labelname><flag>1</flag></object><object><points><x>0.24121</x><x>0.25391</x><y>0.62308</y><y>0.6859</y></points><label>3</label><labelname>window</labelname><flag>1</flag></object><object><points><x>0.81445</x><x>0.84473</x><y>0.49615</y><y>0.52821</y></points><label>9</label><labelname>deco</labelname><flag>1</flag></object><object><points><x>0.81152</x><x>0.84277</x><y>0.69103</y><y>0.72308</y></points><label>9</label><labelname>deco</labelname><flag>1</flag></object><object><points><x>0.81348</x><x>0.84473</x><y>0.30128</y><y>0.33333</y></points><label>9</label><labelname>deco</labelname><flag>1</flag></object><object><points><x>0.81348</x><x>0.84473</x><y>0.13205</y><y>0.16282</y></points><label>9</label><labelname>deco</labelname><flag>1</flag></object><object><points><x>0.30566</x><x>0.32617</x><y>0.33462</y><y>0.35</y></points><label>9</label><labelname>deco</labelname><flag>1</flag></object><object><points><x>0.30566</x><x>0.32617</x><y>0.26795</y><y>0.28462</y></points><label>9</label><labelname>deco</labelname><flag>1</flag></object><object><points><x>0.30469</x><x>0.3252</x><y>0.1359</y><y>0.15128</y></points><label>9</label><labelname>deco</labelname><flag>1</flag></object><object><points><x>0.30566</x><x>0.32617</x><y>0.4641</y><y>0.48077</y></points><label>9</label><labelname>deco</labelname><flag>1</flag></object><object><points><x>0.30664</x><x>0.32715</x><y>0.52821</y><y>0.54359</y></points><label>9</label><labelname>deco</labelname><flag>1</flag></object><object><points><x>0.30176</x><x>0.32227</x><y>0.68718</y><y>0.70385</y></points><label>9</label><labelname>deco</labelname><flag>1</flag></object><object><points><x>0.25195</x><x>0.31836</x><y>0.080769</y><y>0.77821</y></points><label>10</label><labelname>molding</labelname><flag>1</flag></object><object><points><x>0.67285</x><x>0.70605</x><y>0.078205</y><y>0.77821</y></points><label>10</label><labelname>molding</labelname><flag>1</flag></object><object><points><x>0.39551</x><x>0.6084</x><y>0.19872</y><y>0.22949</y></points><label>11</label><labelname>pillar</labelname><flag>1</flag></object><object><points><x>0.39648</x><x>0.6084</x><y>0.39231</y><y>0.42308</y></points><label>11</label><labelname>pillar</labelname><flag>1</flag></object><object><points><x>0.6084</x><x>0.68066</x><y>0.19231</y><y>0.23718</y></points><label>11</label><labelname>pillar</labelname><flag>1</flag></object><object><points><x>0.6084</x><x>0.68164</x><y>0.38718</y><y>0.43205</y></points><label>11</label><labelname>pillar</labelname><flag>1</flag></object><object><points><x>0.33887</x><x>0.39551</x><y>0.19103</y><y>0.2359</y></points><label>11</label><labelname>pillar</labelname><flag>1</flag></object><object><points><x>0.33984</x><x>0.39648</x><y>0.38462</y><y>0.42949</y></points><label>11</label><labelname>pillar</labelname><flag>1</flag></object><object><points><x>0.85156</x><x>0.94824</x><y>0.26154</y><y>0.36923</y></points><label>12</label><labelname>shop</labelname><flag>1</flag></object>