<object><points><x>0.0058594</x><x>0.99805</x><y>0.013369</y><y>0.99733</y></points><label>2</label><labelname>facade</labelname><flag>1</flag></object><object><points><x>0.17969</x><x>0.21582</x><y>0.21524</y><y>0.27005</y></points><label>3</label><labelname>window</labelname><flag>1</flag></object><object><points><x>0.17773</x><x>0.21582</x><y>0.29011</y><y>0.34759</y></points><label>3</label><labelname>window</labelname><flag>1</flag></object><object><points><x>0.125</x><x>0.16504</x><y>0.5254</y><y>0.58021</y></points><label>3</label><labelname>window</labelname><flag>1</flag></object><object><points><x>0.125</x><x>0.16504</x><y>0.59626</y><y>0.65374</y></points><label>3</label><labelname>window</labelname><flag>1</flag></object><object><points><x>0.125</x><x>0.16309</x><y>0.66711</y><y>0.72059</y></points><label>3</label><labelname>window</labelname><flag>1</flag></object><object><points><x>0.36523</x><x>0.41016</x><y>0.66578</y><y>0.7246</y></points><label>3</label><labelname>window</labelname><flag>1</flag></object><object><points><x>0.36621</x><x>0.41016</x><y>0.59626</y><y>0.65374</y></points><label>3</label><labelname>window</labelname><flag>1</flag></object><object><points><x>0.36426</x><x>0.41016</x><y>0.52807</y><y>0.58155</y></points><label>3</label><labelname>window</labelname><flag>1</flag></object><object><points><x>0.40723</x><x>0.44531</x><y>0.30749</y><y>0.35561</y></points><label>3</label><labelname>window</labelname><flag>1</flag></object><object><points><x>0.40723</x><x>0.44531</x><y>0.24332</y><y>0.29278</y></points><label>3</label><labelname>window</labelname><flag>1</flag></object><object><points><x>0.40527</x><x>0.44336</x><y>0.94251</y><y>0.99198</y></points><label>3</label><labelname>window</labelname><flag>1</flag></object><object><points><x>0.22559</x><x>0.28809</x><y>0.21257</y><y>0.27139</y></points><label>3</label><labelname>window</labelname><flag>1</flag></object><object><points><x>0.22656</x><x>0.28809</x><y>0.29011</y><y>0.34626</y></points><label>3</label><labelname>window</labelname><flag>1</flag></object><object><points><x>0.45508</x><x>0.52441</x><y>0.30749</y><y>0.35829</y></points><label>3</label><labelname>window</labelname><flag>1</flag></object><object><points><x>0.45508</x><x>0.52441</x><y>0.24198</y><y>0.29278</y></points><label>3</label><labelname>window</labelname><flag>1</flag></object><object><points><x>0.17383</x><x>0.24121</x><y>0.52406</y><y>0.58155</y></points><label>3</label><labelname>window</labelname><flag>1</flag></object><object><points><x>0.17383</x><x>0.24121</x><y>0.59225</y><y>0.65374</y></points><label>3</label><labelname>window</labelname><flag>1</flag></object><object><points><x>0.17285</x><x>0.24219</x><y>0.66444</y><y>0.72326</y></points><label>3</label><labelname>window</labelname><flag>1</flag></object><object><points><x>0.41699</x><x>0.50293</x><y>0.52273</y><y>0.58021</y></points><label>3</label><labelname>window</labelname><flag>1</flag></object><object><points><x>0.41699</x><x>0.50293</x><y>0.59358</y><y>0.65374</y></points><label>3</label><labelname>window</labelname><flag>1</flag></object><object><points><x>0.41406</x><x>0.50098</x><y>0.6631</y><y>0.72326</y></points><label>3</label><labelname>window</labelname><flag>1</flag></object><object><points><x>0.61621</x><x>0.65332</x><y>0.50401</y><y>0.57754</y></points><label>3</label><labelname>window</labelname><flag>1</flag></object><object><points><x>0.61328</x><x>0.65137</x><y>0.59626</y><y>0.6738</y></points><label>3</label><labelname>window</labelname><flag>1</flag></object><object><points><x>0.61426</x><x>0.65137</x><y>0.69385</y><y>0.76872</y></points><label>3</label><labelname>window</labelname><flag>1</flag></object><object><points><x>0.62598</x><x>0.66309</x><y>0.23396</y><y>0.28476</y></points><label>3</label><labelname>window</labelname><flag>1</flag></object><object><points><x>0.625</x><x>0.66113</x><y>0.29545</y><y>0.34759</y></points><label>3</label><labelname>window</labelname><flag>1</flag></object><object><points><x>0.66016</x><x>0.72363</x><y>0.69385</y><y>0.76471</y></points><label>3</label><labelname>window</labelname><flag>1</flag></object><object><points><x>0.65918</x><x>0.72461</x><y>0.59759</y><y>0.66979</y></points><label>3</label><labelname>window</labelname><flag>1</flag></object><object><points><x>0.65918</x><x>0.72559</x><y>0.50134</y><y>0.57487</y></points><label>3</label><labelname>window</labelname><flag>1</flag></object><object><points><x>0.66992</x><x>0.73047</x><y>0.29545</y><y>0.34893</y></points><label>3</label><labelname>window</labelname><flag>1</flag></object><object><points><x>0.66992</x><x>0.73047</x><y>0.23262</y><y>0.28342</y></points><label>3</label><labelname>window</labelname><flag>1</flag></object><object><points><x>0.83008</x><x>0.93945</x><y>0.70053</y><y>0.78877</y></points><label>3</label><labelname>window</labelname><flag>1</flag></object><object><points><x>0.83008</x><x>0.94141</x><y>0.48529</y><y>0.57219</y></points><label>3</label><labelname>window</labelname><flag>1</flag></object><object><points><x>0.8291</x><x>0.94141</x><y>0.24465</y><y>0.34492</y></points><label>3</label><labelname>window</labelname><flag>1</flag></object><object><points><x>0.4502</x><x>0.52051</x><y>0.93984</y><y>0.99198</y></points><label>3</label><labelname>window</labelname><flag>1</flag></object><object><points><x>0.62207</x><x>0.6582</x><y>0.93717</y><y>0.99064</y></points><label>3</label><labelname>window</labelname><flag>1</flag></object><object><points><x>0.66797</x><x>0.72852</x><y>0.94251</y><y>0.99198</y></points><label>3</label><labelname>window</labelname><flag>1</flag></object><object><points><x>0.37109</x><x>0.43066</x><y>0.18316</y><y>0.39973</y></points><label>5</label><labelname>cornice</labelname><flag>1</flag></object><object><points><x>0.37402</x><x>0.42969</x><y>0.89572</y><y>0.99198</y></points><label>5</label><labelname>cornice</labelname><flag>1</flag></object><object><points><x>0.28223</x><x>0.31152</x><y>0.16578</y><y>0.38369</y></points><label>6</label><labelname>sill</labelname><flag>1</flag></object><object><points><x>0.51855</x><x>0.5459</x><y>0.20053</y><y>0.38904</y></points><label>6</label><labelname>sill</labelname><flag>1</flag></object><object><points><x>0.5166</x><x>0.54004</x><y>0.90374</y><y>0.99465</y></points><label>6</label><labelname>sill</labelname><flag>1</flag></object><object><points><x>0.77734</x><x>0.83984</x><y>0.81417</y><y>0.87968</y></points><label>9</label><labelname>deco</labelname><flag>1</flag></object><object><points><x>0.85254</x><x>0.89258</x><y>0.60027</y><y>0.66043</y></points><label>9</label><labelname>deco</labelname><flag>1</flag></object><object><points><x>0.75879</x><x>0.84766</x><y>0.58155</y><y>0.67513</y></points><label>9</label><labelname>deco</labelname><flag>1</flag></object><object><points><x>0.77441</x><x>0.84082</x><y>0.37567</y><y>0.44786</y></points><label>9</label><labelname>deco</labelname><flag>1</flag></object><object><points><x>0.49902</x><x>0.54883</x><y>0.79545</y><y>0.82487</y></points><label>9</label><labelname>deco</labelname><flag>1</flag></object><object><points><x>0.50195</x><x>0.55078</x><y>0.42647</y><y>0.45187</y></points><label>9</label><labelname>deco</labelname><flag>1</flag></object><object><points><x>0.11914</x><x>0.14551</x><y>0.72326</y><y>0.77139</y></points><label>9</label><labelname>deco</labelname><flag>1</flag></object><object><points><x>0.11816</x><x>0.14551</x><y>0.47059</y><y>0.51872</y></points><label>9</label><labelname>deco</labelname><flag>1</flag></object><object><points><x>0.71875</x><x>0.7998</x><y>0.030749</y><y>0.98797</y></points><label>10</label><labelname>molding</labelname><flag>1</flag></object><object><points><x>0.53809</x><x>0.58496</x><y>0.024064</y><y>0.98396</y></points><label>10</label><labelname>molding</labelname><flag>1</flag></object><object><points><x>0.32617</x><x>0.36523</x><y>0.49599</y><y>0.74465</y></points><label>5</label><labelname>cornice</labelname><flag>1</flag></object>