<object><points><x>0.90234</x><x>0.95996</x><y>0.13021</y><y>0.1849</y></points><label>3</label><labelname>window</labelname><flag>1</flag></object><object><points><x>0.90918</x><x>0.95996</x><y>0.69401</y><y>0.77344</y></points><label>3</label><labelname>window</labelname><flag>1</flag></object><object><points><x>0.7793</x><x>0.85254</x><y>0.74089</y><y>0.78385</y></points><label>3</label><labelname>window</labelname><flag>1</flag></object><object><points><x>0.7793</x><x>0.85352</x><y>0.68359</y><y>0.72917</y></points><label>3</label><labelname>window</labelname><flag>1</flag></object><object><points><x>0.64844</x><x>0.72168</x><y>0.74089</y><y>0.78516</y></points><label>3</label><labelname>window</labelname><flag>1</flag></object><object><points><x>0.64844</x><x>0.72168</x><y>0.6849</y><y>0.72396</y></points><label>3</label><labelname>window</labelname><flag>1</flag></object><object><points><x>0.5127</x><x>0.58398</x><y>0.73828</y><y>0.78255</y></points><label>3</label><labelname>window</labelname><flag>1</flag></object><object><points><x>0.51172</x><x>0.58496</x><y>0.6849</y><y>0.72396</y></points><label>3</label><labelname>window</labelname><flag>1</flag></object><object><points><x>0.38086</x><x>0.45215</x><y>0.74219</y><y>0.78255</y></points><label>3</label><labelname>window</labelname><flag>1</flag></object><object><points><x>0.38086</x><x>0.45312</x><y>0.6875</y><y>0.72786</y></points><label>3</label><labelname>window</labelname><flag>1</flag></object><object><points><x>0.51465</x><x>0.56348</x><y>0.54557</y><y>0.58464</y></points><label>3</label><labelname>window</labelname><flag>1</flag></object><object><points><x>0.51367</x><x>0.56348</x><y>0.49219</y><y>0.53125</y></points><label>3</label><labelname>window</labelname><flag>1</flag></object><object><points><x>0.37988</x><x>0.45215</x><y>0.54557</y><y>0.58464</y></points><label>3</label><labelname>window</labelname><flag>1</flag></object><object><points><x>0.37988</x><x>0.45215</x><y>0.49219</y><y>0.53125</y></points><label>3</label><labelname>window</labelname><flag>1</flag></object><object><points><x>0.78223</x><x>0.85547</x><y>0.33984</y><y>0.38411</y></points><label>3</label><labelname>window</labelname><flag>1</flag></object><object><points><x>0.78223</x><x>0.85547</x><y>0.28516</y><y>0.32943</y></points><label>3</label><labelname>window</labelname><flag>1</flag></object><object><points><x>0.7832</x><x>0.8584</x><y>0.13411</y><y>0.18229</y></points><label>3</label><labelname>window</labelname><flag>1</flag></object><object><points><x>0.64844</x><x>0.72363</x><y>0.13411</y><y>0.18359</y></points><label>3</label><labelname>window</labelname><flag>1</flag></object><object><points><x>0.65039</x><x>0.72363</x><y>0.34115</y><y>0.38411</y></points><label>3</label><labelname>window</labelname><flag>1</flag></object><object><points><x>0.65039</x><x>0.72266</x><y>0.28385</y><y>0.32812</y></points><label>3</label><labelname>window</labelname><flag>1</flag></object><object><points><x>0.51367</x><x>0.58496</x><y>0.34115</y><y>0.38411</y></points><label>3</label><labelname>window</labelname><flag>1</flag></object><object><points><x>0.51367</x><x>0.58496</x><y>0.28516</y><y>0.32552</y></points><label>3</label><labelname>window</labelname><flag>1</flag></object><object><points><x>0.50977</x><x>0.58398</x><y>0.13411</y><y>0.1849</y></points><label>3</label><labelname>window</labelname><flag>1</flag></object><object><points><x>0.37988</x><x>0.4541</x><y>0.34375</y><y>0.38542</y></points><label>3</label><labelname>window</labelname><flag>1</flag></object><object><points><x>0.37988</x><x>0.4541</x><y>0.28516</y><y>0.32812</y></points><label>3</label><labelname>window</labelname><flag>1</flag></object><object><points><x>0.37891</x><x>0.45312</x><y>0.13411</y><y>0.1849</y></points><label>3</label><labelname>window</labelname><flag>1</flag></object><object><points><x>0.34863</x><x>0.3877</x><y>0.26823</y><y>0.41146</y></points><label>5</label><labelname>cornice</labelname><flag>1</flag></object><object><points><x>0.34766</x><x>0.38477</x><y>0.11589</y><y>0.20443</y></points><label>5</label><labelname>cornice</labelname><flag>1</flag></object><object><points><x>0.64355</x><x>0.74414</x><y>0.49349</y><y>0.59635</y></points><label>3</label><labelname>window</labelname><flag>1</flag></object><object><points><x>0.13867</x><x>0.97559</x><y>0.0091146</y><y>0.96094</y></points><label>2</label><labelname>facade</labelname><flag>1</flag></object><object><points><x>0.25</x><x>0.32031</x><y>0.28516</y><y>0.32812</y></points><label>3</label><labelname>window</labelname><flag>1</flag></object><object><points><x>0.25098</x><x>0.32129</x><y>0.34505</y><y>0.38672</y></points><label>3</label><labelname>window</labelname><flag>1</flag></object><object><points><x>0.24707</x><x>0.31738</x><y>0.14062</y><y>0.18229</y></points><label>3</label><labelname>window</labelname><flag>1</flag></object><object><points><x>0.25098</x><x>0.31055</x><y>0.49609</y><y>0.53516</y></points><label>3</label><labelname>window</labelname><flag>1</flag></object><object><points><x>0.25195</x><x>0.3125</x><y>0.55078</y><y>0.58724</y></points><label>3</label><labelname>window</labelname><flag>1</flag></object><object><points><x>0.25293</x><x>0.3125</x><y>0.6875</y><y>0.72917</y></points><label>3</label><labelname>window</labelname><flag>1</flag></object><object><points><x>0.25195</x><x>0.3125</x><y>0.74479</y><y>0.78646</y></points><label>3</label><labelname>window</labelname><flag>1</flag></object><object><points><x>0.38184</x><x>0.4541</x><y>0.875</y><y>0.91146</y></points><label>3</label><labelname>window</labelname><flag>1</flag></object><object><points><x>0.90137</x><x>0.96777</x><y>0.28776</y><y>0.38021</y></points><label>4</label><labelname>door</labelname><flag>1</flag></object><object><points><x>0.79688</x><x>0.97363</x><y>0.4974</y><y>0.59245</y></points><label>4</label><labelname>door</labelname><flag>1</flag></object><object><points><x>0.21777</x><x>0.28516</x><y>0.45443</y><y>0.48698</y></points><label>9</label><labelname>deco</labelname><flag>1</flag></object><object><points><x>0.2207</x><x>0.28809</x><y>0.61328</y><y>0.64583</y></points><label>9</label><labelname>deco</labelname><flag>1</flag></object><object><points><x>0.24609</x><x>0.32227</x><y>0.79427</y><y>0.86719</y></points><label>9</label><labelname>deco</labelname><flag>1</flag></object><object><points><x>0.24219</x><x>0.31836</x><y>0.19661</y><y>0.27604</y></points><label>9</label><labelname>deco</labelname><flag>1</flag></object><object><points><x>0.24512</x><x>0.32129</x><y>0.39453</y><y>0.4362</y></points><label>9</label><labelname>deco</labelname><flag>1</flag></object><object><points><x>0.24414</x><x>0.32031</x><y>0.64974</y><y>0.67708</y></points><label>9</label><labelname>deco</labelname><flag>1</flag></object><object><points><x>0.24121</x><x>0.31738</x><y>0.046875</y><y>0.1263</y></points><label>9</label><labelname>deco</labelname><flag>1</flag></object><object><points><x>0.16211</x><x>0.21777</x><y>0.44141</y><y>0.65495</y></points><label>9</label><labelname>deco</labelname><flag>1</flag></object><object><points><x>0.17285</x><x>0.2334</x><y>0.65495</y><y>0.95833</y></points><label>9</label><labelname>deco</labelname><flag>1</flag></object><object><points><x>0.17383</x><x>0.22949</x><y>0.26953</y><y>0.4362</y></points><label>9</label><labelname>deco</labelname><flag>1</flag></object><object><points><x>0.34961</x><x>0.38965</x><y>0.66667</y><y>0.8099</y></points><label>5</label><labelname>cornice</labelname><flag>1</flag></object><object><points><x>0.45996</x><x>0.51465</x><y>0.25521</y><y>0.42188</y></points><label>5</label><labelname>cornice</labelname><flag>1</flag></object><object><points><x>0.46191</x><x>0.51562</x><y>0.66146</y><y>0.82031</y></points><label>5</label><labelname>cornice</labelname><flag>1</flag></object><object><points><x>0.46289</x><x>0.51562</x><y>0.10286</y><y>0.22005</y></points><label>5</label><labelname>cornice</labelname><flag>1</flag></object><object><points><x>0.45215</x><x>0.4668</x><y>0.1224</y><y>0.19661</y></points><label>6</label><labelname>sill</labelname><flag>1</flag></object><object><points><x>0.45117</x><x>0.46777</x><y>0.27214</y><y>0.40104</y></points><label>6</label><labelname>sill</labelname><flag>1</flag></object><object><points><x>0.58398</x><x>0.61133</x><y>0.11719</y><y>0.20573</y></points><label>6</label><labelname>sill</labelname><flag>1</flag></object><object><points><x>0.58496</x><x>0.61328</x><y>0.26823</y><y>0.40495</y></points><label>6</label><labelname>sill</labelname><flag>1</flag></object><object><points><x>0.45215</x><x>0.46777</x><y>0.67448</y><y>0.79818</y></points><label>6</label><labelname>sill</labelname><flag>1</flag></object><object><points><x>0.58496</x><x>0.61133</x><y>0.67448</y><y>0.80599</y></points><label>6</label><labelname>sill</labelname><flag>1</flag></object><object><points><x>0.85742</x><x>0.89062</x><y>0.1237</y><y>0.19401</y></points><label>6</label><labelname>sill</labelname><flag>1</flag></object><object><points><x>0.85645</x><x>0.8877</x><y>0.27474</y><y>0.39453</y></points><label>6</label><labelname>sill</labelname><flag>1</flag></object><object><points><x>0.85156</x><x>0.88281</x><y>0.67839</y><y>0.79818</y></points><label>6</label><labelname>sill</labelname><flag>1</flag></object><object><points><x>0.55957</x><x>0.65137</x><y>0.46224</y><y>0.66276</y></points><label>7</label><labelname>balcony</labelname><flag>1</flag></object><object><points><x>0.45996</x><x>0.50098</x><y>0.8151</y><y>0.84245</y></points><label>9</label><labelname>deco</labelname><flag>1</flag></object><object><points><x>0.45996</x><x>0.50195</x><y>0.070312</y><y>0.098958</y></points><label>9</label><labelname>deco</labelname><flag>1</flag></object><object><points><x>0.46094</x><x>0.50195</x><y>0.22135</y><y>0.25</y></points><label>9</label><labelname>deco</labelname><flag>1</flag></object><object><points><x>0.45215</x><x>0.47852</x><y>0.54688</y><y>0.60286</y></points><label>6</label><labelname>sill</labelname><flag>1</flag></object><object><points><x>0.4502</x><x>0.47754</x><y>0.48828</y><y>0.54557</y></points><label>6</label><labelname>sill</labelname><flag>1</flag></object><object><points><x>0.4834</x><x>0.50293</x><y>0.48958</y><y>0.60026</y></points><label>9</label><labelname>deco</labelname><flag>1</flag></object><object><points><x>0.31152</x><x>0.35059</x><y>0.018229</y><y>0.95964</y></points><label>10</label><labelname>molding</labelname><flag>1</flag></object><object><points><x>0.21387</x><x>0.25</x><y>0.015625</y><y>0.95573</y></points><label>10</label><labelname>molding</labelname><flag>1</flag></object><object><points><x>0.14355</x><x>0.18066</x><y>0.015625</y><y>0.95703</y></points><label>10</label><labelname>molding</labelname><flag>1</flag></object><object><points><x>0.58301</x><x>0.65137</x><y>0.016927</y><y>0.95833</y></points><label>10</label><labelname>molding</labelname><flag>1</flag></object><object><points><x>0.88086</x><x>0.91309</x><y>0.014323</y><y>0.95573</y></points><label>10</label><labelname>molding</labelname><flag>1</flag></object><object><points><x>0.2373</x><x>0.31055</x><y>0.54036</y><y>0.54948</y></points><label>11</label><labelname>pillar</labelname><flag>1</flag></object><object><points><x>0.23242</x><x>0.2373</x><y>0.53776</y><y>0.55208</y></points><label>11</label><labelname>pillar</labelname><flag>1</flag></object><object><points><x>0.37793</x><x>0.43066</x><y>0.53646</y><y>0.54297</y></points><label>11</label><labelname>pillar</labelname><flag>1</flag></object><object><points><x>0.37695</x><x>0.44824</x><y>0.59115</y><y>0.59896</y></points><label>11</label><labelname>pillar</labelname><flag>1</flag></object><object><points><x>0.51758</x><x>0.57422</x><y>0.72786</y><y>0.73698</y></points><label>11</label><labelname>pillar</labelname><flag>1</flag></object><object><points><x>0.5166</x><x>0.57812</x><y>0.67318</y><y>0.68359</y></points><label>11</label><labelname>pillar</labelname><flag>1</flag></object><object><points><x>0.51562</x><x>0.57812</x><y>0.78776</y><y>0.79688</y></points><label>11</label><labelname>pillar</labelname><flag>1</flag></object><object><points><x>0.51367</x><x>0.55566</x><y>0.53646</y><y>0.54427</y></points><label>11</label><labelname>pillar</labelname><flag>1</flag></object><object><points><x>0.51074</x><x>0.56152</x><y>0.59115</y><y>0.59766</y></points><label>11</label><labelname>pillar</labelname><flag>1</flag></object><object><points><x>0.51758</x><x>0.57715</x><y>0.38932</y><y>0.39974</y></points><label>11</label><labelname>pillar</labelname><flag>1</flag></object><object><points><x>0.51758</x><x>0.57812</x><y>0.27344</y><y>0.28385</y></points><label>11</label><labelname>pillar</labelname><flag>1</flag></object><object><points><x>0.52148</x><x>0.57422</x><y>0.33203</y><y>0.33854</y></points><label>11</label><labelname>pillar</labelname><flag>1</flag></object><object><points><x>0.51953</x><x>0.58008</x><y>0.1888</y><y>0.19792</y></points><label>11</label><labelname>pillar</labelname><flag>1</flag></object><object><points><x>0.51855</x><x>0.58008</x><y>0.1237</y><y>0.13281</y></points><label>11</label><labelname>pillar</labelname><flag>1</flag></object><object><points><x>0.58008</x><x>0.58398</x><y>0.11979</y><y>0.13411</y></points><label>11</label><labelname>pillar</labelname><flag>1</flag></object><object><points><x>0.58008</x><x>0.58398</x><y>0.1875</y><y>0.20052</y></points><label>11</label><labelname>pillar</labelname><flag>1</flag></object><object><points><x>0.57812</x><x>0.58496</x><y>0.27214</y><y>0.28516</y></points><label>11</label><labelname>pillar</labelname><flag>1</flag></object><object><points><x>0.57812</x><x>0.58496</x><y>0.38802</y><y>0.40104</y></points><label>11</label><labelname>pillar</labelname><flag>1</flag></object><object><points><x>0.57422</x><x>0.58496</x><y>0.32812</y><y>0.34245</y></points><label>11</label><labelname>pillar</labelname><flag>1</flag></object><object><points><x>0.55566</x><x>0.5625</x><y>0.53385</y><y>0.54557</y></points><label>11</label><labelname>pillar</labelname><flag>1</flag></object><object><points><x>0.57812</x><x>0.58496</x><y>0.67188</y><y>0.6849</y></points><label>11</label><labelname>pillar</labelname><flag>1</flag></object><object><points><x>0.57812</x><x>0.58496</x><y>0.78646</y><y>0.79948</y></points><label>11</label><labelname>pillar</labelname><flag>1</flag></object><object><points><x>0.57422</x><x>0.58496</x><y>0.72526</y><y>0.74349</y></points><label>11</label><labelname>pillar</labelname><flag>1</flag></object><object><points><x>0.43066</x><x>0.45215</x><y>0.53255</y><y>0.54688</y></points><label>11</label><labelname>pillar</labelname><flag>1</flag></object><object><points><x>0.36914</x><x>0.37793</x><y>0.53516</y><y>0.54557</y></points><label>11</label><labelname>pillar</labelname><flag>1</flag></object><object><points><x>0.36816</x><x>0.37793</x><y>0.58984</y><y>0.60026</y></points><label>11</label><labelname>pillar</labelname><flag>1</flag></object><object><points><x>0.2334</x><x>0.24414</x><y>0.59505</y><y>0.60417</y></points><label>11</label><labelname>pillar</labelname><flag>1</flag></object><object><points><x>0.24414</x><x>0.30566</x><y>0.59505</y><y>0.60286</y></points><label>11</label><labelname>pillar</labelname><flag>1</flag></object><object><points><x>0.30566</x><x>0.31152</x><y>0.59375</y><y>0.60286</y></points><label>11</label><labelname>pillar</labelname><flag>1</flag></object><object><points><x>0.30469</x><x>0.31152</x><y>0.48958</y><y>0.49609</y></points><label>11</label><labelname>pillar</labelname><flag>1</flag></object><object><points><x>0.24414</x><x>0.30469</x><y>0.48828</y><y>0.49609</y></points><label>11</label><labelname>pillar</labelname><flag>1</flag></object><object><points><x>0.23242</x><x>0.24316</x><y>0.48828</y><y>0.4987</y></points><label>11</label><labelname>pillar</labelname><flag>1</flag></object><object><points><x>0.44824</x><x>0.45215</x><y>0.58984</y><y>0.60026</y></points><label>11</label><labelname>pillar</labelname><flag>1</flag></object><object><points><x>0.77441</x><x>0.81641</x><y>0.48698</y><y>0.60547</y></points><label>9</label><labelname>deco</labelname><flag>1</flag></object><object><points><x>0.93457</x><x>0.95703</x><y>0.6237</y><y>0.64193</y></points><label>12</label><labelname>shop</labelname><flag>1</flag></object><object><points><x>0.90527</x><x>0.94824</x><y>0.65495</y><y>0.6901</y></points><label>12</label><labelname>shop</labelname><flag>1</flag></object>