<object><points><x>0.14314</x><x>0.21176</x><y>0.21701</y><y>0.32118</y></points><label>3</label><labelname>window</labelname><flag>1</flag></object><object><points><x>0.13922</x><x>0.19608</x><y>0.36806</y><y>0.48264</y></points><label>3</label><labelname>window</labelname><flag>1</flag></object><object><points><x>0.13529</x><x>0.19216</x><y>0.53125</y><y>0.64583</y></points><label>3</label><labelname>window</labelname><flag>1</flag></object><object><points><x>0.13922</x><x>0.20784</x><y>0.69097</y><y>0.80208</y></points><label>3</label><labelname>window</labelname><flag>1</flag></object><object><points><x>0.32549</x><x>0.39608</x><y>0.69097</y><y>0.80382</y></points><label>3</label><labelname>window</labelname><flag>1</flag></object><object><points><x>0.31765</x><x>0.38824</x><y>0.53472</y><y>0.64583</y></points><label>3</label><labelname>window</labelname><flag>1</flag></object><object><points><x>0.31961</x><x>0.3902</x><y>0.37153</y><y>0.48264</y></points><label>3</label><labelname>window</labelname><flag>1</flag></object><object><points><x>0.33137</x><x>0.4</x><y>0.21875</y><y>0.32292</y></points><label>3</label><labelname>window</labelname><flag>1</flag></object><object><points><x>0.51765</x><x>0.59608</x><y>0.22049</y><y>0.32639</y></points><label>3</label><labelname>window</labelname><flag>1</flag></object><object><points><x>0.50784</x><x>0.59608</x><y>0.36979</y><y>0.48264</y></points><label>3</label><labelname>window</labelname><flag>1</flag></object><object><points><x>0.50784</x><x>0.59608</x><y>0.53472</y><y>0.64757</y></points><label>3</label><labelname>window</labelname><flag>1</flag></object><object><points><x>0.51176</x><x>0.6</x><y>0.69097</y><y>0.80382</y></points><label>3</label><labelname>window</labelname><flag>1</flag></object><object><points><x>0.18235</x><x>0.26471</x><y>0.91146</y><y>0.99479</y></points><label>3</label><labelname>window</labelname><flag>1</flag></object><object><points><x>0.3549</x><x>0.43725</x><y>0.91146</y><y>0.99479</y></points><label>3</label><labelname>window</labelname><flag>1</flag></object><object><points><x>0.53137</x><x>0.61569</x><y>0.90972</y><y>0.99653</y></points><label>3</label><labelname>window</labelname><flag>1</flag></object><object><points><x>0.011765</x><x>0.096078</x><y>0.90625</y><y>0.98785</y></points><label>3</label><labelname>window</labelname><flag>1</flag></object><object><points><x>0.031373</x><x>0.11373</x><y>0.039931</y><y>0.12153</y></points><label>3</label><labelname>window</labelname><flag>1</flag></object><object><points><x>0.19804</x><x>0.28039</x><y>0.039931</y><y>0.12326</y></points><label>3</label><labelname>window</labelname><flag>1</flag></object><object><points><x>0.36667</x><x>0.45098</x><y>0.036458</y><y>0.11979</y></points><label>3</label><labelname>window</labelname><flag>1</flag></object><object><points><x>0.53333</x><x>0.61765</x><y>0.039931</y><y>0.12326</y></points><label>3</label><labelname>window</labelname><flag>1</flag></object><object><points><x>0.80588</x><x>0.88627</x><y>0.29514</y><y>0.41667</y></points><label>3</label><labelname>window</labelname><flag>1</flag></object><object><points><x>0.80588</x><x>0.89608</x><y>0.44792</y><y>0.57986</y></points><label>3</label><labelname>window</labelname><flag>1</flag></object><object><points><x>0.80392</x><x>0.89412</x><y>0.60417</y><y>0.73438</y></points><label>3</label><labelname>window</labelname><flag>1</flag></object><object><points><x>0.80784</x><x>0.89608</x><y>0.75521</y><y>0.88542</y></points><label>3</label><labelname>window</labelname><flag>1</flag></object><object><points><x>0.80588</x><x>0.89608</x><y>0.15104</y><y>0.26562</y></points><label>3</label><labelname>window</labelname><flag>1</flag></object><object><points><x>0.80392</x><x>0.88627</x><y>0.050347</y><y>0.12847</y></points><label>3</label><labelname>window</labelname><flag>1</flag></object><object><points><x>0.57647</x><x>0.70784</x><y>0.10764</y><y>0.92014</y></points><label>7</label><labelname>balcony</labelname><flag>1</flag></object><object><points><x>0.71373</x><x>0.80196</x><y>0.045139</y><y>0.12326</y></points><label>12</label><labelname>shop</labelname><flag>1</flag></object><object><points><x>0.59608</x><x>0.69608</x><y>0.13021</y><y>0.83507</y></points><label>12</label><labelname>shop</labelname><flag>1</flag></object><object><points><x>0.77255</x><x>0.89608</x><y>0.91146</y><y>0.94965</y></points><label>12</label><labelname>shop</labelname><flag>1</flag></object><object><points><x>0.70196</x><x>0.73725</x><y>0.13889</y><y>0.25347</y></points><label>8</label><labelname>blind</labelname><flag>1</flag></object><object><points><x>0.7</x><x>0.73333</x><y>0.28472</y><y>0.41319</y></points><label>8</label><labelname>blind</labelname><flag>1</flag></object><object><points><x>0.69804</x><x>0.73922</x><y>0.44097</y><y>0.57812</y></points><label>8</label><labelname>blind</labelname><flag>1</flag></object><object><points><x>0.7</x><x>0.73333</x><y>0.61111</y><y>0.74132</y></points><label>8</label><labelname>blind</labelname><flag>1</flag></object><object><points><x>0.70784</x><x>0.73137</x><y>0.76042</y><y>0.90278</y></points><label>8</label><labelname>blind</labelname><flag>1</flag></object><object><points><x>0.0039216</x><x>0.99804</x><y>0.024306</y><y>1</y></points><label>2</label><labelname>facade</labelname><flag>1</flag></object><object><points><x>0.015686</x><x>0.56078</x><y>0.13715</y><y>0.17708</y></points><label>12</label><labelname>shop</labelname><flag>1</flag></object>