<object><points><x>0.004</x><x>0.914</x><y>0.0026954</y><y>0.65364</y></points><label>2</label><labelname>facade</labelname><flag>1</flag></object><object><points><x>0.004</x><x>0.914</x><y>0.65364</y><y>1</y></points><label>2</label><labelname>facade</labelname><flag>1</flag></object><object><points><x>0.214</x><x>0.34</x><y>0.47844</y><y>0.52291</y></points><label>3</label><labelname>window</labelname><flag>1</flag></object><object><points><x>0.214</x><x>0.34</x><y>0.58086</y><y>0.62534</y></points><label>3</label><labelname>window</labelname><flag>1</flag></object><object><points><x>0.21</x><x>0.336</x><y>0.25606</y><y>0.30054</y></points><label>3</label><labelname>window</labelname><flag>1</flag></object><object><points><x>0.442</x><x>0.568</x><y>0.25472</y><y>0.29919</y></points><label>3</label><labelname>window</labelname><flag>1</flag></object><object><points><x>0.442</x><x>0.568</x><y>0.47844</y><y>0.52426</y></points><label>3</label><labelname>window</labelname><flag>1</flag></object><object><points><x>0.44</x><x>0.566</x><y>0.58356</y><y>0.62803</y></points><label>3</label><labelname>window</labelname><flag>1</flag></object><object><points><x>0.672</x><x>0.8</x><y>0.48248</y><y>0.52965</y></points><label>3</label><labelname>window</labelname><flag>1</flag></object><object><points><x>0.672</x><x>0.8</x><y>0.36792</y><y>0.41509</y></points><label>3</label><labelname>window</labelname><flag>1</flag></object><object><points><x>0.668</x><x>0.798</x><y>0.25337</y><y>0.30593</y></points><label>3</label><labelname>window</labelname><flag>1</flag></object><object><points><x>0.218</x><x>0.344</x><y>0.7965</y><y>0.84232</y></points><label>3</label><labelname>window</labelname><flag>1</flag></object><object><points><x>0.438</x><x>0.562</x><y>0.80054</y><y>0.84636</y></points><label>3</label><labelname>window</labelname><flag>1</flag></object><object><points><x>0.662</x><x>0.786</x><y>0.80054</y><y>0.84501</y></points><label>3</label><labelname>window</labelname><flag>1</flag></object><object><points><x>0.208</x><x>0.334</x><y>0.03504</y><y>0.071429</y></points><label>3</label><labelname>window</labelname><flag>1</flag></object><object><points><x>0.206</x><x>0.332</x><y>0.083558</y><y>0.11995</y></points><label>3</label><labelname>window</labelname><flag>1</flag></object><object><points><x>0.434</x><x>0.56</x><y>0.083558</y><y>0.11995</y></points><label>3</label><labelname>window</labelname><flag>1</flag></object><object><points><x>0.434</x><x>0.562</x><y>0.033693</y><y>0.070081</y></points><label>3</label><labelname>window</labelname><flag>1</flag></object><object><points><x>0.664</x><x>0.798</x><y>0.036388</y><y>0.074124</y></points><label>3</label><labelname>window</labelname><flag>1</flag></object><object><points><x>0.666</x><x>0.8</x><y>0.084906</y><y>0.12264</y></points><label>3</label><labelname>window</labelname><flag>1</flag></object><object><points><x>0.006</x><x>0.088</x><y>0.36388</y><y>0.39892</y></points><label>3</label><labelname>window</labelname><flag>1</flag></object><object><points><x>0.006</x><x>0.088</x><y>0.48383</y><y>0.51887</y></points><label>3</label><labelname>window</labelname><flag>1</flag></object><object><points><x>0.01</x><x>0.09</x><y>0.58625</y><y>0.62129</y></points><label>3</label><labelname>window</labelname><flag>1</flag></object><object><points><x>0.008</x><x>0.09</x><y>0.2628</y><y>0.29784</y></points><label>3</label><labelname>window</labelname><flag>1</flag></object><object><points><x>0.016</x><x>0.096</x><y>0.68733</y><y>0.72642</y></points><label>3</label><labelname>window</labelname><flag>1</flag></object><object><points><x>0.022</x><x>0.1</x><y>0.80323</y><y>0.83827</y></points><label>3</label><labelname>window</labelname><flag>1</flag></object><object><points><x>0.026</x><x>0.104</x><y>0.93935</y><y>0.97305</y></points><label>3</label><labelname>window</labelname><flag>1</flag></object><object><points><x>0.214</x><x>0.356</x><y>0.68868</y><y>0.7372</y></points><label>3</label><labelname>window</labelname><flag>1</flag></object><object><points><x>0.442</x><x>0.608</x><y>0.69137</y><y>0.73989</y></points><label>3</label><labelname>window</labelname><flag>1</flag></object><object><points><x>0.666</x><x>0.866</x><y>0.58086</y><y>0.63612</y></points><label>4</label><labelname>door</labelname><flag>1</flag></object><object><points><x>0.666</x><x>0.894</x><y>0.68868</y><y>0.74394</y></points><label>4</label><labelname>door</labelname><flag>1</flag></object><object><points><x>0.17</x><x>0.218</x><y>0.66846</y><y>0.76011</y></points><label>5</label><labelname>cornice</labelname><flag>1</flag></object><object><points><x>0.162</x><x>0.214</x><y>0.33962</y><y>0.43396</y></points><label>5</label><labelname>cornice</labelname><flag>1</flag></object><object><points><x>0.628</x><x>0.66</x><y>0.024259</y><y>0.13073</y></points><label>5</label><labelname>cornice</labelname><flag>1</flag></object><object><points><x>0.63</x><x>0.666</x><y>0.24528</y><y>0.31536</y></points><label>5</label><labelname>cornice</labelname><flag>1</flag></object><object><points><x>0.634</x><x>0.67</x><y>0.4717</y><y>0.54178</y></points><label>5</label><labelname>cornice</labelname><flag>1</flag></object><object><points><x>0.63</x><x>0.662</x><y>0.7938</y><y>0.85445</y></points><label>5</label><labelname>cornice</labelname><flag>1</flag></object><object><points><x>0.37</x><x>0.436</x><y>0.46092</y><y>0.54852</y></points><label>5</label><labelname>cornice</labelname><flag>1</flag></object><object><points><x>0.368</x><x>0.434</x><y>0.56469</y><y>0.65229</y></points><label>5</label><labelname>cornice</labelname><flag>1</flag></object><object><points><x>0.158</x><x>0.204</x><y>0.021563</y><y>0.13342</y></points><label>5</label><labelname>cornice</labelname><flag>1</flag></object><object><points><x>0.33</x><x>0.428</x><y>0.014825</y><y>0.14016</y></points><label>5</label><labelname>cornice</labelname><flag>1</flag></object><object><points><x>0.366</x><x>0.434</x><y>0.23181</y><y>0.32345</y></points><label>5</label><labelname>cornice</labelname><flag>1</flag></object><object><points><x>0.33</x><x>0.37</x><y>0.2372</y><y>0.31536</y></points><label>6</label><labelname>sill</labelname><flag>1</flag></object><object><points><x>0.334</x><x>0.374</x><y>0.46361</y><y>0.54582</y></points><label>6</label><labelname>sill</labelname><flag>1</flag></object><object><points><x>0.334</x><x>0.376</x><y>0.56334</y><y>0.64555</y></points><label>6</label><labelname>sill</labelname><flag>1</flag></object><object><points><x>0.56</x><x>0.624</x><y>0.56739</y><y>0.6496</y></points><label>6</label><labelname>sill</labelname><flag>1</flag></object><object><points><x>0.564</x><x>0.626</x><y>0.46765</y><y>0.54852</y></points><label>6</label><labelname>sill</labelname><flag>1</flag></object><object><points><x>0.564</x><x>0.628</x><y>0.2372</y><y>0.31806</y></points><label>6</label><labelname>sill</labelname><flag>1</flag></object><object><points><x>0.562</x><x>0.626</x><y>0.016173</y><y>0.13881</y></points><label>6</label><labelname>sill</labelname><flag>1</flag></object><object><points><x>0.792</x><x>0.866</x><y>0.018868</y><y>0.13881</y></points><label>6</label><labelname>sill</labelname><flag>1</flag></object><object><points><x>0.794</x><x>0.868</x><y>0.34771</y><y>0.43666</y></points><label>6</label><labelname>sill</labelname><flag>1</flag></object><object><points><x>0.794</x><x>0.868</x><y>0.46226</y><y>0.55121</y></points><label>6</label><labelname>sill</labelname><flag>1</flag></object><object><points><x>0.558</x><x>0.614</x><y>0.7938</y><y>0.85714</y></points><label>6</label><labelname>sill</labelname><flag>1</flag></object><object><points><x>0.784</x><x>0.852</x><y>0.78976</y><y>0.85714</y></points><label>6</label><labelname>sill</labelname><flag>1</flag></object><object><points><x>0.286</x><x>0.452</x><y>0.32884</y><y>0.46496</y></points><label>7</label><labelname>balcony</labelname><flag>1</flag></object><object><points><x>0.532</x><x>0.676</x><y>0.33019</y><y>0.47305</y></points><label>7</label><labelname>balcony</labelname><flag>1</flag></object><object><points><x>0.29</x><x>0.45</x><y>0.66173</y><y>0.80458</y></points><label>7</label><labelname>balcony</labelname><flag>1</flag></object><object><points><x>0.528</x><x>0.688</x><y>0.66173</y><y>0.81671</y></points><label>7</label><labelname>balcony</labelname><flag>1</flag></object><object><points><x>0.436</x><x>0.556</x><y>0.036388</y><y>0.067385</y></points><label>8</label><labelname>blind</labelname><flag>1</flag></object><object><points><x>0.436</x><x>0.556</x><y>0.087601</y><y>0.1186</y></points><label>8</label><labelname>blind</labelname><flag>1</flag></object><object><points><x>0.668</x><x>0.794</x><y>0.039084</y><y>0.072776</y></points><label>8</label><labelname>blind</labelname><flag>1</flag></object><object><points><x>0.668</x><x>0.794</x><y>0.086253</y><y>0.11995</y></points><label>8</label><labelname>blind</labelname><flag>1</flag></object><object><points><x>0.672</x><x>0.796</x><y>0.25606</y><y>0.30323</y></points><label>8</label><labelname>blind</labelname><flag>1</flag></object><object><points><x>0.674</x><x>0.798</x><y>0.36927</y><y>0.41375</y></points><label>8</label><labelname>blind</labelname><flag>1</flag></object><object><points><x>0.674</x><x>0.798</x><y>0.48383</y><y>0.5283</y></points><label>8</label><labelname>blind</labelname><flag>1</flag></object><object><points><x>0.444</x><x>0.568</x><y>0.48248</y><y>0.52291</y></points><label>8</label><labelname>blind</labelname><flag>1</flag></object><object><points><x>0.446</x><x>0.544</x><y>0.25741</y><y>0.29784</y></points><label>8</label><labelname>blind</labelname><flag>1</flag></object><object><points><x>0.442</x><x>0.55</x><y>0.58356</y><y>0.62534</y></points><label>8</label><labelname>blind</labelname><flag>1</flag></object><object><points><x>0.214</x><x>0.334</x><y>0.26011</y><y>0.29919</y></points><label>8</label><labelname>blind</labelname><flag>1</flag></object><object><points><x>0.218</x><x>0.34</x><y>0.58356</y><y>0.62399</y></points><label>8</label><labelname>blind</labelname><flag>1</flag></object><object><points><x>0.442</x><x>0.606</x><y>0.36388</y><y>0.41105</y></points><label>8</label><labelname>blind</labelname><flag>1</flag></object><object><points><x>0.232</x><x>0.368</x><y>0.35849</y><y>0.41375</y></points><label>3</label><labelname>window</labelname><flag>1</flag></object><object><points><x>0.438</x><x>0.608</x><y>0.36119</y><y>0.41509</y></points><label>3</label><labelname>window</labelname><flag>1</flag></object><object><points><x>0.44</x><x>0.504</x><y>0.80189</y><y>0.84232</y></points><label>8</label><labelname>blind</labelname><flag>1</flag></object><object><points><x>0.664</x><x>0.746</x><y>0.80054</y><y>0.84367</y></points><label>8</label><labelname>blind</labelname><flag>1</flag></object><object><points><x>0.088</x><x>0.166</x><y>0.0040431</y><y>0.64555</y></points><label>10</label><labelname>molding</labelname><flag>1</flag></object><object><points><x>0.106</x><x>0.16</x><y>0.66173</y><y>0.99326</y></points><label>10</label><labelname>molding</labelname><flag>1</flag></object><object><points><x>0.612</x><x>0.638</x><y>0.0080863</y><y>0.65094</y></points><label>10</label><labelname>molding</labelname><flag>1</flag></object><object><points><x>0.612</x><x>0.638</x><y>0.65633</y><y>0.99461</y></points><label>10</label><labelname>molding</labelname><flag>1</flag></object>