<object><points><x>0.045898</x><x>0.99805</x><y>0.16005</y><y>0.96287</y></points><label>2</label><labelname>facade</labelname><flag>1</flag></object><object><points><x>0.62012</x><x>0.66992</x><y>0.1895</y><y>0.39437</y></points><label>5</label><labelname>cornice</labelname><flag>1</flag></object><object><points><x>0.62012</x><x>0.6709</x><y>0.42254</y><y>0.62612</y></points><label>5</label><labelname>cornice</labelname><flag>1</flag></object><object><points><x>0.59961</x><x>0.65332</x><y>0.69654</y><y>0.89117</y></points><label>5</label><labelname>cornice</labelname><flag>1</flag></object><object><points><x>0.39551</x><x>0.47656</x><y>0.69526</y><y>0.89373</y></points><label>5</label><labelname>cornice</labelname><flag>1</flag></object><object><points><x>0.20703</x><x>0.30273</x><y>0.69398</y><y>0.89373</y></points><label>5</label><labelname>cornice</labelname><flag>1</flag></object><object><points><x>0.67188</x><x>0.75684</x><y>0.3073</y><y>0.36236</y></points><label>3</label><labelname>window</labelname><flag>1</flag></object><object><points><x>0.67188</x><x>0.75684</x><y>0.23047</y><y>0.28425</y></points><label>3</label><labelname>window</labelname><flag>1</flag></object><object><points><x>0.50684</x><x>0.59082</x><y>0.3073</y><y>0.36236</y></points><label>3</label><labelname>window</labelname><flag>1</flag></object><object><points><x>0.50684</x><x>0.59082</x><y>0.23047</y><y>0.28425</y></points><label>3</label><labelname>window</labelname><flag>1</flag></object><object><points><x>0.67285</x><x>0.75781</x><y>0.53777</y><y>0.59283</y></points><label>3</label><labelname>window</labelname><flag>1</flag></object><object><points><x>0.67285</x><x>0.75684</x><y>0.46095</y><y>0.51601</y></points><label>3</label><labelname>window</labelname><flag>1</flag></object><object><points><x>0.50684</x><x>0.59082</x><y>0.53905</y><y>0.59539</y></points><label>3</label><labelname>window</labelname><flag>1</flag></object><object><points><x>0.50684</x><x>0.59082</x><y>0.46223</y><y>0.51601</y></points><label>3</label><labelname>window</labelname><flag>1</flag></object><object><points><x>0.65723</x><x>0.74512</x><y>0.80922</y><y>0.85147</y></points><label>3</label><labelname>window</labelname><flag>1</flag></object><object><points><x>0.65625</x><x>0.74414</x><y>0.73624</y><y>0.77849</y></points><label>3</label><labelname>window</labelname><flag>1</flag></object><object><points><x>0.47949</x><x>0.56934</x><y>0.8105</y><y>0.85275</y></points><label>3</label><labelname>window</labelname><flag>1</flag></object><object><points><x>0.47949</x><x>0.56934</x><y>0.73624</y><y>0.77977</y></points><label>3</label><labelname>window</labelname><flag>1</flag></object><object><points><x>0.30469</x><x>0.39258</x><y>0.8105</y><y>0.85403</y></points><label>3</label><labelname>window</labelname><flag>1</flag></object><object><points><x>0.30566</x><x>0.39258</x><y>0.73624</y><y>0.77977</y></points><label>3</label><labelname>window</labelname><flag>1</flag></object><object><points><x>0.33984</x><x>0.42383</x><y>0.53777</y><y>0.59411</y></points><label>3</label><labelname>window</labelname><flag>1</flag></object><object><points><x>0.33984</x><x>0.42285</x><y>0.46095</y><y>0.51601</y></points><label>3</label><labelname>window</labelname><flag>1</flag></object><object><points><x>0.18555</x><x>0.2627</x><y>0.53777</y><y>0.58515</y></points><label>3</label><labelname>window</labelname><flag>1</flag></object><object><points><x>0.18555</x><x>0.26172</x><y>0.46735</y><y>0.51601</y></points><label>3</label><labelname>window</labelname><flag>1</flag></object><object><points><x>0.33984</x><x>0.42383</x><y>0.30602</y><y>0.36108</y></points><label>3</label><labelname>window</labelname><flag>1</flag></object><object><points><x>0.33984</x><x>0.42285</x><y>0.22919</y><y>0.28425</y></points><label>3</label><labelname>window</labelname><flag>1</flag></object><object><points><x>0.18652</x><x>0.2627</x><y>0.30474</y><y>0.35467</y></points><label>3</label><labelname>window</labelname><flag>1</flag></object><object><points><x>0.1875</x><x>0.2627</x><y>0.23688</y><y>0.28553</y></points><label>3</label><labelname>window</labelname><flag>1</flag></object><object><points><x>0.17285</x><x>0.21191</x><y>0.7644</y><y>0.83355</y></points><label>3</label><labelname>window</labelname><flag>1</flag></object><object><points><x>0.29688</x><x>0.36914</x><y>0.074264</y><y>0.12292</y></points><label>3</label><labelname>window</labelname><flag>1</flag></object><object><points><x>0.15723</x><x>0.22852</x><y>0.072983</y><y>0.1242</y></points><label>3</label><labelname>window</labelname><flag>1</flag></object><object><points><x>0.1582</x><x>0.22949</x><y>0.0038412</y><y>0.056338</y></points><label>3</label><labelname>window</labelname><flag>1</flag></object><object><points><x>0.43652</x><x>0.51074</x><y>0.076825</y><y>0.1242</y></points><label>3</label><labelname>window</labelname><flag>1</flag></object><object><points><x>0.85449</x><x>0.97461</x><y>0.3073</y><y>0.39949</y></points><label>3</label><labelname>window</labelname><flag>1</flag></object><object><points><x>0.85547</x><x>0.97559</x><y>0.42382</y><y>0.51601</y></points><label>3</label><labelname>window</labelname><flag>1</flag></object><object><points><x>0.85547</x><x>0.97559</x><y>0.53777</y><y>0.62996</y></points><label>3</label><labelname>window</labelname><flag>1</flag></object><object><points><x>0.85449</x><x>0.97266</x><y>0.19462</y><y>0.28425</y></points><label>3</label><labelname>window</labelname><flag>1</flag></object><object><points><x>0.85547</x><x>0.97363</x><y>0.75288</y><y>0.83867</y></points><label>3</label><labelname>window</labelname><flag>1</flag></object><object><points><x>0.59082</x><x>0.62012</x><y>0.22535</y><y>0.28809</y></points><label>6</label><labelname>sill</labelname><flag>1</flag></object><object><points><x>0.59082</x><x>0.62109</x><y>0.30218</y><y>0.36492</y></points><label>6</label><labelname>sill</labelname><flag>1</flag></object><object><points><x>0.58984</x><x>0.62012</x><y>0.45839</y><y>0.51985</y></points><label>6</label><labelname>sill</labelname><flag>1</flag></object><object><points><x>0.58984</x><x>0.61914</x><y>0.53521</y><y>0.59795</y></points><label>6</label><labelname>sill</labelname><flag>1</flag></object><object><points><x>0.75781</x><x>0.78711</x><y>0.22407</y><y>0.28681</y></points><label>6</label><labelname>sill</labelname><flag>1</flag></object><object><points><x>0.75879</x><x>0.78809</x><y>0.3009</y><y>0.36364</y></points><label>6</label><labelname>sill</labelname><flag>1</flag></object><object><points><x>0.75781</x><x>0.78809</x><y>0.53265</y><y>0.59411</y></points><label>6</label><labelname>sill</labelname><flag>1</flag></object><object><points><x>0.75781</x><x>0.78809</x><y>0.45583</y><y>0.51857</y></points><label>6</label><labelname>sill</labelname><flag>1</flag></object><object><points><x>0.74414</x><x>0.78223</x><y>0.7977</y><y>0.86172</y></points><label>6</label><labelname>sill</labelname><flag>1</flag></object><object><points><x>0.74316</x><x>0.78125</x><y>0.72343</y><y>0.78745</y></points><label>6</label><labelname>sill</labelname><flag>1</flag></object><object><points><x>0.56836</x><x>0.60059</x><y>0.80282</y><y>0.86172</y></points><label>6</label><labelname>sill</labelname><flag>1</flag></object><object><points><x>0.56738</x><x>0.59961</x><y>0.72855</y><y>0.78617</y></points><label>6</label><labelname>sill</labelname><flag>1</flag></object><object><points><x>0.2627</x><x>0.29199</x><y>0.23303</y><y>0.28809</y></points><label>7</label><labelname>balcony</labelname><flag>1</flag></object><object><points><x>0.2627</x><x>0.29102</x><y>0.30218</y><y>0.35723</y></points><label>7</label><labelname>balcony</labelname><flag>1</flag></object><object><points><x>0.2627</x><x>0.29102</x><y>0.46479</y><y>0.51985</y></points><label>7</label><labelname>balcony</labelname><flag>1</flag></object><object><points><x>0.26172</x><x>0.29102</x><y>0.53393</y><y>0.58899</y></points><label>7</label><labelname>balcony</labelname><flag>1</flag></object><object><points><x>0.42285</x><x>0.4502</x><y>0.22535</y><y>0.28937</y></points><label>7</label><labelname>balcony</labelname><flag>1</flag></object><object><points><x>0.42383</x><x>0.45117</x><y>0.3009</y><y>0.36364</y></points><label>7</label><labelname>balcony</labelname><flag>1</flag></object><object><points><x>0.42285</x><x>0.4502</x><y>0.53137</y><y>0.59539</y></points><label>7</label><labelname>balcony</labelname><flag>1</flag></object><object><points><x>0.42285</x><x>0.4502</x><y>0.45583</y><y>0.51857</y></points><label>7</label><labelname>balcony</labelname><flag>1</flag></object><object><points><x>0.18652</x><x>0.20996</x><y>0.19846</y><y>0.22791</y></points><label>9</label><labelname>deco</labelname><flag>1</flag></object><object><points><x>0.16699</x><x>0.18457</x><y>0.19846</y><y>0.2484</y></points><label>9</label><labelname>deco</labelname><flag>1</flag></object><object><points><x>0.16699</x><x>0.18555</x><y>0.26761</y><y>0.3201</y></points><label>9</label><labelname>deco</labelname><flag>1</flag></object><object><points><x>0.16602</x><x>0.18457</x><y>0.50064</y><y>0.55314</y></points><label>9</label><labelname>deco</labelname><flag>1</flag></object><object><points><x>0.16797</x><x>0.18652</x><y>0.33547</y><y>0.39052</y></points><label>9</label><labelname>deco</labelname><flag>1</flag></object><object><points><x>0.16602</x><x>0.18359</x><y>0.4315</y><y>0.48143</y></points><label>9</label><labelname>deco</labelname><flag>1</flag></object><object><points><x>0.16504</x><x>0.18359</x><y>0.57106</y><y>0.62356</y></points><label>9</label><labelname>deco</labelname><flag>1</flag></object><object><points><x>0.18457</x><x>0.20898</x><y>0.59667</y><y>0.62612</y></points><label>9</label><labelname>deco</labelname><flag>1</flag></object><object><points><x>0.18652</x><x>0.20898</x><y>0.43022</y><y>0.45967</y></points><label>9</label><labelname>deco</labelname><flag>1</flag></object><object><points><x>0.18652</x><x>0.20996</x><y>0.36492</y><y>0.38924</y></points><label>9</label><labelname>deco</labelname><flag>1</flag></object><object><points><x>0.32324</x><x>0.33594</x><y>0.22919</y><y>0.28553</y></points><label>9</label><labelname>deco</labelname><flag>1</flag></object><object><points><x>0.32227</x><x>0.33594</x><y>0.30602</y><y>0.36236</y></points><label>9</label><labelname>deco</labelname><flag>1</flag></object><object><points><x>0.32227</x><x>0.33496</x><y>0.46095</y><y>0.51729</y></points><label>9</label><labelname>deco</labelname><flag>1</flag></object><object><points><x>0.32129</x><x>0.33496</x><y>0.53777</y><y>0.59411</y></points><label>9</label><labelname>deco</labelname><flag>1</flag></object><object><points><x>0.49023</x><x>0.50391</x><y>0.23175</y><y>0.28809</y></points><label>9</label><labelname>deco</labelname><flag>1</flag></object><object><points><x>0.49023</x><x>0.50391</x><y>0.3073</y><y>0.36364</y></points><label>9</label><labelname>deco</labelname><flag>1</flag></object><object><points><x>0.49121</x><x>0.50391</x><y>0.46223</y><y>0.51857</y></points><label>9</label><labelname>deco</labelname><flag>1</flag></object><object><points><x>0.49121</x><x>0.50391</x><y>0.53905</y><y>0.59539</y></points><label>9</label><labelname>deco</labelname><flag>1</flag></object><object><points><x>0.15625</x><x>0.19922</x><y>0.83483</y><y>0.86044</y></points><label>9</label><labelname>deco</labelname><flag>1</flag></object><object><points><x>0.15527</x><x>0.19824</x><y>0.73624</y><y>0.76312</y></points><label>9</label><labelname>deco</labelname><flag>1</flag></object><object><points><x>0.10742</x><x>0.14648</x><y>0.16645</y><y>0.62996</y></points><label>9</label><labelname>deco</labelname><flag>1</flag></object><object><points><x>0.048828</x><x>0.16992</x><y>0.16773</y><y>0.95647</y></points><label>10</label><labelname>molding</labelname><flag>1</flag></object><object><points><x>0.43652</x><x>0.49414</x><y>0.16901</y><y>0.95391</y></points><label>10</label><labelname>molding</labelname><flag>1</flag></object><object><points><x>0.78223</x><x>0.80859</x><y>0.17414</y><y>0.95775</y></points><label>10</label><labelname>molding</labelname><flag>1</flag></object><object><points><x>0.19922</x><x>0.37109</x><y>0.16389</y><y>0.19462</y></points><label>11</label><labelname>pillar</labelname><flag>1</flag></object><object><points><x>0.19824</x><x>0.37012</x><y>0.39437</y><y>0.42254</y></points><label>11</label><labelname>pillar</labelname><flag>1</flag></object><object><points><x>0.33691</x><x>0.41992</x><y>0.21255</y><y>0.22535</y></points><label>11</label><labelname>pillar</labelname><flag>1</flag></object><object><points><x>0.33691</x><x>0.41992</x><y>0.28937</y><y>0.30218</y></points><label>11</label><labelname>pillar</labelname><flag>1</flag></object><object><points><x>0.33789</x><x>0.4209</x><y>0.36492</y><y>0.37772</y></points><label>11</label><labelname>pillar</labelname><flag>1</flag></object><object><points><x>0.33594</x><x>0.41895</x><y>0.44302</y><y>0.45711</y></points><label>11</label><labelname>pillar</labelname><flag>1</flag></object><object><points><x>0.33594</x><x>0.41895</x><y>0.51985</y><y>0.53393</y></points><label>11</label><labelname>pillar</labelname><flag>1</flag></object><object><points><x>0.33496</x><x>0.41895</x><y>0.59667</y><y>0.61076</y></points><label>11</label><labelname>pillar</labelname><flag>1</flag></object><object><points><x>0.50391</x><x>0.58691</x><y>0.21383</y><y>0.22663</y></points><label>11</label><labelname>pillar</labelname><flag>1</flag></object><object><points><x>0.50391</x><x>0.58691</x><y>0.28937</y><y>0.30218</y></points><label>11</label><labelname>pillar</labelname><flag>1</flag></object><object><points><x>0.50391</x><x>0.58691</x><y>0.3662</y><y>0.379</y></points><label>11</label><labelname>pillar</labelname><flag>1</flag></object><object><points><x>0.50391</x><x>0.58789</x><y>0.44558</y><y>0.45839</y></points><label>11</label><labelname>pillar</labelname><flag>1</flag></object><object><points><x>0.50293</x><x>0.58594</x><y>0.52241</y><y>0.53521</y></points><label>11</label><labelname>pillar</labelname><flag>1</flag></object><object><points><x>0.50293</x><x>0.58594</x><y>0.59923</y><y>0.61204</y></points><label>11</label><labelname>pillar</labelname><flag>1</flag></object><object><points><x>0.66992</x><x>0.75293</x><y>0.21127</y><y>0.22535</y></points><label>11</label><labelname>pillar</labelname><flag>1</flag></object><object><points><x>0.66895</x><x>0.75195</x><y>0.28809</y><y>0.30218</y></points><label>11</label><labelname>pillar</labelname><flag>1</flag></object><object><points><x>0.66992</x><x>0.75293</x><y>0.3662</y><y>0.379</y></points><label>11</label><labelname>pillar</labelname><flag>1</flag></object><object><points><x>0.66992</x><x>0.75293</x><y>0.44302</y><y>0.45583</y></points><label>11</label><labelname>pillar</labelname><flag>1</flag></object><object><points><x>0.66992</x><x>0.75293</x><y>0.52113</y><y>0.53393</y></points><label>11</label><labelname>pillar</labelname><flag>1</flag></object><object><points><x>0.66895</x><x>0.75195</x><y>0.59795</y><y>0.61076</y></points><label>11</label><labelname>pillar</labelname><flag>1</flag></object><object><points><x>0.6543</x><x>0.73828</x><y>0.86172</y><y>0.8758</y></points><label>11</label><labelname>pillar</labelname><flag>1</flag></object><object><points><x>0.6543</x><x>0.73828</x><y>0.78745</y><y>0.80026</y></points><label>11</label><labelname>pillar</labelname><flag>1</flag></object><object><points><x>0.6543</x><x>0.7373</x><y>0.71319</y><y>0.72599</y></points><label>11</label><labelname>pillar</labelname><flag>1</flag></object><object><points><x>0.47852</x><x>0.5625</x><y>0.71447</y><y>0.72727</y></points><label>11</label><labelname>pillar</labelname><flag>1</flag></object><object><points><x>0.47852</x><x>0.56152</x><y>0.78745</y><y>0.80026</y></points><label>11</label><labelname>pillar</labelname><flag>1</flag></object><object><points><x>0.47852</x><x>0.56152</x><y>0.86428</y><y>0.87708</y></points><label>11</label><labelname>pillar</labelname><flag>1</flag></object><object><points><x>0.30273</x><x>0.38574</x><y>0.86428</y><y>0.87708</y></points><label>11</label><labelname>pillar</labelname><flag>1</flag></object><object><points><x>0.30371</x><x>0.38672</x><y>0.78873</y><y>0.80154</y></points><label>11</label><labelname>pillar</labelname><flag>1</flag></object><object><points><x>0.30273</x><x>0.38672</x><y>0.71319</y><y>0.72599</y></points><label>11</label><labelname>pillar</labelname><flag>1</flag></object><object><points><x>0.38574</x><x>0.39648</x><y>0.70679</y><y>0.73111</y></points><label>11</label><labelname>pillar</labelname><flag>1</flag></object><object><points><x>0.38477</x><x>0.39551</x><y>0.85915</y><y>0.88348</y></points><label>11</label><labelname>pillar</labelname><flag>1</flag></object><object><points><x>0.41797</x><x>0.4502</x><y>0.59539</y><y>0.6146</y></points><label>11</label><labelname>pillar</labelname><flag>1</flag></object><object><points><x>0.41895</x><x>0.44922</x><y>0.51601</y><y>0.53649</y></points><label>11</label><labelname>pillar</labelname><flag>1</flag></object><object><points><x>0.41895</x><x>0.44922</x><y>0.43918</y><y>0.45839</y></points><label>11</label><labelname>pillar</labelname><flag>1</flag></object><object><points><x>0.41992</x><x>0.4502</x><y>0.36236</y><y>0.38284</y></points><label>11</label><labelname>pillar</labelname><flag>1</flag></object><object><points><x>0.41992</x><x>0.4502</x><y>0.28553</y><y>0.30602</y></points><label>11</label><labelname>pillar</labelname><flag>1</flag></object><object><points><x>0.41992</x><x>0.4502</x><y>0.20743</y><y>0.22791</y></points><label>11</label><labelname>pillar</labelname><flag>1</flag></object><object><points><x>0.58789</x><x>0.62012</x><y>0.20743</y><y>0.22791</y></points><label>11</label><labelname>pillar</labelname><flag>1</flag></object><object><points><x>0.58691</x><x>0.61914</x><y>0.28681</y><y>0.30602</y></points><label>11</label><labelname>pillar</labelname><flag>1</flag></object><object><points><x>0.58691</x><x>0.61914</x><y>0.36236</y><y>0.38284</y></points><label>11</label><labelname>pillar</labelname><flag>1</flag></object><object><points><x>0.58789</x><x>0.62012</x><y>0.44046</y><y>0.46095</y></points><label>11</label><labelname>pillar</labelname><flag>1</flag></object><object><points><x>0.58691</x><x>0.61914</x><y>0.51729</y><y>0.53777</y></points><label>11</label><labelname>pillar</labelname><flag>1</flag></object><object><points><x>0.58594</x><x>0.61816</x><y>0.59539</y><y>0.61588</y></points><label>11</label><labelname>pillar</labelname><flag>1</flag></object><object><points><x>0.56152</x><x>0.60059</x><y>0.85915</y><y>0.88092</y></points><label>11</label><labelname>pillar</labelname><flag>1</flag></object><object><points><x>0.56152</x><x>0.60059</x><y>0.78361</y><y>0.80538</y></points><label>11</label><labelname>pillar</labelname><flag>1</flag></object><object><points><x>0.5625</x><x>0.60156</x><y>0.71063</y><y>0.73239</y></points><label>11</label><labelname>pillar</labelname><flag>1</flag></object><object><points><x>0.75293</x><x>0.78809</x><y>0.20743</y><y>0.22791</y></points><label>11</label><labelname>pillar</labelname><flag>1</flag></object><object><points><x>0.75195</x><x>0.78711</x><y>0.28425</y><y>0.30474</y></points><label>11</label><labelname>pillar</labelname><flag>1</flag></object><object><points><x>0.75293</x><x>0.78809</x><y>0.36236</y><y>0.38284</y></points><label>11</label><labelname>pillar</labelname><flag>1</flag></object><object><points><x>0.75391</x><x>0.78906</x><y>0.4379</y><y>0.45839</y></points><label>11</label><labelname>pillar</labelname><flag>1</flag></object><object><points><x>0.75293</x><x>0.78809</x><y>0.51601</y><y>0.53649</y></points><label>11</label><labelname>pillar</labelname><flag>1</flag></object><object><points><x>0.75293</x><x>0.78809</x><y>0.59155</y><y>0.61332</y></points><label>11</label><labelname>pillar</labelname><flag>1</flag></object><object><points><x>0.7373</x><x>0.78125</x><y>0.70807</y><y>0.73239</y></points><label>11</label><labelname>pillar</labelname><flag>1</flag></object><object><points><x>0.73828</x><x>0.78125</x><y>0.78233</y><y>0.80666</y></points><label>11</label><labelname>pillar</labelname><flag>1</flag></object><object><points><x>0.7373</x><x>0.78125</x><y>0.85659</y><y>0.88092</y></points><label>11</label><labelname>pillar</labelname><flag>1</flag></object><object><points><x>0.37207</x><x>0.4502</x><y>0.16005</y><y>0.19846</y></points><label>11</label><labelname>pillar</labelname><flag>1</flag></object><object><points><x>0.37207</x><x>0.4502</x><y>0.38796</y><y>0.4251</y></points><label>11</label><labelname>pillar</labelname><flag>1</flag></object><object><points><x>0.6543</x><x>0.66992</x><y>0.20743</y><y>0.22791</y></points><label>11</label><labelname>pillar</labelname><flag>1</flag></object><object><points><x>0.6543</x><x>0.66992</x><y>0.28553</y><y>0.30474</y></points><label>11</label><labelname>pillar</labelname><flag>1</flag></object><object><points><x>0.65527</x><x>0.66992</x><y>0.36108</y><y>0.38156</y></points><label>11</label><labelname>pillar</labelname><flag>1</flag></object><object><points><x>0.65527</x><x>0.6709</x><y>0.4379</y><y>0.45839</y></points><label>11</label><labelname>pillar</labelname><flag>1</flag></object><object><points><x>0.6543</x><x>0.66992</x><y>0.51729</y><y>0.53777</y></points><label>11</label><labelname>pillar</labelname><flag>1</flag></object><object><points><x>0.65332</x><x>0.66797</x><y>0.59411</y><y>0.61332</y></points><label>11</label><labelname>pillar</labelname><flag>1</flag></object><object><points><x>0.6377</x><x>0.65332</x><y>0.85915</y><y>0.87836</y></points><label>11</label><labelname>pillar</labelname><flag>1</flag></object><object><points><x>0.6377</x><x>0.65332</x><y>0.78233</y><y>0.80282</y></points><label>11</label><labelname>pillar</labelname><flag>1</flag></object><object><points><x>0.63867</x><x>0.65332</x><y>0.70807</y><y>0.72855</y></points><label>11</label><labelname>pillar</labelname><flag>1</flag></object><object><points><x>0.46289</x><x>0.47852</x><y>0.71191</y><y>0.73239</y></points><label>11</label><labelname>pillar</labelname><flag>1</flag></object><object><points><x>0.46191</x><x>0.47656</x><y>0.78489</y><y>0.8041</y></points><label>11</label><labelname>pillar</labelname><flag>1</flag></object><object><points><x>0.46289</x><x>0.47754</x><y>0.86172</y><y>0.88092</y></points><label>11</label><labelname>pillar</labelname><flag>1</flag></object><object><points><x>0.48828</x><x>0.50195</x><y>0.59539</y><y>0.6146</y></points><label>11</label><labelname>pillar</labelname><flag>1</flag></object><object><points><x>0.48926</x><x>0.50293</x><y>0.51985</y><y>0.53905</y></points><label>11</label><labelname>pillar</labelname><flag>1</flag></object><object><points><x>0.49023</x><x>0.50391</x><y>0.44046</y><y>0.45967</y></points><label>11</label><labelname>pillar</labelname><flag>1</flag></object><object><points><x>0.49121</x><x>0.50391</x><y>0.36364</y><y>0.38284</y></points><label>11</label><labelname>pillar</labelname><flag>1</flag></object><object><points><x>0.49023</x><x>0.50391</x><y>0.28553</y><y>0.30474</y></points><label>11</label><labelname>pillar</labelname><flag>1</flag></object><object><points><x>0.49023</x><x>0.50391</x><y>0.20999</y><y>0.22919</y></points><label>11</label><labelname>pillar</labelname><flag>1</flag></object><object><points><x>0.32324</x><x>0.33691</x><y>0.20871</y><y>0.22791</y></points><label>11</label><labelname>pillar</labelname><flag>1</flag></object><object><points><x>0.32227</x><x>0.33594</x><y>0.28297</y><y>0.30346</y></points><label>11</label><labelname>pillar</labelname><flag>1</flag></object><object><points><x>0.32227</x><x>0.33594</x><y>0.36236</y><y>0.38156</y></points><label>11</label><labelname>pillar</labelname><flag>1</flag></object><object><points><x>0.32227</x><x>0.33594</x><y>0.43918</y><y>0.45967</y></points><label>11</label><labelname>pillar</labelname><flag>1</flag></object><object><points><x>0.32227</x><x>0.33594</x><y>0.51729</y><y>0.53649</y></points><label>11</label><labelname>pillar</labelname><flag>1</flag></object><object><points><x>0.32129</x><x>0.33496</x><y>0.59283</y><y>0.61332</y></points><label>11</label><labelname>pillar</labelname><flag>1</flag></object><object><points><x>0.28418</x><x>0.30273</x><y>0.86044</y><y>0.88092</y></points><label>11</label><labelname>pillar</labelname><flag>1</flag></object><object><points><x>0.28516</x><x>0.30371</x><y>0.78489</y><y>0.80538</y></points><label>11</label><labelname>pillar</labelname><flag>1</flag></object><object><points><x>0.28516</x><x>0.30273</x><y>0.70935</y><y>0.72983</y></points><label>11</label><labelname>pillar</labelname><flag>1</flag></object><object><points><x>0.16113</x><x>0.19922</x><y>0.16005</y><y>0.19718</y></points><label>11</label><labelname>pillar</labelname><flag>1</flag></object><object><points><x>0.16016</x><x>0.19824</x><y>0.39052</y><y>0.42766</y></points><label>11</label><labelname>pillar</labelname><flag>1</flag></object><object><points><x>0.80566</x><x>0.83691</x><y>0.1895</y><y>0.63124</y></points><label>12</label><labelname>shop</labelname><flag>1</flag></object><object><points><x>0.83887</x><x>0.85059</x><y>0.20102</y><y>0.62484</y></points><label>12</label><labelname>shop</labelname><flag>1</flag></object><object><points><x>0.93555</x><x>0.95898</x><y>0.67093</y><y>0.71703</y></points><label>12</label><labelname>shop</labelname><flag>1</flag></object><object><points><x>0.91895</x><x>0.96777</x><y>0.85659</y><y>0.89757</y></points><label>12</label><labelname>shop</labelname><flag>1</flag></object>