<object><points><x>0.0088945</x><x>0.99619</x><y>0.017578</y><y>0.95801</y></points><label>2</label><labelname>facade</labelname><flag>1</flag></object><object><points><x>0.15756</x><x>0.24142</x><y>0.19727</y><y>0.22754</y></points><label>3</label><labelname>window</labelname><flag>1</flag></object><object><points><x>0.15502</x><x>0.23761</x><y>0.24707</y><y>0.28027</y></points><label>3</label><labelname>window</labelname><flag>1</flag></object><object><points><x>0.15883</x><x>0.24142</x><y>0.29688</y><y>0.32422</y></points><label>3</label><labelname>window</labelname><flag>1</flag></object><object><points><x>0.15883</x><x>0.24269</x><y>0.66016</y><y>0.69043</y></points><label>3</label><labelname>window</labelname><flag>1</flag></object><object><points><x>0.15629</x><x>0.23761</x><y>0.71191</y><y>0.74414</y></points><label>3</label><labelname>window</labelname><flag>1</flag></object><object><points><x>0.15883</x><x>0.24015</x><y>0.76074</y><y>0.78906</y></points><label>3</label><labelname>window</labelname><flag>1</flag></object><object><points><x>0.32529</x><x>0.41423</x><y>0.19824</y><y>0.22949</y></points><label>3</label><labelname>window</labelname><flag>1</flag></object><object><points><x>0.32402</x><x>0.37611</x><y>0.24707</y><y>0.28223</y></points><label>3</label><labelname>window</labelname><flag>1</flag></object><object><points><x>0.32529</x><x>0.41296</x><y>0.29785</y><y>0.32812</y></points><label>3</label><labelname>window</labelname><flag>1</flag></object><object><points><x>0.49555</x><x>0.56417</x><y>0.19922</y><y>0.22949</y></points><label>3</label><labelname>window</labelname><flag>1</flag></object><object><points><x>0.49682</x><x>0.56417</x><y>0.24609</y><y>0.28125</y></points><label>3</label><labelname>window</labelname><flag>1</flag></object><object><points><x>0.49682</x><x>0.56163</x><y>0.29785</y><y>0.32617</y></points><label>3</label><labelname>window</labelname><flag>1</flag></object><object><points><x>0.67217</x><x>0.75731</x><y>0.2002</y><y>0.23047</y></points><label>3</label><labelname>window</labelname><flag>1</flag></object><object><points><x>0.67726</x><x>0.75604</x><y>0.24707</y><y>0.28125</y></points><label>3</label><labelname>window</labelname><flag>1</flag></object><object><points><x>0.67471</x><x>0.75604</x><y>0.29785</y><y>0.32812</y></points><label>3</label><labelname>window</labelname><flag>1</flag></object><object><points><x>0.84879</x><x>0.93901</x><y>0.2002</y><y>0.23438</y></points><label>3</label><labelname>window</labelname><flag>1</flag></object><object><points><x>0.84879</x><x>0.94028</x><y>0.24902</y><y>0.28223</y></points><label>3</label><labelname>window</labelname><flag>1</flag></object><object><points><x>0.84879</x><x>0.93901</x><y>0.29688</y><y>0.32617</y></points><label>3</label><labelname>window</labelname><flag>1</flag></object><object><points><x>0.32656</x><x>0.41423</x><y>0.66113</y><y>0.69141</y></points><label>3</label><labelname>window</labelname><flag>1</flag></object><object><points><x>0.32529</x><x>0.40025</x><y>0.71289</y><y>0.74219</y></points><label>3</label><labelname>window</labelname><flag>1</flag></object><object><points><x>0.32656</x><x>0.37611</x><y>0.75977</y><y>0.78906</y></points><label>3</label><labelname>window</labelname><flag>1</flag></object><object><points><x>0.49682</x><x>0.58196</x><y>0.66113</y><y>0.69141</y></points><label>3</label><labelname>window</labelname><flag>1</flag></object><object><points><x>0.49682</x><x>0.56417</x><y>0.70801</y><y>0.74219</y></points><label>3</label><labelname>window</labelname><flag>1</flag></object><object><points><x>0.49555</x><x>0.55909</x><y>0.75977</y><y>0.78613</y></points><label>3</label><labelname>window</labelname><flag>1</flag></object><object><points><x>0.67471</x><x>0.76747</x><y>0.66113</y><y>0.68945</y></points><label>3</label><labelname>window</labelname><flag>1</flag></object><object><points><x>0.67471</x><x>0.75731</x><y>0.70801</y><y>0.73535</y></points><label>3</label><labelname>window</labelname><flag>1</flag></object><object><points><x>0.67726</x><x>0.75604</x><y>0.75977</y><y>0.78516</y></points><label>3</label><labelname>window</labelname><flag>1</flag></object><object><points><x>0.84498</x><x>0.93647</x><y>0.66113</y><y>0.69434</y></points><label>3</label><labelname>window</labelname><flag>1</flag></object><object><points><x>0.84371</x><x>0.93774</x><y>0.70898</y><y>0.74414</y></points><label>3</label><labelname>window</labelname><flag>1</flag></object><object><points><x>0.84371</x><x>0.93774</x><y>0.75879</y><y>0.78906</y></points><label>3</label><labelname>window</labelname><flag>1</flag></object><object><points><x>0.85006</x><x>0.93901</x><y>0.37695</y><y>0.41309</y></points><label>3</label><labelname>window</labelname><flag>1</flag></object><object><points><x>0.84879</x><x>0.94028</x><y>0.56836</y><y>0.60352</y></points><label>3</label><labelname>window</labelname><flag>1</flag></object><object><points><x>0.3291</x><x>0.41804</x><y>0.068359</y><y>0.12402</y></points><label>3</label><labelname>window</labelname><flag>1</flag></object><object><points><x>0.15756</x><x>0.24651</x><y>0.068359</y><y>0.125</y></points><label>3</label><labelname>window</labelname><flag>1</flag></object><object><points><x>0.49936</x><x>0.59212</x><y>0.067383</y><y>0.125</y></points><label>3</label><labelname>window</labelname><flag>1</flag></object><object><points><x>0.67598</x><x>0.77382</x><y>0.069336</y><y>0.125</y></points><label>3</label><labelname>window</labelname><flag>1</flag></object><object><points><x>0.67726</x><x>0.77382</x><y>0.39258</y><y>0.45215</y></points><label>3</label><labelname>window</labelname><flag>1</flag></object><object><points><x>0.50064</x><x>0.59339</x><y>0.39355</y><y>0.4502</y></points><label>3</label><labelname>window</labelname><flag>1</flag></object><object><points><x>0.6798</x><x>0.77382</x><y>0.53027</y><y>0.59082</y></points><label>3</label><labelname>window</labelname><flag>1</flag></object><object><points><x>0.50064</x><x>0.59339</x><y>0.53125</y><y>0.58887</y></points><label>3</label><labelname>window</labelname><flag>1</flag></object><object><points><x>0.16773</x><x>0.24905</x><y>0.39258</y><y>0.4502</y></points><label>3</label><labelname>window</labelname><flag>1</flag></object><object><points><x>0.33291</x><x>0.42058</x><y>0.39258</y><y>0.4502</y></points><label>3</label><labelname>window</labelname><flag>1</flag></object><object><points><x>0.33291</x><x>0.42058</x><y>0.53027</y><y>0.58887</y></points><label>3</label><labelname>window</labelname><flag>1</flag></object><object><points><x>0.16773</x><x>0.24905</x><y>0.53027</y><y>0.58789</y></points><label>3</label><labelname>window</labelname><flag>1</flag></object><object><points><x>0.16518</x><x>0.24524</x><y>0.85352</y><y>0.90918</y></points><label>3</label><labelname>window</labelname><flag>1</flag></object><object><points><x>0.33164</x><x>0.41804</x><y>0.85547</y><y>0.91113</y></points><label>3</label><labelname>window</labelname><flag>1</flag></object><object><points><x>0.49936</x><x>0.58958</x><y>0.85547</y><y>0.91211</y></points><label>3</label><labelname>window</labelname><flag>1</flag></object><object><points><x>0.67471</x><x>0.77128</x><y>0.85449</y><y>0.91406</y></points><label>3</label><labelname>window</labelname><flag>1</flag></object><object><points><x>0.84879</x><x>0.94028</x><y>0.85352</y><y>0.91309</y></points><label>3</label><labelname>window</labelname><flag>1</flag></object><object><points><x>0.90216</x><x>0.99238</x><y>0.46484</y><y>0.51367</y></points><label>4</label><labelname>door</labelname><flag>1</flag></object><object><points><x>0.14867</x><x>0.16645</x><y>0.38379</y><y>0.46094</y></points><label>5</label><labelname>cornice</labelname><flag>1</flag></object><object><points><x>0.1385</x><x>0.15756</x><y>0.29102</y><y>0.3418</y></points><label>5</label><labelname>cornice</labelname><flag>1</flag></object><object><points><x>0.13596</x><x>0.15883</x><y>0.23633</y><y>0.29102</y></points><label>5</label><labelname>cornice</labelname><flag>1</flag></object><object><points><x>0.1385</x><x>0.15883</x><y>0.19238</y><y>0.23633</y></points><label>5</label><labelname>cornice</labelname><flag>1</flag></object><object><points><x>0.14867</x><x>0.16773</x><y>0.51953</y><y>0.60156</y></points><label>5</label><labelname>cornice</labelname><flag>1</flag></object><object><points><x>0.14612</x><x>0.16518</x><y>0.84082</y><y>0.92578</y></points><label>5</label><labelname>cornice</labelname><flag>1</flag></object><object><points><x>0.13977</x><x>0.15883</x><y>0.65137</y><y>0.70312</y></points><label>5</label><labelname>cornice</labelname><flag>1</flag></object><object><points><x>0.13723</x><x>0.15883</x><y>0.70312</y><y>0.75488</y></points><label>5</label><labelname>cornice</labelname><flag>1</flag></object><object><points><x>0.13723</x><x>0.15883</x><y>0.75488</y><y>0.80371</y></points><label>5</label><labelname>cornice</labelname><flag>1</flag></object><object><points><x>0.2986</x><x>0.34562</x><y>0.83594</y><y>0.93555</y></points><label>5</label><labelname>cornice</labelname><flag>1</flag></object><object><points><x>0.2986</x><x>0.34689</x><y>0.51367</y><y>0.6084</y></points><label>5</label><labelname>cornice</labelname><flag>1</flag></object><object><points><x>0.2986</x><x>0.34816</x><y>0.37402</y><y>0.47168</y></points><label>5</label><labelname>cornice</labelname><flag>1</flag></object><object><points><x>0.29733</x><x>0.34435</x><y>0.049805</y><y>0.14648</y></points><label>5</label><labelname>cornice</labelname><flag>1</flag></object><object><points><x>0.43456</x><x>0.50445</x><y>0.045898</y><y>0.14844</y></points><label>5</label><labelname>cornice</labelname><flag>1</flag></object><object><points><x>0.43583</x><x>0.50572</x><y>0.37207</y><y>0.47949</y></points><label>5</label><labelname>cornice</labelname><flag>1</flag></object><object><points><x>0.43456</x><x>0.50699</x><y>0.50781</y><y>0.61914</y></points><label>5</label><labelname>cornice</labelname><flag>1</flag></object><object><points><x>0.43583</x><x>0.50572</x><y>0.83008</y><y>0.94727</y></points><label>5</label><labelname>cornice</labelname><flag>1</flag></object><object><points><x>0.24269</x><x>0.28081</x><y>0.056641</y><y>0.13672</y></points><label>6</label><labelname>sill</labelname><flag>1</flag></object><object><points><x>0.23761</x><x>0.27446</x><y>0.18555</y><y>0.23633</y></points><label>6</label><labelname>sill</labelname><flag>1</flag></object><object><points><x>0.22999</x><x>0.27446</x><y>0.23633</y><y>0.29297</y></points><label>6</label><labelname>sill</labelname><flag>1</flag></object><object><points><x>0.23634</x><x>0.27573</x><y>0.29297</y><y>0.34375</y></points><label>6</label><labelname>sill</labelname><flag>1</flag></object><object><points><x>0.24651</x><x>0.28208</x><y>0.38184</y><y>0.46289</y></points><label>6</label><labelname>sill</labelname><flag>1</flag></object><object><points><x>0.24651</x><x>0.28335</x><y>0.52246</y><y>0.60254</y></points><label>6</label><labelname>sill</labelname><flag>1</flag></object><object><points><x>0.24396</x><x>0.28208</x><y>0.8457</y><y>0.92773</y></points><label>6</label><labelname>sill</labelname><flag>1</flag></object><object><points><x>0.22872</x><x>0.277</x><y>0.70312</y><y>0.75781</y></points><label>6</label><labelname>sill</labelname><flag>1</flag></object><object><points><x>0.23888</x><x>0.277</x><y>0.75879</y><y>0.80176</y></points><label>6</label><labelname>sill</labelname><flag>1</flag></object><object><points><x>0.23634</x><x>0.277</x><y>0.65137</y><y>0.70215</y></points><label>6</label><labelname>sill</labelname><flag>1</flag></object><object><points><x>0.41423</x><x>0.44346</x><y>0.049805</y><y>0.14355</y></points><label>6</label><labelname>sill</labelname><flag>1</flag></object><object><points><x>0.41677</x><x>0.44473</x><y>0.37598</y><y>0.46973</y></points><label>6</label><labelname>sill</labelname><flag>1</flag></object><object><points><x>0.40915</x><x>0.44854</x><y>0.18848</y><y>0.2334</y></points><label>6</label><labelname>sill</labelname><flag>1</flag></object><object><points><x>0.41804</x><x>0.446</x><y>0.51367</y><y>0.60742</y></points><label>6</label><labelname>sill</labelname><flag>1</flag></object><object><points><x>0.41423</x><x>0.44473</x><y>0.83691</y><y>0.93262</y></points><label>6</label><labelname>sill</labelname><flag>1</flag></object><object><points><x>0.77128</x><x>0.81067</x><y>0.057617</y><y>0.13672</y></points><label>6</label><labelname>sill</labelname><flag>1</flag></object><object><points><x>0.77128</x><x>0.81067</x><y>0.38281</y><y>0.45801</y></points><label>6</label><labelname>sill</labelname><flag>1</flag></object><object><points><x>0.77128</x><x>0.81194</x><y>0.51953</y><y>0.59863</y></points><label>6</label><labelname>sill</labelname><flag>1</flag></object><object><points><x>0.77001</x><x>0.81067</x><y>0.84668</y><y>0.92383</y></points><label>6</label><labelname>sill</labelname><flag>1</flag></object><object><points><x>0.58831</x><x>0.63151</x><y>0.052734</y><y>0.1416</y></points><label>7</label><labelname>balcony</labelname><flag>1</flag></object><object><points><x>0.56163</x><x>0.67344</x><y>0.18262</y><y>0.37793</y></points><label>7</label><labelname>balcony</labelname><flag>1</flag></object><object><points><x>0.58958</x><x>0.63278</x><y>0.38086</y><y>0.46387</y></points><label>7</label><labelname>balcony</labelname><flag>1</flag></object><object><points><x>0.59212</x><x>0.63151</x><y>0.5166</y><y>0.60547</y></points><label>7</label><labelname>balcony</labelname><flag>1</flag></object><object><points><x>0.75476</x><x>0.87294</x><y>0.18066</y><y>0.37793</y></points><label>7</label><labelname>balcony</labelname><flag>1</flag></object><object><points><x>0.3723</x><x>0.49301</x><y>0.22559</y><y>0.33594</y></points><label>7</label><labelname>balcony</labelname><flag>1</flag></object><object><points><x>0.37103</x><x>0.49555</x><y>0.69238</y><y>0.83008</y></points><label>7</label><labelname>balcony</labelname><flag>1</flag></object><object><points><x>0.55273</x><x>0.67217</x><y>0.64648</y><y>0.87695</y></points><label>7</label><labelname>balcony</labelname><flag>1</flag></object><object><points><x>0.75095</x><x>0.86912</x><y>0.64844</y><y>0.86816</y></points><label>7</label><labelname>balcony</labelname><flag>1</flag></object><object><points><x>0.58704</x><x>0.63151</x><y>0.84473</y><y>0.92383</y></points><label>7</label><labelname>balcony</labelname><flag>1</flag></object><object><points><x>0.011436</x><x>0.05972</x><y>0.60254</y><y>0.81934</y></points><label>7</label><labelname>balcony</labelname><flag>1</flag></object><object><points><x>0.34307</x><x>0.41042</x><y>0.46973</y><y>0.5127</y></points><label>9</label><labelname>deco</labelname><flag>1</flag></object><object><points><x>0.81703</x><x>0.84371</x><y>0.46387</y><y>0.53809</y></points><label>9</label><labelname>deco</labelname><flag>1</flag></object><object><points><x>0.86785</x><x>0.92376</x><y>0.46387</y><y>0.52832</y></points><label>9</label><labelname>deco</labelname><flag>1</flag></object><object><points><x>0.82973</x><x>0.84879</x><y>0.38672</y><y>0.4082</y></points><label>9</label><labelname>deco</labelname><flag>1</flag></object><object><points><x>0.82846</x><x>0.85006</x><y>0.57812</y><y>0.59668</y></points><label>9</label><labelname>deco</labelname><flag>1</flag></object><object><points><x>0.82846</x><x>0.85006</x><y>0.087891</y><y>0.10645</y></points><label>9</label><labelname>deco</labelname><flag>1</flag></object><object><points><x>0.82719</x><x>0.84879</x><y>0.87891</y><y>0.89746</y></points><label>9</label><labelname>deco</labelname><flag>1</flag></object><object><points><x>0.041931</x><x>0.169</x><y>0.02832</y><y>0.95117</y></points><label>10</label><labelname>molding</labelname><flag>1</flag></object><object><points><x>0.24015</x><x>0.3075</x><y>0.020508</y><y>0.95605</y></points><label>10</label><labelname>molding</labelname><flag>1</flag></object><object><points><x>0.57942</x><x>0.66963</x><y>0.026367</y><y>0.95605</y></points><label>10</label><labelname>molding</labelname><flag>1</flag></object><object><points><x>0.76747</x><x>0.83227</x><y>0.024414</y><y>0.9541</y></points><label>10</label><labelname>molding</labelname><flag>1</flag></object><object><points><x>0.9352</x><x>0.99492</x><y>0.021484</y><y>0.9541</y></points><label>10</label><labelname>molding</labelname><flag>1</flag></object><object><points><x>0.37611</x><x>0.45362</x><y>0.98828</y><y>1</y></points><label>11</label><labelname>pillar</labelname><flag>1</flag></object><object><points><x>0.45362</x><x>0.4892</x><y>0.98926</y><y>1</y></points><label>11</label><labelname>pillar</labelname><flag>1</flag></object><object><points><x>0.35578</x><x>0.37611</x><y>0.98828</y><y>1</y></points><label>11</label><labelname>pillar</labelname><flag>1</flag></object><object><points><x>0.89581</x><x>0.9695</x><y>0.52734</y><y>0.5459</y></points><label>11</label><labelname>pillar</labelname><flag>1</flag></object><object><points><x>0.89708</x><x>0.96823</x><y>0.44531</y><y>0.46289</y></points><label>11</label><labelname>pillar</labelname><flag>1</flag></object><object><points><x>0.96823</x><x>0.99238</x><y>0.44434</y><y>0.4668</y></points><label>11</label><labelname>pillar</labelname><flag>1</flag></object><object><points><x>0.9695</x><x>0.99111</x><y>0.52637</y><y>0.54688</y></points><label>11</label><labelname>pillar</labelname><flag>1</flag></object><object><points><x>0.84879</x><x>0.89708</x><y>0.43945</y><y>0.46973</y></points><label>11</label><labelname>pillar</labelname><flag>1</flag></object><object><points><x>0.85006</x><x>0.89708</x><y>0.52637</y><y>0.55078</y></points><label>11</label><labelname>pillar</labelname><flag>1</flag></object><object><points><x>0.63532</x><x>0.65057</x><y>0.24707</y><y>0.26367</y></points><label>11</label><labelname>pillar</labelname><flag>1</flag></object><object><points><x>0.63532</x><x>0.65311</x><y>0.29785</y><y>0.31543</y></points><label>11</label><labelname>pillar</labelname><flag>1</flag></object><object><points><x>0.65057</x><x>0.74206</x><y>0.24805</y><y>0.26367</y></points><label>11</label><labelname>pillar</labelname><flag>1</flag></object><object><points><x>0.65311</x><x>0.7446</x><y>0.29785</y><y>0.31543</y></points><label>11</label><labelname>pillar</labelname><flag>1</flag></object><object><points><x>0.74206</x><x>0.75604</x><y>0.24414</y><y>0.26953</y></points><label>11</label><labelname>pillar</labelname><flag>1</flag></object><object><points><x>0.7446</x><x>0.75604</x><y>0.29492</y><y>0.32031</y></points><label>11</label><labelname>pillar</labelname><flag>1</flag></object><object><points><x>0.47014</x><x>0.55654</x><y>0.29785</y><y>0.31445</y></points><label>11</label><labelname>pillar</labelname><flag>1</flag></object><object><points><x>0.45108</x><x>0.46887</x><y>0.29785</y><y>0.31543</y></points><label>11</label><labelname>pillar</labelname><flag>1</flag></object><object><points><x>0.55654</x><x>0.5629</x><y>0.29688</y><y>0.31738</y></points><label>11</label><labelname>pillar</labelname><flag>1</flag></object><object><points><x>0.47141</x><x>0.55654</x><y>0.25</y><y>0.26367</y></points><label>11</label><labelname>pillar</labelname><flag>1</flag></object><object><points><x>0.45616</x><x>0.47141</x><y>0.24902</y><y>0.26562</y></points><label>11</label><labelname>pillar</labelname><flag>1</flag></object><object><points><x>0.55654</x><x>0.56163</x><y>0.24707</y><y>0.26953</y></points><label>11</label><labelname>pillar</labelname><flag>1</flag></object><object><points><x>0.554</x><x>0.56163</x><y>0.78125</y><y>0.80859</y></points><label>11</label><labelname>pillar</labelname><flag>1</flag></object><object><points><x>0.55527</x><x>0.56036</x><y>0.73145</y><y>0.76172</y></points><label>11</label><labelname>pillar</labelname><flag>1</flag></object><object><points><x>0.47395</x><x>0.554</x><y>0.7334</y><y>0.75684</y></points><label>11</label><labelname>pillar</labelname><flag>1</flag></object><object><points><x>0.47395</x><x>0.55273</x><y>0.78418</y><y>0.80469</y></points><label>11</label><labelname>pillar</labelname><flag>1</flag></object><object><points><x>0.45743</x><x>0.47395</x><y>0.73242</y><y>0.75586</y></points><label>11</label><labelname>pillar</labelname><flag>1</flag></object><object><points><x>0.45489</x><x>0.47268</x><y>0.78516</y><y>0.80371</y></points><label>11</label><labelname>pillar</labelname><flag>1</flag></object><object><points><x>0.63914</x><x>0.65184</x><y>0.7832</y><y>0.80566</y></points><label>11</label><labelname>pillar</labelname><flag>1</flag></object><object><points><x>0.64041</x><x>0.65057</x><y>0.73145</y><y>0.75293</y></points><label>11</label><labelname>pillar</labelname><flag>1</flag></object><object><points><x>0.65057</x><x>0.7446</x><y>0.72949</y><y>0.75488</y></points><label>11</label><labelname>pillar</labelname><flag>1</flag></object><object><points><x>0.65057</x><x>0.7446</x><y>0.78125</y><y>0.80762</y></points><label>11</label><labelname>pillar</labelname><flag>1</flag></object><object><points><x>0.7446</x><x>0.75731</x><y>0.72559</y><y>0.7627</y></points><label>11</label><labelname>pillar</labelname><flag>1</flag></object><object><points><x>0.7446</x><x>0.75604</x><y>0.77637</y><y>0.81543</y></points><label>11</label><labelname>pillar</labelname><flag>1</flag></object><object><points><x>0.85006</x><x>0.9352</x><y>0.064453</y><y>0.12305</y></points><label>3</label><labelname>window</labelname><flag>1</flag></object><object><points><x>0.27446</x><x>0.31893</x><y>0.23047</y><y>0.2998</y></points><label>5</label><labelname>cornice</labelname><flag>1</flag></object><object><points><x>0.27573</x><x>0.3202</x><y>0.70117</y><y>0.76953</y></points><label>5</label><labelname>cornice</labelname><flag>1</flag></object><object><points><x>0.1169</x><x>0.13977</x><y>0.63184</y><y>0.81836</y></points><label>10</label><labelname>molding</labelname><flag>1</flag></object><object><points><x>0.11436</x><x>0.13977</x><y>0.18848</y><y>0.35547</y></points><label>9</label><labelname>deco</labelname><flag>1</flag></object><object><points><x>0.073698</x><x>0.09784</x><y>0.36035</y><y>0.37109</y></points><label>9</label><labelname>deco</labelname><flag>1</flag></object><object><points><x>0.072427</x><x>0.09784</x><y>0.34375</y><y>0.35449</y></points><label>9</label><labelname>deco</labelname><flag>1</flag></object><object><points><x>0.073698</x><x>0.09784</x><y>0.32812</y><y>0.33789</y></points><label>9</label><labelname>deco</labelname><flag>1</flag></object><object><points><x>0.081321</x><x>0.10546</x><y>0.37305</y><y>0.38379</y></points><label>9</label><labelname>deco</labelname><flag>1</flag></object><object><points><x>0.082592</x><x>0.10673</x><y>0.38965</y><y>0.40039</y></points><label>9</label><labelname>deco</labelname><flag>1</flag></object><object><points><x>0.082592</x><x>0.10673</x><y>0.40723</y><y>0.41699</y></points><label>9</label><labelname>deco</labelname><flag>1</flag></object><object><points><x>0.083863</x><x>0.10801</x><y>0.42383</y><y>0.43457</y></points><label>9</label><labelname>deco</labelname><flag>1</flag></object><object><points><x>0.083863</x><x>0.10801</x><y>0.44238</y><y>0.45312</y></points><label>9</label><labelname>deco</labelname><flag>1</flag></object><object><points><x>0.082592</x><x>0.10673</x><y>0.45801</y><y>0.46875</y></points><label>9</label><labelname>deco</labelname><flag>1</flag></object><object><points><x>0.083863</x><x>0.10801</x><y>0.47754</y><y>0.4873</y></points><label>9</label><labelname>deco</labelname><flag>1</flag></object><object><points><x>0.083863</x><x>0.10801</x><y>0.49512</y><y>0.50488</y></points><label>9</label><labelname>deco</labelname><flag>1</flag></object><object><points><x>0.083863</x><x>0.10801</x><y>0.50977</y><y>0.52051</y></points><label>9</label><labelname>deco</labelname><flag>1</flag></object><object><points><x>0.083863</x><x>0.10801</x><y>0.52539</y><y>0.53613</y></points><label>9</label><labelname>deco</labelname><flag>1</flag></object><object><points><x>0.083863</x><x>0.10801</x><y>0.54492</y><y>0.55566</y></points><label>9</label><labelname>deco</labelname><flag>1</flag></object><object><points><x>0.083863</x><x>0.10801</x><y>0.56055</y><y>0.57129</y></points><label>9</label><labelname>deco</labelname><flag>1</flag></object><object><points><x>0.083863</x><x>0.10801</x><y>0.57715</y><y>0.58789</y></points><label>9</label><labelname>deco</labelname><flag>1</flag></object><object><points><x>0.083863</x><x>0.10801</x><y>0.59473</y><y>0.60547</y></points><label>9</label><labelname>deco</labelname><flag>1</flag></object><object><points><x>0.082592</x><x>0.10673</x><y>0.61133</y><y>0.62207</y></points><label>9</label><labelname>deco</labelname><flag>1</flag></object><object><points><x>0.076239</x><x>0.10038</x><y>0.63574</y><y>0.64551</y></points><label>9</label><labelname>deco</labelname><flag>1</flag></object><object><points><x>0.076239</x><x>0.10038</x><y>0.65039</y><y>0.66113</y></points><label>9</label><labelname>deco</labelname><flag>1</flag></object><object><points><x>0.074968</x><x>0.099111</x><y>0.66699</y><y>0.67773</y></points><label>9</label><labelname>deco</labelname><flag>1</flag></object><object><points><x>0.074968</x><x>0.099111</x><y>0.68457</y><y>0.69531</y></points><label>9</label><labelname>deco</labelname><flag>1</flag></object><object><points><x>0.074968</x><x>0.099111</x><y>0.7002</y><y>0.71094</y></points><label>9</label><labelname>deco</labelname><flag>1</flag></object><object><points><x>0.073698</x><x>0.099111</x><y>0.71582</y><y>0.72656</y></points><label>9</label><labelname>deco</labelname><flag>1</flag></object><object><points><x>0.074968</x><x>0.099111</x><y>0.73047</y><y>0.74121</y></points><label>9</label><labelname>deco</labelname><flag>1</flag></object><object><points><x>0.074968</x><x>0.099111</x><y>0.74902</y><y>0.75879</y></points><label>9</label><labelname>deco</labelname><flag>1</flag></object><object><points><x>0.074968</x><x>0.099111</x><y>0.76465</y><y>0.77539</y></points><label>9</label><labelname>deco</labelname><flag>1</flag></object><object><points><x>0.074968</x><x>0.099111</x><y>0.78027</y><y>0.79004</y></points><label>9</label><labelname>deco</labelname><flag>1</flag></object><object><points><x>0.074968</x><x>0.099111</x><y>0.79785</y><y>0.80762</y></points><label>9</label><labelname>deco</labelname><flag>1</flag></object><object><points><x>0.073698</x><x>0.09784</x><y>0.81348</y><y>0.82422</y></points><label>9</label><labelname>deco</labelname><flag>1</flag></object><object><points><x>0.074968</x><x>0.099111</x><y>0.8291</y><y>0.83984</y></points><label>9</label><labelname>deco</labelname><flag>1</flag></object><object><points><x>0.081321</x><x>0.10546</x><y>0.8418</y><y>0.85156</y></points><label>9</label><labelname>deco</labelname><flag>1</flag></object><object><points><x>0.082592</x><x>0.10673</x><y>0.85645</y><y>0.86621</y></points><label>9</label><labelname>deco</labelname><flag>1</flag></object><object><points><x>0.082592</x><x>0.10673</x><y>0.87109</y><y>0.88184</y></points><label>9</label><labelname>deco</labelname><flag>1</flag></object><object><points><x>0.081321</x><x>0.10546</x><y>0.8877</y><y>0.89746</y></points><label>9</label><labelname>deco</labelname><flag>1</flag></object><object><points><x>0.082592</x><x>0.10673</x><y>0.90332</y><y>0.91406</y></points><label>9</label><labelname>deco</labelname><flag>1</flag></object><object><points><x>0.082592</x><x>0.10673</x><y>0.91797</y><y>0.92871</y></points><label>9</label><labelname>deco</labelname><flag>1</flag></object><object><points><x>0.082592</x><x>0.10673</x><y>0.93164</y><y>0.94238</y></points><label>9</label><labelname>deco</labelname><flag>1</flag></object><object><points><x>0.082592</x><x>0.10673</x><y>0.94727</y><y>0.95801</y></points><label>9</label><labelname>deco</labelname><flag>1</flag></object><object><points><x>0.12706</x><x>0.14612</x><y>0.41211</y><y>0.43066</y></points><label>9</label><labelname>deco</labelname><flag>1</flag></object><object><points><x>0.12834</x><x>0.14612</x><y>0.54883</y><y>0.56738</y></points><label>9</label><labelname>deco</labelname><flag>1</flag></object>