<object><points><x>0.19699</x><x>0.99875</x><y>0.083984</y><y>0.6582</y></points><label>2</label><labelname>facade</labelname><flag>1</flag></object><object><points><x>0.81556</x><x>0.8946</x><y>0.11719</y><y>0.15234</y></points><label>3</label><labelname>window</labelname><flag>1</flag></object><object><points><x>0.66123</x><x>0.74279</x><y>0.11719</y><y>0.1543</y></points><label>3</label><labelname>window</labelname><flag>1</flag></object><object><points><x>0.81556</x><x>0.8946</x><y>0.30273</y><y>0.3418</y></points><label>3</label><labelname>window</labelname><flag>1</flag></object><object><points><x>0.81556</x><x>0.89335</x><y>0.19434</y><y>0.22559</y></points><label>3</label><labelname>window</labelname><flag>1</flag></object><object><points><x>0.63363</x><x>0.72146</x><y>0.31348</y><y>0.35059</y></points><label>3</label><labelname>window</labelname><flag>1</flag></object><object><points><x>0.66123</x><x>0.74153</x><y>0.19336</y><y>0.22949</y></points><label>3</label><labelname>window</labelname><flag>1</flag></object><object><points><x>0.81556</x><x>0.8946</x><y>0.59277</y><y>0.62598</y></points><label>3</label><labelname>window</labelname><flag>1</flag></object><object><points><x>0.81556</x><x>0.89335</x><y>0.52734</y><y>0.56055</y></points><label>3</label><labelname>window</labelname><flag>1</flag></object><object><points><x>0.81556</x><x>0.8946</x><y>0.46191</y><y>0.49609</y></points><label>3</label><labelname>window</labelname><flag>1</flag></object><object><points><x>0.81681</x><x>0.89335</x><y>0.39746</y><y>0.43066</y></points><label>3</label><labelname>window</labelname><flag>1</flag></object><object><points><x>0.65997</x><x>0.74279</x><y>0.59082</y><y>0.62402</y></points><label>3</label><labelname>window</labelname><flag>1</flag></object><object><points><x>0.65997</x><x>0.74279</x><y>0.52539</y><y>0.55957</y></points><label>3</label><labelname>window</labelname><flag>1</flag></object><object><points><x>0.65997</x><x>0.74153</x><y>0.46191</y><y>0.49414</y></points><label>3</label><labelname>window</labelname><flag>1</flag></object><object><points><x>0.65997</x><x>0.74153</x><y>0.39648</y><y>0.43066</y></points><label>3</label><labelname>window</labelname><flag>1</flag></object><object><points><x>0.34379</x><x>0.41907</x><y>0.59082</y><y>0.62207</y></points><label>3</label><labelname>window</labelname><flag>1</flag></object><object><points><x>0.34253</x><x>0.41907</x><y>0.52539</y><y>0.55762</y></points><label>3</label><labelname>window</labelname><flag>1</flag></object><object><points><x>0.34379</x><x>0.41907</x><y>0.46191</y><y>0.49219</y></points><label>3</label><labelname>window</labelname><flag>1</flag></object><object><points><x>0.49561</x><x>0.57842</x><y>0.59082</y><y>0.62402</y></points><label>3</label><labelname>window</labelname><flag>1</flag></object><object><points><x>0.49686</x><x>0.57842</x><y>0.52734</y><y>0.55957</y></points><label>3</label><labelname>window</labelname><flag>1</flag></object><object><points><x>0.49686</x><x>0.57842</x><y>0.46191</y><y>0.49414</y></points><label>3</label><labelname>window</labelname><flag>1</flag></object><object><points><x>0.49686</x><x>0.57842</x><y>0.39648</y><y>0.42871</y></points><label>3</label><labelname>window</labelname><flag>1</flag></object><object><points><x>0.34504</x><x>0.42033</x><y>0.39746</y><y>0.42773</y></points><label>3</label><labelname>window</labelname><flag>1</flag></object><object><points><x>0.29109</x><x>0.37265</x><y>0.31543</y><y>0.35059</y></points><label>3</label><labelname>window</labelname><flag>1</flag></object><object><points><x>0.49686</x><x>0.57967</x><y>0.11816</y><y>0.15234</y></points><label>3</label><labelname>window</labelname><flag>1</flag></object><object><points><x>0.49686</x><x>0.57967</x><y>0.19434</y><y>0.22949</y></points><label>3</label><labelname>window</labelname><flag>1</flag></object><object><points><x>0.45797</x><x>0.54705</x><y>0.31445</y><y>0.35059</y></points><label>3</label><labelname>window</labelname><flag>1</flag></object><object><points><x>0.3463</x><x>0.42033</x><y>0.19434</y><y>0.22559</y></points><label>3</label><labelname>window</labelname><flag>1</flag></object><object><points><x>0.34755</x><x>0.42158</x><y>0.11914</y><y>0.15039</y></points><label>3</label><labelname>window</labelname><flag>1</flag></object><object><points><x>0.34755</x><x>0.42033</x><y>0.012695</y><y>0.043945</y></points><label>3</label><labelname>window</labelname><flag>1</flag></object><object><points><x>0.49812</x><x>0.58093</x><y>0.012695</y><y>0.044922</y></points><label>3</label><labelname>window</labelname><flag>1</flag></object><object><points><x>0.31619</x><x>0.39272</x><y>0.68262</y><y>0.71484</y></points><label>3</label><labelname>window</labelname><flag>1</flag></object><object><points><x>0.31619</x><x>0.39272</x><y>0.75195</y><y>0.7832</y></points><label>3</label><labelname>window</labelname><flag>1</flag></object><object><points><x>0.31619</x><x>0.39272</x><y>0.82227</y><y>0.85352</y></points><label>3</label><labelname>window</labelname><flag>1</flag></object><object><points><x>0.4655</x><x>0.5458</x><y>0.68359</y><y>0.71484</y></points><label>3</label><labelname>window</labelname><flag>1</flag></object><object><points><x>0.46424</x><x>0.5458</x><y>0.75293</y><y>0.78418</y></points><label>3</label><labelname>window</labelname><flag>1</flag></object><object><points><x>0.4655</x><x>0.5458</x><y>0.82129</y><y>0.85254</y></points><label>3</label><labelname>window</labelname><flag>1</flag></object><object><points><x>0.6261</x><x>0.70891</x><y>0.68555</y><y>0.7168</y></points><label>3</label><labelname>window</labelname><flag>1</flag></object><object><points><x>0.6261</x><x>0.70891</x><y>0.75391</y><y>0.78516</y></points><label>3</label><labelname>window</labelname><flag>1</flag></object><object><points><x>0.7867</x><x>0.87453</x><y>0.68652</y><y>0.72168</y></points><label>12</label><labelname>shop</labelname><flag>1</flag></object><object><points><x>0.57716</x><x>0.62108</x><y>0.6709</y><y>0.7373</y></points><label>5</label><labelname>cornice</labelname><flag>1</flag></object><object><points><x>0.57842</x><x>0.62233</x><y>0.74121</y><y>0.80762</y></points><label>5</label><labelname>cornice</labelname><flag>1</flag></object><object><points><x>0.73902</x><x>0.7729</x><y>0.58301</y><y>0.63574</y></points><label>6</label><labelname>sill</labelname><flag>1</flag></object><object><points><x>0.74028</x><x>0.76913</x><y>0.52051</y><y>0.57129</y></points><label>6</label><labelname>sill</labelname><flag>1</flag></object><object><points><x>0.74153</x><x>0.77164</x><y>0.45605</y><y>0.50684</y></points><label>6</label><labelname>sill</labelname><flag>1</flag></object><object><points><x>0.74153</x><x>0.77039</x><y>0.39258</y><y>0.44336</y></points><label>6</label><labelname>sill</labelname><flag>1</flag></object><object><points><x>0.72146</x><x>0.75031</x><y>0.30762</y><y>0.3584</y></points><label>6</label><labelname>sill</labelname><flag>1</flag></object><object><points><x>0.74153</x><x>0.76788</x><y>0.18359</y><y>0.24121</y></points><label>6</label><labelname>sill</labelname><flag>1</flag></object><object><points><x>0.74153</x><x>0.76788</x><y>0.10645</y><y>0.16504</y></points><label>6</label><labelname>sill</labelname><flag>1</flag></object><object><points><x>0.70891</x><x>0.74404</x><y>0.67773</y><y>0.73047</y></points><label>6</label><labelname>sill</labelname><flag>1</flag></object><object><points><x>0.39272</x><x>0.41907</x><y>0.67578</y><y>0.72266</y></points><label>6</label><labelname>sill</labelname><flag>1</flag></object><object><points><x>0.39272</x><x>0.41907</x><y>0.74512</y><y>0.79199</y></points><label>6</label><labelname>sill</labelname><flag>1</flag></object><object><points><x>0.39147</x><x>0.41782</x><y>0.81543</y><y>0.86133</y></points><label>6</label><labelname>sill</labelname><flag>1</flag></object><object><points><x>0.57716</x><x>0.6399</x><y>0.1084</y><y>0.16211</y></points><label>6</label><labelname>sill</labelname><flag>1</flag></object><object><points><x>0.57842</x><x>0.64115</x><y>0.18457</y><y>0.23926</y></points><label>6</label><labelname>sill</labelname><flag>1</flag></object><object><points><x>0.54454</x><x>0.60728</x><y>0.30762</y><y>0.36133</y></points><label>6</label><labelname>sill</labelname><flag>1</flag></object><object><points><x>0.57842</x><x>0.64115</x><y>0.39258</y><y>0.43945</y></points><label>6</label><labelname>sill</labelname><flag>1</flag></object><object><points><x>0.57591</x><x>0.63864</x><y>0.45312</y><y>0.50586</y></points><label>6</label><labelname>sill</labelname><flag>1</flag></object><object><points><x>0.57716</x><x>0.6399</x><y>0.51953</y><y>0.57227</y></points><label>6</label><labelname>sill</labelname><flag>1</flag></object><object><points><x>0.57716</x><x>0.6399</x><y>0.58398</y><y>0.63672</y></points><label>6</label><labelname>sill</labelname><flag>1</flag></object><object><points><x>0.32246</x><x>0.34504</x><y>0.58594</y><y>0.62695</y></points><label>5</label><labelname>cornice</labelname><flag>1</flag></object><object><points><x>0.3212</x><x>0.34253</x><y>0.51953</y><y>0.56152</y></points><label>5</label><labelname>cornice</labelname><flag>1</flag></object><object><points><x>0.3212</x><x>0.34379</x><y>0.45508</y><y>0.49609</y></points><label>5</label><labelname>cornice</labelname><flag>1</flag></object><object><points><x>0.3212</x><x>0.34379</x><y>0.39258</y><y>0.43359</y></points><label>5</label><labelname>cornice</labelname><flag>1</flag></object><object><points><x>0.26851</x><x>0.29109</x><y>0.30859</y><y>0.35547</y></points><label>5</label><labelname>cornice</labelname><flag>1</flag></object><object><points><x>0.32246</x><x>0.3463</x><y>0.11328</y><y>0.15723</y></points><label>5</label><labelname>cornice</labelname><flag>1</flag></object><object><points><x>0.32246</x><x>0.34504</x><y>0.19043</y><y>0.23438</y></points><label>5</label><labelname>cornice</labelname><flag>1</flag></object><object><points><x>0.46675</x><x>0.50188</x><y>0.11328</y><y>0.15625</y></points><label>5</label><labelname>cornice</labelname><flag>1</flag></object><object><points><x>0.46675</x><x>0.50188</x><y>0.18945</y><y>0.23145</y></points><label>5</label><labelname>cornice</labelname><flag>1</flag></object><object><points><x>0.42409</x><x>0.46048</x><y>0.31152</y><y>0.35645</y></points><label>5</label><labelname>cornice</labelname><flag>1</flag></object><object><points><x>0.46424</x><x>0.49937</x><y>0.3916</y><y>0.43359</y></points><label>5</label><labelname>cornice</labelname><flag>1</flag></object><object><points><x>0.46424</x><x>0.49937</x><y>0.45605</y><y>0.49902</y></points><label>5</label><labelname>cornice</labelname><flag>1</flag></object><object><points><x>0.4655</x><x>0.50063</x><y>0.52246</y><y>0.56445</y></points><label>5</label><labelname>cornice</labelname><flag>1</flag></object><object><points><x>0.46299</x><x>0.49812</x><y>0.58594</y><y>0.62793</y></points><label>5</label><labelname>cornice</labelname><flag>1</flag></object><object><points><x>0.31744</x><x>0.34755</x><y>0.0039062</y><y>0.048828</y></points><label>5</label><labelname>cornice</labelname><flag>1</flag></object><object><points><x>0.46675</x><x>0.50188</x><y>0.00097656</y><y>0.051758</y></points><label>5</label><labelname>cornice</labelname><flag>1</flag></object><object><points><x>0.57591</x><x>0.64115</x><y>0.011719</y><y>0.055664</y></points><label>6</label><labelname>sill</labelname><flag>1</flag></object><object><points><x>0.25596</x><x>0.35508</x><y>0.091797</y><y>0.65527</y></points><label>10</label><labelname>molding</labelname><flag>1</flag></object><object><points><x>0.42409</x><x>0.46675</x><y>0.084961</y><y>0.6543</y></points><label>10</label><labelname>molding</labelname><flag>1</flag></object><object><points><x>0.76913</x><x>0.79046</x><y>0.087891</y><y>0.65625</y></points><label>10</label><labelname>molding</labelname><flag>1</flag></object><object><points><x>0.89084</x><x>0.95232</x><y>0.086914</y><y>0.6543</y></points><label>10</label><labelname>molding</labelname><flag>1</flag></object><object><points><x>0.45546</x><x>0.71267</x><y>0.29102</y><y>0.30566</y></points><label>11</label><labelname>pillar</labelname><flag>1</flag></object><object><points><x>0.45671</x><x>0.71267</x><y>0.3623</y><y>0.37793</y></points><label>11</label><labelname>pillar</labelname><flag>1</flag></object><object><points><x>0.4931</x><x>0.734</x><y>0.44043</y><y>0.45312</y></points><label>11</label><labelname>pillar</labelname><flag>1</flag></object><object><points><x>0.49435</x><x>0.73275</x><y>0.50586</y><y>0.51855</y></points><label>11</label><labelname>pillar</labelname><flag>1</flag></object><object><points><x>0.49184</x><x>0.73526</x><y>0.57031</y><y>0.58398</y></points><label>11</label><labelname>pillar</labelname><flag>1</flag></object><object><points><x>0.4931</x><x>0.734</x><y>0.63574</y><y>0.64941</y></points><label>11</label><labelname>pillar</labelname><flag>1</flag></object><object><points><x>0.49561</x><x>0.73526</x><y>0.16602</y><y>0.18164</y></points><label>11</label><labelname>pillar</labelname><flag>1</flag></object><object><points><x>0.49561</x><x>0.73526</x><y>0.23828</y><y>0.25391</y></points><label>11</label><labelname>pillar</labelname><flag>1</flag></object><object><points><x>0.4931</x><x>0.73651</x><y>0.088867</y><y>0.10352</y></points><label>11</label><labelname>pillar</labelname><flag>1</flag></object><object><points><x>0.4931</x><x>0.7729</x><y>0.054688</y><y>0.076172</y></points><label>11</label><labelname>pillar</labelname><flag>1</flag></object><object><points><x>0.4542</x><x>0.49435</x><y>0.051758</y><y>0.079102</y></points><label>11</label><labelname>pillar</labelname><flag>1</flag></object><object><points><x>0.4542</x><x>0.49184</x><y>0.085938</y><y>0.1084</y></points><label>11</label><labelname>pillar</labelname><flag>1</flag></object><object><points><x>0.45546</x><x>0.49561</x><y>0.16113</y><y>0.18457</y></points><label>11</label><labelname>pillar</labelname><flag>1</flag></object><object><points><x>0.45546</x><x>0.49561</x><y>0.23535</y><y>0.25391</y></points><label>11</label><labelname>pillar</labelname><flag>1</flag></object><object><points><x>0.41531</x><x>0.45546</x><y>0.28516</y><y>0.30957</y></points><label>11</label><labelname>pillar</labelname><flag>1</flag></object><object><points><x>0.41531</x><x>0.45546</x><y>0.35742</y><y>0.38281</y></points><label>11</label><labelname>pillar</labelname><flag>1</flag></object><object><points><x>0.45295</x><x>0.4931</x><y>0.4375</y><y>0.45508</y></points><label>11</label><labelname>pillar</labelname><flag>1</flag></object><object><points><x>0.45295</x><x>0.4931</x><y>0.50195</y><y>0.51953</y></points><label>11</label><labelname>pillar</labelname><flag>1</flag></object><object><points><x>0.45295</x><x>0.4931</x><y>0.63281</y><y>0.65039</y></points><label>11</label><labelname>pillar</labelname><flag>1</flag></object><object><points><x>0.45169</x><x>0.49184</x><y>0.56738</y><y>0.58594</y></points><label>11</label><labelname>pillar</labelname><flag>1</flag></object><object><points><x>0.73651</x><x>0.7729</x><y>0.085938</y><y>0.10938</y></points><label>11</label><labelname>pillar</labelname><flag>1</flag></object><object><points><x>0.73526</x><x>0.77039</x><y>0.16309</y><y>0.18555</y></points><label>11</label><labelname>pillar</labelname><flag>1</flag></object><object><points><x>0.73526</x><x>0.76913</x><y>0.23633</y><y>0.25586</y></points><label>11</label><labelname>pillar</labelname><flag>1</flag></object><object><points><x>0.71142</x><x>0.75282</x><y>0.28516</y><y>0.30957</y></points><label>11</label><labelname>pillar</labelname><flag>1</flag></object><object><points><x>0.71267</x><x>0.75408</x><y>0.3584</y><y>0.38184</y></points><label>11</label><labelname>pillar</labelname><flag>1</flag></object><object><points><x>0.73526</x><x>0.77164</x><y>0.4375</y><y>0.45801</y></points><label>11</label><labelname>pillar</labelname><flag>1</flag></object><object><points><x>0.73275</x><x>0.77039</x><y>0.50195</y><y>0.52148</y></points><label>11</label><labelname>pillar</labelname><flag>1</flag></object><object><points><x>0.73526</x><x>0.77164</x><y>0.56641</y><y>0.58691</y></points><label>11</label><labelname>pillar</labelname><flag>1</flag></object><object><points><x>0.73526</x><x>0.77164</x><y>0.63281</y><y>0.65234</y></points><label>11</label><labelname>pillar</labelname><flag>1</flag></object><object><points><x>0.94354</x><x>0.98871</x><y>0.53223</y><y>0.62793</y></points><label>12</label><labelname>shop</labelname><flag>1</flag></object><object><points><x>0.9611</x><x>0.98369</x><y>0.5127</y><y>0.53125</y></points><label>12</label><labelname>shop</labelname><flag>1</flag></object><object><points><x>0.94479</x><x>0.97742</x><y>0.3916</y><y>0.49902</y></points><label>12</label><labelname>shop</labelname><flag>1</flag></object>