<object><points><x>0.0022779</x><x>1</x><y>0.071289</y><y>0.93555</y></points><label>2</label><labelname>facade</labelname><flag>1</flag></object><object><points><x>0.20273</x><x>0.26196</x><y>0.12891</y><y>0.17188</y></points><label>3</label><labelname>window</labelname><flag>1</flag></object><object><points><x>0.20046</x><x>0.25968</x><y>0.4248</y><y>0.46875</y></points><label>3</label><labelname>window</labelname><flag>1</flag></object><object><points><x>0.19476</x><x>0.25854</x><y>0.5957</y><y>0.64355</y></points><label>3</label><labelname>window</labelname><flag>1</flag></object><object><points><x>0.19932</x><x>0.2574</x><y>0.76562</y><y>0.81445</y></points><label>3</label><labelname>window</labelname><flag>1</flag></object><object><points><x>0.3451</x><x>0.44761</x><y>0.77051</y><y>0.8125</y></points><label>3</label><labelname>window</labelname><flag>1</flag></object><object><points><x>0.34396</x><x>0.44647</x><y>0.59766</y><y>0.63965</y></points><label>3</label><labelname>window</labelname><flag>1</flag></object><object><points><x>0.34738</x><x>0.44647</x><y>0.42773</y><y>0.46973</y></points><label>3</label><labelname>window</labelname><flag>1</flag></object><object><points><x>0.34738</x><x>0.44533</x><y>0.27832</y><y>0.32031</y></points><label>3</label><labelname>window</labelname><flag>1</flag></object><object><points><x>0.49544</x><x>0.59681</x><y>0.12695</y><y>0.16895</y></points><label>3</label><labelname>window</labelname><flag>1</flag></object><object><points><x>0.49658</x><x>0.59795</x><y>0.27637</y><y>0.31836</y></points><label>3</label><labelname>window</labelname><flag>1</flag></object><object><points><x>0.49544</x><x>0.60023</x><y>0.42578</y><y>0.46777</y></points><label>3</label><labelname>window</labelname><flag>1</flag></object><object><points><x>0.49772</x><x>0.60023</x><y>0.59375</y><y>0.63672</y></points><label>3</label><labelname>window</labelname><flag>1</flag></object><object><points><x>0.49772</x><x>0.60137</x><y>0.76562</y><y>0.81152</y></points><label>3</label><labelname>window</labelname><flag>1</flag></object><object><points><x>0.65376</x><x>0.75968</x><y>0.76367</y><y>0.81152</y></points><label>3</label><labelname>window</labelname><flag>1</flag></object><object><points><x>0.65262</x><x>0.75626</x><y>0.59375</y><y>0.63867</y></points><label>3</label><labelname>window</labelname><flag>1</flag></object><object><points><x>0.6492</x><x>0.75626</x><y>0.42285</y><y>0.46875</y></points><label>3</label><labelname>window</labelname><flag>1</flag></object><object><points><x>0.65034</x><x>0.75399</x><y>0.27344</y><y>0.31738</y></points><label>3</label><labelname>window</labelname><flag>1</flag></object><object><points><x>0.65262</x><x>0.75399</x><y>0.125</y><y>0.16895</y></points><label>3</label><labelname>window</labelname><flag>1</flag></object><object><points><x>0.81435</x><x>0.86674</x><y>0.12305</y><y>0.16797</y></points><label>3</label><labelname>window</labelname><flag>1</flag></object><object><points><x>0.81549</x><x>0.86788</x><y>0.27441</y><y>0.31934</y></points><label>3</label><labelname>window</labelname><flag>1</flag></object><object><points><x>0.81549</x><x>0.86902</x><y>0.4209</y><y>0.46484</y></points><label>3</label><labelname>window</labelname><flag>1</flag></object><object><points><x>0.83713</x><x>0.87472</x><y>0.7627</y><y>0.81445</y></points><label>3</label><labelname>window</labelname><flag>1</flag></object><object><points><x>0.77449</x><x>0.82574</x><y>0.25195</y><y>0.33887</y></points><label>5</label><labelname>cornice</labelname><flag>1</flag></object><object><points><x>0.77335</x><x>0.82346</x><y>0.10059</y><y>0.1875</y></points><label>5</label><labelname>cornice</labelname><flag>1</flag></object><object><points><x>0.77449</x><x>0.82574</x><y>0.40332</y><y>0.49023</y></points><label>5</label><labelname>cornice</labelname><flag>1</flag></object><object><points><x>0.77904</x><x>0.82916</x><y>0.74609</y><y>0.83301</y></points><label>5</label><labelname>cornice</labelname><flag>1</flag></object><object><points><x>0.47267</x><x>0.49544</x><y>0.11719</y><y>0.17969</y></points><label>5</label><labelname>cornice</labelname><flag>1</flag></object><object><points><x>0.47267</x><x>0.49431</x><y>0.2666</y><y>0.3291</y></points><label>5</label><labelname>cornice</labelname><flag>1</flag></object><object><points><x>0.4738</x><x>0.49544</x><y>0.41602</y><y>0.47754</y></points><label>5</label><labelname>cornice</labelname><flag>1</flag></object><object><points><x>0.4738</x><x>0.49544</x><y>0.58789</y><y>0.64941</y></points><label>5</label><labelname>cornice</labelname><flag>1</flag></object><object><points><x>0.4738</x><x>0.49544</x><y>0.75684</y><y>0.82422</y></points><label>5</label><labelname>cornice</labelname><flag>1</flag></object><object><points><x>0.26424</x><x>0.30182</x><y>0.11914</y><y>0.17871</y></points><label>7</label><labelname>balcony</labelname><flag>1</flag></object><object><points><x>0.26765</x><x>0.30068</x><y>0.41992</y><y>0.47852</y></points><label>7</label><labelname>balcony</labelname><flag>1</flag></object><object><points><x>0.26765</x><x>0.29841</x><y>0.5918</y><y>0.64941</y></points><label>7</label><labelname>balcony</labelname><flag>1</flag></object><object><points><x>0.26651</x><x>0.29613</x><y>0.76367</y><y>0.82031</y></points><label>7</label><labelname>balcony</labelname><flag>1</flag></object><object><points><x>0.40774</x><x>0.47722</x><y>0.11621</y><y>0.17773</y></points><label>7</label><labelname>balcony</labelname><flag>1</flag></object><object><points><x>0.40888</x><x>0.47836</x><y>0.26758</y><y>0.33008</y></points><label>7</label><labelname>balcony</labelname><flag>1</flag></object><object><points><x>0.40888</x><x>0.47836</x><y>0.41797</y><y>0.47949</y></points><label>7</label><labelname>balcony</labelname><flag>1</flag></object><object><points><x>0.40547</x><x>0.47494</x><y>0.58496</y><y>0.65332</y></points><label>7</label><labelname>balcony</labelname><flag>1</flag></object><object><points><x>0.40661</x><x>0.47608</x><y>0.75977</y><y>0.82812</y></points><label>7</label><labelname>balcony</labelname><flag>1</flag></object><object><points><x>0.5615</x><x>0.6344</x><y>0.75488</y><y>0.82715</y></points><label>7</label><labelname>balcony</labelname><flag>1</flag></object><object><points><x>0.5615</x><x>0.6344</x><y>0.58496</y><y>0.65527</y></points><label>7</label><labelname>balcony</labelname><flag>1</flag></object><object><points><x>0.56264</x><x>0.63212</x><y>0.41699</y><y>0.47949</y></points><label>7</label><labelname>balcony</labelname><flag>1</flag></object><object><points><x>0.56036</x><x>0.63554</x><y>0.26562</y><y>0.32812</y></points><label>7</label><labelname>balcony</labelname><flag>1</flag></object><object><points><x>0.56036</x><x>0.6344</x><y>0.11621</y><y>0.17871</y></points><label>7</label><labelname>balcony</labelname><flag>1</flag></object><object><points><x>0.71412</x><x>0.7779</x><y>0.11523</y><y>0.17773</y></points><label>7</label><labelname>balcony</labelname><flag>1</flag></object><object><points><x>0.71412</x><x>0.7779</x><y>0.26465</y><y>0.32617</y></points><label>7</label><labelname>balcony</labelname><flag>1</flag></object><object><points><x>0.71754</x><x>0.78132</x><y>0.41602</y><y>0.47754</y></points><label>7</label><labelname>balcony</labelname><flag>1</flag></object><object><points><x>0.71754</x><x>0.78018</x><y>0.58496</y><y>0.65137</y></points><label>7</label><labelname>balcony</labelname><flag>1</flag></object><object><points><x>0.71982</x><x>0.7836</x><y>0.75488</y><y>0.8291</y></points><label>7</label><labelname>balcony</labelname><flag>1</flag></object><object><points><x>0.86333</x><x>0.94419</x><y>0.088867</y><y>0.19922</y></points><label>7</label><labelname>balcony</labelname><flag>1</flag></object><object><points><x>0.86446</x><x>0.94533</x><y>0.23535</y><y>0.35449</y></points><label>7</label><labelname>balcony</labelname><flag>1</flag></object><object><points><x>0.8713</x><x>0.95216</x><y>0.73535</y><y>0.85352</y></points><label>7</label><labelname>balcony</labelname><flag>1</flag></object><object><points><x>0.19818</x><x>0.2574</x><y>0.76562</y><y>0.77734</y></points><label>8</label><labelname>blind</labelname><flag>1</flag></object><object><points><x>0.19248</x><x>0.2574</x><y>0.80078</y><y>0.81543</y></points><label>8</label><labelname>blind</labelname><flag>1</flag></object><object><points><x>0.19476</x><x>0.25968</x><y>0.62891</y><y>0.64453</y></points><label>8</label><labelname>blind</labelname><flag>1</flag></object><object><points><x>0.20501</x><x>0.2631</x><y>0.16113</y><y>0.17188</y></points><label>8</label><labelname>blind</labelname><flag>1</flag></object><object><points><x>0.35535</x><x>0.44419</x><y>0.12891</y><y>0.15039</y></points><label>8</label><labelname>blind</labelname><flag>1</flag></object><object><points><x>0.34738</x><x>0.44533</x><y>0.12891</y><y>0.17188</y></points><label>3</label><labelname>window</labelname><flag>1</flag></object><object><points><x>0.48861</x><x>0.60023</x><y>0.63574</y><y>0.64648</y></points><label>8</label><labelname>blind</labelname><flag>1</flag></object><object><points><x>0.49203</x><x>0.60137</x><y>0.79883</y><y>0.81543</y></points><label>8</label><labelname>blind</labelname><flag>1</flag></object><object><points><x>0.49431</x><x>0.59909</x><y>0.42383</y><y>0.43457</y></points><label>8</label><labelname>blind</labelname><flag>1</flag></object><object><points><x>0.49544</x><x>0.59795</x><y>0.45703</y><y>0.46582</y></points><label>8</label><labelname>blind</labelname><flag>1</flag></object><object><points><x>0.35535</x><x>0.44533</x><y>0.15039</y><y>0.17188</y></points><label>8</label><labelname>blind</labelname><flag>1</flag></object><object><points><x>0.65718</x><x>0.75285</x><y>0.12695</y><y>0.14844</y></points><label>8</label><labelname>blind</labelname><flag>1</flag></object><object><points><x>0.65718</x><x>0.75285</x><y>0.14844</y><y>0.16992</y></points><label>8</label><labelname>blind</labelname><flag>1</flag></object><object><points><x>0.65831</x><x>0.75285</x><y>0.29492</y><y>0.31641</y></points><label>8</label><labelname>blind</labelname><flag>1</flag></object><object><points><x>0.65831</x><x>0.75285</x><y>0.27344</y><y>0.29492</y></points><label>8</label><labelname>blind</labelname><flag>1</flag></object><object><points><x>0.65718</x><x>0.75513</x><y>0.44434</y><y>0.46484</y></points><label>8</label><labelname>blind</labelname><flag>1</flag></object><object><points><x>0.65718</x><x>0.75399</x><y>0.42383</y><y>0.44336</y></points><label>8</label><labelname>blind</labelname><flag>1</flag></object><object><points><x>0.81777</x><x>0.86674</x><y>0.14648</y><y>0.16797</y></points><label>8</label><labelname>blind</labelname><flag>1</flag></object><object><points><x>0.81777</x><x>0.86674</x><y>0.125</y><y>0.14648</y></points><label>8</label><labelname>blind</labelname><flag>1</flag></object><object><points><x>0.81891</x><x>0.86788</x><y>0.44238</y><y>0.46387</y></points><label>8</label><labelname>blind</labelname><flag>1</flag></object><object><points><x>0.81891</x><x>0.86788</x><y>0.4209</y><y>0.44238</y></points><label>8</label><labelname>blind</labelname><flag>1</flag></object><object><points><x>0.65034</x><x>0.75968</x><y>0.7998</y><y>0.8125</y></points><label>8</label><labelname>blind</labelname><flag>1</flag></object><object><points><x>0.65262</x><x>0.75513</x><y>0.62598</y><y>0.63477</y></points><label>8</label><labelname>blind</labelname><flag>1</flag></object><object><points><x>0.062642</x><x>0.19362</x><y>0.080078</y><y>0.92383</y></points><label>10</label><labelname>molding</labelname><flag>1</flag></object><object><points><x>0.25285</x><x>0.33599</x><y>0.079102</y><y>0.92773</y></points><label>10</label><labelname>molding</labelname><flag>1</flag></object>