<object><points><x>0.0019048</x><x>0.99619</x><y>0.0097656</y><y>0.99902</y></points><label>2</label><labelname>facade</labelname><flag>1</flag></object><object><points><x>0.4781</x><x>0.58286</x><y>0.075195</y><y>0.10547</y></points><label>3</label><labelname>window</labelname><flag>1</flag></object><object><points><x>0.4781</x><x>0.58286</x><y>0.11523</y><y>0.14453</y></points><label>3</label><labelname>window</labelname><flag>1</flag></object><object><points><x>0.47048</x><x>0.58286</x><y>0.51953</y><y>0.54883</y></points><label>3</label><labelname>window</labelname><flag>1</flag></object><object><points><x>0.47048</x><x>0.58095</x><y>0.55078</y><y>0.58008</y></points><label>3</label><labelname>window</labelname><flag>1</flag></object><object><points><x>0.47048</x><x>0.58095</x><y>0.58203</y><y>0.61133</y></points><label>3</label><labelname>window</labelname><flag>1</flag></object><object><points><x>0.47238</x><x>0.57714</x><y>0.78125</y><y>0.82324</y></points><label>3</label><labelname>window</labelname><flag>1</flag></object><object><points><x>0.47238</x><x>0.57714</x><y>0.91992</y><y>0.96191</y></points><label>3</label><labelname>window</labelname><flag>1</flag></object><object><points><x>0.79619</x><x>0.89714</x><y>0.075195</y><y>0.10645</y></points><label>3</label><labelname>window</labelname><flag>1</flag></object><object><points><x>0.79619</x><x>0.89905</x><y>0.11426</y><y>0.14746</y></points><label>3</label><labelname>window</labelname><flag>1</flag></object><object><points><x>0.79619</x><x>0.89905</x><y>0.49707</y><y>0.53418</y></points><label>3</label><labelname>window</labelname><flag>1</flag></object><object><points><x>0.79429</x><x>0.89524</x><y>0.61328</y><y>0.65039</y></points><label>3</label><labelname>window</labelname><flag>1</flag></object><object><points><x>0.79429</x><x>0.89524</x><y>0.78027</y><y>0.81641</y></points><label>3</label><labelname>window</labelname><flag>1</flag></object><object><points><x>0.79429</x><x>0.89524</x><y>0.9082</y><y>0.94531</y></points><label>3</label><labelname>window</labelname><flag>1</flag></object><object><points><x>0.41524</x><x>0.47238</x><y>0.074219</y><y>0.10547</y></points><label>3</label><labelname>window</labelname><flag>1</flag></object><object><points><x>0.41524</x><x>0.47429</x><y>0.11328</y><y>0.14453</y></points><label>3</label><labelname>window</labelname><flag>1</flag></object><object><points><x>0.40952</x><x>0.46667</x><y>0.52148</y><y>0.54883</y></points><label>3</label><labelname>window</labelname><flag>1</flag></object><object><points><x>0.40952</x><x>0.46667</x><y>0.55273</y><y>0.58008</y></points><label>3</label><labelname>window</labelname><flag>1</flag></object><object><points><x>0.40762</x><x>0.46476</x><y>0.58398</y><y>0.61133</y></points><label>3</label><labelname>window</labelname><flag>1</flag></object><object><points><x>0.40381</x><x>0.46286</x><y>0.7793</y><y>0.82227</y></points><label>3</label><labelname>window</labelname><flag>1</flag></object><object><points><x>0.40381</x><x>0.46286</x><y>0.91895</y><y>0.96191</y></points><label>3</label><labelname>window</labelname><flag>1</flag></object><object><points><x>0.73333</x><x>0.79048</x><y>0.49805</y><y>0.53418</y></points><label>3</label><labelname>window</labelname><flag>1</flag></object><object><points><x>0.72952</x><x>0.78857</x><y>0.61426</y><y>0.65039</y></points><label>3</label><labelname>window</labelname><flag>1</flag></object><object><points><x>0.72952</x><x>0.78667</x><y>0.78125</y><y>0.81738</y></points><label>3</label><labelname>window</labelname><flag>1</flag></object><object><points><x>0.72762</x><x>0.78476</x><y>0.91113</y><y>0.94727</y></points><label>3</label><labelname>window</labelname><flag>1</flag></object><object><points><x>0.73333</x><x>0.79238</x><y>0.075195</y><y>0.10742</y></points><label>3</label><labelname>window</labelname><flag>1</flag></object><object><points><x>0.73333</x><x>0.79238</x><y>0.11523</y><y>0.14648</y></points><label>3</label><labelname>window</labelname><flag>1</flag></object><object><points><x>0.39619</x><x>0.44762</x><y>0.25</y><y>0.27051</y></points><label>3</label><labelname>window</labelname><flag>1</flag></object><object><points><x>0.39619</x><x>0.44762</x><y>0.27246</y><y>0.29297</y></points><label>3</label><labelname>window</labelname><flag>1</flag></object><object><points><x>0.39429</x><x>0.44571</x><y>0.29492</y><y>0.31543</y></points><label>3</label><labelname>window</labelname><flag>1</flag></object><object><points><x>0.45143</x><x>0.55048</x><y>0.25</y><y>0.27051</y></points><label>3</label><labelname>window</labelname><flag>1</flag></object><object><points><x>0.45143</x><x>0.55048</x><y>0.27246</y><y>0.29297</y></points><label>3</label><labelname>window</labelname><flag>1</flag></object><object><points><x>0.45143</x><x>0.55048</x><y>0.2959</y><y>0.31641</y></points><label>3</label><labelname>window</labelname><flag>1</flag></object><object><points><x>0.16762</x><x>0.25905</x><y>0.79492</y><y>0.80957</y></points><label>3</label><labelname>window</labelname><flag>1</flag></object><object><points><x>0.17333</x><x>0.26476</x><y>0.55957</y><y>0.5752</y></points><label>3</label><labelname>window</labelname><flag>1</flag></object><object><points><x>0.081905</x><x>0.17143</x><y>0.32422</y><y>0.33496</y></points><label>3</label><labelname>window</labelname><flag>1</flag></object><object><points><x>0.08</x><x>0.17143</x><y>0.30273</y><y>0.31348</y></points><label>3</label><labelname>window</labelname><flag>1</flag></object><object><points><x>0.17905</x><x>0.26667</x><y>0.098633</y><y>0.11426</y></points><label>3</label><labelname>window</labelname><flag>1</flag></object><object><points><x>0.74667</x><x>0.99048</x><y>0.27246</y><y>0.38281</y></points><label>4</label><labelname>door</labelname><flag>1</flag></object><object><points><x>0.14286</x><x>0.23238</x><y>0.055664</y><y>0.075195</y></points><label>3</label><labelname>window</labelname><flag>1</flag></object><object><points><x>0.37143</x><x>0.40952</x><y>0.046875</y><y>0.15527</y></points><label>5</label><labelname>cornice</labelname><flag>1</flag></object><object><points><x>0.3619</x><x>0.39048</x><y>0.50098</y><y>0.625</y></points><label>5</label><labelname>cornice</labelname><flag>1</flag></object><object><points><x>0.3619</x><x>0.38667</x><y>0.75879</y><y>0.83789</y></points><label>5</label><labelname>cornice</labelname><flag>1</flag></object><object><points><x>0.36</x><x>0.38667</x><y>0.90137</y><y>0.97852</y></points><label>5</label><labelname>cornice</labelname><flag>1</flag></object><object><points><x>0.58476</x><x>0.60952</x><y>0.057617</y><y>0.15332</y></points><label>6</label><labelname>sill</labelname><flag>1</flag></object><object><points><x>0.58095</x><x>0.60571</x><y>0.50781</y><y>0.61914</y></points><label>6</label><labelname>sill</labelname><flag>1</flag></object><object><points><x>0.57714</x><x>0.6019</x><y>0.76562</y><y>0.83105</y></points><label>6</label><labelname>sill</labelname><flag>1</flag></object><object><points><x>0.57524</x><x>0.6019</x><y>0.9043</y><y>0.97168</y></points><label>6</label><labelname>sill</labelname><flag>1</flag></object><object><points><x>0.56762</x><x>0.62476</x><y>0.22266</y><y>0.33984</y></points><label>9</label><labelname>deco</labelname><flag>1</flag></object><object><points><x>0.56571</x><x>0.63238</x><y>0.35254</y><y>0.37891</y></points><label>9</label><labelname>deco</labelname><flag>1</flag></object><object><points><x>0.57714</x><x>0.63048</x><y>0.38086</y><y>0.4209</y></points><label>9</label><labelname>deco</labelname><flag>1</flag></object><object><points><x>0.32571</x><x>0.48</x><y>0.41699</y><y>0.43555</y></points><label>9</label><labelname>deco</labelname><flag>1</flag></object><object><points><x>0.33714</x><x>0.4819</x><y>0.43555</y><y>0.45215</y></points><label>9</label><labelname>deco</labelname><flag>1</flag></object><object><points><x>0.33143</x><x>0.48</x><y>0.18848</y><y>0.20801</y></points><label>9</label><labelname>deco</labelname><flag>1</flag></object><object><points><x>0.88571</x><x>0.92952</x><y>0.018555</y><y>0.99414</y></points><label>10</label><labelname>molding</labelname><flag>1</flag></object><object><points><x>0.25905</x><x>0.34476</x><y>0.019531</y><y>0.99414</y></points><label>10</label><labelname>molding</labelname><flag>1</flag></object><object><points><x>0.66095</x><x>0.76</x><y>0.17871</y><y>0.23535</y></points><label>9</label><labelname>deco</labelname><flag>1</flag></object><object><points><x>0.66286</x><x>0.76</x><y>0.3457</y><y>0.39258</y></points><label>9</label><labelname>deco</labelname><flag>1</flag></object>