<object><points><x>0.16798</x><x>0.66798</x><y>0.14648</y><y>0.64648</y></points><label>2</label><labelname>facade</labelname><flag>1</flag></object><object><points><x>0.28084</x><x>0.68766</x><y>0.64941</y><y>0.85059</y></points><label>2</label><labelname>facade</labelname><flag>1</flag></object><object><points><x>0.29659</x><x>0.30709</x><y>0.18066</y><y>0.19629</y></points><label>3</label><labelname>window</labelname><flag>1</flag></object><object><points><x>0.2979</x><x>0.3084</x><y>0.24414</y><y>0.25879</y></points><label>3</label><labelname>window</labelname><flag>1</flag></object><object><points><x>0.2979</x><x>0.30971</x><y>0.29492</y><y>0.31055</y></points><label>3</label><labelname>window</labelname><flag>1</flag></object><object><points><x>0.29921</x><x>0.30971</x><y>0.3457</y><y>0.36133</y></points><label>3</label><labelname>window</labelname><flag>1</flag></object><object><points><x>0.29921</x><x>0.31102</x><y>0.39355</y><y>0.4082</y></points><label>3</label><labelname>window</labelname><flag>1</flag></object><object><points><x>0.30052</x><x>0.31102</x><y>0.44238</y><y>0.45801</y></points><label>3</label><labelname>window</labelname><flag>1</flag></object><object><points><x>0.30052</x><x>0.31102</x><y>0.49121</y><y>0.50586</y></points><label>3</label><labelname>window</labelname><flag>1</flag></object><object><points><x>0.30052</x><x>0.31234</x><y>0.54102</y><y>0.55566</y></points><label>3</label><labelname>window</labelname><flag>1</flag></object><object><points><x>0.30052</x><x>0.31102</x><y>0.59766</y><y>0.6123</y></points><label>3</label><labelname>window</labelname><flag>1</flag></object><object><points><x>0.3084</x><x>0.32021</x><y>0.66309</y><y>0.67871</y></points><label>3</label><labelname>window</labelname><flag>1</flag></object><object><points><x>0.3084</x><x>0.32021</x><y>0.71289</y><y>0.72852</y></points><label>3</label><labelname>window</labelname><flag>1</flag></object><object><points><x>0.30971</x><x>0.32021</x><y>0.76367</y><y>0.77832</y></points><label>3</label><labelname>window</labelname><flag>1</flag></object><object><points><x>0.30971</x><x>0.32152</x><y>0.81445</y><y>0.8291</y></points><label>3</label><labelname>window</labelname><flag>1</flag></object><object><points><x>0.35039</x><x>0.40682</x><y>0.17676</y><y>0.2002</y></points><label>3</label><labelname>window</labelname><flag>1</flag></object><object><points><x>0.35171</x><x>0.40682</x><y>0.24121</y><y>0.26465</y></points><label>3</label><labelname>window</labelname><flag>1</flag></object><object><points><x>0.35171</x><x>0.40682</x><y>0.29102</y><y>0.31445</y></points><label>3</label><labelname>window</labelname><flag>1</flag></object><object><points><x>0.35171</x><x>0.40814</x><y>0.34082</y><y>0.36426</y></points><label>3</label><labelname>window</labelname><flag>1</flag></object><object><points><x>0.35171</x><x>0.40814</x><y>0.38965</y><y>0.41309</y></points><label>3</label><labelname>window</labelname><flag>1</flag></object><object><points><x>0.35302</x><x>0.40814</x><y>0.43848</y><y>0.46191</y></points><label>3</label><labelname>window</labelname><flag>1</flag></object><object><points><x>0.35302</x><x>0.40945</x><y>0.48633</y><y>0.50977</y></points><label>3</label><labelname>window</labelname><flag>1</flag></object><object><points><x>0.35302</x><x>0.40814</x><y>0.53516</y><y>0.55957</y></points><label>3</label><labelname>window</labelname><flag>1</flag></object><object><points><x>0.35302</x><x>0.40814</x><y>0.59375</y><y>0.61719</y></points><label>3</label><labelname>window</labelname><flag>1</flag></object><object><points><x>0.45538</x><x>0.51706</x><y>0.17773</y><y>0.20117</y></points><label>3</label><labelname>window</labelname><flag>1</flag></object><object><points><x>0.45669</x><x>0.51837</x><y>0.24121</y><y>0.26465</y></points><label>3</label><labelname>window</labelname><flag>1</flag></object><object><points><x>0.45669</x><x>0.51837</x><y>0.29102</y><y>0.31445</y></points><label>3</label><labelname>window</labelname><flag>1</flag></object><object><points><x>0.45669</x><x>0.51837</x><y>0.3418</y><y>0.36523</y></points><label>3</label><labelname>window</labelname><flag>1</flag></object><object><points><x>0.45801</x><x>0.51837</x><y>0.39062</y><y>0.41406</y></points><label>3</label><labelname>window</labelname><flag>1</flag></object><object><points><x>0.45801</x><x>0.51969</x><y>0.43945</y><y>0.46289</y></points><label>3</label><labelname>window</labelname><flag>1</flag></object><object><points><x>0.45801</x><x>0.51837</x><y>0.48828</y><y>0.51172</y></points><label>3</label><labelname>window</labelname><flag>1</flag></object><object><points><x>0.45801</x><x>0.51969</x><y>0.53516</y><y>0.55859</y></points><label>3</label><labelname>window</labelname><flag>1</flag></object><object><points><x>0.45932</x><x>0.521</x><y>0.59375</y><y>0.61719</y></points><label>3</label><labelname>window</labelname><flag>1</flag></object><object><points><x>0.35302</x><x>0.41339</x><y>0.66016</y><y>0.68164</y></points><label>3</label><labelname>window</labelname><flag>1</flag></object><object><points><x>0.35302</x><x>0.41207</x><y>0.71094</y><y>0.73242</y></points><label>3</label><labelname>window</labelname><flag>1</flag></object><object><points><x>0.35302</x><x>0.41339</x><y>0.76074</y><y>0.7832</y></points><label>3</label><labelname>window</labelname><flag>1</flag></object><object><points><x>0.35302</x><x>0.41339</x><y>0.81152</y><y>0.83301</y></points><label>3</label><labelname>window</labelname><flag>1</flag></object><object><points><x>0.46325</x><x>0.521</x><y>0.66211</y><y>0.68262</y></points><label>3</label><labelname>window</labelname><flag>1</flag></object><object><points><x>0.46457</x><x>0.521</x><y>0.71191</y><y>0.73242</y></points><label>3</label><labelname>window</labelname><flag>1</flag></object><object><points><x>0.46457</x><x>0.521</x><y>0.7627</y><y>0.7832</y></points><label>3</label><labelname>window</labelname><flag>1</flag></object><object><points><x>0.46457</x><x>0.521</x><y>0.81152</y><y>0.83203</y></points><label>3</label><labelname>window</labelname><flag>1</flag></object><object><points><x>0.56693</x><x>0.63255</x><y>0.24219</y><y>0.26758</y></points><label>3</label><labelname>window</labelname><flag>1</flag></object><object><points><x>0.56824</x><x>0.63255</x><y>0.29199</y><y>0.31738</y></points><label>3</label><labelname>window</labelname><flag>1</flag></object><object><points><x>0.56824</x><x>0.63255</x><y>0.3418</y><y>0.36523</y></points><label>3</label><labelname>window</labelname><flag>1</flag></object><object><points><x>0.56824</x><x>0.63255</x><y>0.39062</y><y>0.41406</y></points><label>3</label><labelname>window</labelname><flag>1</flag></object><object><points><x>0.56693</x><x>0.63123</x><y>0.43945</y><y>0.46289</y></points><label>3</label><labelname>window</labelname><flag>1</flag></object><object><points><x>0.56824</x><x>0.62992</x><y>0.4873</y><y>0.51074</y></points><label>3</label><labelname>window</labelname><flag>1</flag></object><object><points><x>0.56824</x><x>0.62992</x><y>0.53613</y><y>0.55957</y></points><label>3</label><labelname>window</labelname><flag>1</flag></object><object><points><x>0.41339</x><x>0.45407</x><y>0.097656</y><y>0.11621</y></points><label>3</label><labelname>window</labelname><flag>1</flag></object><object><points><x>0.49475</x><x>0.53675</x><y>0.098633</y><y>0.11621</y></points><label>3</label><labelname>window</labelname><flag>1</flag></object><object><points><x>0.35958</x><x>0.38976</x><y>0.87305</y><y>0.9043</y></points><label>3</label><labelname>window</labelname><flag>1</flag></object><object><points><x>0.36089</x><x>0.38976</x><y>0.9375</y><y>0.96875</y></points><label>3</label><labelname>window</labelname><flag>1</flag></object><object><points><x>0.42388</x><x>0.48688</x><y>0.875</y><y>0.91016</y></points><label>3</label><labelname>window</labelname><flag>1</flag></object><object><points><x>0.42388</x><x>0.48688</x><y>0.94043</y><y>0.97656</y></points><label>3</label><labelname>window</labelname><flag>1</flag></object><object><points><x>0.51312</x><x>0.57612</x><y>0.875</y><y>0.91113</y></points><label>3</label><labelname>window</labelname><flag>1</flag></object><object><points><x>0.51312</x><x>0.57612</x><y>0.94043</y><y>0.97656</y></points><label>3</label><labelname>window</labelname><flag>1</flag></object><object><points><x>0.56693</x><x>0.66535</x><y>0.16797</y><y>0.2168</y></points><label>4</label><labelname>door</labelname><flag>1</flag></object><object><points><x>0.56824</x><x>0.66535</x><y>0.58301</y><y>0.62988</y></points><label>4</label><labelname>door</labelname><flag>1</flag></object><object><points><x>0.5748</x><x>0.66142</x><y>0.66016</y><y>0.68652</y></points><label>4</label><labelname>door</labelname><flag>1</flag></object><object><points><x>0.60367</x><x>0.68635</x><y>0.86816</y><y>0.91895</y></points><label>4</label><labelname>door</labelname><flag>1</flag></object><object><points><x>0.32415</x><x>0.34908</x><y>0.16602</y><y>0.20801</y></points><label>5</label><labelname>cornice</labelname><flag>1</flag></object><object><points><x>0.32677</x><x>0.35171</x><y>0.22949</y><y>0.27246</y></points><label>5</label><labelname>cornice</labelname><flag>1</flag></object><object><points><x>0.32677</x><x>0.35302</x><y>0.2793</y><y>0.32227</y></points><label>5</label><labelname>cornice</labelname><flag>1</flag></object><object><points><x>0.32808</x><x>0.35302</x><y>0.33105</y><y>0.37402</y></points><label>5</label><labelname>cornice</labelname><flag>1</flag></object><object><points><x>0.32808</x><x>0.35302</x><y>0.37988</y><y>0.42285</y></points><label>5</label><labelname>cornice</labelname><flag>1</flag></object><object><points><x>0.32808</x><x>0.35302</x><y>0.42773</y><y>0.4707</y></points><label>5</label><labelname>cornice</labelname><flag>1</flag></object><object><points><x>0.32808</x><x>0.35302</x><y>0.47754</y><y>0.51953</y></points><label>5</label><labelname>cornice</labelname><flag>1</flag></object><object><points><x>0.32808</x><x>0.35433</x><y>0.52637</y><y>0.56934</y></points><label>5</label><labelname>cornice</labelname><flag>1</flag></object><object><points><x>0.3294</x><x>0.35564</x><y>0.58398</y><y>0.62695</y></points><label>5</label><labelname>cornice</labelname><flag>1</flag></object><object><points><x>0.33202</x><x>0.35171</x><y>0.64941</y><y>0.69629</y></points><label>5</label><labelname>cornice</labelname><flag>1</flag></object><object><points><x>0.33202</x><x>0.35171</x><y>0.69824</y><y>0.74414</y></points><label>5</label><labelname>cornice</labelname><flag>1</flag></object><object><points><x>0.33202</x><x>0.35171</x><y>0.74902</y><y>0.79492</y></points><label>5</label><labelname>cornice</labelname><flag>1</flag></object><object><points><x>0.33202</x><x>0.35302</x><y>0.80078</y><y>0.84668</y></points><label>5</label><labelname>cornice</labelname><flag>1</flag></object><object><points><x>0.4147</x><x>0.45144</x><y>0.1582</y><y>0.21973</y></points><label>5</label><labelname>cornice</labelname><flag>1</flag></object><object><points><x>0.41864</x><x>0.47507</x><y>0.22852</y><y>0.27441</y></points><label>5</label><labelname>cornice</labelname><flag>1</flag></object><object><points><x>0.41864</x><x>0.47507</x><y>0.2793</y><y>0.32617</y></points><label>5</label><labelname>cornice</labelname><flag>1</flag></object><object><points><x>0.41995</x><x>0.47638</x><y>0.3291</y><y>0.375</y></points><label>5</label><labelname>cornice</labelname><flag>1</flag></object><object><points><x>0.41995</x><x>0.47769</x><y>0.37793</y><y>0.42383</y></points><label>5</label><labelname>cornice</labelname><flag>1</flag></object><object><points><x>0.41995</x><x>0.47769</x><y>0.42773</y><y>0.47363</y></points><label>5</label><labelname>cornice</labelname><flag>1</flag></object><object><points><x>0.42257</x><x>0.479</x><y>0.47754</y><y>0.52344</y></points><label>5</label><labelname>cornice</labelname><flag>1</flag></object><object><points><x>0.42257</x><x>0.479</x><y>0.52539</y><y>0.56738</y></points><label>5</label><labelname>cornice</labelname><flag>1</flag></object><object><points><x>0.41995</x><x>0.45538</x><y>0.5752</y><y>0.63379</y></points><label>5</label><labelname>cornice</labelname><flag>1</flag></object><object><points><x>0.43045</x><x>0.46325</x><y>0.65039</y><y>0.69531</y></points><label>5</label><labelname>cornice</labelname><flag>1</flag></object><object><points><x>0.43045</x><x>0.46457</x><y>0.7002</y><y>0.74609</y></points><label>5</label><labelname>cornice</labelname><flag>1</flag></object><object><points><x>0.43045</x><x>0.46457</x><y>0.75098</y><y>0.7959</y></points><label>5</label><labelname>cornice</labelname><flag>1</flag></object><object><points><x>0.43045</x><x>0.46457</x><y>0.80078</y><y>0.8457</y></points><label>5</label><labelname>cornice</labelname><flag>1</flag></object><object><points><x>0.51837</x><x>0.54068</x><y>0.65137</y><y>0.69238</y></points><label>6</label><labelname>sill</labelname><flag>1</flag></object><object><points><x>0.51837</x><x>0.54068</x><y>0.7002</y><y>0.74219</y></points><label>6</label><labelname>sill</labelname><flag>1</flag></object><object><points><x>0.51837</x><x>0.54068</x><y>0.75195</y><y>0.79395</y></points><label>6</label><labelname>sill</labelname><flag>1</flag></object><object><points><x>0.51837</x><x>0.53937</x><y>0.80273</y><y>0.84473</y></points><label>6</label><labelname>sill</labelname><flag>1</flag></object><object><points><x>0.51837</x><x>0.53937</x><y>0.23145</y><y>0.27246</y></points><label>6</label><labelname>sill</labelname><flag>1</flag></object><object><points><x>0.51706</x><x>0.53937</x><y>0.28125</y><y>0.32324</y></points><label>6</label><labelname>sill</labelname><flag>1</flag></object><object><points><x>0.51837</x><x>0.53937</x><y>0.33203</y><y>0.37305</y></points><label>6</label><labelname>sill</labelname><flag>1</flag></object><object><points><x>0.51706</x><x>0.53937</x><y>0.37988</y><y>0.42188</y></points><label>6</label><labelname>sill</labelname><flag>1</flag></object><object><points><x>0.51837</x><x>0.53937</x><y>0.43066</y><y>0.47266</y></points><label>6</label><labelname>sill</labelname><flag>1</flag></object><object><points><x>0.51837</x><x>0.54068</x><y>0.47949</y><y>0.52051</y></points><label>6</label><labelname>sill</labelname><flag>1</flag></object><object><points><x>0.51837</x><x>0.54068</x><y>0.52539</y><y>0.56641</y></points><label>6</label><labelname>sill</labelname><flag>1</flag></object><object><points><x>0.51575</x><x>0.54199</x><y>0.16113</y><y>0.21582</y></points><label>7</label><labelname>balcony</labelname><flag>1</flag></object><object><points><x>0.51837</x><x>0.54462</x><y>0.5791</y><y>0.63379</y></points><label>7</label><labelname>balcony</labelname><flag>1</flag></object><object><points><x>0.40945</x><x>0.42388</x><y>0.65039</y><y>0.69434</y></points><label>6</label><labelname>sill</labelname><flag>1</flag></object><object><points><x>0.40945</x><x>0.42388</x><y>0.7002</y><y>0.74414</y></points><label>6</label><labelname>sill</labelname><flag>1</flag></object><object><points><x>0.40945</x><x>0.42388</x><y>0.75098</y><y>0.79492</y></points><label>6</label><labelname>sill</labelname><flag>1</flag></object><object><points><x>0.41076</x><x>0.42388</x><y>0.80176</y><y>0.8457</y></points><label>6</label><labelname>sill</labelname><flag>1</flag></object><object><points><x>0.2336</x><x>0.2664</x><y>0.21973</y><y>0.30078</y></points><label>7</label><labelname>balcony</labelname><flag>1</flag></object><object><points><x>0.23622</x><x>0.27034</x><y>0.49902</y><y>0.58008</y></points><label>7</label><labelname>balcony</labelname><flag>1</flag></object><object><points><x>0.29396</x><x>0.30971</x><y>0.15039</y><y>0.17773</y></points><label>9</label><labelname>deco</labelname><flag>1</flag></object><object><points><x>0.29396</x><x>0.31102</x><y>0.2002</y><y>0.22754</y></points><label>9</label><labelname>deco</labelname><flag>1</flag></object><object><points><x>0.29528</x><x>0.31234</x><y>0.26367</y><y>0.29199</y></points><label>9</label><labelname>deco</labelname><flag>1</flag></object><object><points><x>0.29528</x><x>0.31234</x><y>0.31348</y><y>0.34082</y></points><label>9</label><labelname>deco</labelname><flag>1</flag></object><object><points><x>0.29528</x><x>0.31234</x><y>0.36328</y><y>0.39062</y></points><label>9</label><labelname>deco</labelname><flag>1</flag></object><object><points><x>0.29659</x><x>0.31365</x><y>0.41211</y><y>0.43945</y></points><label>9</label><labelname>deco</labelname><flag>1</flag></object><object><points><x>0.29659</x><x>0.31365</x><y>0.45996</y><y>0.4873</y></points><label>9</label><labelname>deco</labelname><flag>1</flag></object><object><points><x>0.29659</x><x>0.31365</x><y>0.50879</y><y>0.53613</y></points><label>9</label><labelname>deco</labelname><flag>1</flag></object><object><points><x>0.29659</x><x>0.31365</x><y>0.56738</y><y>0.59473</y></points><label>9</label><labelname>deco</labelname><flag>1</flag></object><object><points><x>0.29528</x><x>0.31234</x><y>0.61426</y><y>0.6416</y></points><label>9</label><labelname>deco</labelname><flag>1</flag></object><object><points><x>0.30709</x><x>0.3189</x><y>0.68457</y><y>0.70703</y></points><label>9</label><labelname>deco</labelname><flag>1</flag></object><object><points><x>0.30709</x><x>0.32021</x><y>0.73438</y><y>0.75781</y></points><label>9</label><labelname>deco</labelname><flag>1</flag></object><object><points><x>0.3084</x><x>0.32021</x><y>0.78613</y><y>0.80762</y></points><label>9</label><labelname>deco</labelname><flag>1</flag></object><object><points><x>0.3084</x><x>0.32021</x><y>0.83691</y><y>0.84375</y></points><label>9</label><labelname>deco</labelname><flag>1</flag></object><object><points><x>0.30577</x><x>0.31759</x><y>0.65137</y><y>0.6582</y></points><label>9</label><labelname>deco</labelname><flag>1</flag></object><object><points><x>0.19685</x><x>0.22835</x><y>0.39062</y><y>0.41309</y></points><label>9</label><labelname>deco</labelname><flag>1</flag></object><object><points><x>0.45144</x><x>0.45932</x><y>0.09082</y><y>0.12109</y></points><label>6</label><labelname>sill</labelname><flag>1</flag></object><object><points><x>0.53412</x><x>0.54331</x><y>0.091797</y><y>0.125</y></points><label>6</label><labelname>sill</labelname><flag>1</flag></object><object><points><x>0.54987</x><x>0.56562</x><y>0.18457</y><y>0.19922</y></points><label>9</label><labelname>deco</labelname><flag>1</flag></object><object><points><x>0.55118</x><x>0.56693</x><y>0.59961</y><y>0.61133</y></points><label>9</label><labelname>deco</labelname><flag>1</flag></object><object><points><x>0.30971</x><x>0.33071</x><y>0.14844</y><y>0.64453</y></points><label>10</label><labelname>molding</labelname><flag>1</flag></object><object><points><x>0.4042</x><x>0.42257</x><y>0.14844</y><y>0.64551</y></points><label>10</label><labelname>molding</labelname><flag>1</flag></object><object><points><x>0.51575</x><x>0.55512</x><y>0.14941</y><y>0.64453</y></points><label>10</label><labelname>molding</labelname><flag>1</flag></object><object><points><x>0.28215</x><x>0.3294</x><y>0.65039</y><y>0.84863</y></points><label>10</label><labelname>molding</labelname><flag>1</flag></object><object><points><x>0.40814</x><x>0.42651</x><y>0.64941</y><y>0.84766</y></points><label>10</label><labelname>molding</labelname><flag>1</flag></object><object><points><x>0.51837</x><x>0.55118</x><y>0.65039</y><y>0.84766</y></points><label>10</label><labelname>molding</labelname><flag>1</flag></object><object><points><x>0.55774</x><x>0.56824</x><y>0.65039</y><y>0.84863</y></points><label>10</label><labelname>molding</labelname><flag>1</flag></object><object><points><x>0.35958</x><x>0.4042</x><y>0.68359</y><y>0.68945</y></points><label>11</label><labelname>pillar</labelname><flag>1</flag></object><object><points><x>0.35958</x><x>0.4042</x><y>0.6543</y><y>0.66016</y></points><label>11</label><labelname>pillar</labelname><flag>1</flag></object><object><points><x>0.35958</x><x>0.40551</x><y>0.7041</y><y>0.70996</y></points><label>11</label><labelname>pillar</labelname><flag>1</flag></object><object><points><x>0.35958</x><x>0.40551</x><y>0.7334</y><y>0.73926</y></points><label>11</label><labelname>pillar</labelname><flag>1</flag></object><object><points><x>0.35958</x><x>0.40551</x><y>0.75488</y><y>0.76074</y></points><label>11</label><labelname>pillar</labelname><flag>1</flag></object><object><points><x>0.35958</x><x>0.40551</x><y>0.78418</y><y>0.79004</y></points><label>11</label><labelname>pillar</labelname><flag>1</flag></object><object><points><x>0.35958</x><x>0.40551</x><y>0.80469</y><y>0.81152</y></points><label>11</label><labelname>pillar</labelname><flag>1</flag></object><object><points><x>0.35958</x><x>0.40551</x><y>0.83398</y><y>0.83984</y></points><label>11</label><labelname>pillar</labelname><flag>1</flag></object><object><points><x>0.46982</x><x>0.51444</x><y>0.65527</y><y>0.66113</y></points><label>11</label><labelname>pillar</labelname><flag>1</flag></object><object><points><x>0.46982</x><x>0.51444</x><y>0.68359</y><y>0.68945</y></points><label>11</label><labelname>pillar</labelname><flag>1</flag></object><object><points><x>0.46982</x><x>0.51444</x><y>0.70508</y><y>0.71094</y></points><label>11</label><labelname>pillar</labelname><flag>1</flag></object><object><points><x>0.47113</x><x>0.51444</x><y>0.73438</y><y>0.74023</y></points><label>11</label><labelname>pillar</labelname><flag>1</flag></object><object><points><x>0.46982</x><x>0.51444</x><y>0.75488</y><y>0.76074</y></points><label>11</label><labelname>pillar</labelname><flag>1</flag></object><object><points><x>0.47113</x><x>0.51444</x><y>0.78418</y><y>0.79004</y></points><label>11</label><labelname>pillar</labelname><flag>1</flag></object><object><points><x>0.47113</x><x>0.51444</x><y>0.80469</y><y>0.81152</y></points><label>11</label><labelname>pillar</labelname><flag>1</flag></object><object><points><x>0.47113</x><x>0.51575</x><y>0.83398</y><y>0.83984</y></points><label>11</label><labelname>pillar</labelname><flag>1</flag></object><object><points><x>0.45669</x><x>0.50787</x><y>0.62109</y><y>0.62695</y></points><label>11</label><labelname>pillar</labelname><flag>1</flag></object><object><points><x>0.45538</x><x>0.50656</x><y>0.58398</y><y>0.58984</y></points><label>11</label><labelname>pillar</labelname><flag>1</flag></object><object><points><x>0.45144</x><x>0.50394</x><y>0.20605</y><y>0.21191</y></points><label>11</label><labelname>pillar</labelname><flag>1</flag></object><object><points><x>0.45276</x><x>0.50525</x><y>0.16699</y><y>0.17285</y></points><label>11</label><labelname>pillar</labelname><flag>1</flag></object><object><points><x>0.33333</x><x>0.38714</x><y>0.14844</y><y>0.15625</y></points><label>11</label><labelname>pillar</labelname><flag>1</flag></object><object><points><x>0.33333</x><x>0.38714</x><y>0.22168</y><y>0.23047</y></points><label>11</label><labelname>pillar</labelname><flag>1</flag></object><object><points><x>0.33727</x><x>0.38845</x><y>0.56836</y><y>0.57617</y></points><label>11</label><labelname>pillar</labelname><flag>1</flag></object><object><points><x>0.33727</x><x>0.38845</x><y>0.63379</y><y>0.6416</y></points><label>11</label><labelname>pillar</labelname><flag>1</flag></object><object><points><x>0.38714</x><x>0.40551</x><y>0.14746</y><y>0.15723</y></points><label>11</label><labelname>pillar</labelname><flag>1</flag></object><object><points><x>0.38714</x><x>0.40682</x><y>0.22168</y><y>0.23145</y></points><label>11</label><labelname>pillar</labelname><flag>1</flag></object><object><points><x>0.38845</x><x>0.40814</x><y>0.56738</y><y>0.57812</y></points><label>11</label><labelname>pillar</labelname><flag>1</flag></object><object><points><x>0.38845</x><x>0.40814</x><y>0.63281</y><y>0.64258</y></points><label>11</label><labelname>pillar</labelname><flag>1</flag></object><object><points><x>0.50787</x><x>0.51969</x><y>0.62012</y><y>0.62695</y></points><label>11</label><labelname>pillar</labelname><flag>1</flag></object><object><points><x>0.50656</x><x>0.51837</x><y>0.58398</y><y>0.59082</y></points><label>11</label><labelname>pillar</labelname><flag>1</flag></object><object><points><x>0.50394</x><x>0.51575</x><y>0.20508</y><y>0.21191</y></points><label>11</label><labelname>pillar</labelname><flag>1</flag></object><object><points><x>0.50525</x><x>0.51706</x><y>0.16602</y><y>0.17383</y></points><label>11</label><labelname>pillar</labelname><flag>1</flag></object><object><points><x>0.4042</x><x>0.40945</x><y>0.65332</y><y>0.66113</y></points><label>11</label><labelname>pillar</labelname><flag>1</flag></object><object><points><x>0.4042</x><x>0.40945</x><y>0.68262</y><y>0.69043</y></points><label>11</label><labelname>pillar</labelname><flag>1</flag></object><object><points><x>0.40551</x><x>0.41076</x><y>0.70312</y><y>0.71094</y></points><label>11</label><labelname>pillar</labelname><flag>1</flag></object><object><points><x>0.40551</x><x>0.41076</x><y>0.73242</y><y>0.74121</y></points><label>11</label><labelname>pillar</labelname><flag>1</flag></object><object><points><x>0.40551</x><x>0.41076</x><y>0.75391</y><y>0.76172</y></points><label>11</label><labelname>pillar</labelname><flag>1</flag></object><object><points><x>0.40551</x><x>0.41076</x><y>0.7832</y><y>0.79199</y></points><label>11</label><labelname>pillar</labelname><flag>1</flag></object><object><points><x>0.40551</x><x>0.41076</x><y>0.80469</y><y>0.8125</y></points><label>11</label><labelname>pillar</labelname><flag>1</flag></object><object><points><x>0.40551</x><x>0.41076</x><y>0.83301</y><y>0.84082</y></points><label>11</label><labelname>pillar</labelname><flag>1</flag></object><object><points><x>0.51444</x><x>0.51969</x><y>0.65332</y><y>0.66211</y></points><label>11</label><labelname>pillar</labelname><flag>1</flag></object><object><points><x>0.51444</x><x>0.51969</x><y>0.68262</y><y>0.69141</y></points><label>11</label><labelname>pillar</labelname><flag>1</flag></object><object><points><x>0.51575</x><x>0.521</x><y>0.7041</y><y>0.71191</y></points><label>11</label><labelname>pillar</labelname><flag>1</flag></object><object><points><x>0.51444</x><x>0.51969</x><y>0.7334</y><y>0.74121</y></points><label>11</label><labelname>pillar</labelname><flag>1</flag></object><object><points><x>0.51444</x><x>0.51969</x><y>0.75391</y><y>0.76172</y></points><label>11</label><labelname>pillar</labelname><flag>1</flag></object><object><points><x>0.51444</x><x>0.521</x><y>0.7832</y><y>0.79102</y></points><label>11</label><labelname>pillar</labelname><flag>1</flag></object><object><points><x>0.51444</x><x>0.51969</x><y>0.80371</y><y>0.81152</y></points><label>11</label><labelname>pillar</labelname><flag>1</flag></object><object><points><x>0.51444</x><x>0.521</x><y>0.83301</y><y>0.84082</y></points><label>11</label><labelname>pillar</labelname><flag>1</flag></object><object><points><x>0.3189</x><x>0.33333</x><y>0.14746</y><y>0.1582</y></points><label>11</label><labelname>pillar</labelname><flag>1</flag></object><object><points><x>0.3189</x><x>0.33333</x><y>0.2207</y><y>0.23145</y></points><label>11</label><labelname>pillar</labelname><flag>1</flag></object><object><points><x>0.32283</x><x>0.33727</x><y>0.56738</y><y>0.57812</y></points><label>11</label><labelname>pillar</labelname><flag>1</flag></object><object><points><x>0.32415</x><x>0.33727</x><y>0.63184</y><y>0.64355</y></points><label>11</label><labelname>pillar</labelname><flag>1</flag></object><object><points><x>0.45144</x><x>0.45538</x><y>0.58398</y><y>0.59082</y></points><label>11</label><labelname>pillar</labelname><flag>1</flag></object><object><points><x>0.45276</x><x>0.45669</x><y>0.62012</y><y>0.62695</y></points><label>11</label><labelname>pillar</labelname><flag>1</flag></object><object><points><x>0.44882</x><x>0.45276</x><y>0.16699</y><y>0.17383</y></points><label>11</label><labelname>pillar</labelname><flag>1</flag></object><object><points><x>0.44882</x><x>0.45276</x><y>0.20508</y><y>0.21191</y></points><label>11</label><labelname>pillar</labelname><flag>1</flag></object><object><points><x>0.35171</x><x>0.35958</x><y>0.65332</y><y>0.66113</y></points><label>11</label><labelname>pillar</labelname><flag>1</flag></object><object><points><x>0.35171</x><x>0.35958</x><y>0.68262</y><y>0.69043</y></points><label>11</label><labelname>pillar</labelname><flag>1</flag></object><object><points><x>0.35302</x><x>0.35958</x><y>0.70312</y><y>0.71094</y></points><label>11</label><labelname>pillar</labelname><flag>1</flag></object><object><points><x>0.35302</x><x>0.35958</x><y>0.73242</y><y>0.74023</y></points><label>11</label><labelname>pillar</labelname><flag>1</flag></object><object><points><x>0.35302</x><x>0.35958</x><y>0.75391</y><y>0.76172</y></points><label>11</label><labelname>pillar</labelname><flag>1</flag></object><object><points><x>0.35302</x><x>0.35958</x><y>0.7832</y><y>0.79102</y></points><label>11</label><labelname>pillar</labelname><flag>1</flag></object><object><points><x>0.35302</x><x>0.35958</x><y>0.80469</y><y>0.8125</y></points><label>11</label><labelname>pillar</labelname><flag>1</flag></object><object><points><x>0.35302</x><x>0.35958</x><y>0.83301</y><y>0.84082</y></points><label>11</label><labelname>pillar</labelname><flag>1</flag></object><object><points><x>0.46325</x><x>0.46982</x><y>0.6543</y><y>0.66211</y></points><label>11</label><labelname>pillar</labelname><flag>1</flag></object><object><points><x>0.46325</x><x>0.46982</x><y>0.68262</y><y>0.69043</y></points><label>11</label><labelname>pillar</labelname><flag>1</flag></object><object><points><x>0.46325</x><x>0.46982</x><y>0.7041</y><y>0.71191</y></points><label>11</label><labelname>pillar</labelname><flag>1</flag></object><object><points><x>0.46325</x><x>0.47113</x><y>0.7334</y><y>0.74121</y></points><label>11</label><labelname>pillar</labelname><flag>1</flag></object><object><points><x>0.46325</x><x>0.47113</x><y>0.75488</y><y>0.76172</y></points><label>11</label><labelname>pillar</labelname><flag>1</flag></object><object><points><x>0.46325</x><x>0.47113</x><y>0.7832</y><y>0.79102</y></points><label>11</label><labelname>pillar</labelname><flag>1</flag></object><object><points><x>0.46325</x><x>0.47113</x><y>0.80371</y><y>0.81152</y></points><label>11</label><labelname>pillar</labelname><flag>1</flag></object><object><points><x>0.46457</x><x>0.47113</x><y>0.83301</y><y>0.84082</y></points><label>11</label><labelname>pillar</labelname><flag>1</flag></object><object><points><x>0.24147</x><x>0.25722</x><y>0.31543</y><y>0.48438</y></points><label>12</label><labelname>shop</labelname><flag>1</flag></object><object><points><x>0.60367</x><x>0.61942</x><y>0.46777</y><y>0.48242</y></points><label>12</label><labelname>shop</labelname><flag>1</flag></object><object><points><x>0.6063</x><x>0.62073</x><y>0.51758</y><y>0.53027</y></points><label>12</label><labelname>shop</labelname><flag>1</flag></object><object><points><x>0.59318</x><x>0.62861</x><y>0.56738</y><y>0.58105</y></points><label>12</label><labelname>shop</labelname><flag>1</flag></object><object><points><x>0.56955</x><x>0.58924</x><y>0.57227</y><y>0.57617</y></points><label>12</label><labelname>shop</labelname><flag>1</flag></object><object><points><x>0.5748</x><x>0.65486</x><y>0.70898</y><y>0.73535</y></points><label>12</label><labelname>shop</labelname><flag>1</flag></object><object><points><x>0.57612</x><x>0.65617</x><y>0.75977</y><y>0.78613</y></points><label>12</label><labelname>shop</labelname><flag>1</flag></object><object><points><x>0.57612</x><x>0.65617</x><y>0.80957</y><y>0.83594</y></points><label>12</label><labelname>shop</labelname><flag>1</flag></object><object><points><x>0.58661</x><x>0.66535</x><y>0.10156</y><y>0.13281</y></points><label>12</label><labelname>shop</labelname><flag>1</flag></object><object><points><x>0.56299</x><x>0.57612</x><y>0.085938</y><y>0.12793</y></points><label>12</label><labelname>shop</labelname><flag>1</flag></object><object><points><x>0.54068</x><x>0.56168</x><y>0.086914</y><y>0.094727</y></points><label>12</label><labelname>shop</labelname><flag>1</flag></object><object><points><x>0.60499</x><x>0.67848</x><y>0.9209</y><y>0.97363</y></points><label>12</label><labelname>shop</labelname><flag>1</flag></object>