<object><points><x>0.026462</x><x>0.99721</x><y>0.39844</y><y>0.95996</y></points><label>2</label><labelname>facade</labelname><flag>1</flag></object><object><points><x>0.19638</x><x>0.99721</x><y>0.0019531</y><y>0.39648</y></points><label>2</label><labelname>facade</labelname><flag>1</flag></object><object><points><x>0.2493</x><x>0.33705</x><y>0.48242</y><y>0.52441</y></points><label>3</label><labelname>window</labelname><flag>1</flag></object><object><points><x>0.24791</x><x>0.33565</x><y>0.5957</y><y>0.6377</y></points><label>3</label><labelname>window</labelname><flag>1</flag></object><object><points><x>0.24234</x><x>0.33287</x><y>0.8418</y><y>0.88281</y></points><label>3</label><labelname>window</labelname><flag>1</flag></object><object><points><x>0.24095</x><x>0.33287</x><y>0.72949</y><y>0.77051</y></points><label>3</label><labelname>window</labelname><flag>1</flag></object><object><points><x>0.2493</x><x>0.33983</x><y>0.66309</y><y>0.70117</y></points><label>3</label><labelname>window</labelname><flag>1</flag></object><object><points><x>0.42201</x><x>0.51114</x><y>0.48438</y><y>0.52539</y></points><label>3</label><labelname>window</labelname><flag>1</flag></object><object><points><x>0.42201</x><x>0.50975</x><y>0.59668</y><y>0.63867</y></points><label>3</label><labelname>window</labelname><flag>1</flag></object><object><points><x>0.41922</x><x>0.50975</x><y>0.66504</y><y>0.70703</y></points><label>3</label><labelname>window</labelname><flag>1</flag></object><object><points><x>0.41643</x><x>0.50696</x><y>0.84277</y><y>0.88574</y></points><label>3</label><labelname>window</labelname><flag>1</flag></object><object><points><x>0.41922</x><x>0.50975</x><y>0.73242</y><y>0.77344</y></points><label>3</label><labelname>window</labelname><flag>1</flag></object><object><points><x>0.55989</x><x>0.67131</x><y>0.7334</y><y>0.77246</y></points><label>3</label><labelname>window</labelname><flag>1</flag></object><object><points><x>0.56128</x><x>0.67409</x><y>0.66406</y><y>0.70605</y></points><label>3</label><labelname>window</labelname><flag>1</flag></object><object><points><x>0.56267</x><x>0.67549</x><y>0.59668</y><y>0.6377</y></points><label>3</label><labelname>window</labelname><flag>1</flag></object><object><points><x>0.55989</x><x>0.68384</x><y>0.48242</y><y>0.52344</y></points><label>3</label><labelname>window</labelname><flag>1</flag></object><object><points><x>0.56128</x><x>0.68245</x><y>0.84473</y><y>0.88574</y></points><label>3</label><labelname>window</labelname><flag>1</flag></object><object><points><x>0.11978</x><x>0.20056</x><y>0.72852</y><y>0.76855</y></points><label>3</label><labelname>window</labelname><flag>1</flag></object><object><points><x>0.12117</x><x>0.20056</x><y>0.84082</y><y>0.88086</y></points><label>3</label><labelname>window</labelname><flag>1</flag></object><object><points><x>0.12256</x><x>0.20334</x><y>0.66211</y><y>0.70215</y></points><label>3</label><labelname>window</labelname><flag>1</flag></object><object><points><x>0.12256</x><x>0.20334</x><y>0.5957</y><y>0.63574</y></points><label>3</label><labelname>window</labelname><flag>1</flag></object><object><points><x>0.12674</x><x>0.20613</x><y>0.48145</y><y>0.52148</y></points><label>3</label><labelname>window</labelname><flag>1</flag></object><object><points><x>0.62256</x><x>0.70474</x><y>0.32715</y><y>0.34668</y></points><label>3</label><labelname>window</labelname><flag>1</flag></object><object><points><x>0.62256</x><x>0.70334</x><y>0.30078</y><y>0.32031</y></points><label>3</label><labelname>window</labelname><flag>1</flag></object><object><points><x>0.49582</x><x>0.56267</x><y>0.32812</y><y>0.3457</y></points><label>3</label><labelname>window</labelname><flag>1</flag></object><object><points><x>0.49443</x><x>0.56267</x><y>0.30078</y><y>0.32031</y></points><label>3</label><labelname>window</labelname><flag>1</flag></object><object><points><x>0.61838</x><x>0.69638</x><y>0.041016</y><y>0.058594</y></points><label>3</label><labelname>window</labelname><flag>1</flag></object><object><points><x>0.62117</x><x>0.69777</x><y>0.06543</y><y>0.082031</y></points><label>3</label><labelname>window</labelname><flag>1</flag></object><object><points><x>0.49304</x><x>0.55989</x><y>0.067383</y><y>0.083984</y></points><label>3</label><labelname>window</labelname><flag>1</flag></object><object><points><x>0.49443</x><x>0.55989</x><y>0.044922</y><y>0.060547</y></points><label>3</label><labelname>window</labelname><flag>1</flag></object><object><points><x>0.37465</x><x>0.43315</x><y>0.16113</y><y>0.17871</y></points><label>3</label><labelname>window</labelname><flag>1</flag></object><object><points><x>0.37465</x><x>0.43593</x><y>0.18359</y><y>0.20312</y></points><label>3</label><labelname>window</labelname><flag>1</flag></object><object><points><x>0.37604</x><x>0.43454</x><y>0.20801</y><y>0.22559</y></points><label>3</label><labelname>window</labelname><flag>1</flag></object><object><points><x>0.49304</x><x>0.57103</x><y>0.16211</y><y>0.21289</y></points><label>3</label><labelname>window</labelname><flag>1</flag></object><object><points><x>0.62256</x><x>0.71727</x><y>0.16797</y><y>0.20801</y></points><label>3</label><labelname>window</labelname><flag>1</flag></object><object><points><x>0.75209</x><x>0.80084</x><y>0.072266</y><y>0.12109</y></points><label>3</label><labelname>window</labelname><flag>1</flag></object><object><points><x>0.75766</x><x>0.80362</x><y>0.16602</y><y>0.21484</y></points><label>3</label><labelname>window</labelname><flag>1</flag></object><object><points><x>0.76045</x><x>0.80641</x><y>0.26074</y><y>0.31152</y></points><label>3</label><labelname>window</labelname><flag>1</flag></object><object><points><x>0.7507</x><x>0.77855</x><y>0.45801</y><y>0.53809</y></points><label>3</label><labelname>window</labelname><flag>1</flag></object><object><points><x>0.84819</x><x>0.98189</x><y>0.05957</y><y>0.13574</y></points><label>4</label><labelname>door</labelname><flag>1</flag></object><object><points><x>0.33705</x><x>0.37744</x><y>0.12598</y><y>0.27344</y></points><label>5</label><labelname>cornice</labelname><flag>1</flag></object><object><points><x>0.54039</x><x>0.56546</x><y>0.45605</y><y>0.56055</y></points><label>5</label><labelname>cornice</labelname><flag>1</flag></object><object><points><x>0.5376</x><x>0.56128</x><y>0.82324</y><y>0.92871</y></points><label>5</label><labelname>cornice</labelname><flag>1</flag></object><object><points><x>0.38858</x><x>0.49164</x><y>0.12695</y><y>0.28613</y></points><label>7</label><labelname>balcony</labelname><flag>1</flag></object><object><points><x>0.52228</x><x>0.62813</x><y>0.11523</y><y>0.30566</y></points><label>7</label><labelname>balcony</labelname><flag>1</flag></object><object><points><x>0.67409</x><x>0.76741</x><y>0.10938</y><y>0.30664</y></points><label>7</label><labelname>balcony</labelname><flag>1</flag></object><object><points><x>0.62953</x><x>0.75627</x><y>0.4209</y><y>0.62793</y></points><label>7</label><labelname>balcony</labelname><flag>1</flag></object><object><points><x>0.62813</x><x>0.75348</x><y>0.78125</y><y>0.95605</y></points><label>7</label><labelname>balcony</labelname><flag>1</flag></object><object><points><x>0.48886</x><x>0.55989</x><y>0.021484</y><y>0.041992</y></points><label>8</label><labelname>blind</labelname><flag>1</flag></object><object><points><x>0.48886</x><x>0.5585</x><y>0.089844</y><y>0.11035</y></points><label>8</label><labelname>blind</labelname><flag>1</flag></object><object><points><x>0.49164</x><x>0.56128</x><y>0.27832</y><y>0.29883</y></points><label>8</label><labelname>blind</labelname><flag>1</flag></object><object><points><x>0.49164</x><x>0.56128</x><y>0.35352</y><y>0.37402</y></points><label>8</label><labelname>blind</labelname><flag>1</flag></object><object><points><x>0.62256</x><x>0.70474</x><y>0.35156</y><y>0.37207</y></points><label>8</label><labelname>blind</labelname><flag>1</flag></object><object><points><x>0.61978</x><x>0.70613</x><y>0.27832</y><y>0.29883</y></points><label>8</label><labelname>blind</labelname><flag>1</flag></object><object><points><x>0.6156</x><x>0.69777</x><y>0.086914</y><y>0.10742</y></points><label>8</label><labelname>blind</labelname><flag>1</flag></object><object><points><x>0.61421</x><x>0.69638</x><y>0.019531</y><y>0.040039</y></points><label>8</label><labelname>blind</labelname><flag>1</flag></object><object><points><x>0.49164</x><x>0.57242</x><y>0.13477</y><y>0.16211</y></points><label>8</label><labelname>blind</labelname><flag>1</flag></object><object><points><x>0.49164</x><x>0.57242</x><y>0.22266</y><y>0.25</y></points><label>8</label><labelname>blind</labelname><flag>1</flag></object><object><points><x>0.62396</x><x>0.71866</x><y>0.21582</y><y>0.24023</y></points><label>8</label><labelname>blind</labelname><flag>1</flag></object><object><points><x>0.61421</x><x>0.71448</x><y>0.14551</y><y>0.16797</y></points><label>8</label><labelname>blind</labelname><flag>1</flag></object><object><points><x>0.36908</x><x>0.43593</x><y>0.22949</y><y>0.25293</y></points><label>8</label><labelname>blind</labelname><flag>1</flag></object><object><points><x>0.37187</x><x>0.43872</x><y>0.13965</y><y>0.16113</y></points><label>8</label><labelname>blind</labelname><flag>1</flag></object><object><points><x>0.14206</x><x>0.20195</x><y>0.48438</y><y>0.5166</y></points><label>8</label><labelname>blind</labelname><flag>1</flag></object><object><points><x>0.14206</x><x>0.20195</x><y>0.59766</y><y>0.62988</y></points><label>8</label><labelname>blind</labelname><flag>1</flag></object><object><points><x>0.25905</x><x>0.30919</x><y>0.84277</y><y>0.87402</y></points><label>8</label><labelname>blind</labelname><flag>1</flag></object><object><points><x>0.43175</x><x>0.4624</x><y>0.84375</y><y>0.87402</y></points><label>8</label><labelname>blind</labelname><flag>1</flag></object><object><points><x>0.5766</x><x>0.62117</x><y>0.4834</y><y>0.51758</y></points><label>8</label><labelname>blind</labelname><flag>1</flag></object><object><points><x>0.57521</x><x>0.60864</x><y>0.59668</y><y>0.63184</y></points><label>8</label><labelname>blind</labelname><flag>1</flag></object><object><points><x>0.57521</x><x>0.67131</x><y>0.66602</y><y>0.69824</y></points><label>8</label><labelname>blind</labelname><flag>1</flag></object><object><points><x>0.22702</x><x>0.25627</x><y>0.6416</y><y>0.73535</y></points><label>5</label><labelname>cornice</labelname><flag>1</flag></object><object><points><x>0.30362</x><x>0.33705</x><y>0.18652</y><y>0.20605</y></points><label>3</label><labelname>window</labelname><flag>1</flag></object><object><points><x>0.33287</x><x>0.39833</x><y>0.42188</y><y>0.95508</y></points><label>10</label><labelname>molding</labelname><flag>1</flag></object><object><points><x>0.032033</x><x>0.077994</x><y>0.40625</y><y>0.95117</y></points><label>10</label><labelname>molding</labelname><flag>1</flag></object><object><points><x>0.70891</x><x>0.7507</x><y>0.0058594</y><y>0.3916</y></points><label>10</label><labelname>molding</labelname><flag>1</flag></object><object><points><x>0.69359</x><x>0.71727</x><y>0.4082</y><y>0.95312</y></points><label>10</label><labelname>molding</labelname><flag>1</flag></object><object><points><x>0.12674</x><x>0.32591</x><y>0.42969</y><y>0.44727</y></points><label>11</label><labelname>pillar</labelname><flag>1</flag></object><object><points><x>0.12256</x><x>0.32173</x><y>0.56348</y><y>0.58105</y></points><label>11</label><labelname>pillar</labelname><flag>1</flag></object><object><points><x>0.11003</x><x>0.32033</x><y>0.92188</y><y>0.94141</y></points><label>11</label><labelname>pillar</labelname><flag>1</flag></object><object><points><x>0.11699</x><x>0.32173</x><y>0.78906</y><y>0.80957</y></points><label>11</label><labelname>pillar</labelname><flag>1</flag></object><object><points><x>0.42201</x><x>0.64067</x><y>0.9248</y><y>0.9502</y></points><label>11</label><labelname>pillar</labelname><flag>1</flag></object><object><points><x>0.41922</x><x>0.65599</x><y>0.79004</y><y>0.81445</y></points><label>11</label><labelname>pillar</labelname><flag>1</flag></object><object><points><x>0.42479</x><x>0.66156</x><y>0.56445</y><y>0.58398</y></points><label>11</label><labelname>pillar</labelname><flag>1</flag></object><object><points><x>0.4234</x><x>0.66156</x><y>0.42773</y><y>0.44824</y></points><label>11</label><labelname>pillar</labelname><flag>1</flag></object><object><points><x>0.32591</x><x>0.33983</x><y>0.41992</y><y>0.45508</y></points><label>11</label><labelname>pillar</labelname><flag>1</flag></object><object><points><x>0.32312</x><x>0.33844</x><y>0.55469</y><y>0.58984</y></points><label>11</label><labelname>pillar</labelname><flag>1</flag></object><object><points><x>0.32173</x><x>0.33705</x><y>0.78125</y><y>0.81641</y></points><label>11</label><labelname>pillar</labelname><flag>1</flag></object><object><points><x>0.32033</x><x>0.33565</x><y>0.91406</y><y>0.94922</y></points><label>11</label><labelname>pillar</labelname><flag>1</flag></object><object><points><x>0.40111</x><x>0.4234</x><y>0.42285</y><y>0.4541</y></points><label>11</label><labelname>pillar</labelname><flag>1</flag></object><object><points><x>0.40111</x><x>0.42479</x><y>0.55859</y><y>0.58887</y></points><label>11</label><labelname>pillar</labelname><flag>1</flag></object><object><points><x>0.39554</x><x>0.41783</x><y>0.78711</y><y>0.81836</y></points><label>11</label><labelname>pillar</labelname><flag>1</flag></object><object><points><x>0.39554</x><x>0.42201</x><y>0.91992</y><y>0.95508</y></points><label>11</label><labelname>pillar</labelname><flag>1</flag></object><object><points><x>0.082173</x><x>0.10864</x><y>0.91309</y><y>0.94922</y></points><label>11</label><labelname>pillar</labelname><flag>1</flag></object><object><points><x>0.084958</x><x>0.11699</x><y>0.7793</y><y>0.81445</y></points><label>11</label><labelname>pillar</labelname><flag>1</flag></object><object><points><x>0.089136</x><x>0.12256</x><y>0.55371</y><y>0.58887</y></points><label>11</label><labelname>pillar</labelname><flag>1</flag></object><object><points><x>0.094708</x><x>0.12674</x><y>0.42383</y><y>0.45898</y></points><label>11</label><labelname>pillar</labelname><flag>1</flag></object><object><points><x>0.78412</x><x>0.81616</x><y>0.4209</y><y>0.45898</y></points><label>12</label><labelname>shop</labelname><flag>1</flag></object><object><points><x>0.78552</x><x>0.81755</x><y>0.55371</y><y>0.59277</y></points><label>12</label><labelname>shop</labelname><flag>1</flag></object><object><points><x>0.7883</x><x>0.81894</x><y>0.78613</y><y>0.82422</y></points><label>12</label><labelname>shop</labelname><flag>1</flag></object><object><points><x>0.78691</x><x>0.81755</x><y>0.91895</y><y>0.95801</y></points><label>12</label><labelname>shop</labelname><flag>1</flag></object><object><points><x>0.72702</x><x>0.75487</x><y>0.65527</y><y>0.72461</y></points><label>12</label><labelname>shop</labelname><flag>1</flag></object><object><points><x>0.83148</x><x>0.99164</x><y>0.40918</y><y>0.95508</y></points><label>12</label><labelname>shop</labelname><flag>1</flag></object><object><points><x>0.86908</x><x>0.94568</x><y>0.15527</y><y>0.22754</y></points><label>12</label><labelname>shop</labelname><flag>1</flag></object><object><points><x>0.87326</x><x>0.95265</x><y>0.24121</y><y>0.32227</y></points><label>12</label><labelname>shop</labelname><flag>1</flag></object><object><points><x>0.81755</x><x>0.87187</x><y>0.13672</y><y>0.38477</y></points><label>12</label><labelname>shop</labelname><flag>1</flag></object><object><points><x>0.76184</x><x>0.8273</x><y>0.59473</y><y>0.78418</y></points><label>12</label><labelname>shop</labelname><flag>1</flag></object><object><points><x>0.76323</x><x>0.81198</x><y>0.82422</y><y>0.91211</y></points><label>3</label><labelname>window</labelname><flag>1</flag></object><object><points><x>0.35933</x><x>0.39694</x><y>0.48242</y><y>0.61914</y></points><label>12</label><labelname>shop</labelname><flag>1</flag></object><object><points><x>0.35097</x><x>0.39276</x><y>0.74805</y><y>0.89551</y></points><label>12</label><labelname>shop</labelname><flag>1</flag></object>