<object><points><x>0.32622</x><x>0.44817</x><y>0.87797</y><y>0.89382</y></points><label>3</label><labelname>window</labelname><flag>1</flag></object><object><points><x>0.32622</x><x>0.44817</x><y>0.85261</y><y>0.86846</y></points><label>3</label><labelname>window</labelname><flag>1</flag></object><object><points><x>0.53049</x><x>0.65244</x><y>0.87956</y><y>0.8954</y></points><label>3</label><labelname>window</labelname><flag>1</flag></object><object><points><x>0.52744</x><x>0.64939</x><y>0.8542</y><y>0.87005</y></points><label>3</label><labelname>window</labelname><flag>1</flag></object><object><points><x>0.14329</x><x>0.23476</x><y>0.87322</y><y>0.89223</y></points><label>3</label><labelname>window</labelname><flag>1</flag></object><object><points><x>0.14329</x><x>0.23476</x><y>0.84469</y><y>0.86371</y></points><label>3</label><labelname>window</labelname><flag>1</flag></object><object><points><x>0.14329</x><x>0.23476</x><y>0.58003</y><y>0.59905</y></points><label>3</label><labelname>window</labelname><flag>1</flag></object><object><points><x>0.14024</x><x>0.23171</x><y>0.54992</y><y>0.56894</y></points><label>3</label><labelname>window</labelname><flag>1</flag></object><object><points><x>0.32317</x><x>0.44512</x><y>0.58479</y><y>0.60063</y></points><label>3</label><labelname>window</labelname><flag>1</flag></object><object><points><x>0.32317</x><x>0.44512</x><y>0.5626</y><y>0.57686</y></points><label>3</label><labelname>window</labelname><flag>1</flag></object><object><points><x>0.53049</x><x>0.65244</x><y>0.58796</y><y>0.60222</y></points><label>3</label><labelname>window</labelname><flag>1</flag></object><object><points><x>0.52744</x><x>0.64939</x><y>0.5626</y><y>0.57686</y></points><label>3</label><labelname>window</labelname><flag>1</flag></object><object><points><x>0.39024</x><x>0.5122</x><y>0.44532</y><y>0.45959</y></points><label>3</label><labelname>window</labelname><flag>1</flag></object><object><points><x>0.3872</x><x>0.5122</x><y>0.41997</y><y>0.43423</y></points><label>3</label><labelname>window</labelname><flag>1</flag></object><object><points><x>0.58841</x><x>0.71037</x><y>0.44691</y><y>0.46117</y></points><label>3</label><labelname>window</labelname><flag>1</flag></object><object><points><x>0.58841</x><x>0.71037</x><y>0.42155</y><y>0.43582</y></points><label>3</label><labelname>window</labelname><flag>1</flag></object><object><points><x>0.73476</x><x>0.8628</x><y>0.84628</y><y>0.90174</y></points><label>3</label><labelname>window</labelname><flag>1</flag></object><object><points><x>0.7378</x><x>0.86585</x><y>0.69572</y><y>0.75119</y></points><label>3</label><labelname>window</labelname><flag>1</flag></object><object><points><x>0.7378</x><x>0.8689</x><y>0.55309</y><y>0.60856</y></points><label>3</label><labelname>window</labelname><flag>1</flag></object><object><points><x>0.78963</x><x>0.92378</x><y>0.064976</y><y>0.12678</y></points><label>3</label><labelname>window</labelname><flag>1</flag></object><object><points><x>0.375</x><x>0.50305</x><y>0.052298</y><y>0.11569</y></points><label>3</label><labelname>window</labelname><flag>1</flag></object><object><points><x>0.57927</x><x>0.69512</x><y>0.058637</y><y>0.12044</y></points><label>3</label><labelname>window</labelname><flag>1</flag></object><object><points><x>0.80488</x><x>0.92683</x><y>0.27892</y><y>0.33122</y></points><label>3</label><labelname>window</labelname><flag>1</flag></object><object><points><x>0.36585</x><x>0.50305</x><y>0.28209</y><y>0.31696</y></points><label>3</label><labelname>window</labelname><flag>1</flag></object><object><points><x>0.58232</x><x>0.71341</x><y>0.30586</y><y>0.33122</y></points><label>3</label><labelname>window</labelname><flag>1</flag></object><object><points><x>0.36585</x><x>0.49695</x><y>0.21712</y><y>0.24881</y></points><label>3</label><labelname>window</labelname><flag>1</flag></object><object><points><x>0.38415</x><x>0.50915</x><y>0.17116</y><y>0.19176</y></points><label>3</label><labelname>window</labelname><flag>1</flag></object><object><points><x>0.20122</x><x>0.28963</x><y>0.41363</y><y>0.43423</y></points><label>3</label><labelname>window</labelname><flag>1</flag></object><object><points><x>0.20427</x><x>0.29573</x><y>0.44691</y><y>0.46751</y></points><label>3</label><labelname>window</labelname><flag>1</flag></object><object><points><x>0.19512</x><x>0.29573</x><y>0.37876</y><y>0.3962</y></points><label>3</label><labelname>window</labelname><flag>1</flag></object><object><points><x>0.20427</x><x>0.30183</x><y>0.29477</y><y>0.31537</y></points><label>3</label><labelname>window</labelname><flag>1</flag></object><object><points><x>0.19817</x><x>0.29878</x><y>0.26466</y><y>0.28526</y></points><label>3</label><labelname>window</labelname><flag>1</flag></object><object><points><x>0.20427</x><x>0.29573</x><y>0.16482</y><y>0.18859</y></points><label>3</label><labelname>window</labelname><flag>1</flag></object><object><points><x>0.58537</x><x>0.70122</x><y>0.24406</y><y>0.26307</y></points><label>3</label><labelname>window</labelname><flag>1</flag></object><object><points><x>0.58537</x><x>0.70122</x><y>0.21553</y><y>0.23613</y></points><label>3</label><labelname>window</labelname><flag>1</flag></object><object><points><x>0.57927</x><x>0.70122</x><y>0.19493</y><y>0.20761</y></points><label>3</label><labelname>window</labelname><flag>1</flag></object><object><points><x>0.19817</x><x>0.28963</x><y>0.0729</y><y>0.093502</y></points><label>3</label><labelname>window</labelname><flag>1</flag></object><object><points><x>0.79573</x><x>0.92378</x><y>0.17591</y><y>0.20919</y></points><label>3</label><labelname>window</labelname><flag>1</flag></object><object><points><x>0.79268</x><x>0.92988</x><y>0.3962</y><y>0.42789</y></points><label>3</label><labelname>window</labelname><flag>1</flag></object><object><points><x>0.53049</x><x>0.64939</x><y>0.68304</y><y>0.71157</y></points><label>3</label><labelname>window</labelname><flag>1</flag></object><object><points><x>0.53049</x><x>0.64939</x><y>0.71632</y><y>0.74485</y></points><label>3</label><labelname>window</labelname><flag>1</flag></object><object><points><x>0.53049</x><x>0.64939</x><y>0.74802</y><y>0.76545</y></points><label>3</label><labelname>window</labelname><flag>1</flag></object><object><points><x>0.1311</x><x>0.23476</x><y>0.66561</y><y>0.69097</y></points><label>3</label><labelname>window</labelname><flag>1</flag></object><object><points><x>0.1311</x><x>0.2378</x><y>0.70206</y><y>0.72583</y></points><label>3</label><labelname>window</labelname><flag>1</flag></object><object><points><x>0.1311</x><x>0.24085</x><y>0.73851</y><y>0.76228</y></points><label>3</label><labelname>window</labelname><flag>1</flag></object><object><points><x>0.35366</x><x>0.42683</x><y>0.7401</y><y>0.76228</y></points><label>3</label><labelname>window</labelname><flag>1</flag></object><object><points><x>0.0060976</x><x>0.99695</x><y>0.03962</y><y>0.48653</y></points><label>2</label><labelname>facade</labelname><flag>1</flag></object><object><points><x>0.067073</x><x>1</x><y>0.49128</y><y>0.96038</y></points><label>2</label><labelname>facade</labelname><flag>1</flag></object><object><points><x>0.84451</x><x>0.9939</x><y>0.44849</y><y>0.48336</y></points><label>4</label><labelname>door</labelname><flag>1</flag></object><object><points><x>0.49695</x><x>0.52134</x><y>0.045959</y><y>0.12678</y></points><label>6</label><labelname>sill</labelname><flag>1</flag></object><object><points><x>0.69817</x><x>0.7439</x><y>0.047544</y><y>0.13946</y></points><label>6</label><labelname>sill</labelname><flag>1</flag></object><object><points><x>0.91463</x><x>0.95427</x><y>0.16323</y><y>0.21712</y></points><label>6</label><labelname>sill</labelname><flag>1</flag></object><object><points><x>0.92073</x><x>0.95122</x><y>0.26783</y><y>0.33281</y></points><label>6</label><labelname>sill</labelname><flag>1</flag></object><object><points><x>0.92378</x><x>0.94817</x><y>0.38352</y><y>0.42789</y></points><label>6</label><labelname>sill</labelname><flag>1</flag></object><object><points><x>0.92073</x><x>0.94512</x><y>0.057052</y><y>0.13471</y></points><label>6</label><labelname>sill</labelname><flag>1</flag></object><object><points><x>0.70122</x><x>0.73476</x><y>0.40254</y><y>0.46751</y></points><label>6</label><labelname>sill</labelname><flag>1</flag></object><object><points><x>0.50305</x><x>0.53659</x><y>0.40412</y><y>0.47068</y></points><label>6</label><labelname>sill</labelname><flag>1</flag></object><object><points><x>0.85976</x><x>0.88415</x><y>0.83518</y><y>0.90491</y></points><label>6</label><labelname>sill</labelname><flag>1</flag></object><object><points><x>0.85976</x><x>0.88415</x><y>0.68621</y><y>0.75594</y></points><label>6</label><labelname>sill</labelname><flag>1</flag></object><object><points><x>0.85976</x><x>0.88415</x><y>0.54517</y><y>0.6149</y></points><label>6</label><labelname>sill</labelname><flag>1</flag></object><object><points><x>0.64939</x><x>0.67378</x><y>0.83677</y><y>0.9065</y></points><label>6</label><labelname>sill</labelname><flag>1</flag></object><object><points><x>0.64634</x><x>0.67073</x><y>0.54041</y><y>0.61014</y></points><label>6</label><labelname>sill</labelname><flag>1</flag></object><object><points><x>0.61585</x><x>0.77744</x><y>0.61173</y><y>0.77813</y></points><label>7</label><labelname>balcony</labelname><flag>1</flag></object><object><points><x>0.054878</x><x>0.17378</x><y>0.25674</y><y>0.32647</y></points><label>9</label><labelname>deco</labelname><flag>1</flag></object><object><points><x>0.015244</x><x>0.17988</x><y>0.21712</y><y>0.36609</y></points><label>5</label><labelname>cornice</labelname><flag>1</flag></object><object><points><x>0.49695</x><x>0.52744</x><y>0.56418</y><y>0.58954</y></points><label>9</label><labelname>deco</labelname><flag>1</flag></object><object><points><x>0.5</x><x>0.53049</x><y>0.86054</y><y>0.8859</y></points><label>9</label><labelname>deco</labelname><flag>1</flag></object><object><points><x>0.70427</x><x>0.73476</x><y>0.8542</y><y>0.87956</y></points><label>9</label><labelname>deco</labelname><flag>1</flag></object><object><points><x>0.70122</x><x>0.73171</x><y>0.56577</y><y>0.59113</y></points><label>9</label><labelname>deco</labelname><flag>1</flag></object><object><points><x>0.55488</x><x>0.58537</x><y>0.42472</y><y>0.45008</y></points><label>9</label><labelname>deco</labelname><flag>1</flag></object><object><points><x>0.2378</x><x>0.29878</x><y>0.76545</y><y>0.79081</y></points><label>9</label><labelname>deco</labelname><flag>1</flag></object><object><points><x>0.24085</x><x>0.30183</x><y>0.6355</y><y>0.66086</y></points><label>9</label><labelname>deco</labelname><flag>1</flag></object><object><points><x>0.43902</x><x>0.46341</x><y>0.49921</y><y>0.95721</y></points><label>10</label><labelname>molding</labelname><flag>1</flag></object><object><points><x>0.22866</x><x>0.30793</x><y>0.49762</y><y>0.95246</y></points><label>10</label><labelname>molding</labelname><flag>1</flag></object><object><points><x>0.28963</x><x>0.3628</x><y>0.044374</y><y>0.48336</y></points><label>10</label><labelname>molding</labelname><flag>1</flag></object><object><points><x>0.90854</x><x>0.93293</x><y>0.49921</y><y>0.95087</y></points><label>10</label><labelname>molding</labelname><flag>1</flag></object><object><points><x>0.53049</x><x>0.58537</x><y>0.87956</y><y>0.8954</y></points><label>8</label><labelname>blind</labelname><flag>1</flag></object><object><points><x>0.74085</x><x>0.79268</x><y>0.5626</y><y>0.60856</y></points><label>8</label><labelname>blind</labelname><flag>1</flag></object><object><points><x>0.79878</x><x>0.92073</x><y>0.18542</y><y>0.20761</y></points><label>8</label><labelname>blind</labelname><flag>1</flag></object><object><points><x>0.79878</x><x>0.92683</x><y>0.40095</y><y>0.42472</y></points><label>8</label><labelname>blind</labelname><flag>1</flag></object><object><points><x>0.37195</x><x>0.41768</x><y>0.28685</y><y>0.31537</y></points><label>8</label><labelname>blind</labelname><flag>1</flag></object><object><points><x>0.3689</x><x>0.39939</x><y>0.21712</y><y>0.24723</y></points><label>8</label><labelname>blind</labelname><flag>1</flag></object><object><points><x>0.3872</x><x>0.42988</x><y>0.17591</y><y>0.19017</y></points><label>8</label><labelname>blind</labelname><flag>1</flag></object><object><points><x>0.59451</x><x>0.625</x><y>0.064976</y><y>0.11727</y></points><label>8</label><labelname>blind</labelname><flag>1</flag></object>