<object><points><x>0.068359</x><x>0.15625</x><y>0.26823</y><y>0.33724</y></points><label>3</label><labelname>window</labelname><flag>1</flag></object><object><points><x>0.068359</x><x>0.15332</x><y>0.45312</y><y>0.52865</y></points><label>3</label><labelname>window</labelname><flag>1</flag></object><object><points><x>0.23535</x><x>0.32812</x><y>0.26823</y><y>0.33724</y></points><label>3</label><labelname>window</labelname><flag>1</flag></object><object><points><x>0.23535</x><x>0.32812</x><y>0.45443</y><y>0.52604</y></points><label>3</label><labelname>window</labelname><flag>1</flag></object><object><points><x>0.41211</x><x>0.50977</x><y>0.45573</y><y>0.52474</y></points><label>3</label><labelname>window</labelname><flag>1</flag></object><object><points><x>0.41113</x><x>0.54785</x><y>0.26823</y><y>0.33854</y></points><label>3</label><labelname>window</labelname><flag>1</flag></object><object><points><x>0.36523</x><x>0.41113</x><y>0.24609</y><y>0.35807</y></points><label>5</label><labelname>cornice</labelname><flag>1</flag></object><object><points><x>0.36523</x><x>0.40918</x><y>0.43229</y><y>0.54688</y></points><label>5</label><labelname>cornice</labelname><flag>1</flag></object><object><points><x>0.03125</x><x>0.12109</x><y>0.63281</y><y>0.72005</y></points><label>3</label><labelname>window</labelname><flag>1</flag></object><object><points><x>0.20508</x><x>0.30371</x><y>0.63281</y><y>0.71875</y></points><label>3</label><labelname>window</labelname><flag>1</flag></object><object><points><x>0.3916</x><x>0.49219</x><y>0.63281</y><y>0.72005</y></points><label>3</label><labelname>window</labelname><flag>1</flag></object><object><points><x>0.03418</x><x>0.13574</x><y>0.58724</y><y>0.61979</y></points><label>3</label><labelname>window</labelname><flag>1</flag></object><object><points><x>0.033203</x><x>0.13184</x><y>0.73307</y><y>0.75651</y></points><label>3</label><labelname>window</labelname><flag>1</flag></object><object><points><x>0.20898</x><x>0.3125</x><y>0.58594</y><y>0.61979</y></points><label>3</label><labelname>window</labelname><flag>1</flag></object><object><points><x>0.20801</x><x>0.31152</x><y>0.73307</y><y>0.75781</y></points><label>3</label><labelname>window</labelname><flag>1</flag></object><object><points><x>0.3916</x><x>0.49805</x><y>0.73047</y><y>0.75651</y></points><label>3</label><labelname>window</labelname><flag>1</flag></object><object><points><x>0.39258</x><x>0.5</x><y>0.58333</y><y>0.61849</y></points><label>3</label><labelname>window</labelname><flag>1</flag></object><object><points><x>0.57812</x><x>0.68262</x><y>0.58464</y><y>0.61979</y></points><label>3</label><labelname>window</labelname><flag>1</flag></object><object><points><x>0.57715</x><x>0.68262</x><y>0.73047</y><y>0.75781</y></points><label>3</label><labelname>window</labelname><flag>1</flag></object><object><points><x>0.57617</x><x>0.67969</x><y>0.63151</y><y>0.72005</y></points><label>3</label><labelname>window</labelname><flag>1</flag></object><object><points><x>0.76953</x><x>0.86914</x><y>0.63411</y><y>0.70182</y></points><label>3</label><labelname>window</labelname><flag>1</flag></object><object><points><x>0.76953</x><x>0.86914</x><y>0.45443</y><y>0.52474</y></points><label>3</label><labelname>window</labelname><flag>1</flag></object><object><points><x>0.59082</x><x>0.68848</x><y>0.45443</y><y>0.52344</y></points><label>3</label><labelname>window</labelname><flag>1</flag></object><object><points><x>0.59082</x><x>0.68848</x><y>0.26823</y><y>0.33724</y></points><label>3</label><labelname>window</labelname><flag>1</flag></object><object><points><x>0.7666</x><x>0.98633</x><y>0.2487</y><y>0.35807</y></points><label>4</label><labelname>door</labelname><flag>1</flag></object><object><points><x>0.0039062</x><x>0.98926</x><y>0.21615</y><y>0.9974</y></points><label>2</label><labelname>facade</labelname><flag>1</flag></object><object><points><x>0.92578</x><x>0.9873</x><y>0.45573</y><y>0.52344</y></points><label>3</label><labelname>window</labelname><flag>1</flag></object><object><points><x>0.92676</x><x>0.98633</x><y>0.63281</y><y>0.70443</y></points><label>3</label><labelname>window</labelname><flag>1</flag></object><object><points><x>0.13379</x><x>0.20898</x><y>0.065104</y><y>0.14453</y></points><label>3</label><labelname>window</labelname><flag>1</flag></object><object><points><x>0.29492</x><x>0.37012</x><y>0.11458</y><y>0.15495</y></points><label>3</label><labelname>window</labelname><flag>1</flag></object><object><points><x>0.46094</x><x>0.53711</x><y>0.11458</y><y>0.15625</y></points><label>3</label><labelname>window</labelname><flag>1</flag></object><object><points><x>0.62988</x><x>0.66602</x><y>0.10807</y><y>0.15885</y></points><label>3</label><labelname>window</labelname><flag>1</flag></object><object><points><x>0.67188</x><x>0.72363</x><y>0.10677</y><y>0.15885</y></points><label>3</label><labelname>window</labelname><flag>1</flag></object><object><points><x>0.0625</x><x>0.15332</x><y>0.8125</y><y>0.88932</y></points><label>3</label><labelname>window</labelname><flag>1</flag></object><object><points><x>0.2334</x><x>0.32617</x><y>0.8151</y><y>0.88672</y></points><label>3</label><labelname>window</labelname><flag>1</flag></object><object><points><x>0.40918</x><x>0.50977</x><y>0.8125</y><y>0.88411</y></points><label>3</label><labelname>window</labelname><flag>1</flag></object><object><points><x>0.58789</x><x>0.68848</x><y>0.8125</y><y>0.88281</y></points><label>3</label><labelname>window</labelname><flag>1</flag></object><object><points><x>0.76855</x><x>0.86816</x><y>0.8112</y><y>0.88281</y></points><label>3</label><labelname>window</labelname><flag>1</flag></object><object><points><x>0.9248</x><x>0.98438</x><y>0.8138</y><y>0.88411</y></points><label>3</label><labelname>window</labelname><flag>1</flag></object><object><points><x>0.3623</x><x>0.41016</x><y>0.78906</y><y>0.91406</y></points><label>5</label><labelname>cornice</labelname><flag>1</flag></object><object><points><x>0.33594</x><x>0.39648</x><y>0.57812</y><y>0.76562</y></points><label>5</label><labelname>cornice</labelname><flag>1</flag></object><object><points><x>0.0097656</x><x>0.040039</x><y>0.22656</y><y>0.375</y></points><label>5</label><labelname>cornice</labelname><flag>1</flag></object><object><points><x>0.0087891</x><x>0.039062</x><y>0.41406</y><y>0.56641</y></points><label>5</label><labelname>cornice</labelname><flag>1</flag></object><object><points><x>0.0078125</x><x>0.039062</x><y>0.77214</y><y>0.93099</y></points><label>5</label><labelname>cornice</labelname><flag>1</flag></object><object><points><x>0.15234</x><x>0.16992</x><y>0.25391</y><y>0.34766</y></points><label>6</label><labelname>sill</labelname><flag>1</flag></object><object><points><x>0.15137</x><x>0.16895</x><y>0.44271</y><y>0.53516</y></points><label>6</label><labelname>sill</labelname><flag>1</flag></object><object><points><x>0.15039</x><x>0.16797</x><y>0.80339</y><y>0.89583</y></points><label>6</label><labelname>sill</labelname><flag>1</flag></object><object><points><x>0.32227</x><x>0.34082</x><y>0.80339</y><y>0.89714</y></points><label>6</label><labelname>sill</labelname><flag>1</flag></object><object><points><x>0.32422</x><x>0.3418</x><y>0.44271</y><y>0.53516</y></points><label>6</label><labelname>sill</labelname><flag>1</flag></object><object><points><x>0.3252</x><x>0.34277</x><y>0.25521</y><y>0.34896</y></points><label>6</label><labelname>sill</labelname><flag>1</flag></object><object><points><x>0.50684</x><x>0.51953</x><y>0.44271</y><y>0.53516</y></points><label>6</label><labelname>sill</labelname><flag>1</flag></object><object><points><x>0.50781</x><x>0.52051</x><y>0.79688</y><y>0.88932</y></points><label>6</label><labelname>sill</labelname><flag>1</flag></object><object><points><x>0.68555</x><x>0.7002</x><y>0.44141</y><y>0.53906</y></points><label>6</label><labelname>sill</labelname><flag>1</flag></object><object><points><x>0.68555</x><x>0.7002</x><y>0.25391</y><y>0.35156</y></points><label>6</label><labelname>sill</labelname><flag>1</flag></object><object><points><x>0.68555</x><x>0.7002</x><y>0.79948</y><y>0.89844</y></points><label>6</label><labelname>sill</labelname><flag>1</flag></object><object><points><x>0.86621</x><x>0.87988</x><y>0.6237</y><y>0.71484</y></points><label>6</label><labelname>sill</labelname><flag>1</flag></object><object><points><x>0.86621</x><x>0.87988</x><y>0.80339</y><y>0.89453</y></points><label>6</label><labelname>sill</labelname><flag>1</flag></object><object><points><x>0.86523</x><x>0.87891</x><y>0.44271</y><y>0.53385</y></points><label>6</label><labelname>sill</labelname><flag>1</flag></object><object><points><x>0.53418</x><x>0.54785</x><y>0.10156</y><y>0.17708</y></points><label>6</label><labelname>sill</labelname><flag>1</flag></object><object><points><x>0.43652</x><x>0.45605</x><y>0.10286</y><y>0.17578</y></points><label>5</label><labelname>cornice</labelname><flag>1</flag></object><object><points><x>0.58887</x><x>0.62793</x><y>0.09375</y><y>0.1849</y></points><label>5</label><labelname>cornice</labelname><flag>1</flag></object><object><points><x>0.24121</x><x>0.26953</x><y>0.06901</y><y>0.18359</y></points><label>5</label><labelname>cornice</labelname><flag>1</flag></object><object><points><x>0.20508</x><x>0.22461</x><y>0.052083</y><y>0.16016</y></points><label>6</label><labelname>sill</labelname><flag>1</flag></object><object><points><x>0.49609</x><x>0.5752</x><y>0.24349</y><y>0.36198</y></points><label>7</label><labelname>balcony</labelname><flag>1</flag></object><object><points><x>0.72363</x><x>0.81543</x><y>0.089844</y><y>0.19661</y></points><label>7</label><labelname>balcony</labelname><flag>1</flag></object><object><points><x>0.060547</x><x>0.18164</x><y>0.24479</y><y>0.26562</y></points><label>9</label><labelname>deco</labelname><flag>1</flag></object><object><points><x>0.0625</x><x>0.18457</x><y>0.33984</y><y>0.35938</y></points><label>9</label><labelname>deco</labelname><flag>1</flag></object><object><points><x>0.061523</x><x>0.18262</x><y>0.43229</y><y>0.45182</y></points><label>9</label><labelname>deco</labelname><flag>1</flag></object><object><points><x>0.063477</x><x>0.18457</x><y>0.52604</y><y>0.54557</y></points><label>9</label><labelname>deco</labelname><flag>1</flag></object><object><points><x>0.060547</x><x>0.18262</x><y>0.88672</y><y>0.90625</y></points><label>9</label><labelname>deco</labelname><flag>1</flag></object><object><points><x>0.060547</x><x>0.18262</x><y>0.79167</y><y>0.8112</y></points><label>9</label><labelname>deco</labelname><flag>1</flag></object><object><points><x>0.53809</x><x>0.56836</x><y>0.22786</y><y>0.99349</y></points><label>10</label><labelname>molding</labelname><flag>1</flag></object><object><points><x>0.71289</x><x>0.85254</x><y>0.21745</y><y>0.40104</y></points><label>9</label><labelname>deco</labelname><flag>1</flag></object>