<object><points><x>0.58567</x><x>0.6573</x><y>0.57031</y><y>0.64355</y></points><label>5</label><labelname>cornice</labelname><flag>1</flag></object><object><points><x>0.58848</x><x>0.65871</x><y>0.48633</y><y>0.56152</y></points><label>5</label><labelname>cornice</labelname><flag>1</flag></object><object><points><x>0.5618</x><x>0.63764</x><y>0.31934</y><y>0.40527</y></points><label>5</label><labelname>cornice</labelname><flag>1</flag></object><object><points><x>0.22893</x><x>0.33287</x><y>0.35449</y><y>0.3916</y></points><label>3</label><labelname>window</labelname><flag>1</flag></object><object><points><x>0.43258</x><x>0.53371</x><y>0.35547</y><y>0.39258</y></points><label>3</label><labelname>window</labelname><flag>1</flag></object><object><points><x>0.27247</x><x>0.36938</x><y>0.51562</y><y>0.55078</y></points><label>3</label><labelname>window</labelname><flag>1</flag></object><object><points><x>0.46208</x><x>0.55618</x><y>0.51562</y><y>0.54883</y></points><label>3</label><labelname>window</labelname><flag>1</flag></object><object><points><x>0.23736</x><x>0.35534</x><y>0.42285</y><y>0.4541</y></points><label>3</label><labelname>window</labelname><flag>1</flag></object><object><points><x>0.4368</x><x>0.54775</x><y>0.42285</y><y>0.45605</y></points><label>3</label><labelname>window</labelname><flag>1</flag></object><object><points><x>0.26966</x><x>0.36938</x><y>0.59668</y><y>0.63184</y></points><label>3</label><labelname>window</labelname><flag>1</flag></object><object><points><x>0.27107</x><x>0.37079</x><y>0.67871</y><y>0.71289</y></points><label>3</label><labelname>window</labelname><flag>1</flag></object><object><points><x>0.46348</x><x>0.55899</x><y>0.59766</y><y>0.63281</y></points><label>3</label><labelname>window</labelname><flag>1</flag></object><object><points><x>0.46348</x><x>0.55758</x><y>0.76074</y><y>0.7959</y></points><label>3</label><labelname>window</labelname><flag>1</flag></object><object><points><x>0.46348</x><x>0.55758</x><y>0.67871</y><y>0.71387</y></points><label>3</label><labelname>window</labelname><flag>1</flag></object><object><points><x>0.46208</x><x>0.55618</x><y>0.8418</y><y>0.87793</y></points><label>3</label><labelname>window</labelname><flag>1</flag></object><object><points><x>0.46208</x><x>0.55618</x><y>0.92285</y><y>0.95996</y></points><label>3</label><labelname>window</labelname><flag>1</flag></object><object><points><x>0.58708</x><x>0.6573</x><y>0.90332</y><y>0.97168</y></points><label>5</label><labelname>cornice</labelname><flag>1</flag></object><object><points><x>0.58708</x><x>0.66011</x><y>0.82129</y><y>0.89062</y></points><label>5</label><labelname>cornice</labelname><flag>1</flag></object><object><points><x>0.57022</x><x>0.6573</x><y>0.65527</y><y>0.80762</y></points><label>5</label><labelname>cornice</labelname><flag>1</flag></object><object><points><x>0.66152</x><x>0.77388</x><y>0.92285</y><y>0.95801</y></points><label>3</label><labelname>window</labelname><flag>1</flag></object><object><points><x>0.85815</x><x>0.94242</x><y>0.92285</y><y>0.95801</y></points><label>3</label><labelname>window</labelname><flag>1</flag></object><object><points><x>0.85815</x><x>0.94242</x><y>0.84082</y><y>0.87695</y></points><label>3</label><labelname>window</labelname><flag>1</flag></object><object><points><x>0.66152</x><x>0.77107</x><y>0.84082</y><y>0.87695</y></points><label>3</label><labelname>window</labelname><flag>1</flag></object><object><points><x>0.66152</x><x>0.77388</x><y>0.71777</y><y>0.75391</y></points><label>3</label><labelname>window</labelname><flag>1</flag></object><object><points><x>0.66152</x><x>0.77107</x><y>0.76465</y><y>0.79102</y></points><label>3</label><labelname>window</labelname><flag>1</flag></object><object><points><x>0.66292</x><x>0.76966</x><y>0.68164</y><y>0.70801</y></points><label>3</label><labelname>window</labelname><flag>1</flag></object><object><points><x>0.66152</x><x>0.77247</x><y>0.5957</y><y>0.63184</y></points><label>3</label><labelname>window</labelname><flag>1</flag></object><object><points><x>0.66292</x><x>0.77107</x><y>0.51562</y><y>0.5498</y></points><label>3</label><labelname>window</labelname><flag>1</flag></object><object><points><x>0.85815</x><x>0.9382</x><y>0.59766</y><y>0.63281</y></points><label>3</label><labelname>window</labelname><flag>1</flag></object><object><points><x>0.85674</x><x>0.93961</x><y>0.51367</y><y>0.55078</y></points><label>3</label><labelname>window</labelname><flag>1</flag></object><object><points><x>0.85815</x><x>0.93961</x><y>0.43652</y><y>0.47266</y></points><label>3</label><labelname>window</labelname><flag>1</flag></object><object><points><x>0.85674</x><x>0.93961</x><y>0.34961</y><y>0.38477</y></points><label>3</label><labelname>window</labelname><flag>1</flag></object><object><points><x>0.64185</x><x>0.75843</x><y>0.35352</y><y>0.3916</y></points><label>3</label><labelname>window</labelname><flag>1</flag></object><object><points><x>0.64466</x><x>0.76685</x><y>0.4248</y><y>0.45605</y></points><label>3</label><labelname>window</labelname><flag>1</flag></object><object><points><x>0.0014045</x><x>0.9986</x><y>0.31152</y><y>0.99805</y></points><label>2</label><labelname>facade</labelname><flag>1</flag></object><object><points><x>0.27107</x><x>0.37079</x><y>0.76172</y><y>0.7959</y></points><label>3</label><labelname>window</labelname><flag>1</flag></object><object><points><x>0.32022</x><x>0.4059</x><y>0.23047</y><y>0.26172</y></points><label>3</label><labelname>window</labelname><flag>1</flag></object><object><points><x>0.32303</x><x>0.4073</x><y>0.06543</y><y>0.09668</y></points><label>3</label><labelname>window</labelname><flag>1</flag></object><object><points><x>0.32163</x><x>0.4059</x><y>0.14746</y><y>0.17871</y></points><label>3</label><labelname>window</labelname><flag>1</flag></object><object><points><x>0.50281</x><x>0.60393</x><y>0.22559</y><y>0.26074</y></points><label>3</label><labelname>window</labelname><flag>1</flag></object><object><points><x>0.50281</x><x>0.60253</x><y>0.14062</y><y>0.17578</y></points><label>3</label><labelname>window</labelname><flag>1</flag></object><object><points><x>0.50421</x><x>0.60393</x><y>0.056641</y><y>0.092773</y></points><label>3</label><labelname>window</labelname><flag>1</flag></object><object><points><x>0.70225</x><x>0.8118</x><y>0.22461</y><y>0.26074</y></points><label>3</label><labelname>window</labelname><flag>1</flag></object><object><points><x>0.70084</x><x>0.81039</x><y>0.14355</y><y>0.17969</y></points><label>3</label><labelname>window</labelname><flag>1</flag></object><object><points><x>0.89607</x><x>0.97753</x><y>0.22949</y><y>0.25977</y></points><label>3</label><labelname>window</labelname><flag>1</flag></object><object><points><x>0.89607</x><x>0.97612</x><y>0.14746</y><y>0.17773</y></points><label>3</label><labelname>window</labelname><flag>1</flag></object><object><points><x>0.62781</x><x>0.71208</x><y>0.18555</y><y>0.2832</y></points><label>5</label><labelname>cornice</labelname><flag>1</flag></object><object><points><x>0.62781</x><x>0.71489</x><y>0.097656</y><y>0.18359</y></points><label>5</label><labelname>cornice</labelname><flag>1</flag></object><object><points><x>0.63343</x><x>0.72051</x><y>0.0048828</y><y>0.09082</y></points><label>5</label><labelname>cornice</labelname><flag>1</flag></object><object><points><x>0.4368</x><x>0.51685</x><y>0.18066</y><y>0.27832</y></points><label>5</label><labelname>cornice</labelname><flag>1</flag></object><object><points><x>0.4368</x><x>0.51826</x><y>0.088867</y><y>0.17871</y></points><label>5</label><labelname>cornice</labelname><flag>1</flag></object><object><points><x>0.43539</x><x>0.51685</x><y>0.0048828</y><y>0.086914</y></points><label>5</label><labelname>cornice</labelname><flag>1</flag></object><object><points><x>0.59831</x><x>0.6264</x><y>0.20117</y><y>0.27344</y></points><label>6</label><labelname>sill</labelname><flag>1</flag></object><object><points><x>0.59972</x><x>0.62781</x><y>0.035156</y><y>0.10645</y></points><label>6</label><labelname>sill</labelname><flag>1</flag></object><object><points><x>0.59831</x><x>0.625</x><y>0.11719</y><y>0.18848</y></points><label>6</label><labelname>sill</labelname><flag>1</flag></object><object><points><x>0.32022</x><x>0.35674</x><y>0.35156</y><y>0.3916</y></points><label>6</label><labelname>sill</labelname><flag>1</flag></object><object><points><x>0.35815</x><x>0.39607</x><y>0.5127</y><y>0.55371</y></points><label>6</label><labelname>sill</labelname><flag>1</flag></object><object><points><x>0.33708</x><x>0.37219</x><y>0.42285</y><y>0.45508</y></points><label>6</label><labelname>sill</labelname><flag>1</flag></object><object><points><x>0.52669</x><x>0.55899</x><y>0.3418</y><y>0.39551</y></points><label>6</label><labelname>sill</labelname><flag>1</flag></object><object><points><x>0.5323</x><x>0.56882</x><y>0.41309</y><y>0.46094</y></points><label>6</label><labelname>sill</labelname><flag>1</flag></object><object><points><x>0.35955</x><x>0.39607</x><y>0.59277</y><y>0.63281</y></points><label>6</label><labelname>sill</labelname><flag>1</flag></object><object><points><x>0.35674</x><x>0.39326</x><y>0.67188</y><y>0.71289</y></points><label>6</label><labelname>sill</labelname><flag>1</flag></object><object><points><x>0.55197</x><x>0.58006</x><y>0.50586</y><y>0.55273</y></points><label>6</label><labelname>sill</labelname><flag>1</flag></object><object><points><x>0.55478</x><x>0.58146</x><y>0.5918</y><y>0.63965</y></points><label>6</label><labelname>sill</labelname><flag>1</flag></object><object><points><x>0.55337</x><x>0.58006</x><y>0.66797</y><y>0.71582</y></points><label>6</label><labelname>sill</labelname><flag>1</flag></object><object><points><x>0.55618</x><x>0.58287</x><y>0.75195</y><y>0.7998</y></points><label>6</label><labelname>sill</labelname><flag>1</flag></object><object><points><x>0.55478</x><x>0.58146</x><y>0.83301</y><y>0.87988</y></points><label>6</label><labelname>sill</labelname><flag>1</flag></object><object><points><x>0.55618</x><x>0.58287</x><y>0.91602</y><y>0.96387</y></points><label>6</label><labelname>sill</labelname><flag>1</flag></object><object><points><x>0.35955</x><x>0.39607</x><y>0.75391</y><y>0.79395</y></points><label>6</label><labelname>sill</labelname><flag>1</flag></object><object><points><x>0.10112</x><x>0.14607</x><y>0.39746</y><y>0.42676</y></points><label>3</label><labelname>window</labelname><flag>1</flag></object><object><points><x>0.10112</x><x>0.14607</x><y>0.43848</y><y>0.45996</y></points><label>3</label><labelname>window</labelname><flag>1</flag></object><object><points><x>0.10112</x><x>0.14607</x><y>0.36328</y><y>0.38477</y></points><label>3</label><labelname>window</labelname><flag>1</flag></object><object><points><x>0.9073</x><x>0.99719</x><y>0.68555</y><y>0.78516</y></points><label>4</label><labelname>door</labelname><flag>1</flag></object><object><points><x>0.58287</x><x>0.64466</x><y>0.41113</y><y>0.46777</y></points><label>5</label><labelname>cornice</labelname><flag>1</flag></object><object><points><x>0.75702</x><x>0.8118</x><y>0.34277</y><y>0.39941</y></points><label>6</label><labelname>sill</labelname><flag>1</flag></object><object><points><x>0.77107</x><x>0.82444</x><y>0.50488</y><y>0.55859</y></points><label>6</label><labelname>sill</labelname><flag>1</flag></object><object><points><x>0.76685</x><x>0.81742</x><y>0.41699</y><y>0.46484</y></points><label>6</label><labelname>sill</labelname><flag>1</flag></object><object><points><x>0.76966</x><x>0.82303</x><y>0.58691</y><y>0.64062</y></points><label>6</label><labelname>sill</labelname><flag>1</flag></object><object><points><x>0.76966</x><x>0.82303</x><y>0.83301</y><y>0.88672</y></points><label>6</label><labelname>sill</labelname><flag>1</flag></object><object><points><x>0.77107</x><x>0.82444</x><y>0.91504</y><y>0.96875</y></points><label>6</label><labelname>sill</labelname><flag>1</flag></object><object><points><x>0.93961</x><x>0.98876</x><y>0.33398</y><y>0.39453</y></points><label>6</label><labelname>sill</labelname><flag>1</flag></object><object><points><x>0.93961</x><x>0.98876</x><y>0.41992</y><y>0.48047</y></points><label>6</label><labelname>sill</labelname><flag>1</flag></object><object><points><x>0.9382</x><x>0.98736</x><y>0.5</y><y>0.56055</y></points><label>6</label><labelname>sill</labelname><flag>1</flag></object><object><points><x>0.93961</x><x>0.98876</x><y>0.5791</y><y>0.63965</y></points><label>6</label><labelname>sill</labelname><flag>1</flag></object><object><points><x>0.9382</x><x>0.98736</x><y>0.8252</y><y>0.88574</y></points><label>6</label><labelname>sill</labelname><flag>1</flag></object><object><points><x>0.94101</x><x>0.99017</x><y>0.90918</y><y>0.96875</y></points><label>6</label><labelname>sill</labelname><flag>1</flag></object><object><points><x>0.80899</x><x>0.84831</x><y>0.12988</y><y>0.18262</y></points><label>7</label><labelname>balcony</labelname><flag>1</flag></object><object><points><x>0.81039</x><x>0.84972</x><y>0.21289</y><y>0.26562</y></points><label>7</label><labelname>balcony</labelname><flag>1</flag></object><object><points><x>0.85253</x><x>0.91011</x><y>0.7168</y><y>0.75293</y></points><label>9</label><labelname>deco</labelname><flag>1</flag></object><object><points><x>0.2514</x><x>0.27809</x><y>0.21777</y><y>0.2627</y></points><label>9</label><labelname>deco</labelname><flag>1</flag></object><object><points><x>0.25</x><x>0.27669</x><y>0.13281</y><y>0.17773</y></points><label>9</label><labelname>deco</labelname><flag>1</flag></object><object><points><x>0.2514</x><x>0.27809</x><y>0.052734</y><y>0.097656</y></points><label>9</label><labelname>deco</labelname><flag>1</flag></object><object><points><x>0.71208</x><x>0.76124</x><y>0.79102</y><y>0.82715</y></points><label>9</label><labelname>deco</labelname><flag>1</flag></object><object><points><x>0.71208</x><x>0.76264</x><y>0.6416</y><y>0.67871</y></points><label>9</label><labelname>deco</labelname><flag>1</flag></object><object><points><x>0.83287</x><x>0.85534</x><y>0.85156</y><y>0.8623</y></points><label>9</label><labelname>deco</labelname><flag>1</flag></object><object><points><x>0.83287</x><x>0.85534</x><y>0.93457</y><y>0.94629</y></points><label>9</label><labelname>deco</labelname><flag>1</flag></object><object><points><x>0.83287</x><x>0.85534</x><y>0.60449</y><y>0.61621</y></points><label>9</label><labelname>deco</labelname><flag>1</flag></object><object><points><x>0.83287</x><x>0.85534</x><y>0.52344</y><y>0.53516</y></points><label>9</label><labelname>deco</labelname><flag>1</flag></object><object><points><x>0.83287</x><x>0.85534</x><y>0.44531</y><y>0.45605</y></points><label>9</label><labelname>deco</labelname><flag>1</flag></object><object><points><x>0.83287</x><x>0.85534</x><y>0.35645</y><y>0.36816</y></points><label>9</label><labelname>deco</labelname><flag>1</flag></object><object><points><x>0.13483</x><x>0.27107</x><y>0.3252</y><y>0.9873</y></points><label>10</label><labelname>molding</labelname><flag>1</flag></object><object><points><x>0.76966</x><x>0.84972</x><y>0.32129</y><y>0.99414</y></points><label>10</label><labelname>molding</labelname><flag>1</flag></object><object><points><x>0.87921</x><x>0.99579</x><y>0.79004</y><y>0.81934</y></points><label>11</label><labelname>pillar</labelname><flag>1</flag></object><object><points><x>0.88062</x><x>0.99579</x><y>0.64453</y><y>0.66309</y></points><label>11</label><labelname>pillar</labelname><flag>1</flag></object><object><points><x>0.82163</x><x>0.87921</x><y>0.6416</y><y>0.66699</y></points><label>11</label><labelname>pillar</labelname><flag>1</flag></object><object><points><x>0.81882</x><x>0.87921</x><y>0.78613</y><y>0.82227</y></points><label>11</label><labelname>pillar</labelname><flag>1</flag></object><object><points><x>0.76264</x><x>0.83287</x><y>0.61719</y><y>0.83691</y></points><label>9</label><labelname>deco</labelname><flag>1</flag></object>