<object><points><x>0.0021645</x><x>0.98268</x><y>0.092958</y><y>0.93803</y></points><label>2</label><labelname>facade</labelname><flag>1</flag></object><object><points><x>0.13203</x><x>0.19481</x><y>0.40282</y><y>0.45915</y></points><label>3</label><labelname>window</labelname><flag>1</flag></object><object><points><x>0.12987</x><x>0.19481</x><y>0.46479</y><y>0.50986</y></points><label>3</label><labelname>window</labelname><flag>1</flag></object><object><points><x>0.11472</x><x>0.18398</x><y>0.72676</y><y>0.77465</y></points><label>3</label><labelname>window</labelname><flag>1</flag></object><object><points><x>0.11688</x><x>0.18831</x><y>0.66479</y><y>0.71268</y></points><label>3</label><labelname>window</labelname><flag>1</flag></object><object><points><x>0.28139</x><x>0.36797</x><y>0.75493</y><y>0.80563</y></points><label>3</label><labelname>window</labelname><flag>1</flag></object><object><points><x>0.28139</x><x>0.36797</x><y>0.69014</y><y>0.74366</y></points><label>3</label><labelname>window</labelname><flag>1</flag></object><object><points><x>0.28571</x><x>0.37446</x><y>0.39155</y><y>0.44225</y></points><label>3</label><labelname>window</labelname><flag>1</flag></object><object><points><x>0.28571</x><x>0.37446</x><y>0.32394</y><y>0.37746</y></points><label>3</label><labelname>window</labelname><flag>1</flag></object><object><points><x>0.28571</x><x>0.37446</x><y>0.2507</y><y>0.30423</y></points><label>3</label><labelname>window</labelname><flag>1</flag></object><object><points><x>0.28571</x><x>0.37229</x><y>0.19155</y><y>0.24507</y></points><label>3</label><labelname>window</labelname><flag>1</flag></object><object><points><x>0.47186</x><x>0.56061</x><y>0.26761</y><y>0.32113</y></points><label>3</label><labelname>window</labelname><flag>1</flag></object><object><points><x>0.47186</x><x>0.56061</x><y>0.32958</y><y>0.38028</y></points><label>3</label><labelname>window</labelname><flag>1</flag></object><object><points><x>0.46537</x><x>0.55411</x><y>0.68732</y><y>0.73803</y></points><label>3</label><labelname>window</labelname><flag>1</flag></object><object><points><x>0.46537</x><x>0.55195</x><y>0.7493</y><y>0.80282</y></points><label>3</label><labelname>window</labelname><flag>1</flag></object><object><points><x>0.64286</x><x>0.74026</x><y>0.74648</y><y>0.79437</y></points><label>3</label><labelname>window</labelname><flag>1</flag></object><object><points><x>0.64286</x><x>0.74242</x><y>0.68451</y><y>0.73239</y></points><label>3</label><labelname>window</labelname><flag>1</flag></object><object><points><x>0.65368</x><x>0.74459</x><y>0.39437</y><y>0.44789</y></points><label>3</label><labelname>window</labelname><flag>1</flag></object><object><points><x>0.65152</x><x>0.74459</x><y>0.32958</y><y>0.3831</y></points><label>3</label><labelname>window</labelname><flag>1</flag></object><object><points><x>0.65368</x><x>0.74459</x><y>0.25634</y><y>0.30986</y></points><label>3</label><labelname>window</labelname><flag>1</flag></object><object><points><x>0.64935</x><x>0.74242</x><y>0.19155</y><y>0.24789</y></points><label>3</label><labelname>window</labelname><flag>1</flag></object><object><points><x>0.0064935</x><x>0.045455</x><y>0.57465</y><y>0.64225</y></points><label>3</label><labelname>window</labelname><flag>1</flag></object><object><points><x>0.55844</x><x>0.57792</x><y>0.23099</y><y>0.39718</y></points><label>6</label><labelname>sill</labelname><flag>1</flag></object><object><points><x>0.55411</x><x>0.57359</x><y>0.65634</y><y>0.82254</y></points><label>6</label><labelname>sill</labelname><flag>1</flag></object><object><points><x>0.3658</x><x>0.38528</x><y>0.65915</y><y>0.82254</y></points><label>6</label><labelname>sill</labelname><flag>1</flag></object><object><points><x>0.3658</x><x>0.39394</x><y>0.1662</y><y>0.46197</y></points><label>6</label><labelname>sill</labelname><flag>1</flag></object><object><points><x>0.7381</x><x>0.75758</x><y>0.66197</y><y>0.82254</y></points><label>6</label><labelname>sill</labelname><flag>1</flag></object><object><points><x>0.74242</x><x>0.76407</x><y>0.15493</y><y>0.46761</y></points><label>6</label><labelname>sill</labelname><flag>1</flag></object><object><points><x>0.12987</x><x>0.20346</x><y>0.33239</y><y>0.39437</y></points><label>8</label><labelname>blind</labelname><flag>1</flag></object><object><points><x>0.12554</x><x>0.19264</x><y>0.51268</y><y>0.57465</y></points><label>8</label><labelname>blind</labelname><flag>1</flag></object><object><points><x>0.11905</x><x>0.18831</x><y>0.59437</y><y>0.65352</y></points><label>8</label><labelname>blind</labelname><flag>1</flag></object><object><points><x>0.11039</x><x>0.18831</x><y>0.77465</y><y>0.8338</y></points><label>8</label><labelname>blind</labelname><flag>1</flag></object><object><points><x>0.28139</x><x>0.37229</x><y>0.44225</y><y>0.49859</y></points><label>8</label><labelname>blind</labelname><flag>1</flag></object><object><points><x>0.27922</x><x>0.37229</x><y>0.12676</y><y>0.18592</y></points><label>8</label><labelname>blind</labelname><flag>1</flag></object><object><points><x>0.27922</x><x>0.37013</x><y>0.61127</y><y>0.67324</y></points><label>8</label><labelname>blind</labelname><flag>1</flag></object><object><points><x>0.27706</x><x>0.36797</x><y>0.80845</y><y>0.87042</y></points><label>8</label><labelname>blind</labelname><flag>1</flag></object><object><points><x>0.46104</x><x>0.55411</x><y>0.80563</y><y>0.86479</y></points><label>8</label><labelname>blind</labelname><flag>1</flag></object><object><points><x>0.46537</x><x>0.55628</x><y>0.61408</y><y>0.67324</y></points><label>8</label><labelname>blind</labelname><flag>1</flag></object><object><points><x>0.4697</x><x>0.56277</x><y>0.3831</y><y>0.44507</y></points><label>8</label><labelname>blind</labelname><flag>1</flag></object><object><points><x>0.47186</x><x>0.56277</x><y>0.19437</y><y>0.25634</y></points><label>8</label><labelname>blind</labelname><flag>1</flag></object><object><points><x>0.65152</x><x>0.74242</x><y>0.11549</y><y>0.17746</y></points><label>8</label><labelname>blind</labelname><flag>1</flag></object><object><points><x>0.65368</x><x>0.74675</x><y>0.44789</y><y>0.50986</y></points><label>8</label><labelname>blind</labelname><flag>1</flag></object><object><points><x>0.64502</x><x>0.74459</x><y>0.61408</y><y>0.67042</y></points><label>8</label><labelname>blind</labelname><flag>1</flag></object><object><points><x>0.64069</x><x>0.74242</x><y>0.79718</y><y>0.8507</y></points><label>8</label><labelname>blind</labelname><flag>1</flag></object><object><points><x>0.004329</x><x>0.049784</x><y>0.61127</y><y>0.65915</y></points><label>8</label><labelname>blind</labelname><flag>1</flag></object><object><points><x>0.004329</x><x>0.049784</x><y>0.55775</y><y>0.60845</y></points><label>8</label><labelname>blind</labelname><flag>1</flag></object><object><points><x>0.23377</x><x>0.28355</x><y>0.10423</y><y>0.92394</y></points><label>10</label><labelname>molding</labelname><flag>1</flag></object><object><points><x>0.74459</x><x>0.77273</x><y>0.095775</y><y>0.92394</y></points><label>10</label><labelname>molding</labelname><flag>1</flag></object><object><points><x>0.78571</x><x>0.829</x><y>0.10423</y><y>0.89577</y></points><label>12</label><labelname>shop</labelname><flag>1</flag></object><object><points><x>0.83117</x><x>0.94156</x><y>0.56338</y><y>0.84789</y></points><label>12</label><labelname>shop</labelname><flag>1</flag></object><object><points><x>0.83766</x><x>0.95455</x><y>0.39437</y><y>0.47324</y></points><label>12</label><labelname>shop</labelname><flag>1</flag></object><object><points><x>0.829</x><x>0.94589</x><y>0.21408</y><y>0.3662</y></points><label>12</label><labelname>shop</labelname><flag>1</flag></object><object><points><x>0.85065</x><x>0.9026</x><y>0.10423</y><y>0.18028</y></points><label>12</label><labelname>shop</labelname><flag>1</flag></object>