<object><points><x>0.0039062</x><x>0.99805</x><y>0.0026281</y><y>0.99869</y></points><label>2</label><labelname>facade</labelname><flag>1</flag></object><object><points><x>0.067383</x><x>0.22852</x><y>0.099869</y><y>0.23916</y></points><label>3</label><labelname>window</labelname><flag>1</flag></object><object><points><x>0.069336</x><x>0.22949</x><y>0.43364</y><y>0.57293</y></points><label>3</label><labelname>window</labelname><flag>1</flag></object><object><points><x>0.071289</x><x>0.23242</x><y>0.77135</y><y>0.91064</y></points><label>3</label><labelname>window</labelname><flag>1</flag></object><object><points><x>0.37988</x><x>0.59082</x><y>0.099869</y><y>0.24179</y></points><label>3</label><labelname>window</labelname><flag>1</flag></object><object><points><x>0.37988</x><x>0.59473</x><y>0.4297</y><y>0.57293</y></points><label>3</label><labelname>window</labelname><flag>1</flag></object><object><points><x>0.38086</x><x>0.59668</x><y>0.76741</y><y>0.91064</y></points><label>3</label><labelname>window</labelname><flag>1</flag></object><object><points><x>0.016602</x><x>0.078125</x><y>0.039422</y><y>0.30223</y></points><label>5</label><labelname>cornice</labelname><flag>1</flag></object><object><points><x>0.013672</x><x>0.077148</x><y>0.35742</y><y>0.64389</y></points><label>5</label><labelname>cornice</labelname><flag>1</flag></object><object><points><x>0.017578</x><x>0.081055</x><y>0.69514</y><y>0.9816</y></points><label>5</label><labelname>cornice</labelname><flag>1</flag></object><object><points><x>0.34277</x><x>0.42969</x><y>0.03548</y><y>0.29961</y></points><label>5</label><labelname>cornice</labelname><flag>1</flag></object><object><points><x>0.34473</x><x>0.43066</x><y>0.38502</y><y>0.65046</y></points><label>5</label><labelname>cornice</labelname><flag>1</flag></object><object><points><x>0.34277</x><x>0.42969</x><y>0.70959</y><y>0.97372</y></points><label>5</label><labelname>cornice</labelname><flag>1</flag></object><object><points><x>0.22656</x><x>0.25977</x><y>0.057819</y><y>0.26807</y></points><label>7</label><labelname>balcony</labelname><flag>1</flag></object><object><points><x>0.22363</x><x>0.25684</x><y>0.39947</y><y>0.60972</y></points><label>7</label><labelname>balcony</labelname><flag>1</flag></object><object><points><x>0.22949</x><x>0.2627</x><y>0.73325</y><y>0.9435</y></points><label>7</label><labelname>balcony</labelname><flag>1</flag></object><object><points><x>0.52637</x><x>0.60352</x><y>0.023653</y><y>0.99212</y></points><label>7</label><labelname>balcony</labelname><flag>1</flag></object><object><points><x>0.22656</x><x>0.35352</x><y>0.013141</y><y>0.99606</y></points><label>10</label><labelname>molding</labelname><flag>1</flag></object><object><points><x>0.0068359</x><x>0.047852</x><y>0.017083</y><y>0.99474</y></points><label>10</label><labelname>molding</labelname><flag>1</flag></object><object><points><x>0.66406</x><x>0.70215</x><y>0.0065703</y><y>0.98817</y></points><label>10</label><labelname>molding</labelname><flag>1</flag></object><object><points><x>0.375</x><x>0.5332</x><y>0.3088</y><y>0.36137</y></points><label>11</label><labelname>pillar</labelname><flag>1</flag></object><object><points><x>0.375</x><x>0.5332</x><y>0.65046</y><y>0.70302</y></points><label>11</label><labelname>pillar</labelname><flag>1</flag></object><object><points><x>0.71191</x><x>0.90918</x><y>0.6544</y><y>0.70039</y></points><label>11</label><labelname>pillar</labelname><flag>1</flag></object><object><points><x>0.71094</x><x>0.9082</x><y>0.31537</y><y>0.36531</y></points><label>11</label><labelname>pillar</labelname><flag>1</flag></object><object><points><x>0.44141</x><x>0.59277</x><y>0.59658</y><y>0.62681</y></points><label>11</label><labelname>pillar</labelname><flag>1</flag></object><object><points><x>0.44043</x><x>0.5918</x><y>0.38633</y><y>0.41656</y></points><label>11</label><labelname>pillar</labelname><flag>1</flag></object><object><points><x>0.44336</x><x>0.59473</x><y>0.72536</y><y>0.7569</y></points><label>11</label><labelname>pillar</labelname><flag>1</flag></object><object><points><x>0.44336</x><x>0.59473</x><y>0.93167</y><y>0.96189</y></points><label>11</label><labelname>pillar</labelname><flag>1</flag></object><object><points><x>0.44043</x><x>0.5918</x><y>0.25756</y><y>0.28778</y></points><label>11</label><labelname>pillar</labelname><flag>1</flag></object><object><points><x>0.44043</x><x>0.5918</x><y>0.049934</y><y>0.081472</y></points><label>11</label><labelname>pillar</labelname><flag>1</flag></object><object><points><x>0.91016</x><x>0.99414</x><y>0.64389</y><y>0.70828</y></points><label>11</label><labelname>pillar</labelname><flag>1</flag></object><object><points><x>0.91016</x><x>0.99414</x><y>0.31537</y><y>0.37845</y></points><label>11</label><labelname>pillar</labelname><flag>1</flag></object><object><points><x>0.42285</x><x>0.44043</x><y>0.038108</y><y>0.088042</y></points><label>11</label><labelname>pillar</labelname><flag>1</flag></object><object><points><x>0.42383</x><x>0.44043</x><y>0.24704</y><y>0.29566</y></points><label>11</label><labelname>pillar</labelname><flag>1</flag></object><object><points><x>0.4248</x><x>0.44141</x><y>0.37582</y><y>0.42576</y></points><label>11</label><labelname>pillar</labelname><flag>1</flag></object><object><points><x>0.4248</x><x>0.44141</x><y>0.5887</y><y>0.63732</y></points><label>11</label><labelname>pillar</labelname><flag>1</flag></object><object><points><x>0.42578</x><x>0.44238</x><y>0.71616</y><y>0.7661</y></points><label>11</label><labelname>pillar</labelname><flag>1</flag></object><object><points><x>0.42578</x><x>0.44238</x><y>0.92247</y><y>0.9724</y></points><label>11</label><labelname>pillar</labelname><flag>1</flag></object><object><points><x>0.33398</x><x>0.375</x><y>0.63995</y><y>0.72011</y></points><label>11</label><labelname>pillar</labelname><flag>1</flag></object><object><points><x>0.33496</x><x>0.375</x><y>0.29566</y><y>0.37582</y></points><label>11</label><labelname>pillar</labelname><flag>1</flag></object><object><points><x>0.69238</x><x>0.71191</x><y>0.63863</y><y>0.71616</y></points><label>11</label><labelname>pillar</labelname><flag>1</flag></object><object><points><x>0.69141</x><x>0.71094</x><y>0.29829</y><y>0.38371</y></points><label>11</label><labelname>pillar</labelname><flag>1</flag></object><object><points><x>0.70312</x><x>0.97461</x><y>0.38239</y><y>0.63338</y></points><label>12</label><labelname>shop</labelname><flag>1</flag></object><object><points><x>0.69922</x><x>0.97656</x><y>0.70959</y><y>0.93561</y></points><label>12</label><labelname>shop</labelname><flag>1</flag></object><object><points><x>0.69727</x><x>0.97656</x><y>0.073587</y><y>0.30749</y></points><label>12</label><labelname>shop</labelname><flag>1</flag></object>