<object><points><x>0.050553</x><x>0.86414</x><y>0.09082</y><y>0.94531</y></points><label>2</label><labelname>facade</labelname><flag>1</flag></object><object><points><x>0.24013</x><x>0.297</x><y>0.10938</y><y>0.13281</y></points><label>3</label><labelname>window</labelname><flag>1</flag></object><object><points><x>0.24013</x><x>0.297</x><y>0.29102</y><y>0.31445</y></points><label>3</label><labelname>window</labelname><flag>1</flag></object><object><points><x>0.24013</x><x>0.297</x><y>0.37598</y><y>0.39941</y></points><label>3</label><labelname>window</labelname><flag>1</flag></object><object><points><x>0.24487</x><x>0.30174</x><y>0.64551</y><y>0.66895</y></points><label>3</label><labelname>window</labelname><flag>1</flag></object><object><points><x>0.24645</x><x>0.30332</x><y>0.72656</y><y>0.75</y></points><label>3</label><labelname>window</labelname><flag>1</flag></object><object><points><x>0.24961</x><x>0.30648</x><y>0.90039</y><y>0.92383</y></points><label>3</label><labelname>window</labelname><flag>1</flag></object><object><points><x>0.48025</x><x>0.53712</x><y>0.10742</y><y>0.13086</y></points><label>3</label><labelname>window</labelname><flag>1</flag></object><object><points><x>0.48183</x><x>0.5387</x><y>0.29102</y><y>0.31445</y></points><label>3</label><labelname>window</labelname><flag>1</flag></object><object><points><x>0.48183</x><x>0.5387</x><y>0.37598</y><y>0.39941</y></points><label>3</label><labelname>window</labelname><flag>1</flag></object><object><points><x>0.48341</x><x>0.54028</x><y>0.64648</y><y>0.66992</y></points><label>3</label><labelname>window</labelname><flag>1</flag></object><object><points><x>0.48499</x><x>0.54028</x><y>0.72949</y><y>0.75293</y></points><label>3</label><labelname>window</labelname><flag>1</flag></object><object><points><x>0.48341</x><x>0.54028</x><y>0.9043</y><y>0.92773</y></points><label>3</label><labelname>window</labelname><flag>1</flag></object><object><points><x>0.33807</x><x>0.43444</x><y>0.10449</y><y>0.13477</y></points><label>3</label><labelname>window</labelname><flag>1</flag></object><object><points><x>0.33807</x><x>0.43444</x><y>0.28711</y><y>0.31738</y></points><label>3</label><labelname>window</labelname><flag>1</flag></object><object><points><x>0.33965</x><x>0.43444</x><y>0.37207</y><y>0.40234</y></points><label>3</label><labelname>window</labelname><flag>1</flag></object><object><points><x>0.34123</x><x>0.43602</x><y>0.64258</y><y>0.67285</y></points><label>3</label><labelname>window</labelname><flag>1</flag></object><object><points><x>0.34123</x><x>0.4376</x><y>0.72559</y><y>0.75488</y></points><label>3</label><labelname>window</labelname><flag>1</flag></object><object><points><x>0.34281</x><x>0.43918</x><y>0.89941</y><y>0.92871</y></points><label>3</label><labelname>window</labelname><flag>1</flag></object><object><points><x>0.62875</x><x>0.68246</x><y>0.35547</y><y>0.36523</y></points><label>3</label><labelname>window</labelname><flag>1</flag></object><object><points><x>0.62717</x><x>0.68088</x><y>0.38477</y><y>0.39355</y></points><label>3</label><labelname>window</labelname><flag>1</flag></object><object><points><x>0.62875</x><x>0.68246</x><y>0.41406</y><y>0.42285</y></points><label>3</label><labelname>window</labelname><flag>1</flag></object><object><points><x>0.62717</x><x>0.68088</x><y>0.46289</y><y>0.47266</y></points><label>3</label><labelname>window</labelname><flag>1</flag></object><object><points><x>0.62875</x><x>0.68246</x><y>0.49121</y><y>0.50098</y></points><label>3</label><labelname>window</labelname><flag>1</flag></object><object><points><x>0.62875</x><x>0.68088</x><y>0.52051</y><y>0.53027</y></points><label>3</label><labelname>window</labelname><flag>1</flag></object><object><points><x>0.62875</x><x>0.68088</x><y>0.54883</y><y>0.55762</y></points><label>3</label><labelname>window</labelname><flag>1</flag></object><object><points><x>0.62717</x><x>0.68088</x><y>0.57812</y><y>0.58691</y></points><label>3</label><labelname>window</labelname><flag>1</flag></object><object><points><x>0.62875</x><x>0.68088</x><y>0.62598</y><y>0.63574</y></points><label>3</label><labelname>window</labelname><flag>1</flag></object><object><points><x>0.62875</x><x>0.68088</x><y>0.6543</y><y>0.66309</y></points><label>3</label><labelname>window</labelname><flag>1</flag></object><object><points><x>0.62717</x><x>0.6793</x><y>0.68262</y><y>0.69238</y></points><label>3</label><labelname>window</labelname><flag>1</flag></object><object><points><x>0.75039</x><x>0.80411</x><y>0.35645</y><y>0.36523</y></points><label>3</label><labelname>window</labelname><flag>1</flag></object><object><points><x>0.75197</x><x>0.80411</x><y>0.38477</y><y>0.39453</y></points><label>3</label><labelname>window</labelname><flag>1</flag></object><object><points><x>0.75197</x><x>0.80569</x><y>0.41309</y><y>0.42285</y></points><label>3</label><labelname>window</labelname><flag>1</flag></object><object><points><x>0.75039</x><x>0.80411</x><y>0.46387</y><y>0.47266</y></points><label>3</label><labelname>window</labelname><flag>1</flag></object><object><points><x>0.75197</x><x>0.80411</x><y>0.49219</y><y>0.50195</y></points><label>3</label><labelname>window</labelname><flag>1</flag></object><object><points><x>0.75039</x><x>0.80411</x><y>0.52148</y><y>0.53027</y></points><label>3</label><labelname>window</labelname><flag>1</flag></object><object><points><x>0.75039</x><x>0.80411</x><y>0.5498</y><y>0.55859</y></points><label>3</label><labelname>window</labelname><flag>1</flag></object><object><points><x>0.75039</x><x>0.80411</x><y>0.57812</y><y>0.58789</y></points><label>3</label><labelname>window</labelname><flag>1</flag></object><object><points><x>0.75039</x><x>0.80411</x><y>0.62695</y><y>0.63672</y></points><label>3</label><labelname>window</labelname><flag>1</flag></object><object><points><x>0.74882</x><x>0.80253</x><y>0.65527</y><y>0.66504</y></points><label>3</label><labelname>window</labelname><flag>1</flag></object><object><points><x>0.74724</x><x>0.80095</x><y>0.68262</y><y>0.69238</y></points><label>3</label><labelname>window</labelname><flag>1</flag></object><object><points><x>0.46603</x><x>0.58136</x><y>0.50488</y><y>0.54102</y></points><label>3</label><labelname>window</labelname><flag>1</flag></object><object><points><x>0.55134</x><x>0.60979</x><y>0.43652</y><y>0.61621</y></points><label>7</label><labelname>balcony</labelname><flag>1</flag></object><object><points><x>0.24171</x><x>0.28278</x><y>0.11035</y><y>0.13086</y></points><label>8</label><labelname>blind</labelname><flag>1</flag></object><object><points><x>0.24013</x><x>0.29542</x><y>0.29199</y><y>0.31348</y></points><label>8</label><labelname>blind</labelname><flag>1</flag></object><object><points><x>0.34123</x><x>0.3981</x><y>0.10645</y><y>0.13184</y></points><label>8</label><labelname>blind</labelname><flag>1</flag></object><object><points><x>0.34123</x><x>0.41706</x><y>0.28906</y><y>0.31641</y></points><label>8</label><labelname>blind</labelname><flag>1</flag></object><object><points><x>0.34123</x><x>0.37757</x><y>0.37402</y><y>0.40137</y></points><label>8</label><labelname>blind</labelname><flag>1</flag></object><object><points><x>0.24645</x><x>0.2575</x><y>0.64551</y><y>0.66699</y></points><label>8</label><labelname>blind</labelname><flag>1</flag></object><object><points><x>0.24803</x><x>0.25908</x><y>0.72852</y><y>0.74902</y></points><label>8</label><labelname>blind</labelname><flag>1</flag></object><object><points><x>0.25118</x><x>0.26382</x><y>0.90137</y><y>0.9209</y></points><label>8</label><labelname>blind</labelname><flag>1</flag></object><object><points><x>0.34755</x><x>0.37599</x><y>0.90137</y><y>0.92676</y></points><label>8</label><labelname>blind</labelname><flag>1</flag></object><object><points><x>0.34439</x><x>0.36335</x><y>0.72754</y><y>0.75293</y></points><label>8</label><labelname>blind</labelname><flag>1</flag></object><object><points><x>0.34597</x><x>0.36493</x><y>0.64355</y><y>0.6709</y></points><label>8</label><labelname>blind</labelname><flag>1</flag></object><object><points><x>0.48499</x><x>0.5387</x><y>0.64746</y><y>0.66895</y></points><label>8</label><labelname>blind</labelname><flag>1</flag></object><object><points><x>0.48499</x><x>0.5387</x><y>0.72949</y><y>0.75098</y></points><label>8</label><labelname>blind</labelname><flag>1</flag></object><object><points><x>0.48499</x><x>0.5387</x><y>0.9043</y><y>0.9248</y></points><label>8</label><labelname>blind</labelname><flag>1</flag></object><object><points><x>0.17852</x><x>0.5545</x><y>0.44434</y><y>0.47168</y></points><label>9</label><labelname>deco</labelname><flag>1</flag></object><object><points><x>0.18167</x><x>0.55608</x><y>0.5752</y><y>0.60156</y></points><label>9</label><labelname>deco</labelname><flag>1</flag></object><object><points><x>0.18009</x><x>0.45656</x><y>0.48926</y><y>0.55371</y></points><label>9</label><labelname>deco</labelname><flag>1</flag></object><object><points><x>0.68878</x><x>0.74882</x><y>0.35156</y><y>0.42871</y></points><label>9</label><labelname>deco</labelname><flag>1</flag></object><object><points><x>0.6872</x><x>0.74408</x><y>0.43164</y><y>0.62207</y></points><label>9</label><labelname>deco</labelname><flag>1</flag></object><object><points><x>0.68562</x><x>0.74566</x><y>0.62305</y><y>0.69629</y></points><label>9</label><labelname>deco</labelname><flag>1</flag></object><object><points><x>0.12638</x><x>0.16904</x><y>0.10059</y><y>0.94434</y></points><label>10</label><labelname>molding</labelname><flag>1</flag></object><object><points><x>0.58136</x><x>0.62243</x><y>0.099609</y><y>0.94336</y></points><label>10</label><labelname>molding</labelname><flag>1</flag></object><object><points><x>0.48341</x><x>0.52923</x><y>0.37695</y><y>0.39844</y></points><label>8</label><labelname>blind</labelname><flag>1</flag></object><object><points><x>0.48341</x><x>0.49605</x><y>0.29199</y><y>0.31348</y></points><label>8</label><labelname>blind</labelname><flag>1</flag></object><object><points><x>0.48025</x><x>0.49447</x><y>0.10938</y><y>0.13086</y></points><label>8</label><labelname>blind</labelname><flag>1</flag></object>