<object><points><x>0.060547</x><x>0.92383</x><y>0.1771</y><y>0.9313</y></points><label>2</label><labelname>facade</labelname><flag>1</flag></object><object><points><x>0.42773</x><x>0.4707</x><y>0.20458</y><y>0.24275</y></points><label>3</label><labelname>window</labelname><flag>1</flag></object><object><points><x>0.47559</x><x>0.52344</x><y>0.20305</y><y>0.24275</y></points><label>3</label><labelname>window</labelname><flag>1</flag></object><object><points><x>0.47461</x><x>0.52344</x><y>0.39542</y><y>0.43359</y></points><label>3</label><labelname>window</labelname><flag>1</flag></object><object><points><x>0.42773</x><x>0.4707</x><y>0.39542</y><y>0.43359</y></points><label>3</label><labelname>window</labelname><flag>1</flag></object><object><points><x>0.42871</x><x>0.47168</x><y>0.58473</y><y>0.6229</y></points><label>3</label><labelname>window</labelname><flag>1</flag></object><object><points><x>0.47656</x><x>0.52441</x><y>0.58473</y><y>0.6229</y></points><label>3</label><labelname>window</labelname><flag>1</flag></object><object><points><x>0.42773</x><x>0.4707</x><y>0.7771</y><y>0.81527</y></points><label>3</label><labelname>window</labelname><flag>1</flag></object><object><points><x>0.47461</x><x>0.52344</x><y>0.77405</y><y>0.81374</y></points><label>3</label><labelname>window</labelname><flag>1</flag></object><object><points><x>0.6123</x><x>0.66895</x><y>0.39389</y><y>0.43053</y></points><label>3</label><labelname>window</labelname><flag>1</flag></object><object><points><x>0.61035</x><x>0.66797</x><y>0.58626</y><y>0.6229</y></points><label>3</label><labelname>window</labelname><flag>1</flag></object><object><points><x>0.61133</x><x>0.66895</x><y>0.20305</y><y>0.24122</y></points><label>3</label><labelname>window</labelname><flag>1</flag></object><object><points><x>0.61035</x><x>0.66797</x><y>0.77405</y><y>0.81221</y></points><label>3</label><labelname>window</labelname><flag>1</flag></object><object><points><x>0.72363</x><x>0.78516</x><y>0.39542</y><y>0.43359</y></points><label>3</label><labelname>window</labelname><flag>1</flag></object><object><points><x>0.72363</x><x>0.78516</x><y>0.58321</y><y>0.6229</y></points><label>3</label><labelname>window</labelname><flag>1</flag></object><object><points><x>0.72266</x><x>0.78418</x><y>0.77863</y><y>0.81679</y></points><label>3</label><labelname>window</labelname><flag>1</flag></object><object><points><x>0.19531</x><x>0.22754</x><y>0.31298</y><y>0.32977</y></points><label>3</label><labelname>window</labelname><flag>1</flag></object><object><points><x>0.19531</x><x>0.22754</x><y>0.69771</y><y>0.7145</y></points><label>3</label><labelname>window</labelname><flag>1</flag></object><object><points><x>0.26855</x><x>0.30957</x><y>0.24122</y><y>0.27328</y></points><label>3</label><labelname>window</labelname><flag>1</flag></object><object><points><x>0.26855</x><x>0.30957</x><y>0.36794</y><y>0.4</y></points><label>3</label><labelname>window</labelname><flag>1</flag></object><object><points><x>0.26855</x><x>0.30957</x><y>0.62443</y><y>0.65649</y></points><label>3</label><labelname>window</labelname><flag>1</flag></object><object><points><x>0.26953</x><x>0.31055</x><y>0.75267</y><y>0.78473</y></points><label>3</label><labelname>window</labelname><flag>1</flag></object><object><points><x>0.48047</x><x>0.52539</x><y>0.25038</y><y>0.27328</y></points><label>3</label><labelname>window</labelname><flag>1</flag></object><object><points><x>0.43262</x><x>0.47656</x><y>0.25038</y><y>0.27481</y></points><label>3</label><labelname>window</labelname><flag>1</flag></object><object><points><x>0.43457</x><x>0.47461</x><y>0.17099</y><y>0.19695</y></points><label>3</label><labelname>window</labelname><flag>1</flag></object><object><points><x>0.47949</x><x>0.52246</x><y>0.17405</y><y>0.19542</y></points><label>3</label><labelname>window</labelname><flag>1</flag></object><object><points><x>0.43359</x><x>0.47656</x><y>0.36336</y><y>0.38779</y></points><label>3</label><labelname>window</labelname><flag>1</flag></object><object><points><x>0.43359</x><x>0.47656</x><y>0.44275</y><y>0.46718</y></points><label>3</label><labelname>window</labelname><flag>1</flag></object><object><points><x>0.48145</x><x>0.52441</x><y>0.36183</y><y>0.38779</y></points><label>3</label><labelname>window</labelname><flag>1</flag></object><object><points><x>0.48047</x><x>0.52344</x><y>0.44122</y><y>0.46718</y></points><label>3</label><labelname>window</labelname><flag>1</flag></object><object><points><x>0.43457</x><x>0.47754</x><y>0.55267</y><y>0.57863</y></points><label>3</label><labelname>window</labelname><flag>1</flag></object><object><points><x>0.43457</x><x>0.47754</x><y>0.63206</y><y>0.65649</y></points><label>3</label><labelname>window</labelname><flag>1</flag></object><object><points><x>0.48145</x><x>0.52441</x><y>0.55267</y><y>0.57863</y></points><label>3</label><labelname>window</labelname><flag>1</flag></object><object><points><x>0.48145</x><x>0.52441</x><y>0.63053</y><y>0.65649</y></points><label>3</label><labelname>window</labelname><flag>1</flag></object><object><points><x>0.43359</x><x>0.47656</x><y>0.74504</y><y>0.76947</y></points><label>3</label><labelname>window</labelname><flag>1</flag></object><object><points><x>0.43359</x><x>0.47656</x><y>0.8229</y><y>0.84885</y></points><label>3</label><labelname>window</labelname><flag>1</flag></object><object><points><x>0.48047</x><x>0.52344</x><y>0.82137</y><y>0.84733</y></points><label>3</label><labelname>window</labelname><flag>1</flag></object><object><points><x>0.48047</x><x>0.52344</x><y>0.74351</y><y>0.76794</y></points><label>3</label><labelname>window</labelname><flag>1</flag></object><object><points><x>0.61621</x><x>0.65918</x><y>0.43969</y><y>0.46412</y></points><label>3</label><labelname>window</labelname><flag>1</flag></object><object><points><x>0.61621</x><x>0.65918</x><y>0.36183</y><y>0.38626</y></points><label>3</label><labelname>window</labelname><flag>1</flag></object><object><points><x>0.61621</x><x>0.65918</x><y>0.25038</y><y>0.27481</y></points><label>3</label><labelname>window</labelname><flag>1</flag></object><object><points><x>0.61621</x><x>0.65918</x><y>0.55267</y><y>0.57863</y></points><label>3</label><labelname>window</labelname><flag>1</flag></object><object><points><x>0.61621</x><x>0.65918</x><y>0.62901</y><y>0.65496</y></points><label>3</label><labelname>window</labelname><flag>1</flag></object><object><points><x>0.61621</x><x>0.65918</x><y>0.74198</y><y>0.76641</y></points><label>3</label><labelname>window</labelname><flag>1</flag></object><object><points><x>0.61621</x><x>0.65918</x><y>0.82137</y><y>0.8458</y></points><label>3</label><labelname>window</labelname><flag>1</flag></object><object><points><x>0.72559</x><x>0.7832</x><y>0.44122</y><y>0.46565</y></points><label>3</label><labelname>window</labelname><flag>1</flag></object><object><points><x>0.72656</x><x>0.78418</x><y>0.36336</y><y>0.38931</y></points><label>3</label><labelname>window</labelname><flag>1</flag></object><object><points><x>0.72656</x><x>0.78418</x><y>0.5542</y><y>0.58015</y></points><label>3</label><labelname>window</labelname><flag>1</flag></object><object><points><x>0.72656</x><x>0.78418</x><y>0.63206</y><y>0.65802</y></points><label>3</label><labelname>window</labelname><flag>1</flag></object><object><points><x>0.72656</x><x>0.7832</x><y>0.74656</y><y>0.77099</y></points><label>3</label><labelname>window</labelname><flag>1</flag></object><object><points><x>0.72656</x><x>0.78418</x><y>0.82443</y><y>0.84885</y></points><label>3</label><labelname>window</labelname><flag>1</flag></object><object><points><x>0.40039</x><x>0.42285</x><y>0.20458</y><y>0.24122</y></points><label>3</label><labelname>window</labelname><flag>1</flag></object><object><points><x>0.58398</x><x>0.60645</x><y>0.20458</y><y>0.24275</y></points><label>3</label><labelname>window</labelname><flag>1</flag></object><object><points><x>0.58398</x><x>0.60645</x><y>0.39542</y><y>0.43206</y></points><label>3</label><labelname>window</labelname><flag>1</flag></object><object><points><x>0.58398</x><x>0.60645</x><y>0.58626</y><y>0.6229</y></points><label>3</label><labelname>window</labelname><flag>1</flag></object><object><points><x>0.58203</x><x>0.60449</x><y>0.77405</y><y>0.81221</y></points><label>3</label><labelname>window</labelname><flag>1</flag></object><object><points><x>0.40039</x><x>0.42285</x><y>0.39542</y><y>0.43206</y></points><label>3</label><labelname>window</labelname><flag>1</flag></object><object><points><x>0.40137</x><x>0.42383</x><y>0.58626</y><y>0.62443</y></points><label>3</label><labelname>window</labelname><flag>1</flag></object><object><points><x>0.40137</x><x>0.42383</x><y>0.7771</y><y>0.81374</y></points><label>3</label><labelname>window</labelname><flag>1</flag></object><object><points><x>0.40039</x><x>0.42871</x><y>0.25038</y><y>0.27634</y></points><label>3</label><labelname>window</labelname><flag>1</flag></object><object><points><x>0.40137</x><x>0.42969</x><y>0.17405</y><y>0.2</y></points><label>3</label><labelname>window</labelname><flag>1</flag></object><object><points><x>0.40039</x><x>0.42871</x><y>0.36489</y><y>0.39084</y></points><label>3</label><labelname>window</labelname><flag>1</flag></object><object><points><x>0.40137</x><x>0.42871</x><y>0.44122</y><y>0.4687</y></points><label>3</label><labelname>window</labelname><flag>1</flag></object><object><points><x>0.40039</x><x>0.42871</x><y>0.55725</y><y>0.58321</y></points><label>3</label><labelname>window</labelname><flag>1</flag></object><object><points><x>0.40137</x><x>0.42969</x><y>0.63206</y><y>0.65802</y></points><label>3</label><labelname>window</labelname><flag>1</flag></object><object><points><x>0.40039</x><x>0.42871</x><y>0.74656</y><y>0.77252</y></points><label>3</label><labelname>window</labelname><flag>1</flag></object><object><points><x>0.39941</x><x>0.42773</x><y>0.8229</y><y>0.84885</y></points><label>3</label><labelname>window</labelname><flag>1</flag></object><object><points><x>0.58398</x><x>0.6123</x><y>0.24885</y><y>0.27481</y></points><label>3</label><labelname>window</labelname><flag>1</flag></object><object><points><x>0.58398</x><x>0.6123</x><y>0.17252</y><y>0.19847</y></points><label>3</label><labelname>window</labelname><flag>1</flag></object><object><points><x>0.58301</x><x>0.61133</x><y>0.36183</y><y>0.38779</y></points><label>3</label><labelname>window</labelname><flag>1</flag></object><object><points><x>0.58301</x><x>0.61133</x><y>0.43969</y><y>0.46565</y></points><label>3</label><labelname>window</labelname><flag>1</flag></object><object><points><x>0.58301</x><x>0.61133</x><y>0.55267</y><y>0.57863</y></points><label>3</label><labelname>window</labelname><flag>1</flag></object><object><points><x>0.58398</x><x>0.6123</x><y>0.62901</y><y>0.65496</y></points><label>3</label><labelname>window</labelname><flag>1</flag></object><object><points><x>0.58301</x><x>0.61133</x><y>0.74351</y><y>0.76947</y></points><label>3</label><labelname>window</labelname><flag>1</flag></object><object><points><x>0.58301</x><x>0.61133</x><y>0.82137</y><y>0.84733</y></points><label>3</label><labelname>window</labelname><flag>1</flag></object><object><points><x>0.34961</x><x>0.42969</x><y>0.021374</y><y>0.074809</y></points><label>3</label><labelname>window</labelname><flag>1</flag></object><object><points><x>0.35645</x><x>0.43164</x><y>0.099237</y><y>0.14962</y></points><label>3</label><labelname>window</labelname><flag>1</flag></object><object><points><x>0.5</x><x>0.60645</x><y>0.096183</y><y>0.15267</y></points><label>3</label><labelname>window</labelname><flag>1</flag></object><object><points><x>0.67285</x><x>0.74219</x><y>0.09313</y><y>0.1542</y></points><label>3</label><labelname>window</labelname><flag>1</flag></object><object><points><x>0.70215</x><x>0.75684</x><y>0.17252</y><y>0.22137</y></points><label>3</label><labelname>window</labelname><flag>1</flag></object><object><points><x>0.80859</x><x>0.8457</x><y>0.16489</y><y>0.22901</y></points><label>3</label><labelname>window</labelname><flag>1</flag></object><object><points><x>0.87207</x><x>0.94434</x><y>0.076336</y><y>0.14962</y></points><label>4</label><labelname>door</labelname><flag>1</flag></object><object><points><x>0.83301</x><x>0.90234</x><y>0.73893</y><y>0.85038</y></points><label>3</label><labelname>window</labelname><flag>1</flag></object><object><points><x>0.82812</x><x>0.89844</x><y>0.54962</y><y>0.66107</y></points><label>3</label><labelname>window</labelname><flag>1</flag></object><object><points><x>0.83008</x><x>0.90039</x><y>0.35573</y><y>0.46565</y></points><label>3</label><labelname>window</labelname><flag>1</flag></object><object><points><x>0.24609</x><x>0.33496</x><y>0.29771</y><y>0.35878</y></points><label>9</label><labelname>deco</labelname><flag>1</flag></object><object><points><x>0.29199</x><x>0.34668</x><y>0.48855</y><y>0.5542</y></points><label>9</label><labelname>deco</labelname><flag>1</flag></object><object><points><x>0.24512</x><x>0.33398</x><y>0.68397</y><y>0.74504</y></points><label>9</label><labelname>deco</labelname><flag>1</flag></object><object><points><x>0.28418</x><x>0.34375</x><y>0.87176</y><y>0.92977</y></points><label>9</label><labelname>deco</labelname><flag>1</flag></object><object><points><x>0.36719</x><x>0.57715</x><y>0.4855</y><y>0.55115</y></points><label>9</label><labelname>deco</labelname><flag>1</flag></object><object><points><x>0.36719</x><x>0.57715</x><y>0.29008</y><y>0.35725</y></points><label>9</label><labelname>deco</labelname><flag>1</flag></object><object><points><x>0.36816</x><x>0.57812</x><y>0.67786</y><y>0.74504</y></points><label>9</label><labelname>deco</labelname><flag>1</flag></object><object><points><x>0.75391</x><x>0.7959</x><y>0.10229</y><y>0.14809</y></points><label>9</label><labelname>deco</labelname><flag>1</flag></object><object><points><x>0.69629</x><x>0.73047</x><y>0.52519</y><y>0.54962</y></points><label>9</label><labelname>deco</labelname><flag>1</flag></object><object><points><x>0.69629</x><x>0.73145</x><y>0.72061</y><y>0.75573</y></points><label>9</label><labelname>deco</labelname><flag>1</flag></object><object><points><x>0.69336</x><x>0.76562</x><y>0.26565</y><y>0.30382</y></points><label>9</label><labelname>deco</labelname><flag>1</flag></object><object><points><x>0.70703</x><x>0.77051</x><y>0.33588</y><y>0.37405</y></points><label>9</label><labelname>deco</labelname><flag>1</flag></object><object><points><x>0.7334</x><x>0.77051</x><y>0.29771</y><y>0.34809</y></points><label>9</label><labelname>deco</labelname><flag>1</flag></object><object><points><x>0.79492</x><x>0.81836</x><y>0.30534</y><y>0.3313</y></points><label>9</label><labelname>deco</labelname><flag>1</flag></object><object><points><x>0.0625</x><x>0.15234</x><y>0.65802</y><y>0.75878</y></points><label>9</label><labelname>deco</labelname><flag>1</flag></object><object><points><x>0.063477</x><x>0.15332</x><y>0.27176</y><y>0.37252</y></points><label>9</label><labelname>deco</labelname><flag>1</flag></object><object><points><x>0.34082</x><x>0.38281</x><y>0.14046</y><y>0.92061</y></points><label>10</label><labelname>molding</labelname><flag>1</flag></object><object><points><x>0.65332</x><x>0.71094</x><y>0.18168</y><y>0.91603</y></points><label>10</label><labelname>molding</labelname><flag>1</flag></object><object><points><x>0.82227</x><x>0.9082</x><y>0.27176</y><y>0.29466</y></points><label>11</label><labelname>pillar</labelname><flag>1</flag></object><object><points><x>0.82617</x><x>0.90527</x><y>0.34198</y><y>0.36336</y></points><label>11</label><labelname>pillar</labelname><flag>1</flag></object><object><points><x>0.90527</x><x>0.92383</x><y>0.33435</y><y>0.37557</y></points><label>11</label><labelname>pillar</labelname><flag>1</flag></object><object><points><x>0.9082</x><x>0.92285</x><y>0.26107</y><y>0.30229</y></points><label>11</label><labelname>pillar</labelname><flag>1</flag></object><object><points><x>0.80273</x><x>0.82617</x><y>0.34046</y><y>0.36489</y></points><label>11</label><labelname>pillar</labelname><flag>1</flag></object><object><points><x>0.79883</x><x>0.82129</x><y>0.27176</y><y>0.29618</y></points><label>11</label><labelname>pillar</labelname><flag>1</flag></object><object><points><x>0.80371</x><x>0.81738</x><y>0.5313</y><y>0.68397</y></points><label>12</label><labelname>shop</labelname><flag>1</flag></object>