<object><points><x>0.15024</x><x>0.8336</x><y>0.1084</y><y>0.70215</y></points><label>2</label><labelname>facade</labelname><flag>1</flag></object><object><points><x>0.30856</x><x>0.36995</x><y>0.16504</y><y>0.19043</y></points><label>3</label><labelname>window</labelname><flag>1</flag></object><object><points><x>0.30856</x><x>0.37157</x><y>0.2168</y><y>0.24121</y></points><label>3</label><labelname>window</labelname><flag>1</flag></object><object><points><x>0.30856</x><x>0.37157</x><y>0.26855</y><y>0.29297</y></points><label>3</label><labelname>window</labelname><flag>1</flag></object><object><points><x>0.31018</x><x>0.37157</x><y>0.31934</y><y>0.34473</y></points><label>3</label><labelname>window</labelname><flag>1</flag></object><object><points><x>0.30856</x><x>0.37157</x><y>0.37109</y><y>0.39551</y></points><label>3</label><labelname>window</labelname><flag>1</flag></object><object><points><x>0.31018</x><x>0.37157</x><y>0.42188</y><y>0.44629</y></points><label>3</label><labelname>window</labelname><flag>1</flag></object><object><points><x>0.30856</x><x>0.36995</x><y>0.47559</y><y>0.5</y></points><label>3</label><labelname>window</labelname><flag>1</flag></object><object><points><x>0.31018</x><x>0.37157</x><y>0.52539</y><y>0.55078</y></points><label>3</label><labelname>window</labelname><flag>1</flag></object><object><points><x>0.31018</x><x>0.37157</x><y>0.57812</y><y>0.60352</y></points><label>3</label><labelname>window</labelname><flag>1</flag></object><object><points><x>0.31179</x><x>0.37318</x><y>0.63086</y><y>0.65527</y></points><label>3</label><labelname>window</labelname><flag>1</flag></object><object><points><x>0.57674</x><x>0.64943</x><y>0.16602</y><y>0.19043</y></points><label>3</label><labelname>window</labelname><flag>1</flag></object><object><points><x>0.57674</x><x>0.64943</x><y>0.21777</y><y>0.24219</y></points><label>3</label><labelname>window</labelname><flag>1</flag></object><object><points><x>0.57835</x><x>0.64943</x><y>0.26953</y><y>0.29297</y></points><label>3</label><labelname>window</labelname><flag>1</flag></object><object><points><x>0.57835</x><x>0.65105</x><y>0.31934</y><y>0.34375</y></points><label>3</label><labelname>window</labelname><flag>1</flag></object><object><points><x>0.57997</x><x>0.65267</x><y>0.47363</y><y>0.49707</y></points><label>3</label><labelname>window</labelname><flag>1</flag></object><object><points><x>0.58158</x><x>0.65267</x><y>0.52539</y><y>0.55078</y></points><label>3</label><labelname>window</labelname><flag>1</flag></object><object><points><x>0.57835</x><x>0.65105</x><y>0.37207</y><y>0.39648</y></points><label>3</label><labelname>window</labelname><flag>1</flag></object><object><points><x>0.57835</x><x>0.65105</x><y>0.42285</y><y>0.44727</y></points><label>3</label><labelname>window</labelname><flag>1</flag></object><object><points><x>0.58158</x><x>0.65267</x><y>0.57812</y><y>0.60254</y></points><label>3</label><labelname>window</labelname><flag>1</flag></object><object><points><x>0.58158</x><x>0.65267</x><y>0.62988</y><y>0.6543</y></points><label>3</label><labelname>window</labelname><flag>1</flag></object><object><points><x>0.43134</x><x>0.51373</x><y>0.2168</y><y>0.24121</y></points><label>3</label><labelname>window</labelname><flag>1</flag></object><object><points><x>0.43296</x><x>0.51535</x><y>0.26855</y><y>0.29297</y></points><label>3</label><labelname>window</labelname><flag>1</flag></object><object><points><x>0.43296</x><x>0.51373</x><y>0.16504</y><y>0.18945</y></points><label>3</label><labelname>window</labelname><flag>1</flag></object><object><points><x>0.43296</x><x>0.51535</x><y>0.32031</y><y>0.34473</y></points><label>3</label><labelname>window</labelname><flag>1</flag></object><object><points><x>0.43296</x><x>0.51535</x><y>0.37109</y><y>0.39551</y></points><label>3</label><labelname>window</labelname><flag>1</flag></object><object><points><x>0.43296</x><x>0.51535</x><y>0.42285</y><y>0.44727</y></points><label>3</label><labelname>window</labelname><flag>1</flag></object><object><points><x>0.43296</x><x>0.51535</x><y>0.47461</y><y>0.49902</y></points><label>3</label><labelname>window</labelname><flag>1</flag></object><object><points><x>0.43457</x><x>0.51535</x><y>0.52441</y><y>0.5498</y></points><label>3</label><labelname>window</labelname><flag>1</flag></object><object><points><x>0.43296</x><x>0.51373</x><y>0.57715</y><y>0.60254</y></points><label>3</label><labelname>window</labelname><flag>1</flag></object><object><points><x>0.43457</x><x>0.51535</x><y>0.62988</y><y>0.6543</y></points><label>3</label><labelname>window</labelname><flag>1</flag></object><object><points><x>0.70921</x><x>0.79806</x><y>0.1582</y><y>0.19922</y></points><label>3</label><labelname>window</labelname><flag>1</flag></object><object><points><x>0.71082</x><x>0.79806</x><y>0.20898</y><y>0.25</y></points><label>3</label><labelname>window</labelname><flag>1</flag></object><object><points><x>0.71082</x><x>0.79806</x><y>0.26074</y><y>0.30078</y></points><label>3</label><labelname>window</labelname><flag>1</flag></object><object><points><x>0.71082</x><x>0.79806</x><y>0.3125</y><y>0.35254</y></points><label>3</label><labelname>window</labelname><flag>1</flag></object><object><points><x>0.71244</x><x>0.79968</x><y>0.4668</y><y>0.50684</y></points><label>3</label><labelname>window</labelname><flag>1</flag></object><object><points><x>0.71244</x><x>0.79968</x><y>0.52051</y><y>0.55859</y></points><label>3</label><labelname>window</labelname><flag>1</flag></object><object><points><x>0.71405</x><x>0.80129</x><y>0.57129</y><y>0.61035</y></points><label>3</label><labelname>window</labelname><flag>1</flag></object><object><points><x>0.71405</x><x>0.80129</x><y>0.62305</y><y>0.66113</y></points><label>3</label><labelname>window</labelname><flag>1</flag></object><object><points><x>0.43296</x><x>0.51535</x><y>0.66895</y><y>0.68262</y></points><label>3</label><labelname>window</labelname><flag>1</flag></object><object><points><x>0.30533</x><x>0.36995</x><y>0.66895</y><y>0.68262</y></points><label>3</label><labelname>window</labelname><flag>1</flag></object><object><points><x>0.16963</x><x>0.23586</x><y>0.11426</y><y>0.14062</y></points><label>3</label><labelname>window</labelname><flag>1</flag></object><object><points><x>0.16963</x><x>0.23586</x><y>0.14355</y><y>0.16992</y></points><label>3</label><labelname>window</labelname><flag>1</flag></object><object><points><x>0.17124</x><x>0.23748</x><y>0.17188</y><y>0.19824</y></points><label>3</label><labelname>window</labelname><flag>1</flag></object><object><points><x>0.17124</x><x>0.23748</x><y>0.20117</y><y>0.22754</y></points><label>3</label><labelname>window</labelname><flag>1</flag></object><object><points><x>0.16963</x><x>0.23586</x><y>0.23047</y><y>0.25684</y></points><label>3</label><labelname>window</labelname><flag>1</flag></object><object><points><x>0.16963</x><x>0.23586</x><y>0.25879</y><y>0.28516</y></points><label>3</label><labelname>window</labelname><flag>1</flag></object><object><points><x>0.16963</x><x>0.23586</x><y>0.28809</y><y>0.31445</y></points><label>3</label><labelname>window</labelname><flag>1</flag></object><object><points><x>0.16963</x><x>0.23586</x><y>0.31641</y><y>0.3418</y></points><label>3</label><labelname>window</labelname><flag>1</flag></object><object><points><x>0.16963</x><x>0.23586</x><y>0.34375</y><y>0.37012</y></points><label>3</label><labelname>window</labelname><flag>1</flag></object><object><points><x>0.16963</x><x>0.23586</x><y>0.37207</y><y>0.39844</y></points><label>3</label><labelname>window</labelname><flag>1</flag></object><object><points><x>0.17124</x><x>0.23748</x><y>0.40039</y><y>0.42578</y></points><label>3</label><labelname>window</labelname><flag>1</flag></object><object><points><x>0.17124</x><x>0.23748</x><y>0.42871</y><y>0.4541</y></points><label>3</label><labelname>window</labelname><flag>1</flag></object><object><points><x>0.16963</x><x>0.23586</x><y>0.45703</y><y>0.48242</y></points><label>3</label><labelname>window</labelname><flag>1</flag></object><object><points><x>0.16963</x><x>0.23586</x><y>0.48535</y><y>0.51074</y></points><label>3</label><labelname>window</labelname><flag>1</flag></object><object><points><x>0.17124</x><x>0.23748</x><y>0.51367</y><y>0.53906</y></points><label>3</label><labelname>window</labelname><flag>1</flag></object><object><points><x>0.16963</x><x>0.23586</x><y>0.54199</y><y>0.56738</y></points><label>3</label><labelname>window</labelname><flag>1</flag></object><object><points><x>0.17124</x><x>0.23748</x><y>0.57031</y><y>0.5957</y></points><label>3</label><labelname>window</labelname><flag>1</flag></object><object><points><x>0.16963</x><x>0.23586</x><y>0.59863</y><y>0.625</y></points><label>3</label><labelname>window</labelname><flag>1</flag></object><object><points><x>0.16963</x><x>0.23586</x><y>0.62695</y><y>0.65332</y></points><label>3</label><labelname>window</labelname><flag>1</flag></object><object><points><x>0.17124</x><x>0.23748</x><y>0.6543</y><y>0.68066</y></points><label>3</label><labelname>window</labelname><flag>1</flag></object><object><points><x>0.17124</x><x>0.23748</x><y>0.68359</y><y>0.7002</y></points><label>3</label><labelname>window</labelname><flag>1</flag></object><object><points><x>0.49919</x><x>0.55897</x><y>0.057617</y><y>0.09082</y></points><label>3</label><labelname>window</labelname><flag>1</flag></object><object><points><x>0.49596</x><x>0.56058</x><y>0.0058594</y><y>0.044922</y></points><label>3</label><labelname>window</labelname><flag>1</flag></object><object><points><x>0.70921</x><x>0.83199</x><y>0.38867</y><y>0.42969</y></points><label>4</label><labelname>door</labelname><flag>1</flag></object><object><points><x>0.51212</x><x>0.55574</x><y>0.1582</y><y>0.19824</y></points><label>6</label><labelname>sill</labelname><flag>1</flag></object><object><points><x>0.5105</x><x>0.55897</x><y>0.20996</y><y>0.25</y></points><label>6</label><labelname>sill</labelname><flag>1</flag></object><object><points><x>0.51212</x><x>0.55735</x><y>0.26074</y><y>0.29883</y></points><label>6</label><labelname>sill</labelname><flag>1</flag></object><object><points><x>0.51535</x><x>0.55735</x><y>0.52441</y><y>0.55957</y></points><label>6</label><labelname>sill</labelname><flag>1</flag></object><object><points><x>0.51535</x><x>0.55897</x><y>0.57129</y><y>0.61035</y></points><label>6</label><labelname>sill</labelname><flag>1</flag></object><object><points><x>0.51535</x><x>0.56058</x><y>0.62305</y><y>0.66211</y></points><label>6</label><labelname>sill</labelname><flag>1</flag></object><object><points><x>0.51212</x><x>0.56058</x><y>0.66309</y><y>0.68848</y></points><label>6</label><labelname>sill</labelname><flag>1</flag></object><object><points><x>0.6462</x><x>0.66236</x><y>0.16016</y><y>0.19434</y></points><label>6</label><labelname>sill</labelname><flag>1</flag></object><object><points><x>0.6462</x><x>0.66074</x><y>0.21484</y><y>0.24512</y></points><label>6</label><labelname>sill</labelname><flag>1</flag></object><object><points><x>0.64782</x><x>0.66236</x><y>0.26562</y><y>0.2959</y></points><label>6</label><labelname>sill</labelname><flag>1</flag></object><object><points><x>0.64943</x><x>0.66236</x><y>0.31738</y><y>0.34863</y></points><label>6</label><labelname>sill</labelname><flag>1</flag></object><object><points><x>0.64943</x><x>0.66397</x><y>0.47168</y><y>0.50293</y></points><label>6</label><labelname>sill</labelname><flag>1</flag></object><object><points><x>0.64943</x><x>0.66236</x><y>0.52344</y><y>0.55469</y></points><label>6</label><labelname>sill</labelname><flag>1</flag></object><object><points><x>0.64943</x><x>0.66397</x><y>0.57617</y><y>0.60742</y></points><label>6</label><labelname>sill</labelname><flag>1</flag></object><object><points><x>0.65105</x><x>0.66559</x><y>0.62793</y><y>0.65918</y></points><label>6</label><labelname>sill</labelname><flag>1</flag></object><object><points><x>0.51212</x><x>0.55735</x><y>0.31543</y><y>0.35156</y></points><label>7</label><labelname>balcony</labelname><flag>1</flag></object><object><points><x>0.51535</x><x>0.55735</x><y>0.36621</y><y>0.4541</y></points><label>7</label><labelname>balcony</labelname><flag>1</flag></object><object><points><x>0.51858</x><x>0.55735</x><y>0.46973</y><y>0.50586</y></points><label>7</label><labelname>balcony</labelname><flag>1</flag></object><object><points><x>0.44103</x><x>0.47658</x><y>0.00097656</y><y>0.092773</y></points><label>7</label><labelname>balcony</labelname><flag>1</flag></object><object><points><x>0.17124</x><x>0.22132</x><y>0.11523</y><y>0.13965</y></points><label>8</label><labelname>blind</labelname><flag>1</flag></object><object><points><x>0.16963</x><x>0.22132</x><y>0.14355</y><y>0.16895</y></points><label>8</label><labelname>blind</labelname><flag>1</flag></object><object><points><x>0.17124</x><x>0.21325</x><y>0.25977</y><y>0.28516</y></points><label>8</label><labelname>blind</labelname><flag>1</flag></object><object><points><x>0.17124</x><x>0.23425</x><y>0.23145</y><y>0.25586</y></points><label>8</label><labelname>blind</labelname><flag>1</flag></object><object><points><x>0.17124</x><x>0.23425</x><y>0.28809</y><y>0.31348</y></points><label>8</label><labelname>blind</labelname><flag>1</flag></object><object><points><x>0.17124</x><x>0.23425</x><y>0.31641</y><y>0.3418</y></points><label>8</label><labelname>blind</labelname><flag>1</flag></object><object><points><x>0.17124</x><x>0.23425</x><y>0.34473</y><y>0.36914</y></points><label>8</label><labelname>blind</labelname><flag>1</flag></object><object><points><x>0.43296</x><x>0.47173</x><y>0.16602</y><y>0.18945</y></points><label>8</label><labelname>blind</labelname><flag>1</flag></object><object><points><x>0.43296</x><x>0.46365</x><y>0.26855</y><y>0.29297</y></points><label>8</label><labelname>blind</labelname><flag>1</flag></object><object><points><x>0.43457</x><x>0.46204</x><y>0.32031</y><y>0.34375</y></points><label>8</label><labelname>blind</labelname><flag>1</flag></object><object><points><x>0.43457</x><x>0.48142</x><y>0.37207</y><y>0.39551</y></points><label>8</label><labelname>blind</labelname><flag>1</flag></object><object><points><x>0.43457</x><x>0.47011</x><y>0.42285</y><y>0.44629</y></points><label>8</label><labelname>blind</labelname><flag>1</flag></object><object><points><x>0.31018</x><x>0.3231</x><y>0.37207</y><y>0.39551</y></points><label>8</label><labelname>blind</labelname><flag>1</flag></object><object><points><x>0.30856</x><x>0.36834</x><y>0.47559</y><y>0.49902</y></points><label>8</label><labelname>blind</labelname><flag>1</flag></object><object><points><x>0.31018</x><x>0.34249</x><y>0.5791</y><y>0.60156</y></points><label>8</label><labelname>blind</labelname><flag>1</flag></object><object><points><x>0.31179</x><x>0.37157</x><y>0.63086</y><y>0.6543</y></points><label>8</label><labelname>blind</labelname><flag>1</flag></object><object><points><x>0.30695</x><x>0.35057</x><y>0.66992</y><y>0.68164</y></points><label>8</label><labelname>blind</labelname><flag>1</flag></object><object><points><x>0.58158</x><x>0.60097</x><y>0.57812</y><y>0.60156</y></points><label>8</label><labelname>blind</labelname><flag>1</flag></object><object><points><x>0.58158</x><x>0.59289</x><y>0.47363</y><y>0.49805</y></points><label>8</label><labelname>blind</labelname><flag>1</flag></object><object><points><x>0.57997</x><x>0.59612</x><y>0.42285</y><y>0.44629</y></points><label>8</label><labelname>blind</labelname><flag>1</flag></object><object><points><x>0.57997</x><x>0.59128</x><y>0.37207</y><y>0.39648</y></points><label>8</label><labelname>blind</labelname><flag>1</flag></object><object><points><x>0.57997</x><x>0.59451</x><y>0.32129</y><y>0.34375</y></points><label>8</label><labelname>blind</labelname><flag>1</flag></object><object><points><x>0.57997</x><x>0.59289</x><y>0.26953</y><y>0.29199</y></points><label>8</label><labelname>blind</labelname><flag>1</flag></object><object><points><x>0.57835</x><x>0.58966</x><y>0.21777</y><y>0.24121</y></points><label>8</label><labelname>blind</labelname><flag>1</flag></object><object><points><x>0.43619</x><x>0.8546</x><y>0.80762</y><y>0.88184</y></points><label>4</label><labelname>door</labelname><flag>1</flag></object><object><points><x>0.38449</x><x>0.42003</x><y>0.31836</y><y>0.3457</y></points><label>9</label><labelname>deco</labelname><flag>1</flag></object><object><points><x>0.35541</x><x>0.4588</x><y>0.36914</y><y>0.44922</y></points><label>9</label><labelname>deco</labelname><flag>1</flag></object><object><points><x>0.38611</x><x>0.4378</x><y>0.47266</y><y>0.50293</y></points><label>9</label><labelname>deco</labelname><flag>1</flag></object><object><points><x>0.50565</x><x>0.71567</x><y>0.70801</y><y>0.75586</y></points><label>9</label><labelname>deco</labelname><flag>1</flag></object><object><points><x>0.57027</x><x>0.65913</x><y>0.36621</y><y>0.45703</y></points><label>9</label><labelname>deco</labelname><flag>1</flag></object><object><points><x>0.68821</x><x>0.70921</x><y>0.40527</y><y>0.41699</y></points><label>9</label><labelname>deco</labelname><flag>1</flag></object><object><points><x>0.72213</x><x>0.74475</x><y>0.45605</y><y>0.4668</y></points><label>9</label><labelname>deco</labelname><flag>1</flag></object><object><points><x>0.72375</x><x>0.74313</x><y>0.35352</y><y>0.36523</y></points><label>9</label><labelname>deco</labelname><flag>1</flag></object><object><points><x>0.63489</x><x>0.69467</x><y>0.10938</y><y>0.13867</y></points><label>9</label><labelname>deco</labelname><flag>1</flag></object><object><points><x>0.69144</x><x>0.70921</x><y>0.17285</y><y>0.18359</y></points><label>9</label><labelname>deco</labelname><flag>1</flag></object><object><points><x>0.69305</x><x>0.70921</x><y>0.22461</y><y>0.23535</y></points><label>9</label><labelname>deco</labelname><flag>1</flag></object><object><points><x>0.69305</x><x>0.70921</x><y>0.27734</y><y>0.28711</y></points><label>9</label><labelname>deco</labelname><flag>1</flag></object><object><points><x>0.69467</x><x>0.70921</x><y>0.32812</y><y>0.33789</y></points><label>9</label><labelname>deco</labelname><flag>1</flag></object><object><points><x>0.69628</x><x>0.71244</x><y>0.4834</y><y>0.49316</y></points><label>9</label><labelname>deco</labelname><flag>1</flag></object><object><points><x>0.69628</x><x>0.71244</x><y>0.53516</y><y>0.54492</y></points><label>9</label><labelname>deco</labelname><flag>1</flag></object><object><points><x>0.69628</x><x>0.71405</x><y>0.58691</y><y>0.59668</y></points><label>9</label><labelname>deco</labelname><flag>1</flag></object><object><points><x>0.69628</x><x>0.71244</x><y>0.6377</y><y>0.64844</y></points><label>9</label><labelname>deco</labelname><flag>1</flag></object><object><points><x>0.72536</x><x>0.74798</x><y>0.66406</y><y>0.67773</y></points><label>9</label><labelname>deco</labelname><flag>1</flag></object><object><points><x>0.30533</x><x>0.35057</x><y>0.40332</y><y>0.41699</y></points><label>9</label><labelname>deco</labelname><flag>1</flag></object><object><points><x>0.37641</x><x>0.41842</x><y>0.14062</y><y>0.15332</y></points><label>9</label><labelname>deco</labelname><flag>1</flag></object><object><points><x>0.4168</x><x>0.43296</x><y>0.16992</y><y>0.18652</y></points><label>9</label><labelname>deco</labelname><flag>1</flag></object><object><points><x>0.4168</x><x>0.43296</x><y>0.22168</y><y>0.23828</y></points><label>9</label><labelname>deco</labelname><flag>1</flag></object><object><points><x>0.41842</x><x>0.43457</x><y>0.27246</y><y>0.28906</y></points><label>9</label><labelname>deco</labelname><flag>1</flag></object><object><points><x>0.29564</x><x>0.31179</x><y>0.16992</y><y>0.18652</y></points><label>9</label><labelname>deco</labelname><flag>1</flag></object><object><points><x>0.29564</x><x>0.31179</x><y>0.2207</y><y>0.23828</y></points><label>9</label><labelname>deco</labelname><flag>1</flag></object><object><points><x>0.29402</x><x>0.31018</x><y>0.27344</y><y>0.29004</y></points><label>9</label><labelname>deco</labelname><flag>1</flag></object><object><points><x>0.29402</x><x>0.31018</x><y>0.31836</y><y>0.34766</y></points><label>9</label><labelname>deco</labelname><flag>1</flag></object><object><points><x>0.29241</x><x>0.31018</x><y>0.36914</y><y>0.39941</y></points><label>9</label><labelname>deco</labelname><flag>1</flag></object><object><points><x>0.29402</x><x>0.31018</x><y>0.4209</y><y>0.4502</y></points><label>9</label><labelname>deco</labelname><flag>1</flag></object><object><points><x>0.29402</x><x>0.31018</x><y>0.47266</y><y>0.50293</y></points><label>9</label><labelname>deco</labelname><flag>1</flag></object><object><points><x>0.29241</x><x>0.31018</x><y>0.5293</y><y>0.54785</y></points><label>9</label><labelname>deco</labelname><flag>1</flag></object><object><points><x>0.29402</x><x>0.31179</x><y>0.58105</y><y>0.60059</y></points><label>9</label><labelname>deco</labelname><flag>1</flag></object><object><points><x>0.29564</x><x>0.31179</x><y>0.63477</y><y>0.6543</y></points><label>9</label><labelname>deco</labelname><flag>1</flag></object><object><points><x>0.4168</x><x>0.43457</x><y>0.53027</y><y>0.5498</y></points><label>9</label><labelname>deco</labelname><flag>1</flag></object><object><points><x>0.41842</x><x>0.43457</x><y>0.58203</y><y>0.60156</y></points><label>9</label><labelname>deco</labelname><flag>1</flag></object><object><points><x>0.41842</x><x>0.43457</x><y>0.63379</y><y>0.65332</y></points><label>9</label><labelname>deco</labelname><flag>1</flag></object><object><points><x>0.60097</x><x>0.66236</x><y>0.067383</y><y>0.095703</y></points><label>9</label><labelname>deco</labelname><flag>1</flag></object><object><points><x>0.68174</x><x>0.77706</x><y>0.071289</y><y>0.10645</y></points><label>9</label><labelname>deco</labelname><flag>1</flag></object><object><points><x>0.37157</x><x>0.66882</x><y>0.94043</y><y>0.9873</y></points><label>9</label><labelname>deco</labelname><flag>1</flag></object><object><points><x>0.38449</x><x>0.42165</x><y>0.66797</y><y>0.68457</y></points><label>9</label><labelname>deco</labelname><flag>1</flag></object><object><points><x>0.24556</x><x>0.30533</x><y>0.11621</y><y>0.70117</y></points><label>10</label><labelname>molding</labelname><flag>1</flag></object><object><points><x>0.49919</x><x>0.57674</x><y>0.11426</y><y>0.69824</y></points><label>10</label><labelname>molding</labelname><flag>1</flag></object><object><points><x>0.49758</x><x>0.55735</x><y>0.046875</y><y>0.054688</y></points><label>11</label><labelname>pillar</labelname><flag>1</flag></object><object><points><x>0.28918</x><x>0.50889</x><y>0.12402</y><y>0.13965</y></points><label>11</label><labelname>pillar</labelname><flag>1</flag></object><object><points><x>0.32472</x><x>0.50727</x><y>0.29883</y><y>0.31445</y></points><label>11</label><labelname>pillar</labelname><flag>1</flag></object><object><points><x>0.32633</x><x>0.50889</x><y>0.35059</y><y>0.36523</y></points><label>11</label><labelname>pillar</labelname><flag>1</flag></object><object><points><x>0.32633</x><x>0.50889</x><y>0.4541</y><y>0.46875</y></points><label>11</label><labelname>pillar</labelname><flag>1</flag></object><object><points><x>0.32472</x><x>0.50889</x><y>0.50684</y><y>0.52148</y></points><label>11</label><labelname>pillar</labelname><flag>1</flag></object><object><points><x>0.5105</x><x>0.55089</x><y>0.12305</y><y>0.14062</y></points><label>11</label><labelname>pillar</labelname><flag>1</flag></object><object><points><x>0.50727</x><x>0.55412</x><y>0.29785</y><y>0.31641</y></points><label>11</label><labelname>pillar</labelname><flag>1</flag></object><object><points><x>0.50889</x><x>0.55574</x><y>0.34961</y><y>0.36719</y></points><label>11</label><labelname>pillar</labelname><flag>1</flag></object><object><points><x>0.5105</x><x>0.55735</x><y>0.45312</y><y>0.4707</y></points><label>11</label><labelname>pillar</labelname><flag>1</flag></object><object><points><x>0.50889</x><x>0.55574</x><y>0.50586</y><y>0.52441</y></points><label>11</label><labelname>pillar</labelname><flag>1</flag></object><object><points><x>0.71567</x><x>0.87399</x><y>0.875</y><y>0.92871</y></points><label>11</label><labelname>pillar</labelname><flag>1</flag></object><object><points><x>0.72536</x><x>0.85622</x><y>0.75</y><y>0.78906</y></points><label>11</label><labelname>pillar</labelname><flag>1</flag></object><object><points><x>0.45396</x><x>0.72536</x><y>0.75781</y><y>0.78125</y></points><label>11</label><labelname>pillar</labelname><flag>1</flag></object><object><points><x>0.3748</x><x>0.71567</x><y>0.88867</y><y>0.91992</y></points><label>11</label><labelname>pillar</labelname><flag>1</flag></object><object><points><x>0.55735</x><x>0.58643</x><y>0.045898</y><y>0.055664</y></points><label>11</label><labelname>pillar</labelname><flag>1</flag></object><object><points><x>0.47819</x><x>0.49758</x><y>0.045898</y><y>0.055664</y></points><label>11</label><labelname>pillar</labelname><flag>1</flag></object><object><points><x>0.2504</x><x>0.28918</x><y>0.12012</y><y>0.14453</y></points><label>11</label><labelname>pillar</labelname><flag>1</flag></object><object><points><x>0.29402</x><x>0.32472</x><y>0.29785</y><y>0.31641</y></points><label>11</label><labelname>pillar</labelname><flag>1</flag></object><object><points><x>0.29402</x><x>0.32633</x><y>0.34863</y><y>0.36816</y></points><label>11</label><labelname>pillar</labelname><flag>1</flag></object><object><points><x>0.29402</x><x>0.32633</x><y>0.45215</y><y>0.47168</y></points><label>11</label><labelname>pillar</labelname><flag>1</flag></object><object><points><x>0.29402</x><x>0.32472</x><y>0.50488</y><y>0.52344</y></points><label>11</label><labelname>pillar</labelname><flag>1</flag></object><object><points><x>0.34733</x><x>0.37318</x><y>0.88574</y><y>0.92383</y></points><label>11</label><labelname>pillar</labelname><flag>1</flag></object><object><points><x>0.42811</x><x>0.45234</x><y>0.75</y><y>0.78906</y></points><label>11</label><labelname>pillar</labelname><flag>1</flag></object><object><points><x>0.2601</x><x>0.27625</x><y>0.0039062</y><y>0.0068359</y></points><label>3</label><labelname>window</labelname><flag>1</flag></object><object><points><x>0.26171</x><x>0.27787</x><y>0.00097656</y><y>0.0019531</y></points><label>3</label><labelname>window</labelname><flag>1</flag></object>