<object><points><x>0.42773</x><x>0.47461</x><y>0.5599</y><y>0.67969</y></points><label>5</label><labelname>cornice</labelname><flag>1</flag></object><object><points><x>0.42188</x><x>0.4707</x><y>0.21224</y><y>0.34245</y></points><label>5</label><labelname>cornice</labelname><flag>1</flag></object><object><points><x>0.20605</x><x>0.27344</x><y>0.24089</y><y>0.3125</y></points><label>3</label><labelname>window</labelname><flag>1</flag></object><object><points><x>0.34375</x><x>0.41699</x><y>0.24089</y><y>0.3125</y></points><label>3</label><labelname>window</labelname><flag>1</flag></object><object><points><x>0.31445</x><x>0.39746</x><y>0.42318</y><y>0.45703</y></points><label>3</label><labelname>window</labelname><flag>1</flag></object><object><points><x>0.31543</x><x>0.39746</x><y>0.48568</y><y>0.51562</y></points><label>3</label><labelname>window</labelname><flag>1</flag></object><object><points><x>0.20703</x><x>0.27148</x><y>0.42188</y><y>0.4987</y></points><label>3</label><labelname>window</labelname><flag>1</flag></object><object><points><x>0.21289</x><x>0.26562</x><y>0.58724</y><y>0.64323</y></points><label>3</label><labelname>window</labelname><flag>1</flag></object><object><points><x>0.20898</x><x>0.27344</x><y>0.74219</y><y>0.84635</y></points><label>3</label><labelname>window</labelname><flag>1</flag></object><object><points><x>0.31543</x><x>0.3916</x><y>0.80469</y><y>0.84375</y></points><label>3</label><labelname>window</labelname><flag>1</flag></object><object><points><x>0.32031</x><x>0.40039</x><y>0.86589</y><y>0.88151</y></points><label>3</label><labelname>window</labelname><flag>1</flag></object><object><points><x>0.31934</x><x>0.40039</x><y>0.74609</y><y>0.77995</y></points><label>3</label><labelname>window</labelname><flag>1</flag></object><object><points><x>0.34668</x><x>0.41797</x><y>0.58854</y><y>0.64583</y></points><label>3</label><labelname>window</labelname><flag>1</flag></object><object><points><x>0.46582</x><x>0.54102</x><y>0.80599</y><y>0.84505</y></points><label>3</label><labelname>window</labelname><flag>1</flag></object><object><points><x>0.46777</x><x>0.5459</x><y>0.86589</y><y>0.88151</y></points><label>3</label><labelname>window</labelname><flag>1</flag></object><object><points><x>0.46777</x><x>0.54785</x><y>0.74479</y><y>0.77865</y></points><label>3</label><labelname>window</labelname><flag>1</flag></object><object><points><x>0.61621</x><x>0.69531</x><y>0.74479</y><y>0.77865</y></points><label>3</label><labelname>window</labelname><flag>1</flag></object><object><points><x>0.61621</x><x>0.69336</x><y>0.86589</y><y>0.88281</y></points><label>3</label><labelname>window</labelname><flag>1</flag></object><object><points><x>0.61523</x><x>0.68945</x><y>0.80469</y><y>0.84635</y></points><label>3</label><labelname>window</labelname><flag>1</flag></object><object><points><x>0.77051</x><x>0.8418</x><y>0.77604</y><y>0.80729</y></points><label>3</label><labelname>window</labelname><flag>1</flag></object><object><points><x>0.77148</x><x>0.8418</x><y>0.75</y><y>0.76823</y></points><label>3</label><labelname>window</labelname><flag>1</flag></object><object><points><x>0.77051</x><x>0.8418</x><y>0.8138</y><y>0.83333</y></points><label>3</label><labelname>window</labelname><flag>1</flag></object><object><points><x>0.77148</x><x>0.8418</x><y>0.63932</y><y>0.65885</y></points><label>3</label><labelname>window</labelname><flag>1</flag></object><object><points><x>0.77148</x><x>0.8418</x><y>0.60156</y><y>0.63281</y></points><label>3</label><labelname>window</labelname><flag>1</flag></object><object><points><x>0.77148</x><x>0.84277</x><y>0.57552</y><y>0.59375</y></points><label>3</label><labelname>window</labelname><flag>1</flag></object><object><points><x>0.77246</x><x>0.83105</x><y>0.46224</y><y>0.4974</y></points><label>3</label><labelname>window</labelname><flag>1</flag></object><object><points><x>0.77246</x><x>0.83105</x><y>0.42188</y><y>0.45573</y></points><label>3</label><labelname>window</labelname><flag>1</flag></object><object><points><x>0.77051</x><x>0.8418</x><y>0.30078</y><y>0.32031</y></points><label>3</label><labelname>window</labelname><flag>1</flag></object><object><points><x>0.77148</x><x>0.8418</x><y>0.26172</y><y>0.29427</y></points><label>3</label><labelname>window</labelname><flag>1</flag></object><object><points><x>0.77148</x><x>0.8418</x><y>0.23568</y><y>0.25521</y></points><label>3</label><labelname>window</labelname><flag>1</flag></object><object><points><x>0.62891</x><x>0.70117</x><y>0.24089</y><y>0.3125</y></points><label>3</label><labelname>window</labelname><flag>1</flag></object><object><points><x>0.48633</x><x>0.56543</x><y>0.24219</y><y>0.3125</y></points><label>3</label><labelname>window</labelname><flag>1</flag></object><object><points><x>0.46582</x><x>0.54492</x><y>0.42318</y><y>0.45964</y></points><label>3</label><labelname>window</labelname><flag>1</flag></object><object><points><x>0.46582</x><x>0.5459</x><y>0.48568</y><y>0.51562</y></points><label>3</label><labelname>window</labelname><flag>1</flag></object><object><points><x>0.61523</x><x>0.69238</x><y>0.42318</y><y>0.45833</y></points><label>3</label><labelname>window</labelname><flag>1</flag></object><object><points><x>0.61621</x><x>0.69336</x><y>0.48568</y><y>0.51562</y></points><label>3</label><labelname>window</labelname><flag>1</flag></object><object><points><x>0.48926</x><x>0.55957</x><y>0.58854</y><y>0.64714</y></points><label>3</label><labelname>window</labelname><flag>1</flag></object><object><points><x>0.63086</x><x>0.7207</x><y>0.58854</y><y>0.64453</y></points><label>3</label><labelname>window</labelname><flag>1</flag></object><object><points><x>0.035156</x><x>0.98535</x><y>0.17057</y><y>0.90625</y></points><label>2</label><labelname>facade</labelname><flag>1</flag></object><object><points><x>0.36621</x><x>0.43848</x><y>0.020833</y><y>0.092448</y></points><label>3</label><labelname>window</labelname><flag>1</flag></object><object><points><x>0.22363</x><x>0.2959</x><y>0.023438</y><y>0.095052</y></points><label>3</label><labelname>window</labelname><flag>1</flag></object><object><points><x>0.092773</x><x>0.14648</x><y>0.77214</y><y>0.8125</y></points><label>3</label><labelname>window</labelname><flag>1</flag></object><object><points><x>0.90039</x><x>0.9541</x><y>0.23568</y><y>0.31901</y></points><label>3</label><labelname>window</labelname><flag>1</flag></object><object><points><x>0.88281</x><x>0.97852</x><y>0.42188</y><y>0.49609</y></points><label>4</label><labelname>door</labelname><flag>1</flag></object><object><points><x>0.90918</x><x>0.98438</x><y>0.56641</y><y>0.66146</y></points><label>4</label><labelname>door</labelname><flag>1</flag></object><object><points><x>0.90918</x><x>0.98438</x><y>0.75</y><y>0.83203</y></points><label>4</label><labelname>door</labelname><flag>1</flag></object><object><points><x>0.12793</x><x>0.15527</x><y>0.77214</y><y>0.82682</y></points><label>6</label><labelname>sill</labelname><flag>1</flag></object><object><points><x>0.29395</x><x>0.32324</x><y>0.010417</y><y>0.10807</y></points><label>6</label><labelname>sill</labelname><flag>1</flag></object><object><points><x>0.43555</x><x>0.46484</x><y>0.015625</y><y>0.10026</y></points><label>6</label><labelname>sill</labelname><flag>1</flag></object><object><points><x>0.53125</x><x>0.59766</x><y>0.22917</y><y>0.33073</y></points><label>7</label><labelname>balcony</labelname><flag>1</flag></object><object><points><x>0.23242</x><x>0.29199</x><y>0.38802</y><y>0.89453</y></points><label>7</label><labelname>balcony</labelname><flag>1</flag></object><object><points><x>0.68359</x><x>0.73047</x><y>0.52474</y><y>0.73828</y></points><label>7</label><labelname>balcony</labelname><flag>1</flag></object><object><points><x>0.33203</x><x>0.36328</x><y>0.010417</y><y>0.10807</y></points><label>5</label><labelname>cornice</labelname><flag>1</flag></object><object><points><x>0.28516</x><x>0.31055</x><y>0.17969</y><y>0.90495</y></points><label>10</label><labelname>molding</labelname><flag>1</flag></object><object><points><x>0.71973</x><x>0.74512</x><y>0.18099</y><y>0.89844</y></points><label>10</label><labelname>molding</labelname><flag>1</flag></object><object><points><x>0.38574</x><x>0.52637</x><y>0.13021</y><y>0.15885</y></points><label>11</label><labelname>pillar</labelname><flag>1</flag></object><object><points><x>0.52734</x><x>0.61328</x><y>0.1263</y><y>0.16146</y></points><label>11</label><labelname>pillar</labelname><flag>1</flag></object><object><points><x>0.33105</x><x>0.38574</x><y>0.125</y><y>0.16406</y></points><label>11</label><labelname>pillar</labelname><flag>1</flag></object><object><points><x>0.8877</x><x>0.90918</x><y>0.56641</y><y>0.66276</y></points><label>12</label><labelname>shop</labelname><flag>1</flag></object><object><points><x>0.8877</x><x>0.90918</x><y>0.75</y><y>0.83203</y></points><label>12</label><labelname>shop</labelname><flag>1</flag></object><object><points><x>0.92285</x><x>0.9375</x><y>0.84375</y><y>0.86458</y></points><label>12</label><labelname>shop</labelname><flag>1</flag></object><object><points><x>0.84961</x><x>0.875</x><y>0.375</y><y>0.39062</y></points><label>12</label><labelname>shop</labelname><flag>1</flag></object>