<object><points><x>0.091216</x><x>0.99831</x><y>0.0019531</y><y>0.99902</y></points><label>2</label><labelname>facade</labelname><flag>1</flag></object><object><points><x>0.23311</x><x>0.29392</x><y>0.027344</y><y>0.056641</y></points><label>3</label><labelname>window</labelname><flag>1</flag></object><object><points><x>0.35304</x><x>0.41892</x><y>0.027344</y><y>0.056641</y></points><label>3</label><labelname>window</labelname><flag>1</flag></object><object><points><x>0.2348</x><x>0.29392</x><y>0.14648</y><y>0.17871</y></points><label>3</label><labelname>window</labelname><flag>1</flag></object><object><points><x>0.23311</x><x>0.29392</x><y>0.29199</y><y>0.32324</y></points><label>3</label><labelname>window</labelname><flag>1</flag></object><object><points><x>0.23311</x><x>0.29223</x><y>0.42188</y><y>0.45215</y></points><label>3</label><labelname>window</labelname><flag>1</flag></object><object><points><x>0.23649</x><x>0.29561</x><y>0.49316</y><y>0.52441</y></points><label>3</label><labelname>window</labelname><flag>1</flag></object><object><points><x>0.2348</x><x>0.29392</x><y>0.61133</y><y>0.64355</y></points><label>3</label><labelname>window</labelname><flag>1</flag></object><object><points><x>0.23311</x><x>0.28885</x><y>0.68359</y><y>0.71387</y></points><label>3</label><labelname>window</labelname><flag>1</flag></object><object><points><x>0.23311</x><x>0.28885</x><y>0.8125</y><y>0.8418</y></points><label>3</label><labelname>window</labelname><flag>1</flag></object><object><points><x>0.2348</x><x>0.29054</x><y>0.95215</y><y>0.98242</y></points><label>3</label><labelname>window</labelname><flag>1</flag></object><object><points><x>0.35135</x><x>0.41554</x><y>0.95215</y><y>0.9834</y></points><label>3</label><labelname>window</labelname><flag>1</flag></object><object><points><x>0.35135</x><x>0.41047</x><y>0.81152</y><y>0.84375</y></points><label>3</label><labelname>window</labelname><flag>1</flag></object><object><points><x>0.34797</x><x>0.41385</x><y>0.68945</y><y>0.71875</y></points><label>3</label><labelname>window</labelname><flag>1</flag></object><object><points><x>0.35135</x><x>0.41723</x><y>0.61133</y><y>0.64258</y></points><label>3</label><labelname>window</labelname><flag>1</flag></object><object><points><x>0.35135</x><x>0.41554</x><y>0.49219</y><y>0.52344</y></points><label>3</label><labelname>window</labelname><flag>1</flag></object><object><points><x>0.34966</x><x>0.41385</x><y>0.42676</y><y>0.45703</y></points><label>3</label><labelname>window</labelname><flag>1</flag></object><object><points><x>0.35304</x><x>0.41723</x><y>0.14648</y><y>0.17773</y></points><label>3</label><labelname>window</labelname><flag>1</flag></object><object><points><x>0.4848</x><x>0.54899</x><y>0.025391</y><y>0.056641</y></points><label>3</label><labelname>window</labelname><flag>1</flag></object><object><points><x>0.6098</x><x>0.67905</x><y>0.023438</y><y>0.053711</y></points><label>3</label><labelname>window</labelname><flag>1</flag></object><object><points><x>0.48142</x><x>0.54392</x><y>0.60938</y><y>0.64062</y></points><label>3</label><labelname>window</labelname><flag>1</flag></object><object><points><x>0.60304</x><x>0.66554</x><y>0.60742</y><y>0.63867</y></points><label>3</label><labelname>window</labelname><flag>1</flag></object><object><points><x>0.47973</x><x>0.54054</x><y>0.68848</y><y>0.71875</y></points><label>3</label><labelname>window</labelname><flag>1</flag></object><object><points><x>0.48311</x><x>0.54392</x><y>0.49414</y><y>0.52441</y></points><label>3</label><labelname>window</labelname><flag>1</flag></object><object><points><x>0.60304</x><x>0.66892</x><y>0.6875</y><y>0.7168</y></points><label>3</label><labelname>window</labelname><flag>1</flag></object><object><points><x>0.47635</x><x>0.54392</x><y>0.95215</y><y>0.98145</y></points><label>3</label><labelname>window</labelname><flag>1</flag></object><object><points><x>0.60135</x><x>0.66723</x><y>0.95215</y><y>0.98145</y></points><label>3</label><labelname>window</labelname><flag>1</flag></object><object><points><x>0.47973</x><x>0.53547</x><y>0.80957</y><y>0.83984</y></points><label>3</label><labelname>window</labelname><flag>1</flag></object><object><points><x>0.6098</x><x>0.6723</x><y>0.80664</y><y>0.83789</y></points><label>3</label><labelname>window</labelname><flag>1</flag></object><object><points><x>0.23311</x><x>0.29561</x><y>0.37109</y><y>0.38672</y></points><label>3</label><labelname>window</labelname><flag>1</flag></object><object><points><x>0.2348</x><x>0.2973</x><y>0.56055</y><y>0.57617</y></points><label>3</label><labelname>window</labelname><flag>1</flag></object><object><points><x>0.35304</x><x>0.41554</x><y>0.56055</y><y>0.57617</y></points><label>3</label><labelname>window</labelname><flag>1</flag></object><object><points><x>0.48142</x><x>0.54392</x><y>0.55762</y><y>0.57324</y></points><label>3</label><labelname>window</labelname><flag>1</flag></object><object><points><x>0.23311</x><x>0.29561</x><y>0.74902</y><y>0.76465</y></points><label>3</label><labelname>window</labelname><flag>1</flag></object><object><points><x>0.35304</x><x>0.41554</x><y>0.74707</y><y>0.7627</y></points><label>3</label><labelname>window</labelname><flag>1</flag></object><object><points><x>0.23142</x><x>0.29392</x><y>0.89062</y><y>0.90625</y></points><label>3</label><labelname>window</labelname><flag>1</flag></object><object><points><x>0.34966</x><x>0.41216</x><y>0.88867</y><y>0.9043</y></points><label>3</label><labelname>window</labelname><flag>1</flag></object><object><points><x>0.48142</x><x>0.54392</x><y>0.74707</y><y>0.7627</y></points><label>3</label><labelname>window</labelname><flag>1</flag></object><object><points><x>0.10811</x><x>0.11993</x><y>0.13672</y><y>0.14355</y></points><label>3</label><labelname>window</labelname><flag>1</flag></object><object><points><x>0.10811</x><x>0.11993</x><y>0.27832</y><y>0.28613</y></points><label>3</label><labelname>window</labelname><flag>1</flag></object><object><points><x>0.1098</x><x>0.12162</x><y>0.40039</y><y>0.4082</y></points><label>3</label><labelname>window</labelname><flag>1</flag></object><object><points><x>0.1098</x><x>0.11993</x><y>0.49512</y><y>0.50195</y></points><label>3</label><labelname>window</labelname><flag>1</flag></object><object><points><x>0.1098</x><x>0.12162</x><y>0.87012</y><y>0.87793</y></points><label>3</label><labelname>window</labelname><flag>1</flag></object><object><points><x>0.73142</x><x>0.79899</x><y>0.68164</y><y>0.71191</y></points><label>3</label><labelname>window</labelname><flag>1</flag></object><object><points><x>0.7348</x><x>0.79561</x><y>0.60742</y><y>0.63867</y></points><label>3</label><labelname>window</labelname><flag>1</flag></object><object><points><x>0.31419</x><x>0.36318</x><y>0.54688</y><y>0.58984</y></points><label>5</label><labelname>cornice</labelname><flag>1</flag></object><object><points><x>0.31419</x><x>0.36318</x><y>0.87695</y><y>0.91992</y></points><label>5</label><labelname>cornice</labelname><flag>1</flag></object><object><points><x>0.31419</x><x>0.36318</x><y>0.73535</y><y>0.77734</y></points><label>5</label><labelname>cornice</labelname><flag>1</flag></object><object><points><x>0.31419</x><x>0.36318</x><y>0.47949</y><y>0.53906</y></points><label>5</label><labelname>cornice</labelname><flag>1</flag></object><object><points><x>0.31081</x><x>0.35811</x><y>0.41406</y><y>0.47266</y></points><label>5</label><labelname>cornice</labelname><flag>1</flag></object><object><points><x>0.31588</x><x>0.36318</x><y>0.59668</y><y>0.65625</y></points><label>5</label><labelname>cornice</labelname><flag>1</flag></object><object><points><x>0.3125</x><x>0.3598</x><y>0.68262</y><y>0.73438</y></points><label>5</label><labelname>cornice</labelname><flag>1</flag></object><object><points><x>0.31081</x><x>0.35304</x><y>0.93848</y><y>0.99609</y></points><label>5</label><labelname>cornice</labelname><flag>1</flag></object><object><points><x>0.19595</x><x>0.22973</x><y>0.014648</y><y>0.070312</y></points><label>5</label><labelname>cornice</labelname><flag>1</flag></object><object><points><x>0.19595</x><x>0.22973</x><y>0.13379</y><y>0.18945</y></points><label>5</label><labelname>cornice</labelname><flag>1</flag></object><object><points><x>0.19764</x><x>0.23142</x><y>0.28027</y><y>0.33691</y></points><label>5</label><labelname>cornice</labelname><flag>1</flag></object><object><points><x>0.19764</x><x>0.23142</x><y>0.41113</y><y>0.4668</y></points><label>5</label><labelname>cornice</labelname><flag>1</flag></object><object><points><x>0.19764</x><x>0.23142</x><y>0.48242</y><y>0.53809</y></points><label>5</label><labelname>cornice</labelname><flag>1</flag></object><object><points><x>0.19932</x><x>0.23142</x><y>0.59961</y><y>0.65527</y></points><label>5</label><labelname>cornice</labelname><flag>1</flag></object><object><points><x>0.19595</x><x>0.22973</x><y>0.67188</y><y>0.72754</y></points><label>5</label><labelname>cornice</labelname><flag>1</flag></object><object><points><x>0.19595</x><x>0.22804</x><y>0.80078</y><y>0.85645</y></points><label>5</label><labelname>cornice</labelname><flag>1</flag></object><object><points><x>0.19595</x><x>0.22973</x><y>0.93945</y><y>0.99512</y></points><label>5</label><labelname>cornice</labelname><flag>1</flag></object><object><points><x>0.19426</x><x>0.22635</x><y>0.87988</y><y>0.91699</y></points><label>5</label><labelname>cornice</labelname><flag>1</flag></object><object><points><x>0.19764</x><x>0.23142</x><y>0.73828</y><y>0.77539</y></points><label>5</label><labelname>cornice</labelname><flag>1</flag></object><object><points><x>0.19764</x><x>0.23142</x><y>0.54883</y><y>0.58594</y></points><label>5</label><labelname>cornice</labelname><flag>1</flag></object><object><points><x>0.19764</x><x>0.23142</x><y>0.36035</y><y>0.39746</y></points><label>5</label><labelname>cornice</labelname><flag>1</flag></object><object><points><x>0.29054</x><x>0.31081</x><y>0.021484</y><y>0.061523</y></points><label>6</label><labelname>sill</labelname><flag>1</flag></object><object><points><x>0.29392</x><x>0.31926</x><y>0.48438</y><y>0.53418</y></points><label>6</label><labelname>sill</labelname><flag>1</flag></object><object><points><x>0.29223</x><x>0.31757</x><y>0.60156</y><y>0.65137</y></points><label>6</label><labelname>sill</labelname><flag>1</flag></object><object><points><x>0.29392</x><x>0.31419</x><y>0.55176</y><y>0.58398</y></points><label>6</label><labelname>sill</labelname><flag>1</flag></object><object><points><x>0.29392</x><x>0.31419</x><y>0.74023</y><y>0.77148</y></points><label>6</label><labelname>sill</labelname><flag>1</flag></object><object><points><x>0.29392</x><x>0.31419</x><y>0.88184</y><y>0.91406</y></points><label>6</label><labelname>sill</labelname><flag>1</flag></object><object><points><x>0.29054</x><x>0.31419</x><y>0.94238</y><y>0.99219</y></points><label>6</label><labelname>sill</labelname><flag>1</flag></object><object><points><x>0.28378</x><x>0.35304</x><y>0.80078</y><y>0.85938</y></points><label>7</label><labelname>balcony</labelname><flag>1</flag></object><object><points><x>0.28209</x><x>0.32095</x><y>0.67188</y><y>0.73242</y></points><label>7</label><labelname>balcony</labelname><flag>1</flag></object><object><points><x>0.28716</x><x>0.31588</x><y>0.41211</y><y>0.47168</y></points><label>7</label><labelname>balcony</labelname><flag>1</flag></object><object><points><x>0.40878</x><x>0.46622</x><y>0.79785</y><y>0.86426</y></points><label>7</label><labelname>balcony</labelname><flag>1</flag></object><object><points><x>0.35304</x><x>0.38851</x><y>0.49316</y><y>0.52148</y></points><label>8</label><labelname>blind</labelname><flag>1</flag></object><object><points><x>0.14527</x><x>0.22804</x><y>0.0039062</y><y>0.99609</y></points><label>10</label><labelname>molding</labelname><flag>1</flag></object><object><points><x>0.29054</x><x>0.32939</x><y>0.0039062</y><y>0.99707</y></points><label>10</label><labelname>molding</labelname><flag>1</flag></object><object><points><x>0.41216</x><x>0.4527</x><y>0.0039062</y><y>0.99707</y></points><label>10</label><labelname>molding</labelname><flag>1</flag></object><object><points><x>0.0050676</x><x>0.11655</x><y>0.62695</y><y>0.83496</y></points><label>12</label><labelname>shop</labelname><flag>1</flag></object>