<object><points><x>0.077148</x><x>0.95996</x><y>0.10294</y><y>0.8174</y></points><label>2</label><labelname>facade</labelname><flag>1</flag></object><object><points><x>0.5918</x><x>0.72363</x><y>0.1973</y><y>0.26838</y></points><label>3</label><labelname>window</labelname><flag>1</flag></object><object><points><x>0.59668</x><x>0.69434</x><y>0.40931</y><y>0.46936</y></points><label>3</label><labelname>window</labelname><flag>1</flag></object><object><points><x>0.54492</x><x>0.5918</x><y>0.38113</y><y>0.50245</y></points><label>5</label><labelname>cornice</labelname><flag>1</flag></object><object><points><x>0.54492</x><x>0.59375</x><y>0.6348</y><y>0.7598</y></points><label>5</label><labelname>cornice</labelname><flag>1</flag></object><object><points><x>0.54492</x><x>0.58984</x><y>0.5098</y><y>0.62745</y></points><label>5</label><labelname>cornice</labelname><flag>1</flag></object><object><points><x>0.5957</x><x>0.69531</x><y>0.66176</y><y>0.72549</y></points><label>3</label><labelname>window</labelname><flag>1</flag></object><object><points><x>0.5957</x><x>0.69336</x><y>0.53431</y><y>0.59804</y></points><label>3</label><labelname>window</labelname><flag>1</flag></object><object><points><x>0.4209</x><x>0.51465</x><y>0.66054</y><y>0.72426</y></points><label>3</label><labelname>window</labelname><flag>1</flag></object><object><points><x>0.25098</x><x>0.33691</x><y>0.66299</y><y>0.71814</y></points><label>3</label><labelname>window</labelname><flag>1</flag></object><object><points><x>0.38574</x><x>0.41797</x><y>0.6348</y><y>0.75858</y></points><label>5</label><labelname>cornice</labelname><flag>1</flag></object><object><points><x>0.38574</x><x>0.41992</x><y>0.50735</y><y>0.6299</y></points><label>5</label><labelname>cornice</labelname><flag>1</flag></object><object><points><x>0.38574</x><x>0.41797</x><y>0.38113</y><y>0.50123</y></points><label>5</label><labelname>cornice</labelname><flag>1</flag></object><object><points><x>0.41992</x><x>0.51465</x><y>0.53431</y><y>0.59681</y></points><label>3</label><labelname>window</labelname><flag>1</flag></object><object><points><x>0.4209</x><x>0.51367</x><y>0.40931</y><y>0.46936</y></points><label>3</label><labelname>window</labelname><flag>1</flag></object><object><points><x>0.25</x><x>0.33789</x><y>0.53554</y><y>0.59191</y></points><label>3</label><labelname>window</labelname><flag>1</flag></object><object><points><x>0.25</x><x>0.33789</x><y>0.41054</y><y>0.46446</y></points><label>3</label><labelname>window</labelname><flag>1</flag></object><object><points><x>0.41309</x><x>0.53906</x><y>0.1973</y><y>0.26961</y></points><label>3</label><labelname>window</labelname><flag>1</flag></object><object><points><x>0.24316</x><x>0.32715</x><y>0.20588</y><y>0.25858</y></points><label>3</label><labelname>window</labelname><flag>1</flag></object><object><points><x>0.3418</x><x>0.40625</x><y>0.14461</y><y>0.31863</y></points><label>5</label><labelname>cornice</labelname><flag>1</flag></object><object><points><x>0.1875</x><x>0.25098</x><y>0.84436</y><y>0.96078</y></points><label>3</label><labelname>window</labelname><flag>1</flag></object><object><points><x>0.32031</x><x>0.38379</x><y>0.84436</y><y>0.95956</y></points><label>3</label><labelname>window</labelname><flag>1</flag></object><object><points><x>0.51074</x><x>0.53906</x><y>0.38358</y><y>0.49265</y></points><label>6</label><labelname>sill</labelname><flag>1</flag></object><object><points><x>0.51367</x><x>0.54297</x><y>0.5098</y><y>0.6201</y></points><label>6</label><labelname>sill</labelname><flag>1</flag></object><object><points><x>0.5127</x><x>0.54102</x><y>0.63971</y><y>0.74877</y></points><label>6</label><labelname>sill</labelname><flag>1</flag></object><object><points><x>0.67676</x><x>0.71289</x><y>0.14461</y><y>0.3125</y></points><label>7</label><labelname>balcony</labelname><flag>1</flag></object><object><points><x>0.69531</x><x>0.72266</x><y>0.39461</y><y>0.48407</y></points><label>7</label><labelname>balcony</labelname><flag>1</flag></object><object><points><x>0.69629</x><x>0.72363</x><y>0.52206</y><y>0.61152</y></points><label>7</label><labelname>balcony</labelname><flag>1</flag></object><object><points><x>0.69824</x><x>0.72559</x><y>0.65074</y><y>0.73897</y></points><label>7</label><labelname>balcony</labelname><flag>1</flag></object><object><points><x>0.48535</x><x>0.52051</x><y>0.16299</y><y>0.29657</y></points><label>7</label><labelname>balcony</labelname><flag>1</flag></object><object><points><x>0.083008</x><x>0.12207</x><y>0.26593</y><y>0.35294</y></points><label>7</label><labelname>balcony</labelname><flag>1</flag></object><object><points><x>0.087891</x><x>0.12012</x><y>0.11887</y><y>0.19853</y></points><label>7</label><labelname>balcony</labelname><flag>1</flag></object><object><points><x>0.09375</x><x>0.11914</x><y>0.20343</y><y>0.26225</y></points><label>9</label><labelname>deco</labelname><flag>1</flag></object><object><points><x>0.24609</x><x>0.32715</x><y>0.13235</y><y>0.18627</y></points><label>9</label><labelname>deco</labelname><flag>1</flag></object><object><points><x>0.24609</x><x>0.32715</x><y>0.28064</y><y>0.33456</y></points><label>9</label><labelname>deco</labelname><flag>1</flag></object><object><points><x>0.23828</x><x>0.33887</x><y>0.74755</y><y>0.78554</y></points><label>9</label><labelname>deco</labelname><flag>1</flag></object><object><points><x>0.23828</x><x>0.33789</x><y>0.61765</y><y>0.63725</y></points><label>9</label><labelname>deco</labelname><flag>1</flag></object><object><points><x>0.2373</x><x>0.33691</x><y>0.49142</y><y>0.51103</y></points><label>9</label><labelname>deco</labelname><flag>1</flag></object><object><points><x>0.2373</x><x>0.33691</x><y>0.3652</y><y>0.38603</y></points><label>9</label><labelname>deco</labelname><flag>1</flag></object><object><points><x>0.19824</x><x>0.2207</x><y>0.36397</y><y>0.80392</y></points><label>9</label><labelname>deco</labelname><flag>1</flag></object><object><points><x>0.18848</x><x>0.21289</x><y>0.10417</y><y>0.36029</y></points><label>9</label><labelname>deco</labelname><flag>1</flag></object><object><points><x>0.23145</x><x>0.24414</x><y>0.18137</y><y>0.21446</y></points><label>9</label><labelname>deco</labelname><flag>1</flag></object><object><points><x>0.22949</x><x>0.24512</x><y>0.24755</y><y>0.28922</y></points><label>9</label><labelname>deco</labelname><flag>1</flag></object><object><points><x>0.22852</x><x>0.24512</x><y>0.33578</y><y>0.34436</y></points><label>9</label><labelname>deco</labelname><flag>1</flag></object><object><points><x>0.22949</x><x>0.24707</x><y>0.1201</y><y>0.13113</y></points><label>9</label><labelname>deco</labelname><flag>1</flag></object><object><points><x>0.23047</x><x>0.23926</x><y>0.13235</y><y>0.15319</y></points><label>9</label><labelname>deco</labelname><flag>1</flag></object><object><points><x>0.22949</x><x>0.24023</x><y>0.3125</y><y>0.33333</y></points><label>9</label><labelname>deco</labelname><flag>1</flag></object><object><points><x>0.32227</x><x>0.3623</x><y>0.15564</y><y>0.22426</y></points><label>9</label><labelname>deco</labelname><flag>1</flag></object><object><points><x>0.32129</x><x>0.36133</x><y>0.24142</y><y>0.30882</y></points><label>9</label><labelname>deco</labelname><flag>1</flag></object><object><points><x>0.125</x><x>0.23047</x><y>0.10784</y><y>0.80637</y></points><label>10</label><labelname>molding</labelname><flag>1</flag></object><object><points><x>0.32227</x><x>0.37598</x><y>0.10539</y><y>0.80637</y></points><label>10</label><labelname>molding</labelname><flag>1</flag></object><object><points><x>0.71777</x><x>0.76758</x><y>0.10049</y><y>0.80515</y></points><label>10</label><labelname>molding</labelname><flag>1</flag></object><object><points><x>0.59473</x><x>0.67773</x><y>0.17034</y><y>0.18627</y></points><label>11</label><labelname>pillar</labelname><flag>1</flag></object><object><points><x>0.59375</x><x>0.67773</x><y>0.28186</y><y>0.29779</y></points><label>11</label><labelname>pillar</labelname><flag>1</flag></object><object><points><x>0.40137</x><x>0.48535</x><y>0.28186</y><y>0.29779</y></points><label>9</label><labelname>deco</labelname><flag>1</flag></object><object><points><x>0.40039</x><x>0.48438</x><y>0.16789</y><y>0.18382</y></points><label>9</label><labelname>deco</labelname><flag>1</flag></object><object><points><x>0.39453</x><x>0.40137</x><y>0.16544</y><y>0.1875</y></points><label>11</label><labelname>pillar</labelname><flag>1</flag></object><object><points><x>0.39551</x><x>0.40137</x><y>0.27941</y><y>0.30147</y></points><label>11</label><labelname>pillar</labelname><flag>1</flag></object><object><points><x>0.58105</x><x>0.59375</x><y>0.27819</y><y>0.30637</y></points><label>11</label><labelname>pillar</labelname><flag>1</flag></object><object><points><x>0.58203</x><x>0.59473</x><y>0.16422</y><y>0.1924</y></points><label>11</label><labelname>pillar</labelname><flag>1</flag></object><object><points><x>0.78613</x><x>0.95117</x><y>0.39828</y><y>0.48162</y></points><label>12</label><labelname>shop</labelname><flag>1</flag></object><object><points><x>0.77832</x><x>0.94629</x><y>0.1875</y><y>0.28431</y></points><label>12</label><labelname>shop</labelname><flag>1</flag></object><object><points><x>0.78613</x><x>0.95117</x><y>0.52083</y><y>0.60417</y></points><label>12</label><labelname>shop</labelname><flag>1</flag></object><object><points><x>0.78711</x><x>0.95215</x><y>0.65441</y><y>0.73775</y></points><label>12</label><labelname>shop</labelname><flag>1</flag></object>