<object><points><x>0.32812</x><x>0.3877</x><y>0.26302</y><y>0.29036</y></points><label>3</label><labelname>window</labelname><flag>1</flag></object><object><points><x>0.32812</x><x>0.38672</x><y>0.29688</y><y>0.32292</y></points><label>3</label><labelname>window</labelname><flag>1</flag></object><object><points><x>0.44922</x><x>0.51172</x><y>0.26042</y><y>0.28776</y></points><label>3</label><labelname>window</labelname><flag>1</flag></object><object><points><x>0.44824</x><x>0.51172</x><y>0.29557</y><y>0.32292</y></points><label>3</label><labelname>window</labelname><flag>1</flag></object><object><points><x>0.43164</x><x>0.44531</x><y>0.24479</y><y>0.33724</y></points><label>5</label><labelname>cornice</labelname><flag>1</flag></object><object><points><x>0.3252</x><x>0.38477</x><y>0.40365</y><y>0.44401</y></points><label>3</label><labelname>window</labelname><flag>1</flag></object><object><points><x>0.3252</x><x>0.38477</x><y>0.4974</y><y>0.53776</y></points><label>3</label><labelname>window</labelname><flag>1</flag></object><object><points><x>0.44531</x><x>0.50879</x><y>0.40365</y><y>0.44531</y></points><label>3</label><labelname>window</labelname><flag>1</flag></object><object><points><x>0.44531</x><x>0.50977</x><y>0.4987</y><y>0.54036</y></points><label>3</label><labelname>window</labelname><flag>1</flag></object><object><points><x>0.42871</x><x>0.44336</x><y>0.38542</y><y>0.46094</y></points><label>5</label><labelname>cornice</labelname><flag>1</flag></object><object><points><x>0.42871</x><x>0.44531</x><y>0.48047</y><y>0.55599</y></points><label>5</label><labelname>cornice</labelname><flag>1</flag></object><object><points><x>0.44629</x><x>0.5</x><y>0.58854</y><y>0.61068</y></points><label>3</label><labelname>window</labelname><flag>1</flag></object><object><points><x>0.3252</x><x>0.38477</x><y>0.58854</y><y>0.61589</y></points><label>3</label><labelname>window</labelname><flag>1</flag></object><object><points><x>0.32324</x><x>0.35645</x><y>0.64583</y><y>0.69792</y></points><label>3</label><labelname>window</labelname><flag>1</flag></object><object><points><x>0.3252</x><x>0.38477</x><y>0.73047</y><y>0.75651</y></points><label>3</label><labelname>window</labelname><flag>1</flag></object><object><points><x>0.41309</x><x>0.4873</x><y>0.63932</y><y>0.70182</y></points><label>3</label><labelname>window</labelname><flag>1</flag></object><object><points><x>0.44531</x><x>0.50098</x><y>0.73177</y><y>0.75521</y></points><label>3</label><labelname>window</labelname><flag>1</flag></object><object><points><x>0.3252</x><x>0.38477</x><y>0.80208</y><y>0.84245</y></points><label>3</label><labelname>window</labelname><flag>1</flag></object><object><points><x>0.44531</x><x>0.50977</x><y>0.79818</y><y>0.83984</y></points><label>3</label><labelname>window</labelname><flag>1</flag></object><object><points><x>0.42871</x><x>0.44434</x><y>0.78255</y><y>0.85547</y></points><label>5</label><labelname>cornice</labelname><flag>1</flag></object><object><points><x>0.54199</x><x>0.57617</x><y>0.77995</y><y>0.86458</y></points><label>5</label><labelname>cornice</labelname><flag>1</flag></object><object><points><x>0.5791</x><x>0.65527</x><y>0.80078</y><y>0.84375</y></points><label>3</label><labelname>window</labelname><flag>1</flag></object><object><points><x>0.55469</x><x>0.62891</x><y>0.73307</y><y>0.7526</y></points><label>3</label><labelname>window</labelname><flag>1</flag></object><object><points><x>0.69336</x><x>0.76953</x><y>0.71745</y><y>0.7474</y></points><label>3</label><labelname>window</labelname><flag>1</flag></object><object><points><x>0.70605</x><x>0.77051</x><y>0.80599</y><y>0.84505</y></points><label>3</label><labelname>window</labelname><flag>1</flag></object><object><points><x>0.84375</x><x>0.91211</x><y>0.80339</y><y>0.84635</y></points><label>3</label><labelname>window</labelname><flag>1</flag></object><object><points><x>0.84375</x><x>0.91309</x><y>0.71875</y><y>0.74349</y></points><label>3</label><labelname>window</labelname><flag>1</flag></object><object><points><x>0.84375</x><x>0.91309</x><y>0.60026</y><y>0.6224</y></points><label>3</label><labelname>window</labelname><flag>1</flag></object><object><points><x>0.84375</x><x>0.91211</x><y>0.64974</y><y>0.69141</y></points><label>3</label><labelname>window</labelname><flag>1</flag></object><object><points><x>0.84473</x><x>0.91309</x><y>0.49609</y><y>0.53776</y></points><label>3</label><labelname>window</labelname><flag>1</flag></object><object><points><x>0.84375</x><x>0.91309</x><y>0.40104</y><y>0.44401</y></points><label>3</label><labelname>window</labelname><flag>1</flag></object><object><points><x>0.84766</x><x>0.98047</x><y>0.25521</y><y>0.32031</y></points><label>4</label><labelname>door</labelname><flag>1</flag></object><object><points><x>0.68652</x><x>0.70605</x><y>0.23307</y><y>0.34115</y></points><label>5</label><labelname>cornice</labelname><flag>1</flag></object><object><points><x>0.70898</x><x>0.7793</x><y>0.25781</y><y>0.28516</y></points><label>3</label><labelname>window</labelname><flag>1</flag></object><object><points><x>0.70996</x><x>0.7793</x><y>0.29427</y><y>0.32161</y></points><label>3</label><labelname>window</labelname><flag>1</flag></object><object><points><x>0.70215</x><x>0.77832</x><y>0.40234</y><y>0.44401</y></points><label>3</label><labelname>window</labelname><flag>1</flag></object><object><points><x>0.7041</x><x>0.77344</x><y>0.49609</y><y>0.54036</y></points><label>3</label><labelname>window</labelname><flag>1</flag></object><object><points><x>0.68652</x><x>0.7041</x><y>0.38151</y><y>0.46094</y></points><label>5</label><labelname>cornice</labelname><flag>1</flag></object><object><points><x>0.68652</x><x>0.76953</x><y>0.64323</y><y>0.69531</y></points><label>3</label><labelname>window</labelname><flag>1</flag></object><object><points><x>0.69434</x><x>0.76953</x><y>0.59115</y><y>0.6224</y></points><label>3</label><labelname>window</labelname><flag>1</flag></object><object><points><x>0.54883</x><x>0.62988</x><y>0.63672</y><y>0.70182</y></points><label>3</label><labelname>window</labelname><flag>1</flag></object><object><points><x>0.55371</x><x>0.62891</x><y>0.58854</y><y>0.60677</y></points><label>3</label><labelname>window</labelname><flag>1</flag></object><object><points><x>0.5791</x><x>0.65527</x><y>0.4974</y><y>0.53906</y></points><label>3</label><labelname>window</labelname><flag>1</flag></object><object><points><x>0.54199</x><x>0.57812</x><y>0.47526</y><y>0.5599</y></points><label>5</label><labelname>cornice</labelname><flag>1</flag></object><object><points><x>0.54102</x><x>0.57812</x><y>0.3776</y><y>0.46615</y></points><label>5</label><labelname>cornice</labelname><flag>1</flag></object><object><points><x>0.5791</x><x>0.64453</x><y>0.40365</y><y>0.44401</y></points><label>3</label><labelname>window</labelname><flag>1</flag></object><object><points><x>0.54395</x><x>0.57812</x><y>0.23698</y><y>0.33854</y></points><label>5</label><labelname>cornice</labelname><flag>1</flag></object><object><points><x>0.58008</x><x>0.64648</x><y>0.26693</y><y>0.3138</y></points><label>3</label><labelname>window</labelname><flag>1</flag></object><object><points><x>0.14844</x><x>0.98438</x><y>0.21094</y><y>0.97786</y></points><label>2</label><labelname>facade</labelname><flag>1</flag></object><object><points><x>0.3252</x><x>0.38477</x><y>0.89714</y><y>0.9388</y></points><label>3</label><labelname>window</labelname><flag>1</flag></object><object><points><x>0.44531</x><x>0.50977</x><y>0.89974</y><y>0.94141</y></points><label>3</label><labelname>window</labelname><flag>1</flag></object><object><points><x>0.34277</x><x>0.40234</x><y>0.10156</y><y>0.14974</y></points><label>3</label><labelname>window</labelname><flag>1</flag></object><object><points><x>0.45996</x><x>0.52148</x><y>0.10156</y><y>0.14583</y></points><label>3</label><labelname>window</labelname><flag>1</flag></object><object><points><x>0.58203</x><x>0.65723</x><y>0.10286</y><y>0.14583</y></points><label>3</label><labelname>window</labelname><flag>1</flag></object><object><points><x>0.19922</x><x>0.24805</x><y>0.65495</y><y>0.6875</y></points><label>3</label><labelname>window</labelname><flag>1</flag></object><object><points><x>0.42773</x><x>0.44336</x><y>0.88281</y><y>0.95703</y></points><label>5</label><labelname>cornice</labelname><flag>1</flag></object><object><points><x>0.53906</x><x>0.5752</x><y>0.87891</y><y>0.96094</y></points><label>5</label><labelname>cornice</labelname><flag>1</flag></object><object><points><x>0.43359</x><x>0.46582</x><y>0.080729</y><y>0.16536</y></points><label>5</label><labelname>cornice</labelname><flag>1</flag></object><object><points><x>0.56055</x><x>0.58984</x><y>0.074219</y><y>0.16146</y></points><label>5</label><labelname>cornice</labelname><flag>1</flag></object><object><points><x>0.50781</x><x>0.52734</x><y>0.24219</y><y>0.33464</y></points><label>6</label><labelname>sill</labelname><flag>1</flag></object><object><points><x>0.50781</x><x>0.52441</x><y>0.38802</y><y>0.45833</y></points><label>6</label><labelname>sill</labelname><flag>1</flag></object><object><points><x>0.50684</x><x>0.52246</x><y>0.48307</y><y>0.55339</y></points><label>6</label><labelname>sill</labelname><flag>1</flag></object><object><points><x>0.50879</x><x>0.52441</x><y>0.78516</y><y>0.85547</y></points><label>6</label><labelname>sill</labelname><flag>1</flag></object><object><points><x>0.50879</x><x>0.52441</x><y>0.88151</y><y>0.95182</y></points><label>6</label><labelname>sill</labelname><flag>1</flag></object><object><points><x>0.64355</x><x>0.66992</x><y>0.38151</y><y>0.45964</y></points><label>6</label><labelname>sill</labelname><flag>1</flag></object><object><points><x>0.64062</x><x>0.6748</x><y>0.23307</y><y>0.33464</y></points><label>6</label><labelname>sill</labelname><flag>1</flag></object><object><points><x>0.7793</x><x>0.80371</x><y>0.25391</y><y>0.28776</y></points><label>7</label><labelname>balcony</labelname><flag>1</flag></object><object><points><x>0.7793</x><x>0.80371</x><y>0.29036</y><y>0.32422</y></points><label>7</label><labelname>balcony</labelname><flag>1</flag></object><object><points><x>0.77832</x><x>0.80371</x><y>0.38932</y><y>0.45312</y></points><label>7</label><labelname>balcony</labelname><flag>1</flag></object><object><points><x>0.77148</x><x>0.79883</x><y>0.46094</y><y>0.55208</y></points><label>7</label><labelname>balcony</labelname><flag>1</flag></object><object><points><x>0.77051</x><x>0.79883</x><y>0.78646</y><y>0.8776</y></points><label>7</label><labelname>balcony</labelname><flag>1</flag></object><object><points><x>0.48438</x><x>0.5293</x><y>0.57552</y><y>0.76693</y></points><label>7</label><labelname>balcony</labelname><flag>1</flag></object><object><points><x>0.35254</x><x>0.37988</x><y>0.61979</y><y>0.72266</y></points><label>7</label><labelname>balcony</labelname><flag>1</flag></object><object><points><x>0.62988</x><x>0.65625</x><y>0.46354</y><y>0.57422</y></points><label>7</label><labelname>balcony</labelname><flag>1</flag></object><object><points><x>0.62891</x><x>0.6543</x><y>0.77083</y><y>0.875</y></points><label>7</label><labelname>balcony</labelname><flag>1</flag></object><object><points><x>0.28418</x><x>0.31055</x><y>0.44922</y><y>0.46094</y></points><label>9</label><labelname>deco</labelname><flag>1</flag></object><object><points><x>0.28418</x><x>0.30957</x><y>0.48047</y><y>0.49219</y></points><label>9</label><labelname>deco</labelname><flag>1</flag></object><object><points><x>0.28418</x><x>0.31055</x><y>0.51172</y><y>0.52344</y></points><label>9</label><labelname>deco</labelname><flag>1</flag></object><object><points><x>0.28223</x><x>0.30859</x><y>0.54427</y><y>0.55469</y></points><label>9</label><labelname>deco</labelname><flag>1</flag></object><object><points><x>0.28418</x><x>0.31055</x><y>0.57422</y><y>0.58594</y></points><label>9</label><labelname>deco</labelname><flag>1</flag></object><object><points><x>0.28418</x><x>0.31055</x><y>0.60417</y><y>0.61589</y></points><label>9</label><labelname>deco</labelname><flag>1</flag></object><object><points><x>0.28418</x><x>0.30957</x><y>0.63542</y><y>0.64583</y></points><label>9</label><labelname>deco</labelname><flag>1</flag></object><object><points><x>0.28418</x><x>0.31055</x><y>0.41797</y><y>0.42969</y></points><label>9</label><labelname>deco</labelname><flag>1</flag></object><object><points><x>0.28418</x><x>0.31055</x><y>0.38542</y><y>0.39714</y></points><label>9</label><labelname>deco</labelname><flag>1</flag></object><object><points><x>0.28223</x><x>0.30859</x><y>0.35938</y><y>0.36979</y></points><label>9</label><labelname>deco</labelname><flag>1</flag></object><object><points><x>0.28711</x><x>0.31348</x><y>0.34635</y><y>0.35807</y></points><label>9</label><labelname>deco</labelname><flag>1</flag></object><object><points><x>0.28613</x><x>0.3125</x><y>0.31641</y><y>0.32812</y></points><label>9</label><labelname>deco</labelname><flag>1</flag></object><object><points><x>0.28613</x><x>0.3125</x><y>0.28516</y><y>0.29557</y></points><label>9</label><labelname>deco</labelname><flag>1</flag></object><object><points><x>0.28711</x><x>0.31348</x><y>0.25651</y><y>0.26823</y></points><label>9</label><labelname>deco</labelname><flag>1</flag></object><object><points><x>0.28613</x><x>0.3125</x><y>0.22526</y><y>0.23568</y></points><label>9</label><labelname>deco</labelname><flag>1</flag></object><object><points><x>0.28613</x><x>0.3125</x><y>0.21224</y><y>0.22266</y></points><label>9</label><labelname>deco</labelname><flag>1</flag></object><object><points><x>0.28418</x><x>0.30957</x><y>0.66406</y><y>0.67578</y></points><label>9</label><labelname>deco</labelname><flag>1</flag></object><object><points><x>0.28418</x><x>0.31055</x><y>0.69661</y><y>0.70703</y></points><label>9</label><labelname>deco</labelname><flag>1</flag></object><object><points><x>0.28418</x><x>0.30957</x><y>0.72656</y><y>0.73828</y></points><label>9</label><labelname>deco</labelname><flag>1</flag></object><object><points><x>0.28516</x><x>0.31055</x><y>0.75781</y><y>0.76823</y></points><label>9</label><labelname>deco</labelname><flag>1</flag></object><object><points><x>0.2832</x><x>0.30859</x><y>0.78646</y><y>0.79818</y></points><label>9</label><labelname>deco</labelname><flag>1</flag></object><object><points><x>0.28418</x><x>0.30957</x><y>0.81771</y><y>0.82943</y></points><label>9</label><labelname>deco</labelname><flag>1</flag></object><object><points><x>0.28418</x><x>0.30957</x><y>0.84896</y><y>0.86068</y></points><label>9</label><labelname>deco</labelname><flag>1</flag></object><object><points><x>0.2832</x><x>0.30957</x><y>0.88151</y><y>0.89193</y></points><label>9</label><labelname>deco</labelname><flag>1</flag></object><object><points><x>0.2832</x><x>0.30957</x><y>0.91406</y><y>0.92578</y></points><label>9</label><labelname>deco</labelname><flag>1</flag></object><object><points><x>0.28516</x><x>0.31055</x><y>0.94661</y><y>0.95833</y></points><label>9</label><labelname>deco</labelname><flag>1</flag></object><object><points><x>0.22852</x><x>0.24316</x><y>0.72656</y><y>0.74609</y></points><label>9</label><labelname>deco</labelname><flag>1</flag></object><object><points><x>0.22949</x><x>0.24512</x><y>0.59896</y><y>0.61849</y></points><label>9</label><labelname>deco</labelname><flag>1</flag></object><object><points><x>0.63574</x><x>0.65039</x><y>0.63932</y><y>0.70052</y></points><label>9</label><labelname>deco</labelname><flag>1</flag></object><object><points><x>0.63477</x><x>0.64941</x><y>0.58594</y><y>0.61849</y></points><label>9</label><labelname>deco</labelname><flag>1</flag></object><object><points><x>0.63379</x><x>0.64844</x><y>0.72005</y><y>0.7526</y></points><label>9</label><labelname>deco</labelname><flag>1</flag></object><object><points><x>0.68164</x><x>0.69336</x><y>0.71224</y><y>0.7513</y></points><label>9</label><labelname>deco</labelname><flag>1</flag></object><object><points><x>0.68164</x><x>0.69336</x><y>0.58594</y><y>0.625</y></points><label>9</label><labelname>deco</labelname><flag>1</flag></object><object><points><x>0.81348</x><x>0.83887</x><y>0.24349</y><y>0.32943</y></points><label>9</label><labelname>deco</labelname><flag>1</flag></object><object><points><x>0.81641</x><x>0.83008</x><y>0.39714</y><y>0.44922</y></points><label>9</label><labelname>deco</labelname><flag>1</flag></object><object><points><x>0.81738</x><x>0.83008</x><y>0.48828</y><y>0.54036</y></points><label>9</label><labelname>deco</labelname><flag>1</flag></object><object><points><x>0.81543</x><x>0.8291</x><y>0.64323</y><y>0.69531</y></points><label>9</label><labelname>deco</labelname><flag>1</flag></object><object><points><x>0.81543</x><x>0.8291</x><y>0.80208</y><y>0.85417</y></points><label>9</label><labelname>deco</labelname><flag>1</flag></object><object><points><x>0.81738</x><x>0.83008</x><y>0.59245</y><y>0.625</y></points><label>9</label><labelname>deco</labelname><flag>1</flag></object><object><points><x>0.81641</x><x>0.83008</x><y>0.71615</y><y>0.7487</y></points><label>9</label><labelname>deco</labelname><flag>1</flag></object><object><points><x>0.81738</x><x>0.8291</x><y>0.55599</y><y>0.57292</y></points><label>9</label><labelname>deco</labelname><flag>1</flag></object><object><points><x>0.81738</x><x>0.8291</x><y>0.76823</y><y>0.78385</y></points><label>9</label><labelname>deco</labelname><flag>1</flag></object><object><points><x>0.24902</x><x>0.33008</x><y>0.21354</y><y>0.97526</y></points><label>10</label><labelname>molding</labelname><flag>1</flag></object><object><points><x>0.16406</x><x>0.18359</x><y>0.63542</y><y>0.70833</y></points><label>5</label><labelname>cornice</labelname><flag>1</flag></object><object><points><x>0.40137</x><x>0.43555</x><y>0.21875</y><y>0.97526</y></points><label>10</label><labelname>molding</labelname><flag>1</flag></object><object><points><x>0.66406</x><x>0.68359</x><y>0.21875</y><y>0.97656</y></points><label>10</label><labelname>molding</labelname><flag>1</flag></object><object><points><x>0.76953</x><x>0.8418</x><y>0.21745</y><y>0.97005</y></points><label>10</label><labelname>molding</labelname><flag>1</flag></object><object><points><x>0.9082</x><x>0.94629</x><y>0.21484</y><y>0.97266</y></points><label>10</label><labelname>molding</labelname><flag>1</flag></object><object><points><x>0.68945</x><x>0.7666</x><y>0.46484</y><y>0.47786</y></points><label>11</label><labelname>pillar</labelname><flag>1</flag></object><object><points><x>0.69043</x><x>0.7666</x><y>0.53776</y><y>0.55078</y></points><label>11</label><labelname>pillar</labelname><flag>1</flag></object><object><points><x>0.6875</x><x>0.76465</x><y>0.57292</y><y>0.58594</y></points><label>11</label><labelname>pillar</labelname><flag>1</flag></object><object><points><x>0.6875</x><x>0.76465</x><y>0.6263</y><y>0.63932</y></points><label>11</label><labelname>pillar</labelname><flag>1</flag></object><object><points><x>0.68945</x><x>0.76562</x><y>0.70052</y><y>0.71224</y></points><label>11</label><labelname>pillar</labelname><flag>1</flag></object><object><points><x>0.68848</x><x>0.76465</x><y>0.7513</y><y>0.76432</y></points><label>11</label><labelname>pillar</labelname><flag>1</flag></object><object><points><x>0.68945</x><x>0.7666</x><y>0.78776</y><y>0.80078</y></points><label>11</label><labelname>pillar</labelname><flag>1</flag></object><object><points><x>0.68945</x><x>0.7666</x><y>0.86068</y><y>0.8737</y></points><label>11</label><labelname>pillar</labelname><flag>1</flag></object><object><points><x>0.58398</x><x>0.63965</x><y>0.88672</y><y>0.89583</y></points><label>11</label><labelname>pillar</labelname><flag>1</flag></object><object><points><x>0.58398</x><x>0.64062</x><y>0.84635</y><y>0.85547</y></points><label>11</label><labelname>pillar</labelname><flag>1</flag></object><object><points><x>0.58398</x><x>0.63184</x><y>0.78906</y><y>0.79818</y></points><label>11</label><labelname>pillar</labelname><flag>1</flag></object><object><points><x>0.58105</x><x>0.62793</x><y>0.75781</y><y>0.76432</y></points><label>11</label><labelname>pillar</labelname><flag>1</flag></object><object><points><x>0.56641</x><x>0.62598</x><y>0.72266</y><y>0.73047</y></points><label>11</label><labelname>pillar</labelname><flag>1</flag></object><object><points><x>0.56445</x><x>0.62402</x><y>0.70833</y><y>0.72005</y></points><label>11</label><labelname>pillar</labelname><flag>1</flag></object><object><points><x>0.56543</x><x>0.62402</x><y>0.62109</y><y>0.63021</y></points><label>11</label><labelname>pillar</labelname><flag>1</flag></object><object><points><x>0.56738</x><x>0.62695</x><y>0.60677</y><y>0.61719</y></points><label>11</label><labelname>pillar</labelname><flag>1</flag></object><object><points><x>0.58105</x><x>0.62891</x><y>0.57682</y><y>0.58203</y></points><label>11</label><labelname>pillar</labelname><flag>1</flag></object><object><points><x>0.58398</x><x>0.63184</x><y>0.54167</y><y>0.55078</y></points><label>11</label><labelname>pillar</labelname><flag>1</flag></object><object><points><x>0.58398</x><x>0.63379</x><y>0.48568</y><y>0.49349</y></points><label>11</label><labelname>pillar</labelname><flag>1</flag></object><object><points><x>0.58496</x><x>0.64062</x><y>0.38932</y><y>0.39844</y></points><label>11</label><labelname>pillar</labelname><flag>1</flag></object><object><points><x>0.58496</x><x>0.63965</x><y>0.44661</y><y>0.45573</y></points><label>11</label><labelname>pillar</labelname><flag>1</flag></object><object><points><x>0.58594</x><x>0.6416</x><y>0.3151</y><y>0.32422</y></points><label>11</label><labelname>pillar</labelname><flag>1</flag></object><object><points><x>0.58594</x><x>0.6416</x><y>0.2526</y><y>0.26302</y></points><label>11</label><labelname>pillar</labelname><flag>1</flag></object><object><points><x>0.72461</x><x>0.77344</x><y>0.44401</y><y>0.45182</y></points><label>11</label><labelname>pillar</labelname><flag>1</flag></object><object><points><x>0.72559</x><x>0.77441</x><y>0.39453</y><y>0.40104</y></points><label>11</label><labelname>pillar</labelname><flag>1</flag></object><object><points><x>0.72656</x><x>0.77441</x><y>0.32292</y><y>0.33203</y></points><label>11</label><labelname>pillar</labelname><flag>1</flag></object><object><points><x>0.72656</x><x>0.77441</x><y>0.28516</y><y>0.29427</y></points><label>11</label><labelname>pillar</labelname><flag>1</flag></object><object><points><x>0.72656</x><x>0.77441</x><y>0.24349</y><y>0.25391</y></points><label>11</label><labelname>pillar</labelname><flag>1</flag></object><object><points><x>0.3252</x><x>0.40527</x><y>0.36198</y><y>0.39583</y></points><label>11</label><labelname>pillar</labelname><flag>1</flag></object><object><points><x>0.3252</x><x>0.40527</x><y>0.54688</y><y>0.58073</y></points><label>11</label><labelname>pillar</labelname><flag>1</flag></object><object><points><x>0.32422</x><x>0.40527</x><y>0.45182</y><y>0.49089</y></points><label>11</label><labelname>pillar</labelname><flag>1</flag></object><object><points><x>0.32422</x><x>0.35742</x><y>0.6224</y><y>0.64193</y></points><label>11</label><labelname>pillar</labelname><flag>1</flag></object><object><points><x>0.32422</x><x>0.3584</x><y>0.70052</y><y>0.72135</y></points><label>11</label><labelname>pillar</labelname><flag>1</flag></object><object><points><x>0.32422</x><x>0.40527</x><y>0.76432</y><y>0.79427</y></points><label>11</label><labelname>pillar</labelname><flag>1</flag></object><object><points><x>0.32422</x><x>0.40527</x><y>0.84896</y><y>0.88932</y></points><label>11</label><labelname>pillar</labelname><flag>1</flag></object><object><points><x>0.32422</x><x>0.4043</x><y>0.94661</y><y>0.97786</y></points><label>11</label><labelname>pillar</labelname><flag>1</flag></object><object><points><x>0.31641</x><x>0.32422</x><y>0.76042</y><y>0.79818</y></points><label>11</label><labelname>pillar</labelname><flag>1</flag></object><object><points><x>0.31641</x><x>0.32422</x><y>0.84505</y><y>0.89453</y></points><label>11</label><labelname>pillar</labelname><flag>1</flag></object><object><points><x>0.31641</x><x>0.32422</x><y>0.94271</y><y>0.97786</y></points><label>11</label><labelname>pillar</labelname><flag>1</flag></object><object><points><x>0.31641</x><x>0.32422</x><y>0.69792</y><y>0.72526</y></points><label>11</label><labelname>pillar</labelname><flag>1</flag></object><object><points><x>0.31543</x><x>0.32324</x><y>0.61979</y><y>0.64323</y></points><label>11</label><labelname>pillar</labelname><flag>1</flag></object><object><points><x>0.31641</x><x>0.3252</x><y>0.54297</y><y>0.58203</y></points><label>11</label><labelname>pillar</labelname><flag>1</flag></object><object><points><x>0.31543</x><x>0.32422</x><y>0.44792</y><y>0.49349</y></points><label>11</label><labelname>pillar</labelname><flag>1</flag></object><object><points><x>0.31641</x><x>0.3252</x><y>0.35938</y><y>0.39844</y></points><label>11</label><labelname>pillar</labelname><flag>1</flag></object><object><points><x>0.5752</x><x>0.58594</x><y>0.2487</y><y>0.26432</y></points><label>11</label><labelname>pillar</labelname><flag>1</flag></object><object><points><x>0.57617</x><x>0.58594</x><y>0.3138</y><y>0.32682</y></points><label>11</label><labelname>pillar</labelname><flag>1</flag></object><object><points><x>0.57422</x><x>0.58496</x><y>0.38802</y><y>0.40104</y></points><label>11</label><labelname>pillar</labelname><flag>1</flag></object><object><points><x>0.57422</x><x>0.58496</x><y>0.44401</y><y>0.45833</y></points><label>11</label><labelname>pillar</labelname><flag>1</flag></object><object><points><x>0.57422</x><x>0.58496</x><y>0.54036</y><y>0.55339</y></points><label>11</label><labelname>pillar</labelname><flag>1</flag></object><object><points><x>0.57422</x><x>0.58398</x><y>0.48307</y><y>0.49609</y></points><label>11</label><labelname>pillar</labelname><flag>1</flag></object><object><points><x>0.55469</x><x>0.56543</x><y>0.61979</y><y>0.63281</y></points><label>11</label><labelname>pillar</labelname><flag>1</flag></object><object><points><x>0.55664</x><x>0.56738</x><y>0.60547</y><y>0.61849</y></points><label>11</label><labelname>pillar</labelname><flag>1</flag></object><object><points><x>0.57031</x><x>0.58105</x><y>0.57161</y><y>0.58594</y></points><label>11</label><labelname>pillar</labelname><flag>1</flag></object><object><points><x>0.55469</x><x>0.56445</x><y>0.70703</y><y>0.72135</y></points><label>11</label><labelname>pillar</labelname><flag>1</flag></object><object><points><x>0.55664</x><x>0.56641</x><y>0.72135</y><y>0.73438</y></points><label>11</label><labelname>pillar</labelname><flag>1</flag></object><object><points><x>0.57031</x><x>0.58008</x><y>0.75651</y><y>0.76953</y></points><label>11</label><labelname>pillar</labelname><flag>1</flag></object><object><points><x>0.57422</x><x>0.58398</x><y>0.78646</y><y>0.79948</y></points><label>11</label><labelname>pillar</labelname><flag>1</flag></object><object><points><x>0.57422</x><x>0.58398</x><y>0.84505</y><y>0.85938</y></points><label>11</label><labelname>pillar</labelname><flag>1</flag></object><object><points><x>0.57324</x><x>0.58398</x><y>0.88542</y><y>0.89844</y></points><label>11</label><labelname>pillar</labelname><flag>1</flag></object><object><points><x>0.7207</x><x>0.72656</x><y>0.24349</y><y>0.25651</y></points><label>11</label><labelname>pillar</labelname><flag>1</flag></object><object><points><x>0.72168</x><x>0.72754</x><y>0.28385</y><y>0.29688</y></points><label>11</label><labelname>pillar</labelname><flag>1</flag></object><object><points><x>0.7207</x><x>0.72656</x><y>0.32031</y><y>0.33333</y></points><label>11</label><labelname>pillar</labelname><flag>1</flag></object><object><points><x>0.71875</x><x>0.72461</x><y>0.39193</y><y>0.40365</y></points><label>11</label><labelname>pillar</labelname><flag>1</flag></object><object><points><x>0.71875</x><x>0.72461</x><y>0.44141</y><y>0.45443</y></points><label>11</label><labelname>pillar</labelname><flag>1</flag></object><object><points><x>0.68359</x><x>0.68945</x><y>0.46224</y><y>0.48177</y></points><label>11</label><labelname>pillar</labelname><flag>1</flag></object><object><points><x>0.68359</x><x>0.69043</x><y>0.53516</y><y>0.55469</y></points><label>11</label><labelname>pillar</labelname><flag>1</flag></object><object><points><x>0.68164</x><x>0.68848</x><y>0.57031</y><y>0.58984</y></points><label>11</label><labelname>pillar</labelname><flag>1</flag></object><object><points><x>0.68164</x><x>0.68848</x><y>0.6237</y><y>0.64193</y></points><label>11</label><labelname>pillar</labelname><flag>1</flag></object><object><points><x>0.68164</x><x>0.68848</x><y>0.69661</y><y>0.71484</y></points><label>11</label><labelname>pillar</labelname><flag>1</flag></object><object><points><x>0.68164</x><x>0.6875</x><y>0.7487</y><y>0.76693</y></points><label>11</label><labelname>pillar</labelname><flag>1</flag></object><object><points><x>0.68262</x><x>0.68945</x><y>0.78516</y><y>0.80339</y></points><label>11</label><labelname>pillar</labelname><flag>1</flag></object><object><points><x>0.68262</x><x>0.68945</x><y>0.85807</y><y>0.8776</y></points><label>11</label><labelname>pillar</labelname><flag>1</flag></object><object><points><x>0.62402</x><x>0.62891</x><y>0.61849</y><y>0.63411</y></points><label>11</label><labelname>pillar</labelname><flag>1</flag></object><object><points><x>0.62402</x><x>0.62988</x><y>0.70573</y><y>0.72135</y></points><label>11</label><labelname>pillar</labelname><flag>1</flag></object><object><points><x>0.64062</x><x>0.64551</x><y>0.44401</y><y>0.45703</y></points><label>11</label><labelname>pillar</labelname><flag>1</flag></object><object><points><x>0.64062</x><x>0.64551</x><y>0.38672</y><y>0.39974</y></points><label>11</label><labelname>pillar</labelname><flag>1</flag></object><object><points><x>0.6416</x><x>0.64648</x><y>0.2513</y><y>0.26432</y></points><label>11</label><labelname>pillar</labelname><flag>1</flag></object><object><points><x>0.6416</x><x>0.64648</x><y>0.3138</y><y>0.32552</y></points><label>11</label><labelname>pillar</labelname><flag>1</flag></object><object><points><x>0.63965</x><x>0.64453</x><y>0.88411</y><y>0.89714</y></points><label>11</label><labelname>pillar</labelname><flag>1</flag></object><object><points><x>0.77441</x><x>0.7793</x><y>0.32031</y><y>0.33333</y></points><label>11</label><labelname>pillar</labelname><flag>1</flag></object><object><points><x>0.77441</x><x>0.7793</x><y>0.28385</y><y>0.29688</y></points><label>11</label><labelname>pillar</labelname><flag>1</flag></object><object><points><x>0.77441</x><x>0.7793</x><y>0.24219</y><y>0.25521</y></points><label>11</label><labelname>pillar</labelname><flag>1</flag></object><object><points><x>0.77344</x><x>0.7793</x><y>0.39062</y><y>0.40234</y></points><label>11</label><labelname>pillar</labelname><flag>1</flag></object><object><points><x>0.77344</x><x>0.77832</x><y>0.44141</y><y>0.45312</y></points><label>11</label><labelname>pillar</labelname><flag>1</flag></object><object><points><x>0.7666</x><x>0.77148</x><y>0.46094</y><y>0.48047</y></points><label>11</label><labelname>pillar</labelname><flag>1</flag></object><object><points><x>0.7666</x><x>0.77148</x><y>0.53385</y><y>0.55339</y></points><label>11</label><labelname>pillar</labelname><flag>1</flag></object><object><points><x>0.76367</x><x>0.77051</x><y>0.57031</y><y>0.58854</y></points><label>11</label><labelname>pillar</labelname><flag>1</flag></object><object><points><x>0.76465</x><x>0.76953</x><y>0.6237</y><y>0.64193</y></points><label>11</label><labelname>pillar</labelname><flag>1</flag></object><object><points><x>0.76465</x><x>0.77051</x><y>0.69792</y><y>0.71615</y></points><label>11</label><labelname>pillar</labelname><flag>1</flag></object><object><points><x>0.76465</x><x>0.76953</x><y>0.75</y><y>0.76823</y></points><label>11</label><labelname>pillar</labelname><flag>1</flag></object><object><points><x>0.76562</x><x>0.77148</x><y>0.85938</y><y>0.8763</y></points><label>11</label><labelname>pillar</labelname><flag>1</flag></object><object><points><x>0.76562</x><x>0.77148</x><y>0.78516</y><y>0.80339</y></points><label>11</label><labelname>pillar</labelname><flag>1</flag></object>