<object><points><x>0.23649</x><x>0.32095</x><y>0.56377</y><y>0.59833</y></points><label>3</label><labelname>window</labelname><flag>1</flag></object><object><points><x>0.4223</x><x>0.51351</x><y>0.56138</y><y>0.59833</y></points><label>3</label><labelname>window</labelname><flag>1</flag></object><object><points><x>0.23649</x><x>0.31757</x><y>0.44338</y><y>0.48033</y></points><label>3</label><labelname>window</labelname><flag>1</flag></object><object><points><x>0.42568</x><x>0.50676</x><y>0.441</y><y>0.47795</y></points><label>3</label><labelname>window</labelname><flag>1</flag></object><object><points><x>0.61486</x><x>0.70946</x><y>0.55781</y><y>0.59595</y></points><label>3</label><labelname>window</labelname><flag>1</flag></object><object><points><x>0.61149</x><x>0.69932</x><y>0.67342</y><y>0.71275</y></points><label>3</label><labelname>window</labelname><flag>1</flag></object><object><points><x>0.62162</x><x>0.70946</x><y>0.43743</y><y>0.47676</y></points><label>3</label><labelname>window</labelname><flag>1</flag></object><object><points><x>0.61486</x><x>0.69932</x><y>0.78903</y><y>0.82837</y></points><label>3</label><labelname>window</labelname><flag>1</flag></object><object><points><x>0.60811</x><x>0.69932</x><y>0.89631</y><y>0.95352</y></points><label>3</label><labelname>window</labelname><flag>1</flag></object><object><points><x>0.4223</x><x>0.51014</x><y>0.8975</y><y>0.95471</y></points><label>3</label><labelname>window</labelname><flag>1</flag></object><object><points><x>0.24324</x><x>0.31419</x><y>0.89988</y><y>0.95471</y></points><label>3</label><labelname>window</labelname><flag>1</flag></object><object><points><x>0.41892</x><x>0.5</x><y>0.7938</y><y>0.82956</y></points><label>3</label><labelname>window</labelname><flag>1</flag></object><object><points><x>0.23649</x><x>0.30068</x><y>0.79261</y><y>0.82956</y></points><label>3</label><labelname>window</labelname><flag>1</flag></object><object><points><x>0.23649</x><x>0.2973</x><y>0.67938</y><y>0.71633</y></points><label>3</label><labelname>window</labelname><flag>1</flag></object><object><points><x>0.4223</x><x>0.49662</x><y>0.67938</y><y>0.71752</y></points><label>3</label><labelname>window</labelname><flag>1</flag></object><object><points><x>0.23649</x><x>0.31081</x><y>0.32658</y><y>0.36234</y></points><label>3</label><labelname>window</labelname><flag>1</flag></object><object><points><x>0.42568</x><x>0.5</x><y>0.32181</y><y>0.35757</y></points><label>3</label><labelname>window</labelname><flag>1</flag></object><object><points><x>0.61824</x><x>0.71284</x><y>0.32062</y><y>0.35995</y></points><label>3</label><labelname>window</labelname><flag>1</flag></object><object><points><x>0.41892</x><x>0.51014</x><y>0.20501</y><y>0.23838</y></points><label>3</label><labelname>window</labelname><flag>1</flag></object><object><points><x>0.61824</x><x>0.70608</x><y>0.20262</y><y>0.236</y></points><label>3</label><labelname>window</labelname><flag>1</flag></object><object><points><x>0.22973</x><x>0.30068</x><y>0.20739</y><y>0.24195</y></points><label>3</label><labelname>window</labelname><flag>1</flag></object><object><points><x>0.24324</x><x>0.3277</x><y>0.083433</y><y>0.12634</y></points><label>3</label><labelname>window</labelname><flag>1</flag></object><object><points><x>0.42568</x><x>0.51014</x><y>0.078665</y><y>0.12277</y></points><label>3</label><labelname>window</labelname><flag>1</flag></object><object><points><x>0.62162</x><x>0.71622</x><y>0.072706</y><y>0.12277</y></points><label>3</label><labelname>window</labelname><flag>1</flag></object><object><points><x>0.28716</x><x>0.39527</x><y>0.61621</y><y>0.74493</y></points><label>7</label><labelname>balcony</labelname><flag>1</flag></object><object><points><x>0.28378</x><x>0.39527</x><y>0.74732</y><y>0.85816</y></points><label>7</label><labelname>balcony</labelname><flag>1</flag></object><object><points><x>0.48649</x><x>0.58108</x><y>0.74255</y><y>0.85578</y></points><label>7</label><labelname>balcony</labelname><flag>1</flag></object><object><points><x>0.48649</x><x>0.58108</x><y>0.61263</y><y>0.73897</y></points><label>7</label><labelname>balcony</labelname><flag>1</flag></object><object><points><x>0.23649</x><x>0.2973</x><y>0.20262</y><y>0.21931</y></points><label>8</label><labelname>blind</labelname><flag>1</flag></object><object><points><x>0.23649</x><x>0.2973</x><y>0.22169</y><y>0.23838</y></points><label>8</label><labelname>blind</labelname><flag>1</flag></object><object><points><x>0.23311</x><x>0.29054</x><y>0.29917</y><y>0.31943</y></points><label>8</label><labelname>blind</labelname><flag>1</flag></object><object><points><x>0.23311</x><x>0.31081</x><y>0.36114</y><y>0.3826</y></points><label>8</label><labelname>blind</labelname><flag>1</flag></object><object><points><x>0.23311</x><x>0.31757</x><y>0.41597</y><y>0.43981</y></points><label>8</label><labelname>blind</labelname><flag>1</flag></object><object><points><x>0.23311</x><x>0.32095</x><y>0.48153</y><y>0.50298</y></points><label>8</label><labelname>blind</labelname><flag>1</flag></object><object><points><x>0.23311</x><x>0.31757</x><y>0.53635</y><y>0.559</y></points><label>8</label><labelname>blind</labelname><flag>1</flag></object><object><points><x>0.23311</x><x>0.31757</x><y>0.59833</y><y>0.62098</y></points><label>8</label><labelname>blind</labelname><flag>1</flag></object><object><points><x>0.41892</x><x>0.51014</x><y>0.59714</y><y>0.61859</y></points><label>8</label><labelname>blind</labelname><flag>1</flag></object><object><points><x>0.4223</x><x>0.51014</x><y>0.53397</y><y>0.55542</y></points><label>8</label><labelname>blind</labelname><flag>1</flag></object><object><points><x>0.4223</x><x>0.51351</x><y>0.47795</y><y>0.5006</y></points><label>8</label><labelname>blind</labelname><flag>1</flag></object><object><points><x>0.41554</x><x>0.50676</x><y>0.41359</y><y>0.43623</y></points><label>8</label><labelname>blind</labelname><flag>1</flag></object><object><points><x>0.41554</x><x>0.5</x><y>0.2944</y><y>0.31943</y></points><label>8</label><labelname>blind</labelname><flag>1</flag></object><object><points><x>0.41892</x><x>0.49662</x><y>0.35399</y><y>0.37306</y></points><label>8</label><labelname>blind</labelname><flag>1</flag></object><object><points><x>0.4223</x><x>0.5</x><y>0.23719</y><y>0.26103</y></points><label>8</label><labelname>blind</labelname><flag>1</flag></object><object><points><x>0.4223</x><x>0.50338</x><y>0.17163</y><y>0.19547</y></points><label>8</label><labelname>blind</labelname><flag>1</flag></object><object><points><x>0.23311</x><x>0.29392</x><y>0.65316</y><y>0.6758</y></points><label>8</label><labelname>blind</labelname><flag>1</flag></object><object><points><x>0.23311</x><x>0.30405</x><y>0.71514</y><y>0.7354</y></points><label>8</label><labelname>blind</labelname><flag>1</flag></object><object><points><x>0.41554</x><x>0.49324</x><y>0.65077</y><y>0.67342</y></points><label>8</label><labelname>blind</labelname><flag>1</flag></object><object><points><x>0.41554</x><x>0.50338</x><y>0.71395</y><y>0.73421</y></points><label>8</label><labelname>blind</labelname><flag>1</flag></object><object><points><x>0.23649</x><x>0.31081</x><y>0.83075</y><y>0.84982</y></points><label>8</label><labelname>blind</labelname><flag>1</flag></object><object><points><x>0.23311</x><x>0.29054</x><y>0.76758</y><y>0.78903</y></points><label>8</label><labelname>blind</labelname><flag>1</flag></object><object><points><x>0.41554</x><x>0.48986</x><y>0.76758</y><y>0.78903</y></points><label>8</label><labelname>blind</labelname><flag>1</flag></object><object><points><x>0.41554</x><x>0.5</x><y>0.82837</y><y>0.84744</y></points><label>8</label><labelname>blind</labelname><flag>1</flag></object><object><points><x>0.24324</x><x>0.29054</x><y>0.89154</y><y>0.95352</y></points><label>8</label><labelname>blind</labelname><flag>1</flag></object><object><points><x>0.15203</x><x>0.86824</x><y>0.042908</y><y>0.96544</y></points><label>2</label><labelname>facade</labelname><flag>1</flag></object><object><points><x>0.15878</x><x>0.19932</x><y>0.051251</y><y>0.96544</y></points><label>10</label><labelname>molding</labelname><flag>1</flag></object><object><points><x>0.61824</x><x>0.65203</x><y>0.56377</y><y>0.59476</y></points><label>8</label><labelname>blind</labelname><flag>1</flag></object><object><points><x>0.61486</x><x>0.65541</x><y>0.67938</y><y>0.71156</y></points><label>8</label><labelname>blind</labelname><flag>1</flag></object><object><points><x>0.61149</x><x>0.64189</x><y>0.90107</y><y>0.95232</y></points><label>8</label><labelname>blind</labelname><flag>1</flag></object>