<object><points><x>0.0029297</x><x>0.99805</x><y>0.0013123</y><y>1</y></points><label>2</label><labelname>facade</labelname><flag>1</flag></object><object><points><x>0.1748</x><x>0.32812</x><y>0.45407</y><y>0.54593</y></points><label>3</label><labelname>window</labelname><flag>1</flag></object><object><points><x>0.17969</x><x>0.33398</x><y>0.77953</y><y>0.87008</y></points><label>3</label><labelname>window</labelname><flag>1</flag></object><object><points><x>0.17285</x><x>0.32715</x><y>0.12861</y><y>0.21916</y></points><label>3</label><labelname>window</labelname><flag>1</flag></object><object><points><x>0.46387</x><x>0.62012</x><y>0.13123</y><y>0.22441</y></points><label>3</label><labelname>window</labelname><flag>1</flag></object><object><points><x>0.46777</x><x>0.62402</x><y>0.7769</y><y>0.87008</y></points><label>3</label><labelname>window</labelname><flag>1</flag></object><object><points><x>0.46582</x><x>0.66992</x><y>0.45538</y><y>0.55249</y></points><label>3</label><labelname>window</labelname><flag>1</flag></object><object><points><x>0.72949</x><x>0.97168</x><y>0.057743</y><y>0.30577</y></points><label>3</label><labelname>window</labelname><flag>1</flag></object><object><points><x>0.73242</x><x>0.97168</x><y>0.38189</y><y>0.62598</y></points><label>3</label><labelname>window</labelname><flag>1</flag></object><object><points><x>0.73145</x><x>0.9707</x><y>0.70079</y><y>0.93832</y></points><label>3</label><labelname>window</labelname><flag>1</flag></object><object><points><x>0.32422</x><x>0.34277</x><y>0.1063</y><y>0.24803</y></points><label>6</label><labelname>sill</labelname><flag>1</flag></object><object><points><x>0.3252</x><x>0.34375</x><y>0.43176</y><y>0.57349</y></points><label>6</label><labelname>sill</labelname><flag>1</flag></object><object><points><x>0.33105</x><x>0.34961</x><y>0.75591</y><y>0.89764</y></points><label>6</label><labelname>sill</labelname><flag>1</flag></object><object><points><x>0.62109</x><x>0.67188</x><y>0.12205</y><y>0.23885</y></points><label>7</label><labelname>balcony</labelname><flag>1</flag></object><object><points><x>0.62402</x><x>0.67383</x><y>0.77428</y><y>0.87927</y></points><label>7</label><labelname>balcony</labelname><flag>1</flag></object><object><points><x>0.59375</x><x>0.71777</x><y>0.3189</y><y>0.74147</y></points><label>7</label><labelname>balcony</labelname><flag>1</flag></object><object><points><x>0.053711</x><x>0.1377</x><y>0.0091864</y><y>0.9895</y></points><label>10</label><labelname>molding</labelname><flag>1</flag></object><object><points><x>0.36621</x><x>0.44922</x><y>0.013123</y><y>0.99344</y></points><label>10</label><labelname>molding</labelname><flag>1</flag></object><object><points><x>0.66406</x><x>0.70312</x><y>0.0091864</y><y>0.99606</y></points><label>10</label><labelname>molding</labelname><flag>1</flag></object><object><points><x>0.78809</x><x>0.96777</x><y>0.30709</y><y>0.32677</y></points><label>11</label><labelname>pillar</labelname><flag>1</flag></object><object><points><x>0.78418</x><x>0.96484</x><y>0.040682</y><y>0.059055</y></points><label>11</label><labelname>pillar</labelname><flag>1</flag></object><object><points><x>0.79102</x><x>0.97168</x><y>0.36745</y><y>0.38583</y></points><label>11</label><labelname>pillar</labelname><flag>1</flag></object><object><points><x>0.79199</x><x>0.97168</x><y>0.62467</y><y>0.64436</y></points><label>11</label><labelname>pillar</labelname><flag>1</flag></object><object><points><x>0.79297</x><x>0.97266</x><y>0.68635</y><y>0.7021</y></points><label>11</label><labelname>pillar</labelname><flag>1</flag></object><object><points><x>0.79199</x><x>0.97266</x><y>0.9357</y><y>0.95538</y></points><label>11</label><labelname>pillar</labelname><flag>1</flag></object><object><points><x>0.77246</x><x>0.79297</x><y>0.9252</y><y>0.96325</y></points><label>11</label><labelname>pillar</labelname><flag>1</flag></object><object><points><x>0.77148</x><x>0.79102</x><y>0.61286</y><y>0.65223</y></points><label>11</label><labelname>pillar</labelname><flag>1</flag></object><object><points><x>0.76855</x><x>0.78906</x><y>0.29265</y><y>0.33071</y></points><label>11</label><labelname>pillar</labelname><flag>1</flag></object><object><points><x>0.77246</x><x>0.79004</x><y>0.6811</y><y>0.71129</y></points><label>11</label><labelname>pillar</labelname><flag>1</flag></object><object><points><x>0.77246</x><x>0.79004</x><y>0.36089</y><y>0.39239</y></points><label>11</label><labelname>pillar</labelname><flag>1</flag></object><object><points><x>0.76367</x><x>0.78418</x><y>0.036745</y><y>0.065617</y></points><label>11</label><labelname>pillar</labelname><flag>1</flag></object><object><points><x>0.0058594</x><x>0.061523</x><y>0.0065617</y><y>0.99738</y></points><label>7</label><labelname>balcony</labelname><flag>1</flag></object><object><points><x>0.40723</x><x>0.44043</x><y>0.29003</y><y>0.70997</y></points><label>12</label><labelname>shop</labelname><flag>1</flag></object>