<object><points><x>0.10742</x><x>1</x><y>0.16797</y><y>0.83691</y></points><label>2</label><labelname>facade</labelname><flag>1</flag></object><object><points><x>0.23529</x><x>0.31714</x><y>0.73242</y><y>0.7793</y></points><label>3</label><labelname>window</labelname><flag>1</flag></object><object><points><x>0.23785</x><x>0.31714</x><y>0.60156</y><y>0.64844</y></points><label>3</label><labelname>window</labelname><flag>1</flag></object><object><points><x>0.24041</x><x>0.31841</x><y>0.47559</y><y>0.52051</y></points><label>3</label><labelname>window</labelname><flag>1</flag></object><object><points><x>0.24169</x><x>0.32097</x><y>0.34863</y><y>0.39453</y></points><label>3</label><labelname>window</labelname><flag>1</flag></object><object><points><x>0.24297</x><x>0.32225</x><y>0.22461</y><y>0.26855</y></points><label>3</label><labelname>window</labelname><flag>1</flag></object><object><points><x>0.5601</x><x>0.65601</x><y>0.34863</y><y>0.39453</y></points><label>3</label><labelname>window</labelname><flag>1</flag></object><object><points><x>0.56138</x><x>0.65729</x><y>0.22461</y><y>0.26855</y></points><label>3</label><labelname>window</labelname><flag>1</flag></object><object><points><x>0.56138</x><x>0.65985</x><y>0.47559</y><y>0.52051</y></points><label>3</label><labelname>window</labelname><flag>1</flag></object><object><points><x>0.55882</x><x>0.63299</x><y>0.60254</y><y>0.64844</y></points><label>3</label><labelname>window</labelname><flag>1</flag></object><object><points><x>0.5601</x><x>0.63427</x><y>0.73145</y><y>0.77832</y></points><label>3</label><labelname>window</labelname><flag>1</flag></object><object><points><x>0.70972</x><x>0.84143</x><y>0.60059</y><y>0.65234</y></points><label>3</label><labelname>window</labelname><flag>1</flag></object><object><points><x>0.70716</x><x>0.84399</x><y>0.72754</y><y>0.78516</y></points><label>3</label><labelname>window</labelname><flag>1</flag></object><object><points><x>0.70716</x><x>0.83632</x><y>0.47363</y><y>0.52539</y></points><label>3</label><labelname>window</labelname><flag>1</flag></object><object><points><x>0.70844</x><x>0.8376</x><y>0.3457</y><y>0.39941</y></points><label>3</label><labelname>window</labelname><flag>1</flag></object><object><points><x>0.70205</x><x>0.83376</x><y>0.21973</y><y>0.27441</y></points><label>3</label><labelname>window</labelname><flag>1</flag></object><object><points><x>0.40793</x><x>0.5179</x><y>0.34961</y><y>0.39551</y></points><label>3</label><labelname>window</labelname><flag>1</flag></object><object><points><x>0.40026</x><x>0.47315</x><y>0.22266</y><y>0.26855</y></points><label>3</label><labelname>window</labelname><flag>1</flag></object><object><points><x>0.40537</x><x>0.5179</x><y>0.47559</y><y>0.52051</y></points><label>3</label><labelname>window</labelname><flag>1</flag></object><object><points><x>0.40537</x><x>0.52046</x><y>0.60352</y><y>0.64844</y></points><label>3</label><labelname>window</labelname><flag>1</flag></object><object><points><x>0.3977</x><x>0.46931</x><y>0.73242</y><y>0.77734</y></points><label>3</label><labelname>window</labelname><flag>1</flag></object><object><points><x>0.26215</x><x>0.35934</x><y>0.87793</y><y>0.96387</y></points><label>3</label><labelname>window</labelname><flag>1</flag></object><object><points><x>0.41304</x><x>0.50895</x><y>0.875</y><y>0.96094</y></points><label>3</label><labelname>window</labelname><flag>1</flag></object><object><points><x>0.55882</x><x>0.65857</x><y>0.88086</y><y>0.96094</y></points><label>3</label><labelname>window</labelname><flag>1</flag></object><object><points><x>0.12532</x><x>0.21995</x><y>0.87988</y><y>0.96191</y></points><label>3</label><labelname>window</labelname><flag>1</flag></object><object><points><x>0.71355</x><x>0.80818</x><y>0.87695</y><y>0.96387</y></points><label>3</label><labelname>window</labelname><flag>1</flag></object><object><points><x>0.88107</x><x>0.99488</x><y>0.45801</y><y>0.53711</y></points><label>4</label><labelname>door</labelname><flag>1</flag></object><object><points><x>0.90281</x><x>0.99744</x><y>0.20117</y><y>0.28809</y></points><label>4</label><labelname>door</labelname><flag>1</flag></object><object><points><x>0.89898</x><x>0.99744</x><y>0.3252</y><y>0.41602</y></points><label>4</label><labelname>door</labelname><flag>1</flag></object><object><points><x>0.88875</x><x>0.99744</x><y>0.58008</y><y>0.67676</y></points><label>4</label><labelname>door</labelname><flag>1</flag></object><object><points><x>0.88747</x><x>0.99616</x><y>0.69336</y><y>0.81836</y></points><label>4</label><labelname>door</labelname><flag>1</flag></object><object><points><x>0.88875</x><x>0.99744</x><y>0.86426</y><y>0.98926</y></points><label>4</label><labelname>door</labelname><flag>1</flag></object><object><points><x>0.29412</x><x>0.32481</x><y>0.21191</y><y>0.27832</y></points><label>7</label><labelname>balcony</labelname><flag>1</flag></object><object><points><x>0.29284</x><x>0.32353</x><y>0.33789</y><y>0.4043</y></points><label>7</label><labelname>balcony</labelname><flag>1</flag></object><object><points><x>0.29028</x><x>0.32097</x><y>0.46484</y><y>0.53125</y></points><label>7</label><labelname>balcony</labelname><flag>1</flag></object><object><points><x>0.29028</x><x>0.32097</x><y>0.59277</y><y>0.65918</y></points><label>7</label><labelname>balcony</labelname><flag>1</flag></object><object><points><x>0.28772</x><x>0.31841</x><y>0.72363</y><y>0.79004</y></points><label>7</label><labelname>balcony</labelname><flag>1</flag></object><object><points><x>0.46547</x><x>0.50767</x><y>0.71777</y><y>0.78809</y></points><label>7</label><labelname>balcony</labelname><flag>1</flag></object><object><points><x>0.46803</x><x>0.51023</x><y>0.20996</y><y>0.28027</y></points><label>7</label><labelname>balcony</labelname><flag>1</flag></object><object><points><x>0.47315</x><x>0.54348</x><y>0.32812</y><y>0.41016</y></points><label>7</label><labelname>balcony</labelname><flag>1</flag></object><object><points><x>0.4757</x><x>0.54604</x><y>0.45508</y><y>0.53711</y></points><label>7</label><labelname>balcony</labelname><flag>1</flag></object><object><points><x>0.47442</x><x>0.54476</x><y>0.58496</y><y>0.66699</y></points><label>7</label><labelname>balcony</labelname><flag>1</flag></object><object><points><x>0.62788</x><x>0.68159</x><y>0.21094</y><y>0.28027</y></points><label>7</label><labelname>balcony</labelname><flag>1</flag></object><object><points><x>0.6266</x><x>0.68031</x><y>0.33789</y><y>0.40723</y></points><label>7</label><labelname>balcony</labelname><flag>1</flag></object><object><points><x>0.63043</x><x>0.68414</x><y>0.46289</y><y>0.53223</y></points><label>7</label><labelname>balcony</labelname><flag>1</flag></object><object><points><x>0.62916</x><x>0.68286</x><y>0.5918</y><y>0.66113</y></points><label>7</label><labelname>balcony</labelname><flag>1</flag></object><object><points><x>0.62916</x><x>0.68286</x><y>0.72168</y><y>0.79102</y></points><label>7</label><labelname>balcony</labelname><flag>1</flag></object><object><points><x>0.79156</x><x>0.84143</x><y>0.20215</y><y>0.28809</y></points><label>7</label><labelname>balcony</labelname><flag>1</flag></object><object><points><x>0.79412</x><x>0.84271</x><y>0.32617</y><y>0.41211</y></points><label>7</label><labelname>balcony</labelname><flag>1</flag></object><object><points><x>0.79795</x><x>0.84655</x><y>0.45605</y><y>0.54199</y></points><label>7</label><labelname>balcony</labelname><flag>1</flag></object><object><points><x>0.79923</x><x>0.8491</x><y>0.58301</y><y>0.66797</y></points><label>7</label><labelname>balcony</labelname><flag>1</flag></object><object><points><x>0.035806</x><x>0.10614</x><y>0.8418</y><y>0.99512</y></points><label>7</label><labelname>balcony</labelname><flag>1</flag></object><object><points><x>0.17903</x><x>0.24808</x><y>0.8457</y><y>0.99805</y></points><label>7</label><labelname>balcony</labelname><flag>1</flag></object><object><points><x>0.31074</x><x>0.38107</x><y>0.84668</y><y>1</y></points><label>7</label><labelname>balcony</labelname><flag>1</flag></object><object><points><x>0.47059</x><x>0.53964</x><y>0.84277</y><y>0.99609</y></points><label>7</label><labelname>balcony</labelname><flag>1</flag></object><object><points><x>0.62404</x><x>0.69309</x><y>0.84277</y><y>0.99609</y></points><label>7</label><labelname>balcony</labelname><flag>1</flag></object><object><points><x>0.77621</x><x>0.84527</x><y>0.84375</y><y>0.99707</y></points><label>7</label><labelname>balcony</labelname><flag>1</flag></object><object><points><x>0.42455</x><x>0.4757</x><y>0.079102</y><y>0.15137</y></points><label>7</label><labelname>balcony</labelname><flag>1</flag></object><object><points><x>0.43095</x><x>0.47698</x><y>0.0029297</y><y>0.057617</y></points><label>7</label><labelname>balcony</labelname><flag>1</flag></object><object><points><x>0.60102</x><x>0.65729</x><y>0.032227</y><y>0.083008</y></points><label>7</label><labelname>balcony</labelname><flag>1</flag></object><object><points><x>0.6023</x><x>0.65729</x><y>0.00097656</y><y>0.030273</y></points><label>7</label><labelname>balcony</labelname><flag>1</flag></object><object><points><x>0.6023</x><x>0.66752</x><y>0.091797</y><y>0.14941</y></points><label>7</label><labelname>balcony</labelname><flag>1</flag></object><object><points><x>0.79156</x><x>0.84399</x><y>0.083008</y><y>0.13965</y></points><label>7</label><labelname>balcony</labelname><flag>1</flag></object><object><points><x>0.789</x><x>0.82864</x><y>0.022461</y><y>0.071289</y></points><label>7</label><labelname>balcony</labelname><flag>1</flag></object><object><points><x>0.78772</x><x>0.82609</x><y>0.0019531</y><y>0.016602</y></points><label>7</label><labelname>balcony</labelname><flag>1</flag></object><object><points><x>0.34015</x><x>0.44757</x><y>0.10547</y><y>0.14355</y></points><label>3</label><labelname>window</labelname><flag>1</flag></object><object><points><x>0.34783</x><x>0.45013</x><y>0.017578</y><y>0.050781</y></points><label>3</label><labelname>window</labelname><flag>1</flag></object><object><points><x>0.52046</x><x>0.60614</x><y>0.10645</y><y>0.14258</y></points><label>3</label><labelname>window</labelname><flag>1</flag></object><object><points><x>0.52302</x><x>0.60486</x><y>0.041992</y><y>0.077148</y></points><label>3</label><labelname>window</labelname><flag>1</flag></object><object><points><x>0.5243</x><x>0.60358</x><y>0.00097656</y><y>0.025391</y></points><label>3</label><labelname>window</labelname><flag>1</flag></object><object><points><x>0.71228</x><x>0.79923</x><y>0.10547</y><y>0.14258</y></points><label>3</label><labelname>window</labelname><flag>1</flag></object><object><points><x>0.70844</x><x>0.79668</x><y>0.041016</y><y>0.077148</y></points><label>3</label><labelname>window</labelname><flag>1</flag></object><object><points><x>0.70716</x><x>0.78772</x><y>0.00097656</y><y>0.025391</y></points><label>3</label><labelname>window</labelname><flag>1</flag></object><object><points><x>0.10997</x><x>0.13171</x><y>0.12402</y><y>0.15234</y></points><label>3</label><labelname>window</labelname><flag>1</flag></object><object><points><x>0.051151</x><x>0.081841</x><y>0.20996</y><y>0.23242</y></points><label>3</label><labelname>window</labelname><flag>1</flag></object><object><points><x>0.048593</x><x>0.07289</x><y>0.18555</y><y>0.20605</y></points><label>3</label><labelname>window</labelname><flag>1</flag></object><object><points><x>0.075448</x><x>0.09335</x><y>0.59668</y><y>0.6377</y></points><label>3</label><labelname>window</labelname><flag>1</flag></object><object><points><x>0.044757</x><x>0.085678</x><y>0.4248</y><y>0.44531</y></points><label>3</label><labelname>window</labelname><flag>1</flag></object><object><points><x>0.02046</x><x>0.10358</x><y>0.71387</y><y>0.81055</y></points><label>3</label><labelname>window</labelname><flag>1</flag></object><object><points><x>0.025575</x><x>0.079284</x><y>0.88086</y><y>0.96289</y></points><label>3</label><labelname>window</labelname><flag>1</flag></object><object><points><x>0.86701</x><x>0.96164</x><y>0.0097656</y><y>0.042969</y></points><label>3</label><labelname>window</labelname><flag>1</flag></object><object><points><x>0.87596</x><x>0.98849</x><y>0.098633</y><y>0.13574</y></points><label>3</label><labelname>window</labelname><flag>1</flag></object><object><points><x>0.2468</x><x>0.32097</x><y>0.22852</y><y>0.25</y></points><label>8</label><labelname>blind</labelname><flag>1</flag></object><object><points><x>0.2468</x><x>0.32097</x><y>0.25</y><y>0.26855</y></points><label>8</label><labelname>blind</labelname><flag>1</flag></object><object><points><x>0.24425</x><x>0.31969</x><y>0.35156</y><y>0.375</y></points><label>8</label><labelname>blind</labelname><flag>1</flag></object><object><points><x>0.24425</x><x>0.31969</x><y>0.375</y><y>0.39453</y></points><label>8</label><labelname>blind</labelname><flag>1</flag></object><object><points><x>0.40281</x><x>0.47059</x><y>0.25</y><y>0.2666</y></points><label>8</label><labelname>blind</labelname><flag>1</flag></object><object><points><x>0.40281</x><x>0.47059</x><y>0.22461</y><y>0.2373</y></points><label>8</label><labelname>blind</labelname><flag>1</flag></object><object><points><x>0.40921</x><x>0.51662</x><y>0.38379</y><y>0.39355</y></points><label>8</label><labelname>blind</labelname><flag>1</flag></object><object><points><x>0.40921</x><x>0.5179</x><y>0.35156</y><y>0.3623</y></points><label>8</label><labelname>blind</labelname><flag>1</flag></object><object><points><x>0.40921</x><x>0.5179</x><y>0.47949</y><y>0.5</y></points><label>8</label><labelname>blind</labelname><flag>1</flag></object><object><points><x>0.40921</x><x>0.51662</x><y>0.50098</y><y>0.51953</y></points><label>8</label><labelname>blind</labelname><flag>1</flag></object><object><points><x>0.40793</x><x>0.5179</x><y>0.60645</y><y>0.62695</y></points><label>8</label><labelname>blind</labelname><flag>1</flag></object><object><points><x>0.40793</x><x>0.51918</x><y>0.62695</y><y>0.64844</y></points><label>8</label><labelname>blind</labelname><flag>1</flag></object><object><points><x>0.40026</x><x>0.46803</x><y>0.73242</y><y>0.74316</y></points><label>8</label><labelname>blind</labelname><flag>1</flag></object><object><points><x>0.40026</x><x>0.46931</x><y>0.75684</y><y>0.77637</y></points><label>8</label><labelname>blind</labelname><flag>1</flag></object><object><points><x>0.24169</x><x>0.31841</x><y>0.47852</y><y>0.49902</y></points><label>8</label><labelname>blind</labelname><flag>1</flag></object><object><points><x>0.24297</x><x>0.31841</x><y>0.5</y><y>0.51953</y></points><label>8</label><labelname>blind</labelname><flag>1</flag></object><object><points><x>0.37596</x><x>0.48593</x><y>0.85938</y><y>0.92773</y></points><label>8</label><labelname>blind</labelname><flag>1</flag></object><object><points><x>0.38107</x><x>0.40026</x><y>0.92969</y><y>0.99805</y></points><label>8</label><labelname>blind</labelname><flag>1</flag></object><object><points><x>0.74552</x><x>0.83248</x><y>0.22656</y><y>0.24902</y></points><label>8</label><labelname>blind</labelname><flag>1</flag></object><object><points><x>0.74552</x><x>0.83248</x><y>0.24902</y><y>0.27344</y></points><label>8</label><labelname>blind</labelname><flag>1</flag></object><object><points><x>0.74297</x><x>0.83632</x><y>0.34961</y><y>0.37305</y></points><label>8</label><labelname>blind</labelname><flag>1</flag></object><object><points><x>0.74297</x><x>0.83504</x><y>0.37402</y><y>0.39746</y></points><label>8</label><labelname>blind</labelname><flag>1</flag></object><object><points><x>0.7468</x><x>0.83504</x><y>0.47656</y><y>0.5</y></points><label>8</label><labelname>blind</labelname><flag>1</flag></object><object><points><x>0.7468</x><x>0.83504</x><y>0.5</y><y>0.52344</y></points><label>8</label><labelname>blind</labelname><flag>1</flag></object><object><points><x>0.74936</x><x>0.83887</x><y>0.60352</y><y>0.62695</y></points><label>8</label><labelname>blind</labelname><flag>1</flag></object><object><points><x>0.74936</x><x>0.83887</x><y>0.62695</y><y>0.65039</y></points><label>8</label><labelname>blind</labelname><flag>1</flag></object><object><points><x>0.75064</x><x>0.84143</x><y>0.73145</y><y>0.75488</y></points><label>8</label><labelname>blind</labelname><flag>1</flag></object><object><points><x>0.75064</x><x>0.84271</x><y>0.75586</y><y>0.7793</y></points><label>8</label><labelname>blind</labelname><flag>1</flag></object><object><points><x>0.67008</x><x>0.7046</x><y>0.10449</y><y>0.14453</y></points><label>9</label><labelname>deco</labelname><flag>1</flag></object><object><points><x>0.66496</x><x>0.70205</x><y>0.040039</y><y>0.078125</y></points><label>9</label><labelname>deco</labelname><flag>1</flag></object><object><points><x>0.66496</x><x>0.69949</x><y>0.00097656</y><y>0.026367</y></points><label>9</label><labelname>deco</labelname><flag>1</flag></object><object><points><x>0.50128</x><x>0.57289</x><y>0.025391</y><y>0.040039</y></points><label>9</label><labelname>deco</labelname><flag>1</flag></object><object><points><x>0.22634</x><x>0.26726</x><y>0.073242</y><y>0.1543</y></points><label>9</label><labelname>deco</labelname><flag>1</flag></object><object><points><x>0.20332</x><x>0.25448</x><y>0.0019531</y><y>0.088867</y></points><label>7</label><labelname>balcony</labelname><flag>1</flag></object><object><points><x>0.1688</x><x>0.26087</x><y>0.17188</y><y>0.83496</y></points><label>10</label><labelname>molding</labelname><flag>1</flag></object><object><points><x>0.31202</x><x>0.36445</x><y>0.1709</y><y>0.83203</y></points><label>10</label><labelname>molding</labelname><flag>1</flag></object><object><points><x>0.74552</x><x>0.789</x><y>0.17383</y><y>0.83594</y></points><label>10</label><labelname>molding</labelname><flag>1</flag></object><object><points><x>0.32992</x><x>0.45141</x><y>0.14746</y><y>0.16113</y></points><label>11</label><labelname>pillar</labelname><flag>1</flag></object><object><points><x>0.33504</x><x>0.45396</x><y>0.081055</y><y>0.09375</y></points><label>11</label><labelname>pillar</labelname><flag>1</flag></object><object><points><x>0.33887</x><x>0.45524</x><y>0.054688</y><y>0.0625</y></points><label>11</label><labelname>pillar</labelname><flag>1</flag></object><object><points><x>0.34399</x><x>0.45908</x><y>0.0029297</y><y>0.010742</y></points><label>11</label><labelname>pillar</labelname><flag>1</flag></object><object><points><x>0.55371</x><x>0.79284</x><y>0.14551</y><y>0.16211</y></points><label>11</label><labelname>pillar</labelname><flag>1</flag></object><object><points><x>0.55243</x><x>0.789</x><y>0.078125</y><y>0.09375</y></points><label>11</label><labelname>pillar</labelname><flag>1</flag></object><object><points><x>0.45141</x><x>0.46803</x><y>0.14551</y><y>0.16309</y></points><label>11</label><labelname>pillar</labelname><flag>1</flag></object><object><points><x>0.45396</x><x>0.47059</x><y>0.078125</y><y>0.095703</y></points><label>11</label><labelname>pillar</labelname><flag>1</flag></object><object><points><x>0.45524</x><x>0.47187</x><y>0.050781</y><y>0.066406</y></points><label>11</label><labelname>pillar</labelname><flag>1</flag></object><object><points><x>0.45908</x><x>0.47442</x><y>0.00097656</y><y>0.011719</y></points><label>11</label><labelname>pillar</labelname><flag>1</flag></object><object><points><x>0.79412</x><x>0.84143</x><y>0.14062</y><y>0.16504</y></points><label>11</label><labelname>pillar</labelname><flag>1</flag></object><object><points><x>0.789</x><x>0.83632</x><y>0.075195</y><y>0.094727</y></points><label>11</label><labelname>pillar</labelname><flag>1</flag></object><object><points><x>0.51918</x><x>0.55371</x><y>0.14355</y><y>0.16504</y></points><label>11</label><labelname>pillar</labelname><flag>1</flag></object><object><points><x>0.52046</x><x>0.55115</x><y>0.074219</y><y>0.09668</y></points><label>11</label><labelname>pillar</labelname><flag>1</flag></object><object><points><x>0.30818</x><x>0.32992</x><y>0.14551</y><y>0.16309</y></points><label>11</label><labelname>pillar</labelname><flag>1</flag></object><object><points><x>0.31586</x><x>0.33504</x><y>0.078125</y><y>0.095703</y></points><label>11</label><labelname>pillar</labelname><flag>1</flag></object><object><points><x>0.32353</x><x>0.34399</x><y>0.00097656</y><y>0.013672</y></points><label>11</label><labelname>pillar</labelname><flag>1</flag></object><object><points><x>0.31841</x><x>0.33887</x><y>0.051758</y><y>0.06543</y></points><label>11</label><labelname>pillar</labelname><flag>1</flag></object><object><points><x>0.84655</x><x>0.8734</x><y>0.25781</y><y>0.35352</y></points><label>12</label><labelname>shop</labelname><flag>1</flag></object><object><points><x>0.92711</x><x>0.95269</x><y>0.42383</y><y>0.43359</y></points><label>12</label><labelname>shop</labelname><flag>1</flag></object><object><points><x>0.85166</x><x>0.90281</x><y>0.73242</y><y>0.79102</y></points><label>12</label><labelname>shop</labelname><flag>1</flag></object><object><points><x>0.8376</x><x>0.8913</x><y>0.85938</y><y>0.99902</y></points><label>12</label><labelname>shop</labelname><flag>1</flag></object><object><points><x>0.065217</x><x>0.11893</x><y>0.012695</y><y>0.044922</y></points><label>3</label><labelname>window</labelname><flag>1</flag></object><object><points><x>0.79795</x><x>0.84783</x><y>0.71387</y><y>0.79883</y></points><label>7</label><labelname>balcony</labelname><flag>1</flag></object>