<object><points><x>0.8125</x><x>0.89844</x><y>0.77047</y><y>0.88283</y></points><label>3</label><labelname>window</labelname><flag>1</flag></object><object><points><x>0.81348</x><x>0.90137</x><y>0.46549</y><y>0.60353</y></points><label>3</label><labelname>window</labelname><flag>1</flag></object><object><points><x>0.64648</x><x>0.75</x><y>0.14767</y><y>0.28571</y></points><label>3</label><labelname>window</labelname><flag>1</flag></object><object><points><x>0.47852</x><x>0.57129</x><y>0.14928</y><y>0.28892</y></points><label>3</label><labelname>window</labelname><flag>1</flag></object><object><points><x>0.30957</x><x>0.3916</x><y>0.15088</y><y>0.29053</y></points><label>3</label><labelname>window</labelname><flag>1</flag></object><object><points><x>0.14551</x><x>0.22559</x><y>0.15088</y><y>0.28892</y></points><label>3</label><labelname>window</labelname><flag>1</flag></object><object><points><x>0.14746</x><x>0.20801</x><y>0.4687</y><y>0.52809</y></points><label>3</label><labelname>window</labelname><flag>1</flag></object><object><points><x>0.14648</x><x>0.20801</x><y>0.54896</y><y>0.60674</y></points><label>3</label><labelname>window</labelname><flag>1</flag></object><object><points><x>0.26758</x><x>0.35742</x><y>0.51525</y><y>0.60193</y></points><label>3</label><labelname>window</labelname><flag>1</flag></object><object><points><x>0.30859</x><x>0.39551</x><y>0.77528</y><y>0.88604</y></points><label>3</label><labelname>window</labelname><flag>1</flag></object><object><points><x>0.14648</x><x>0.22656</x><y>0.77528</y><y>0.88604</y></points><label>3</label><labelname>window</labelname><flag>1</flag></object><object><points><x>0.64551</x><x>0.73242</x><y>0.77368</y><y>0.88604</y></points><label>3</label><labelname>window</labelname><flag>1</flag></object><object><points><x>0.47656</x><x>0.56348</x><y>0.77528</y><y>0.88604</y></points><label>3</label><labelname>window</labelname><flag>1</flag></object><object><points><x>0.62793</x><x>0.71973</x><y>0.51364</y><y>0.60032</y></points><label>3</label><labelname>window</labelname><flag>1</flag></object><object><points><x>0.44629</x><x>0.53906</x><y>0.51364</y><y>0.60032</y></points><label>3</label><labelname>window</labelname><flag>1</flag></object><object><points><x>0.0058594</x><x>1</x><y>0.030498</y><y>0.99839</y></points><label>2</label><labelname>facade</labelname><flag>1</flag></object><object><points><x>0.40918</x><x>0.4668</x><y>0.74639</y><y>0.92295</y></points><label>5</label><labelname>cornice</labelname><flag>1</flag></object><object><points><x>0.22168</x><x>0.25586</x><y>0.14446</y><y>0.29535</y></points><label>6</label><labelname>sill</labelname><flag>1</flag></object><object><points><x>0.22559</x><x>0.25684</x><y>0.77047</y><y>0.88925</y></points><label>6</label><labelname>sill</labelname><flag>1</flag></object><object><points><x>0.39258</x><x>0.41699</x><y>0.74799</y><y>0.91974</y></points><label>6</label><labelname>sill</labelname><flag>1</flag></object><object><points><x>0.89648</x><x>0.9082</x><y>0.75923</y><y>0.89727</y></points><label>6</label><labelname>sill</labelname><flag>1</flag></object><object><points><x>0.89746</x><x>0.91113</x><y>0.45265</y><y>0.62279</y></points><label>6</label><labelname>sill</labelname><flag>1</flag></object><object><points><x>0.35742</x><x>0.39844</x><y>0.11236</y><y>0.47833</y></points><label>7</label><labelname>balcony</labelname><flag>1</flag></object><object><points><x>0.53906</x><x>0.58301</x><y>0.10754</y><y>0.47673</y></points><label>7</label><labelname>balcony</labelname><flag>1</flag></object><object><points><x>0.53906</x><x>0.58008</x><y>0.48475</y><y>0.64045</y></points><label>7</label><labelname>balcony</labelname><flag>1</flag></object><object><points><x>0.56348</x><x>0.60156</x><y>0.75762</y><y>0.90851</y></points><label>7</label><labelname>balcony</labelname><flag>1</flag></object><object><points><x>0.73242</x><x>0.76465</x><y>0.76565</y><y>0.89246</y></points><label>7</label><labelname>balcony</labelname><flag>1</flag></object><object><points><x>0.71973</x><x>0.75488</x><y>0.50722</y><y>0.61316</y></points><label>7</label><labelname>balcony</labelname><flag>1</flag></object><object><points><x>0.71973</x><x>0.75879</x><y>0.10754</y><y>0.47673</y></points><label>7</label><labelname>balcony</labelname><flag>1</flag></object><object><points><x>0.026367</x><x>0.060547</x><y>0.085072</y><y>0.12039</y></points><label>7</label><labelname>balcony</labelname><flag>1</flag></object><object><points><x>0.025391</x><x>0.05957</x><y>0.32424</y><y>0.35955</y></points><label>7</label><labelname>balcony</labelname><flag>1</flag></object><object><points><x>0.02832</x><x>0.05957</x><y>0.40128</y><y>0.687</y></points><label>7</label><labelname>balcony</labelname><flag>1</flag></object><object><points><x>0.025391</x><x>0.05957</x><y>0.72071</y><y>0.86035</y></points><label>7</label><labelname>balcony</labelname><flag>1</flag></object><object><points><x>0.032227</x><x>0.054688</x><y>0.1252</y><y>0.31782</y></points><label>9</label><labelname>deco</labelname><flag>1</flag></object><object><points><x>0.032227</x><x>0.053711</x><y>0.86677</y><y>0.99679</y></points><label>9</label><labelname>deco</labelname><flag>1</flag></object><object><points><x>0.22949</x><x>0.25195</x><y>0.4992</y><y>0.61798</y></points><label>9</label><labelname>deco</labelname><flag>1</flag></object><object><points><x>0.23828</x><x>0.29004</x><y>0.42215</y><y>0.47512</y></points><label>9</label><labelname>deco</labelname><flag>1</flag></object><object><points><x>0.35547</x><x>0.3877</x><y>0.50241</y><y>0.61637</y></points><label>6</label><labelname>sill</labelname><flag>1</flag></object><object><points><x>0.40918</x><x>0.42773</x><y>0.4992</y><y>0.61798</y></points><label>9</label><labelname>deco</labelname><flag>1</flag></object><object><points><x>0.41992</x><x>0.45801</x><y>0.42376</y><y>0.46388</y></points><label>9</label><labelname>deco</labelname><flag>1</flag></object><object><points><x>0.44434</x><x>0.46191</x><y>0.14928</y><y>0.28892</y></points><label>9</label><labelname>deco</labelname><flag>1</flag></object><object><points><x>0.59082</x><x>0.60742</x><y>0.49759</y><y>0.61958</y></points><label>9</label><labelname>deco</labelname><flag>1</flag></object><object><points><x>0.60059</x><x>0.62305</x><y>0.43018</y><y>0.45586</y></points><label>9</label><labelname>deco</labelname><flag>1</flag></object><object><points><x>0.6123</x><x>0.62988</x><y>0.14286</y><y>0.28732</y></points><label>9</label><labelname>deco</labelname><flag>1</flag></object><object><points><x>0.056641</x><x>0.13281</x><y>0.040128</y><y>0.99518</y></points><label>10</label><labelname>molding</labelname><flag>1</flag></object><object><points><x>0.22168</x><x>0.30566</x><y>0.036918</y><y>0.99518</y></points><label>10</label><labelname>molding</labelname><flag>1</flag></object><object><points><x>0.56152</x><x>0.61621</x><y>0.036918</y><y>0.99518</y></points><label>10</label><labelname>molding</labelname><flag>1</flag></object><object><points><x>0.72754</x><x>0.78223</x><y>0.038523</y><y>0.99518</y></points><label>10</label><labelname>molding</labelname><flag>1</flag></object><object><points><x>0.12695</x><x>0.22363</x><y>0.035313</y><y>0.083467</y></points><label>11</label><labelname>pillar</labelname><flag>1</flag></object><object><points><x>0.125</x><x>0.22266</x><y>0.35634</y><y>0.40449</y></points><label>11</label><labelname>pillar</labelname><flag>1</flag></object><object><points><x>0.12793</x><x>0.22559</x><y>0.67897</y><y>0.72552</y></points><label>11</label><labelname>pillar</labelname><flag>1</flag></object><object><points><x>0.12598</x><x>0.22266</x><y>0.9374</y><y>0.98395</y></points><label>11</label><labelname>pillar</labelname><flag>1</flag></object><object><points><x>0.32812</x><x>0.56445</x><y>0.033708</y><y>0.080257</y></points><label>11</label><labelname>pillar</labelname><flag>1</flag></object><object><points><x>0.3291</x><x>0.56543</x><y>0.67737</y><y>0.72552</y></points><label>11</label><labelname>pillar</labelname><flag>1</flag></object><object><points><x>0.32715</x><x>0.56348</x><y>0.93579</y><y>0.98395</y></points><label>11</label><labelname>pillar</labelname><flag>1</flag></object><object><points><x>0.62988</x><x>0.7334</x><y>0.033708</y><y>0.078652</y></points><label>11</label><labelname>pillar</labelname><flag>1</flag></object><object><points><x>0.63672</x><x>0.74023</x><y>0.35313</y><y>0.39647</y></points><label>11</label><labelname>pillar</labelname><flag>1</flag></object><object><points><x>0.62891</x><x>0.73242</x><y>0.67737</y><y>0.72231</y></points><label>11</label><labelname>pillar</labelname><flag>1</flag></object><object><points><x>0.62891</x><x>0.73242</x><y>0.93579</y><y>0.98234</y></points><label>11</label><labelname>pillar</labelname><flag>1</flag></object><object><points><x>0.7334</x><x>0.76953</x><y>0.030498</y><y>0.078652</y></points><label>11</label><labelname>pillar</labelname><flag>1</flag></object><object><points><x>0.73242</x><x>0.76758</x><y>0.67737</y><y>0.72552</y></points><label>11</label><labelname>pillar</labelname><flag>1</flag></object><object><points><x>0.73242</x><x>0.76855</x><y>0.93579</y><y>0.98395</y></points><label>11</label><labelname>pillar</labelname><flag>1</flag></object><object><points><x>0.22363</x><x>0.26367</x><y>0.032103</y><y>0.085072</y></points><label>11</label><labelname>pillar</labelname><flag>1</flag></object><object><points><x>0.22266</x><x>0.2627</x><y>0.35474</y><y>0.4061</y></points><label>11</label><labelname>pillar</labelname><flag>1</flag></object><object><points><x>0.22266</x><x>0.2627</x><y>0.93579</y><y>0.98716</y></points><label>11</label><labelname>pillar</labelname><flag>1</flag></object><object><points><x>0.22559</x><x>0.2627</x><y>0.67737</y><y>0.72873</y></points><label>11</label><labelname>pillar</labelname><flag>1</flag></object><object><points><x>0.078125</x><x>0.12695</x><y>0.032103</y><y>0.093098</y></points><label>11</label><labelname>pillar</labelname><flag>1</flag></object><object><points><x>0.077148</x><x>0.125</x><y>0.34992</y><y>0.41091</y></points><label>11</label><labelname>pillar</labelname><flag>1</flag></object><object><points><x>0.079102</x><x>0.12695</x><y>0.67416</y><y>0.73515</y></points><label>11</label><labelname>pillar</labelname><flag>1</flag></object><object><points><x>0.076172</x><x>0.125</x><y>0.92937</y><y>0.99037</y></points><label>11</label><labelname>pillar</labelname><flag>1</flag></object><object><points><x>0.27148</x><x>0.32715</x><y>0.93098</y><y>0.99037</y></points><label>11</label><labelname>pillar</labelname><flag>1</flag></object><object><points><x>0.27344</x><x>0.32812</x><y>0.67255</y><y>0.73194</y></points><label>11</label><labelname>pillar</labelname><flag>1</flag></object><object><points><x>0.27246</x><x>0.32812</x><y>0.34992</y><y>0.40931</y></points><label>11</label><labelname>pillar</labelname><flag>1</flag></object><object><points><x>0.27246</x><x>0.32812</x><y>0.032103</y><y>0.091493</y></points><label>11</label><labelname>pillar</labelname><flag>1</flag></object><object><points><x>0.32812</x><x>0.35742</x><y>0.35474</y><y>0.40128</y></points><label>11</label><labelname>pillar</labelname><flag>1</flag></object><object><points><x>0.61035</x><x>0.62988</x><y>0.032103</y><y>0.081862</y></points><label>11</label><labelname>pillar</labelname><flag>1</flag></object><object><points><x>0.61328</x><x>0.63574</x><y>0.34831</y><y>0.39968</y></points><label>11</label><labelname>pillar</labelname><flag>1</flag></object><object><points><x>0.60645</x><x>0.62891</x><y>0.93419</y><y>0.98555</y></points><label>11</label><labelname>pillar</labelname><flag>1</flag></object><object><points><x>0.60938</x><x>0.62891</x><y>0.67416</y><y>0.72552</y></points><label>11</label><labelname>pillar</labelname><flag>1</flag></object><object><points><x>0.81445</x><x>0.94922</x><y>0.14286</y><y>0.28411</y></points><label>12</label><labelname>shop</labelname><flag>1</flag></object><object><points><x>0.88477</x><x>0.94434</x><y>0.057785</y><y>0.10754</y></points><label>12</label><labelname>shop</labelname><flag>1</flag></object><object><points><x>0.89355</x><x>0.93848</x><y>0.29856</y><y>0.34029</y></points><label>12</label><labelname>shop</labelname><flag>1</flag></object><object><points><x>0.94824</x><x>0.99805</x><y>0.046549</y><y>0.085072</y></points><label>12</label><labelname>shop</labelname><flag>1</flag></object><object><points><x>0.94727</x><x>0.9873</x><y>0.5008</y><y>0.57143</y></points><label>3</label><labelname>window</labelname><flag>1</flag></object><object><points><x>0.94727</x><x>0.9834</x><y>0.79775</y><y>0.86677</y></points><label>3</label><labelname>window</labelname><flag>1</flag></object><object><points><x>0.56445</x><x>0.60156</x><y>0.030498</y><y>0.083467</y></points><label>11</label><labelname>pillar</labelname><flag>1</flag></object><object><points><x>0.56543</x><x>0.60156</x><y>0.67737</y><y>0.72873</y></points><label>11</label><labelname>pillar</labelname><flag>1</flag></object><object><points><x>0.56348</x><x>0.59961</x><y>0.93579</y><y>0.98716</y></points><label>11</label><labelname>pillar</labelname><flag>1</flag></object>