<object><points><x>0.45898</x><x>0.49609</x><y>0.41406</y><y>0.4375</y></points><label>3</label><labelname>window</labelname><flag>1</flag></object><object><points><x>0.45898</x><x>0.49609</x><y>0.46615</y><y>0.49089</y></points><label>3</label><labelname>window</labelname><flag>1</flag></object><object><points><x>0.53125</x><x>0.57129</x><y>0.41276</y><y>0.4388</y></points><label>3</label><labelname>window</labelname><flag>1</flag></object><object><points><x>0.53125</x><x>0.57129</x><y>0.46484</y><y>0.49089</y></points><label>3</label><labelname>window</labelname><flag>1</flag></object><object><points><x>0.45996</x><x>0.49707</x><y>0.58724</y><y>0.61198</y></points><label>3</label><labelname>window</labelname><flag>1</flag></object><object><points><x>0.45996</x><x>0.49707</x><y>0.63932</y><y>0.66276</y></points><label>3</label><labelname>window</labelname><flag>1</flag></object><object><points><x>0.53223</x><x>0.57129</x><y>0.58594</y><y>0.61068</y></points><label>3</label><labelname>window</labelname><flag>1</flag></object><object><points><x>0.53223</x><x>0.57227</x><y>0.63802</y><y>0.66276</y></points><label>3</label><labelname>window</labelname><flag>1</flag></object><object><points><x>0.68262</x><x>0.72266</x><y>0.63932</y><y>0.66276</y></points><label>3</label><labelname>window</labelname><flag>1</flag></object><object><points><x>0.68262</x><x>0.72266</x><y>0.58724</y><y>0.61328</y></points><label>3</label><labelname>window</labelname><flag>1</flag></object><object><points><x>0.60938</x><x>0.62012</x><y>0.63932</y><y>0.64974</y></points><label>3</label><labelname>window</labelname><flag>1</flag></object><object><points><x>0.60938</x><x>0.62012</x><y>0.65365</y><y>0.66406</y></points><label>3</label><labelname>window</labelname><flag>1</flag></object><object><points><x>0.62305</x><x>0.64844</x><y>0.63932</y><y>0.66406</y></points><label>3</label><labelname>window</labelname><flag>1</flag></object><object><points><x>0.60938</x><x>0.62012</x><y>0.60156</y><y>0.61198</y></points><label>3</label><labelname>window</labelname><flag>1</flag></object><object><points><x>0.60938</x><x>0.62012</x><y>0.58724</y><y>0.59766</y></points><label>3</label><labelname>window</labelname><flag>1</flag></object><object><points><x>0.62305</x><x>0.64844</x><y>0.58724</y><y>0.61328</y></points><label>3</label><labelname>window</labelname><flag>1</flag></object><object><points><x>0.75781</x><x>0.7959</x><y>0.58724</y><y>0.61068</y></points><label>3</label><labelname>window</labelname><flag>1</flag></object><object><points><x>0.75684</x><x>0.7959</x><y>0.63802</y><y>0.66146</y></points><label>3</label><labelname>window</labelname><flag>1</flag></object><object><points><x>0.75781</x><x>0.76855</x><y>0.51953</y><y>0.53255</y></points><label>3</label><labelname>window</labelname><flag>1</flag></object><object><points><x>0.75879</x><x>0.76855</x><y>0.54427</y><y>0.55859</y></points><label>3</label><labelname>window</labelname><flag>1</flag></object><object><points><x>0.77148</x><x>0.79688</x><y>0.51953</y><y>0.53385</y></points><label>3</label><labelname>window</labelname><flag>1</flag></object><object><points><x>0.77246</x><x>0.7959</x><y>0.54427</y><y>0.55729</y></points><label>3</label><labelname>window</labelname><flag>1</flag></object><object><points><x>0.68262</x><x>0.72363</x><y>0.46745</y><y>0.49219</y></points><label>3</label><labelname>window</labelname><flag>1</flag></object><object><points><x>0.68359</x><x>0.72363</x><y>0.41536</y><y>0.4401</y></points><label>3</label><labelname>window</labelname><flag>1</flag></object><object><points><x>0.75781</x><x>0.79688</x><y>0.41536</y><y>0.4401</y></points><label>3</label><labelname>window</labelname><flag>1</flag></object><object><points><x>0.75781</x><x>0.79785</x><y>0.46745</y><y>0.49089</y></points><label>3</label><labelname>window</labelname><flag>1</flag></object><object><points><x>0.60938</x><x>0.62012</x><y>0.41406</y><y>0.42448</y></points><label>3</label><labelname>window</labelname><flag>1</flag></object><object><points><x>0.60938</x><x>0.62012</x><y>0.46615</y><y>0.47656</y></points><label>3</label><labelname>window</labelname><flag>1</flag></object><object><points><x>0.60938</x><x>0.62012</x><y>0.42969</y><y>0.4401</y></points><label>3</label><labelname>window</labelname><flag>1</flag></object><object><points><x>0.62305</x><x>0.64844</x><y>0.41536</y><y>0.4401</y></points><label>3</label><labelname>window</labelname><flag>1</flag></object><object><points><x>0.62305</x><x>0.64844</x><y>0.46615</y><y>0.49219</y></points><label>3</label><labelname>window</labelname><flag>1</flag></object><object><points><x>0.60938</x><x>0.62012</x><y>0.48047</y><y>0.49089</y></points><label>3</label><labelname>window</labelname><flag>1</flag></object><object><points><x>0.46094</x><x>0.49316</x><y>0.52474</y><y>0.55078</y></points><label>3</label><labelname>window</labelname><flag>1</flag></object><object><points><x>0.52441</x><x>0.5625</x><y>0.51693</y><y>0.54297</y></points><label>3</label><labelname>window</labelname><flag>1</flag></object><object><points><x>0.52637</x><x>0.56152</x><y>0.55859</y><y>0.56771</y></points><label>3</label><labelname>window</labelname><flag>1</flag></object><object><points><x>0.61914</x><x>0.64258</x><y>0.51693</y><y>0.54297</y></points><label>3</label><labelname>window</labelname><flag>1</flag></object><object><points><x>0.61914</x><x>0.6416</x><y>0.5612</y><y>0.56901</y></points><label>3</label><labelname>window</labelname><flag>1</flag></object><object><points><x>0.60547</x><x>0.61816</x><y>0.51693</y><y>0.52734</y></points><label>3</label><labelname>window</labelname><flag>1</flag></object><object><points><x>0.60254</x><x>0.61621</x><y>0.53255</y><y>0.54297</y></points><label>3</label><labelname>window</labelname><flag>1</flag></object><object><points><x>0.68555</x><x>0.7207</x><y>0.52604</y><y>0.55208</y></points><label>3</label><labelname>window</labelname><flag>1</flag></object><object><points><x>0.38477</x><x>0.41992</x><y>0.30469</y><y>0.32161</y></points><label>3</label><labelname>window</labelname><flag>1</flag></object><object><points><x>0.38184</x><x>0.39355</x><y>0.32552</y><y>0.34635</y></points><label>3</label><labelname>window</labelname><flag>1</flag></object><object><points><x>0.38574</x><x>0.4209</x><y>0.35156</y><y>0.36719</y></points><label>3</label><labelname>window</labelname><flag>1</flag></object><object><points><x>0.39648</x><x>0.41309</x><y>0.32682</y><y>0.34766</y></points><label>3</label><labelname>window</labelname><flag>1</flag></object><object><points><x>0.46387</x><x>0.49219</x><y>0.32812</y><y>0.34896</y></points><label>3</label><labelname>window</labelname><flag>1</flag></object><object><points><x>0.46484</x><x>0.49121</x><y>0.35417</y><y>0.36589</y></points><label>3</label><labelname>window</labelname><flag>1</flag></object><object><points><x>0.46484</x><x>0.49121</x><y>0.3125</y><y>0.32422</y></points><label>3</label><labelname>window</labelname><flag>1</flag></object><object><points><x>0.45312</x><x>0.46094</x><y>0.3112</y><y>0.32292</y></points><label>3</label><labelname>window</labelname><flag>1</flag></object><object><points><x>0.44434</x><x>0.46094</x><y>0.32812</y><y>0.34896</y></points><label>3</label><labelname>window</labelname><flag>1</flag></object><object><points><x>0.45312</x><x>0.46191</x><y>0.35286</y><y>0.36589</y></points><label>3</label><labelname>window</labelname><flag>1</flag></object><object><points><x>0.52246</x><x>0.5332</x><y>0.32943</y><y>0.34896</y></points><label>3</label><labelname>window</labelname><flag>1</flag></object><object><points><x>0.52344</x><x>0.53613</x><y>0.3125</y><y>0.32552</y></points><label>3</label><labelname>window</labelname><flag>1</flag></object><object><points><x>0.52344</x><x>0.53613</x><y>0.35286</y><y>0.36458</y></points><label>3</label><labelname>window</labelname><flag>1</flag></object><object><points><x>0.53906</x><x>0.56836</x><y>0.3125</y><y>0.32552</y></points><label>3</label><labelname>window</labelname><flag>1</flag></object><object><points><x>0.53613</x><x>0.56836</x><y>0.33073</y><y>0.34896</y></points><label>3</label><labelname>window</labelname><flag>1</flag></object><object><points><x>0.53906</x><x>0.56836</x><y>0.35286</y><y>0.36589</y></points><label>3</label><labelname>window</labelname><flag>1</flag></object><object><points><x>0.59863</x><x>0.61035</x><y>0.3138</y><y>0.32552</y></points><label>3</label><labelname>window</labelname><flag>1</flag></object><object><points><x>0.59863</x><x>0.60742</x><y>0.33073</y><y>0.34896</y></points><label>3</label><labelname>window</labelname><flag>1</flag></object><object><points><x>0.59961</x><x>0.61035</x><y>0.35417</y><y>0.36589</y></points><label>3</label><labelname>window</labelname><flag>1</flag></object><object><points><x>0.61328</x><x>0.64648</x><y>0.3138</y><y>0.32552</y></points><label>3</label><labelname>window</labelname><flag>1</flag></object><object><points><x>0.61133</x><x>0.64648</x><y>0.33073</y><y>0.34896</y></points><label>3</label><labelname>window</labelname><flag>1</flag></object><object><points><x>0.61328</x><x>0.64648</x><y>0.35417</y><y>0.36589</y></points><label>3</label><labelname>window</labelname><flag>1</flag></object><object><points><x>0.68262</x><x>0.69434</x><y>0.3125</y><y>0.32161</y></points><label>3</label><labelname>window</labelname><flag>1</flag></object><object><points><x>0.68262</x><x>0.69434</x><y>0.32682</y><y>0.33594</y></points><label>3</label><labelname>window</labelname><flag>1</flag></object><object><points><x>0.68262</x><x>0.69336</x><y>0.34375</y><y>0.35286</y></points><label>3</label><labelname>window</labelname><flag>1</flag></object><object><points><x>0.68262</x><x>0.69336</x><y>0.35807</y><y>0.36589</y></points><label>3</label><labelname>window</labelname><flag>1</flag></object><object><points><x>0.69727</x><x>0.72363</x><y>0.3125</y><y>0.33464</y></points><label>3</label><labelname>window</labelname><flag>1</flag></object><object><points><x>0.69727</x><x>0.72363</x><y>0.34375</y><y>0.36589</y></points><label>3</label><labelname>window</labelname><flag>1</flag></object><object><points><x>0.80664</x><x>0.86621</x><y>0.31901</y><y>0.35547</y></points><label>4</label><labelname>door</labelname><flag>1</flag></object><object><points><x>0.24512</x><x>0.86719</x><y>0.26432</y><y>0.82943</y></points><label>2</label><labelname>facade</labelname><flag>1</flag></object><object><points><x>0.44043</x><x>0.48438</x><y>0.77734</y><y>0.79557</y></points><label>3</label><labelname>window</labelname><flag>1</flag></object><object><points><x>0.43945</x><x>0.4834</x><y>0.7526</y><y>0.77083</y></points><label>3</label><labelname>window</labelname><flag>1</flag></object><object><points><x>0.44043</x><x>0.4834</x><y>0.72656</y><y>0.74479</y></points><label>3</label><labelname>window</labelname><flag>1</flag></object><object><points><x>0.44727</x><x>0.49121</x><y>0.69922</y><y>0.71745</y></points><label>3</label><labelname>window</labelname><flag>1</flag></object><object><points><x>0.52344</x><x>0.56641</x><y>0.70443</y><y>0.71224</y></points><label>3</label><labelname>window</labelname><flag>1</flag></object><object><points><x>0.51953</x><x>0.56055</x><y>0.73568</y><y>0.78646</y></points><label>3</label><labelname>window</labelname><flag>1</flag></object><object><points><x>0.45996</x><x>0.49805</x><y>0.80339</y><y>0.82422</y></points><label>3</label><labelname>window</labelname><flag>1</flag></object><object><points><x>0.53223</x><x>0.57031</x><y>0.80469</y><y>0.82552</y></points><label>3</label><labelname>window</labelname><flag>1</flag></object><object><points><x>0.61523</x><x>0.6416</x><y>0.73047</y><y>0.75521</y></points><label>3</label><labelname>window</labelname><flag>1</flag></object><object><points><x>0.61523</x><x>0.64062</x><y>0.76693</y><y>0.79167</y></points><label>3</label><labelname>window</labelname><flag>1</flag></object><object><points><x>0.59961</x><x>0.61035</x><y>0.73047</y><y>0.74089</y></points><label>3</label><labelname>window</labelname><flag>1</flag></object><object><points><x>0.59961</x><x>0.61133</x><y>0.74609</y><y>0.75651</y></points><label>3</label><labelname>window</labelname><flag>1</flag></object><object><points><x>0.60059</x><x>0.61133</x><y>0.76693</y><y>0.77734</y></points><label>3</label><labelname>window</labelname><flag>1</flag></object><object><points><x>0.59961</x><x>0.61133</x><y>0.78125</y><y>0.79167</y></points><label>3</label><labelname>window</labelname><flag>1</flag></object><object><points><x>0.6084</x><x>0.62012</x><y>0.81641</y><y>0.82682</y></points><label>3</label><labelname>window</labelname><flag>1</flag></object><object><points><x>0.6084</x><x>0.61914</x><y>0.80208</y><y>0.8125</y></points><label>3</label><labelname>window</labelname><flag>1</flag></object><object><points><x>0.66895</x><x>0.7168</x><y>0.72526</y><y>0.77604</y></points><label>3</label><labelname>window</labelname><flag>1</flag></object><object><points><x>0.66992</x><x>0.71973</x><y>0.70052</y><y>0.71484</y></points><label>3</label><labelname>window</labelname><flag>1</flag></object><object><points><x>0.76953</x><x>0.7959</x><y>0.70703</y><y>0.73177</y></points><label>3</label><labelname>window</labelname><flag>1</flag></object><object><points><x>0.77051</x><x>0.79492</x><y>0.74479</y><y>0.76953</y></points><label>3</label><labelname>window</labelname><flag>1</flag></object><object><points><x>0.75586</x><x>0.7666</x><y>0.70833</y><y>0.72005</y></points><label>3</label><labelname>window</labelname><flag>1</flag></object><object><points><x>0.75586</x><x>0.7666</x><y>0.72266</y><y>0.73438</y></points><label>3</label><labelname>window</labelname><flag>1</flag></object><object><points><x>0.75684</x><x>0.76758</x><y>0.74479</y><y>0.75651</y></points><label>3</label><labelname>window</labelname><flag>1</flag></object><object><points><x>0.75586</x><x>0.7666</x><y>0.75781</y><y>0.76953</y></points><label>3</label><labelname>window</labelname><flag>1</flag></object><object><points><x>0.68457</x><x>0.74121</x><y>0.17708</y><y>0.20182</y></points><label>3</label><labelname>window</labelname><flag>1</flag></object><object><points><x>0.68164</x><x>0.73828</x><y>0.23438</y><y>0.26172</y></points><label>3</label><labelname>window</labelname><flag>1</flag></object><object><points><x>0.68945</x><x>0.74316</x><y>0.1263</y><y>0.14844</y></points><label>3</label><labelname>window</labelname><flag>1</flag></object><object><points><x>0.75879</x><x>0.79883</x><y>0.17839</y><y>0.20312</y></points><label>3</label><labelname>window</labelname><flag>1</flag></object><object><points><x>0.75879</x><x>0.79785</x><y>0.23568</y><y>0.26042</y></points><label>3</label><labelname>window</labelname><flag>1</flag></object><object><points><x>0.76172</x><x>0.80078</x><y>0.1276</y><y>0.14844</y></points><label>3</label><labelname>window</labelname><flag>1</flag></object><object><points><x>0.62207</x><x>0.65039</x><y>0.23307</y><y>0.26172</y></points><label>3</label><labelname>window</labelname><flag>1</flag></object><object><points><x>0.625</x><x>0.65332</x><y>0.17708</y><y>0.20182</y></points><label>3</label><labelname>window</labelname><flag>1</flag></object><object><points><x>0.63281</x><x>0.6582</x><y>0.1263</y><y>0.14844</y></points><label>3</label><labelname>window</labelname><flag>1</flag></object><object><points><x>0.61914</x><x>0.62988</x><y>0.125</y><y>0.13411</y></points><label>3</label><labelname>window</labelname><flag>1</flag></object><object><points><x>0.61719</x><x>0.62793</x><y>0.13802</y><y>0.14714</y></points><label>3</label><labelname>window</labelname><flag>1</flag></object><object><points><x>0.6123</x><x>0.62305</x><y>0.17448</y><y>0.1849</y></points><label>3</label><labelname>window</labelname><flag>1</flag></object><object><points><x>0.61133</x><x>0.62207</x><y>0.1901</y><y>0.20052</y></points><label>3</label><labelname>window</labelname><flag>1</flag></object><object><points><x>0.6084</x><x>0.61914</x><y>0.23307</y><y>0.24349</y></points><label>3</label><labelname>window</labelname><flag>1</flag></object><object><points><x>0.6084</x><x>0.61914</x><y>0.2487</y><y>0.25911</y></points><label>3</label><labelname>window</labelname><flag>1</flag></object><object><points><x>0.5293</x><x>0.57129</x><y>0.23177</y><y>0.26042</y></points><label>3</label><labelname>window</labelname><flag>1</flag></object><object><points><x>0.53418</x><x>0.5752</x><y>0.17318</y><y>0.20052</y></points><label>3</label><labelname>window</labelname><flag>1</flag></object><object><points><x>0.54199</x><x>0.58496</x><y>0.1237</y><y>0.14583</y></points><label>3</label><labelname>window</labelname><flag>1</flag></object><object><points><x>0.45605</x><x>0.49414</x><y>0.23177</y><y>0.25651</y></points><label>3</label><labelname>window</labelname><flag>1</flag></object><object><points><x>0.46191</x><x>0.5</x><y>0.17448</y><y>0.19922</y></points><label>3</label><labelname>window</labelname><flag>1</flag></object><object><points><x>0.47363</x><x>0.50977</x><y>0.1224</y><y>0.14323</y></points><label>3</label><labelname>window</labelname><flag>1</flag></object><object><points><x>0.37891</x><x>0.41211</x><y>0.24349</y><y>0.25911</y></points><label>3</label><labelname>window</labelname><flag>1</flag></object><object><points><x>0.37988</x><x>0.41406</x><y>0.21745</y><y>0.23307</y></points><label>3</label><labelname>window</labelname><flag>1</flag></object><object><points><x>0.38281</x><x>0.41602</x><y>0.19141</y><y>0.20703</y></points><label>3</label><labelname>window</labelname><flag>1</flag></object><object><points><x>0.38672</x><x>0.4209</x><y>0.16667</y><y>0.18229</y></points><label>3</label><labelname>window</labelname><flag>1</flag></object><object><points><x>0.3916</x><x>0.42578</x><y>0.14323</y><y>0.15885</y></points><label>3</label><labelname>window</labelname><flag>1</flag></object><object><points><x>0.40137</x><x>0.43262</x><y>0.1237</y><y>0.13281</y></points><label>3</label><labelname>window</labelname><flag>1</flag></object><object><points><x>0.48047</x><x>0.5166</x><y>0.061198</y><y>0.079427</y></points><label>3</label><labelname>window</labelname><flag>1</flag></object><object><points><x>0.48438</x><x>0.51855</x><y>0.041667</y><y>0.052083</y></points><label>3</label><labelname>window</labelname><flag>1</flag></object><object><points><x>0.56055</x><x>0.58691</x><y>0.080729</y><y>0.08724</y></points><label>3</label><labelname>window</labelname><flag>1</flag></object><object><points><x>0.54688</x><x>0.55762</x><y>0.080729</y><y>0.08724</y></points><label>3</label><labelname>window</labelname><flag>1</flag></object><object><points><x>0.55859</x><x>0.58691</x><y>0.05599</y><y>0.065104</y></points><label>3</label><labelname>window</labelname><flag>1</flag></object><object><points><x>0.5459</x><x>0.55469</x><y>0.053385</y><y>0.065104</y></points><label>3</label><labelname>window</labelname><flag>1</flag></object><object><points><x>0.61523</x><x>0.62793</x><y>0.080729</y><y>0.088542</y></points><label>3</label><labelname>window</labelname><flag>1</flag></object><object><points><x>0.62988</x><x>0.66113</x><y>0.082031</y><y>0.088542</y></points><label>3</label><labelname>window</labelname><flag>1</flag></object><object><points><x>0.39648</x><x>0.41113</x><y>0.56771</y><y>0.65495</y></points><label>3</label><labelname>window</labelname><flag>1</flag></object><object><points><x>0.39355</x><x>0.41016</x><y>0.41146</y><y>0.51172</y></points><label>3</label><labelname>window</labelname><flag>1</flag></object><object><points><x>0.31445</x><x>0.32422</x><y>0.73307</y><y>0.74609</y></points><label>3</label><labelname>window</labelname><flag>1</flag></object><object><points><x>0.34668</x><x>0.3623</x><y>0.73568</y><y>0.74479</y></points><label>3</label><labelname>window</labelname><flag>1</flag></object><object><points><x>0.29688</x><x>0.30762</x><y>0.33333</y><y>0.33854</y></points><label>3</label><labelname>window</labelname><flag>1</flag></object><object><points><x>0.34961</x><x>0.35938</x><y>0.058594</y><y>0.0625</y></points><label>3</label><labelname>window</labelname><flag>1</flag></object><object><points><x>0.43945</x><x>0.47168</x><y>0.40755</y><y>0.44661</y></points><label>5</label><labelname>cornice</labelname><flag>1</flag></object><object><points><x>0.44043</x><x>0.47266</x><y>0.45964</y><y>0.4987</y></points><label>5</label><labelname>cornice</labelname><flag>1</flag></object><object><points><x>0.44141</x><x>0.47363</x><y>0.57943</y><y>0.61849</y></points><label>5</label><labelname>cornice</labelname><flag>1</flag></object><object><points><x>0.44141</x><x>0.47363</x><y>0.63281</y><y>0.67188</y></points><label>5</label><labelname>cornice</labelname><flag>1</flag></object><object><points><x>0.58789</x><x>0.61035</x><y>0.40625</y><y>0.44792</y></points><label>5</label><labelname>cornice</labelname><flag>1</flag></object><object><points><x>0.58789</x><x>0.61035</x><y>0.45703</y><y>0.4987</y></points><label>5</label><labelname>cornice</labelname><flag>1</flag></object><object><points><x>0.58887</x><x>0.6123</x><y>0.57943</y><y>0.62109</y></points><label>5</label><labelname>cornice</labelname><flag>1</flag></object><object><points><x>0.58887</x><x>0.61133</x><y>0.63151</y><y>0.67318</y></points><label>5</label><labelname>cornice</labelname><flag>1</flag></object><object><points><x>0.5791</x><x>0.59375</x><y>0.72917</y><y>0.76172</y></points><label>5</label><labelname>cornice</labelname><flag>1</flag></object><object><points><x>0.5791</x><x>0.59277</x><y>0.76562</y><y>0.79688</y></points><label>5</label><labelname>cornice</labelname><flag>1</flag></object><object><points><x>0.4375</x><x>0.46973</x><y>0.22656</y><y>0.26562</y></points><label>5</label><labelname>cornice</labelname><flag>1</flag></object><object><points><x>0.44336</x><x>0.47559</x><y>0.16536</y><y>0.20443</y></points><label>5</label><labelname>cornice</labelname><flag>1</flag></object><object><points><x>0.45312</x><x>0.48535</x><y>0.10807</y><y>0.14714</y></points><label>5</label><labelname>cornice</labelname><flag>1</flag></object><object><points><x>0.49121</x><x>0.50488</x><y>0.3099</y><y>0.32552</y></points><label>6</label><labelname>sill</labelname><flag>1</flag></object><object><points><x>0.49121</x><x>0.50488</x><y>0.35286</y><y>0.36849</y></points><label>6</label><labelname>sill</labelname><flag>1</flag></object><object><points><x>0.49121</x><x>0.50488</x><y>0.32812</y><y>0.35156</y></points><label>6</label><labelname>sill</labelname><flag>1</flag></object><object><points><x>0.49609</x><x>0.50977</x><y>0.41016</y><y>0.44271</y></points><label>6</label><labelname>sill</labelname><flag>1</flag></object><object><points><x>0.49609</x><x>0.50879</x><y>0.46224</y><y>0.49479</y></points><label>6</label><labelname>sill</labelname><flag>1</flag></object><object><points><x>0.49609</x><x>0.51074</x><y>0.58333</y><y>0.61589</y></points><label>6</label><labelname>sill</labelname><flag>1</flag></object><object><points><x>0.49609</x><x>0.51074</x><y>0.63411</y><y>0.66667</y></points><label>6</label><labelname>sill</labelname><flag>1</flag></object><object><points><x>0.57129</x><x>0.58594</x><y>0.63411</y><y>0.67057</y></points><label>6</label><labelname>sill</labelname><flag>1</flag></object><object><points><x>0.57129</x><x>0.58691</x><y>0.58203</y><y>0.61719</y></points><label>6</label><labelname>sill</labelname><flag>1</flag></object><object><points><x>0.57227</x><x>0.58691</x><y>0.46224</y><y>0.4974</y></points><label>6</label><labelname>sill</labelname><flag>1</flag></object><object><points><x>0.57031</x><x>0.58594</x><y>0.40885</y><y>0.44531</y></points><label>6</label><labelname>sill</labelname><flag>1</flag></object><object><points><x>0.64844</x><x>0.66211</x><y>0.40885</y><y>0.44661</y></points><label>6</label><labelname>sill</labelname><flag>1</flag></object><object><points><x>0.64844</x><x>0.66211</x><y>0.46094</y><y>0.4987</y></points><label>6</label><labelname>sill</labelname><flag>1</flag></object><object><points><x>0.64746</x><x>0.66113</x><y>0.63411</y><y>0.67057</y></points><label>6</label><labelname>sill</labelname><flag>1</flag></object><object><points><x>0.64648</x><x>0.66016</x><y>0.58724</y><y>0.625</y></points><label>6</label><labelname>sill</labelname><flag>1</flag></object><object><points><x>0.72266</x><x>0.74121</x><y>0.40885</y><y>0.44792</y></points><label>6</label><labelname>sill</labelname><flag>1</flag></object><object><points><x>0.72363</x><x>0.74121</x><y>0.45964</y><y>0.5</y></points><label>6</label><labelname>sill</labelname><flag>1</flag></object><object><points><x>0.72168</x><x>0.74023</x><y>0.58073</y><y>0.61979</y></points><label>6</label><labelname>sill</labelname><flag>1</flag></object><object><points><x>0.72168</x><x>0.74023</x><y>0.63281</y><y>0.67188</y></points><label>6</label><labelname>sill</labelname><flag>1</flag></object><object><points><x>0.72266</x><x>0.74023</x><y>0.30729</y><y>0.33984</y></points><label>6</label><labelname>sill</labelname><flag>1</flag></object><object><points><x>0.72363</x><x>0.74023</x><y>0.34115</y><y>0.3724</y></points><label>6</label><labelname>sill</labelname><flag>1</flag></object><object><points><x>0.56836</x><x>0.58398</x><y>0.3112</y><y>0.32812</y></points><label>6</label><labelname>sill</labelname><flag>1</flag></object><object><points><x>0.56836</x><x>0.58496</x><y>0.35156</y><y>0.36979</y></points><label>6</label><labelname>sill</labelname><flag>1</flag></object><object><points><x>0.56836</x><x>0.58496</x><y>0.32943</y><y>0.35156</y></points><label>6</label><labelname>sill</labelname><flag>1</flag></object><object><points><x>0.64648</x><x>0.66309</x><y>0.32943</y><y>0.35156</y></points><label>6</label><labelname>sill</labelname><flag>1</flag></object><object><points><x>0.64648</x><x>0.66309</x><y>0.35286</y><y>0.36719</y></points><label>6</label><labelname>sill</labelname><flag>1</flag></object><object><points><x>0.64648</x><x>0.66309</x><y>0.3125</y><y>0.32682</y></points><label>6</label><labelname>sill</labelname><flag>1</flag></object><object><points><x>0.48633</x><x>0.51465</x><y>0.50391</y><y>0.57422</y></points><label>7</label><labelname>balcony</labelname><flag>1</flag></object><object><points><x>0.56152</x><x>0.59082</x><y>0.5013</y><y>0.59245</y></points><label>7</label><labelname>balcony</labelname><flag>1</flag></object><object><points><x>0.63867</x><x>0.66992</x><y>0.5</y><y>0.59375</y></points><label>7</label><labelname>balcony</labelname><flag>1</flag></object><object><points><x>0.71777</x><x>0.75488</x><y>0.5026</y><y>0.57812</y></points><label>7</label><labelname>balcony</labelname><flag>1</flag></object><object><points><x>0.48145</x><x>0.53516</x><y>0.095052</y><y>0.25911</y></points><label>7</label><labelname>balcony</labelname><flag>1</flag></object><object><points><x>0.55859</x><x>0.60449</x><y>0.097656</y><y>0.26302</y></points><label>7</label><labelname>balcony</labelname><flag>1</flag></object><object><points><x>0.63965</x><x>0.68262</x><y>0.097656</y><y>0.26172</y></points><label>7</label><labelname>balcony</labelname><flag>1</flag></object><object><points><x>0.71973</x><x>0.75195</x><y>0.098958</y><y>0.26042</y></points><label>7</label><labelname>balcony</labelname><flag>1</flag></object><object><points><x>0.48242</x><x>0.5</x><y>0.77474</y><y>0.80078</y></points><label>6</label><labelname>sill</labelname><flag>1</flag></object><object><points><x>0.48242</x><x>0.50098</x><y>0.7487</y><y>0.77474</y></points><label>6</label><labelname>sill</labelname><flag>1</flag></object><object><points><x>0.48242</x><x>0.5</x><y>0.72266</y><y>0.7474</y></points><label>6</label><labelname>sill</labelname><flag>1</flag></object><object><points><x>0.64062</x><x>0.65625</x><y>0.72656</y><y>0.76042</y></points><label>6</label><labelname>sill</labelname><flag>1</flag></object><object><points><x>0.64062</x><x>0.65625</x><y>0.76432</y><y>0.79818</y></points><label>6</label><labelname>sill</labelname><flag>1</flag></object><object><points><x>0.7168</x><x>0.73535</x><y>0.72005</y><y>0.75911</y></points><label>6</label><labelname>sill</labelname><flag>1</flag></object><object><points><x>0.71875</x><x>0.7373</x><y>0.76302</y><y>0.80208</y></points><label>6</label><labelname>sill</labelname><flag>1</flag></object><object><points><x>0.46387</x><x>0.49219</x><y>0.05599</y><y>0.08724</y></points><label>5</label><labelname>cornice</labelname><flag>1</flag></object><object><points><x>0.74805</x><x>0.80762</x><y>0.30599</y><y>0.3737</y></points><label>9</label><labelname>deco</labelname><flag>1</flag></object><object><points><x>0.7793</x><x>0.80078</x><y>0.28125</y><y>0.30078</y></points><label>9</label><labelname>deco</labelname><flag>1</flag></object><object><points><x>0.77832</x><x>0.7998</x><y>0.38021</y><y>0.39844</y></points><label>9</label><labelname>deco</labelname><flag>1</flag></object><object><points><x>0.80566</x><x>0.81934</x><y>0.26823</y><y>0.82422</y></points><label>10</label><labelname>molding</labelname><flag>1</flag></object><object><points><x>0.73633</x><x>0.75098</x><y>0.27083</y><y>0.82682</y></points><label>10</label><labelname>molding</labelname><flag>1</flag></object><object><points><x>0.65918</x><x>0.67285</x><y>0.26562</y><y>0.82161</y></points><label>10</label><labelname>molding</labelname><flag>1</flag></object><object><points><x>0.50879</x><x>0.52344</x><y>0.26953</y><y>0.82422</y></points><label>10</label><labelname>molding</labelname><flag>1</flag></object><object><points><x>0.40527</x><x>0.44336</x><y>0.26953</y><y>0.82812</y></points><label>10</label><labelname>molding</labelname><flag>1</flag></object><object><points><x>0.68945</x><x>0.71973</x><y>0.3724</y><y>0.3776</y></points><label>11</label><labelname>pillar</labelname><flag>1</flag></object><object><points><x>0.68945</x><x>0.71973</x><y>0.30339</y><y>0.30859</y></points><label>11</label><labelname>pillar</labelname><flag>1</flag></object><object><points><x>0.69043</x><x>0.71973</x><y>0.50911</y><y>0.51432</y></points><label>11</label><labelname>pillar</labelname><flag>1</flag></object><object><points><x>0.68848</x><x>0.71582</x><y>0.55078</y><y>0.55599</y></points><label>11</label><labelname>pillar</labelname><flag>1</flag></object><object><points><x>0.69238</x><x>0.71973</x><y>0.56641</y><y>0.57161</y></points><label>11</label><labelname>pillar</labelname><flag>1</flag></object><object><points><x>0.45508</x><x>0.48242</x><y>0.54948</y><y>0.55599</y></points><label>11</label><labelname>pillar</labelname><flag>1</flag></object><object><points><x>0.4668</x><x>0.49219</x><y>0.5651</y><y>0.57031</y></points><label>11</label><labelname>pillar</labelname><flag>1</flag></object><object><points><x>0.46777</x><x>0.49121</x><y>0.50781</y><y>0.51302</y></points><label>11</label><labelname>pillar</labelname><flag>1</flag></object><object><points><x>0.70996</x><x>0.85059</x><y>0.82031</y><y>0.85547</y></points><label>11</label><labelname>pillar</labelname><flag>1</flag></object><object><points><x>0.72559</x><x>0.84668</x><y>0.77995</y><y>0.80729</y></points><label>11</label><labelname>pillar</labelname><flag>1</flag></object><object><points><x>0.85059</x><x>0.89355</x><y>0.8099</y><y>0.86198</y></points><label>11</label><labelname>pillar</labelname><flag>1</flag></object><object><points><x>0.84668</x><x>0.88086</x><y>0.77474</y><y>0.80859</y></points><label>11</label><labelname>pillar</labelname><flag>1</flag></object><object><points><x>0.69629</x><x>0.70996</x><y>0.81771</y><y>0.86328</y></points><label>11</label><labelname>pillar</labelname><flag>1</flag></object><object><points><x>0.71484</x><x>0.72559</x><y>0.77604</y><y>0.8125</y></points><label>11</label><labelname>pillar</labelname><flag>1</flag></object><object><points><x>0.68164</x><x>0.68848</x><y>0.54948</y><y>0.5599</y></points><label>11</label><labelname>pillar</labelname><flag>1</flag></object><object><points><x>0.68652</x><x>0.69043</x><y>0.50521</y><y>0.51693</y></points><label>11</label><labelname>pillar</labelname><flag>1</flag></object><object><points><x>0.68652</x><x>0.69238</x><y>0.5638</y><y>0.57292</y></points><label>11</label><labelname>pillar</labelname><flag>1</flag></object><object><points><x>0.71973</x><x>0.72266</x><y>0.50781</y><y>0.51562</y></points><label>11</label><labelname>pillar</labelname><flag>1</flag></object><object><points><x>0.71582</x><x>0.71875</x><y>0.54948</y><y>0.55729</y></points><label>11</label><labelname>pillar</labelname><flag>1</flag></object><object><points><x>0.71973</x><x>0.72168</x><y>0.56641</y><y>0.57292</y></points><label>11</label><labelname>pillar</labelname><flag>1</flag></object><object><points><x>0.48242</x><x>0.48535</x><y>0.54948</y><y>0.55599</y></points><label>11</label><labelname>pillar</labelname><flag>1</flag></object><object><points><x>0.49219</x><x>0.49512</x><y>0.5651</y><y>0.57161</y></points><label>11</label><labelname>pillar</labelname><flag>1</flag></object><object><points><x>0.49121</x><x>0.49414</x><y>0.50781</y><y>0.51432</y></points><label>11</label><labelname>pillar</labelname><flag>1</flag></object><object><points><x>0.46191</x><x>0.46777</x><y>0.50521</y><y>0.51562</y></points><label>11</label><labelname>pillar</labelname><flag>1</flag></object><object><points><x>0.44922</x><x>0.45508</x><y>0.54818</y><y>0.55859</y></points><label>11</label><labelname>pillar</labelname><flag>1</flag></object><object><points><x>0.46094</x><x>0.4668</x><y>0.5625</y><y>0.57422</y></points><label>11</label><labelname>pillar</labelname><flag>1</flag></object><object><points><x>0.81836</x><x>0.87012</x><y>0.13151</y><y>0.14714</y></points><label>12</label><labelname>shop</labelname><flag>1</flag></object><object><points><x>0.81836</x><x>0.87012</x><y>0.17708</y><y>0.20443</y></points><label>12</label><labelname>shop</labelname><flag>1</flag></object><object><points><x>0.81738</x><x>0.87109</x><y>0.23828</y><y>0.25911</y></points><label>12</label><labelname>shop</labelname><flag>1</flag></object><object><points><x>0.82129</x><x>0.85938</x><y>0.41667</y><y>0.4401</y></points><label>12</label><labelname>shop</labelname><flag>1</flag></object><object><points><x>0.81641</x><x>0.8584</x><y>0.46875</y><y>0.49349</y></points><label>12</label><labelname>shop</labelname><flag>1</flag></object><object><points><x>0.81738</x><x>0.8584</x><y>0.52474</y><y>0.5599</y></points><label>12</label><labelname>shop</labelname><flag>1</flag></object><object><points><x>0.81641</x><x>0.85742</x><y>0.58854</y><y>0.61198</y></points><label>12</label><labelname>shop</labelname><flag>1</flag></object><object><points><x>0.81543</x><x>0.84863</x><y>0.64062</y><y>0.66536</y></points><label>12</label><labelname>shop</labelname><flag>1</flag></object><object><points><x>0.81445</x><x>0.85254</x><y>0.71354</y><y>0.73177</y></points><label>3</label><labelname>window</labelname><flag>1</flag></object><object><points><x>0.81543</x><x>0.85254</x><y>0.74479</y><y>0.76432</y></points><label>3</label><labelname>window</labelname><flag>1</flag></object><object><points><x>0.41016</x><x>0.42969</x><y>0.40755</y><y>0.5026</y></points><label>6</label><labelname>sill</labelname><flag>1</flag></object><object><points><x>0.41113</x><x>0.42969</x><y>0.57031</y><y>0.67318</y></points><label>6</label><labelname>sill</labelname><flag>1</flag></object><object><points><x>0.41211</x><x>0.42969</x><y>0.32422</y><y>0.36068</y></points><label>6</label><labelname>sill</labelname><flag>1</flag></object><object><points><x>0.42188</x><x>0.43555</x><y>0.35938</y><y>0.36979</y></points><label>6</label><labelname>sill</labelname><flag>1</flag></object><object><points><x>0.41992</x><x>0.43555</x><y>0.30339</y><y>0.32161</y></points><label>6</label><labelname>sill</labelname><flag>1</flag></object><object><points><x>0.43066</x><x>0.44531</x><y>0.11719</y><y>0.13151</y></points><label>6</label><labelname>sill</labelname><flag>1</flag></object><object><points><x>0.42773</x><x>0.43848</x><y>0.13932</y><y>0.15755</y></points><label>6</label><labelname>sill</labelname><flag>1</flag></object><object><points><x>0.4209</x><x>0.43262</x><y>0.16146</y><y>0.17969</y></points><label>6</label><labelname>sill</labelname><flag>1</flag></object><object><points><x>0.41797</x><x>0.42773</x><y>0.1862</y><y>0.20964</y></points><label>6</label><labelname>sill</labelname><flag>1</flag></object><object><points><x>0.41406</x><x>0.42578</x><y>0.21094</y><y>0.23828</y></points><label>6</label><labelname>sill</labelname><flag>1</flag></object><object><points><x>0.41309</x><x>0.4248</x><y>0.24089</y><y>0.26302</y></points><label>6</label><labelname>sill</labelname><flag>1</flag></object><object><points><x>0.44922</x><x>0.46777</x><y>0.035156</y><y>0.09375</y></points><label>7</label><labelname>balcony</labelname><flag>1</flag></object><object><points><x>0.4248</x><x>0.44922</x><y>0.074219</y><y>0.084635</y></points><label>3</label><labelname>window</labelname><flag>1</flag></object><object><points><x>0.42578</x><x>0.43848</x><y>0.057292</y><y>0.06901</y></points><label>3</label><labelname>window</labelname><flag>1</flag></object><object><points><x>0.44043</x><x>0.44824</x><y>0.057292</y><y>0.070312</y></points><label>3</label><labelname>window</labelname><flag>1</flag></object><object><points><x>0.43652</x><x>0.45117</x><y>0.044271</y><y>0.052083</y></points><label>3</label><labelname>window</labelname><flag>1</flag></object>