<object><points><x>0.0039062</x><x>0.99805</x><y>0.0042076</y><y>1</y></points><label>2</label><labelname>facade</labelname><flag>1</flag></object><object><points><x>0.085938</x><x>0.19727</x><y>0.02805</y><y>0.077139</y></points><label>3</label><labelname>window</labelname><flag>1</flag></object><object><points><x>0.085938</x><x>0.19727</x><y>0.17672</y><y>0.22581</y></points><label>3</label><labelname>window</labelname><flag>1</flag></object><object><points><x>0.085938</x><x>0.19727</x><y>0.32398</y><y>0.37307</y></points><label>3</label><labelname>window</labelname><flag>1</flag></object><object><points><x>0.086914</x><x>0.19727</x><y>0.47125</y><y>0.52454</y></points><label>3</label><labelname>window</labelname><flag>1</flag></object><object><points><x>0.086914</x><x>0.2002</x><y>0.61992</y><y>0.6676</y></points><label>3</label><labelname>window</labelname><flag>1</flag></object><object><points><x>0.091797</x><x>0.20215</x><y>0.76578</y><y>0.81487</y></points><label>3</label><labelname>window</labelname><flag>1</flag></object><object><points><x>0.097656</x><x>0.20801</x><y>0.90743</y><y>0.95652</y></points><label>3</label><labelname>window</labelname><flag>1</flag></object><object><points><x>0.30273</x><x>0.42871</x><y>0.026648</y><y>0.081346</y></points><label>3</label><labelname>window</labelname><flag>1</flag></object><object><points><x>0.30273</x><x>0.42773</x><y>0.17391</y><y>0.22721</y></points><label>3</label><labelname>window</labelname><flag>1</flag></object><object><points><x>0.30273</x><x>0.43262</x><y>0.32258</y><y>0.37588</y></points><label>3</label><labelname>window</labelname><flag>1</flag></object><object><points><x>0.30566</x><x>0.42969</x><y>0.46844</y><y>0.52314</y></points><label>3</label><labelname>window</labelname><flag>1</flag></object><object><points><x>0.3125</x><x>0.43848</x><y>0.90323</y><y>0.95512</y></points><label>3</label><labelname>window</labelname><flag>1</flag></object><object><points><x>0.3125</x><x>0.36719</x><y>0.75877</y><y>0.81206</y></points><label>3</label><labelname>window</labelname><flag>1</flag></object><object><points><x>0.30859</x><x>0.39746</x><y>0.6129</y><y>0.67742</y></points><label>3</label><labelname>window</labelname><flag>1</flag></object><object><points><x>0.54297</x><x>0.6875</x><y>0.02805</y><y>0.091164</y></points><label>3</label><labelname>window</labelname><flag>1</flag></object><object><points><x>0.54395</x><x>0.68848</x><y>0.17251</y><y>0.23562</y></points><label>3</label><labelname>window</labelname><flag>1</flag></object><object><points><x>0.5459</x><x>0.69043</x><y>0.32118</y><y>0.38289</y></points><label>3</label><labelname>window</labelname><flag>1</flag></object><object><points><x>0.5459</x><x>0.68848</x><y>0.46844</y><y>0.53015</y></points><label>3</label><labelname>window</labelname><flag>1</flag></object><object><points><x>0.54785</x><x>0.68555</x><y>0.61431</y><y>0.67041</y></points><label>3</label><labelname>window</labelname><flag>1</flag></object><object><points><x>0.5498</x><x>0.6875</x><y>0.75035</y><y>0.80785</y></points><label>3</label><labelname>window</labelname><flag>1</flag></object><object><points><x>0.5498</x><x>0.6875</x><y>0.8892</y><y>0.9453</y></points><label>3</label><labelname>window</labelname><flag>1</flag></object><object><points><x>0.79102</x><x>0.98438</x><y>0.58766</y><y>0.69565</y></points><label>4</label><labelname>door</labelname><flag>1</flag></object><object><points><x>0.81055</x><x>0.9834</x><y>0.46564</y><y>0.52314</y></points><label>4</label><labelname>door</labelname><flag>1</flag></object><object><points><x>0.03418</x><x>0.085938</x><y>0.01122</y><y>0.1136</y></points><label>5</label><labelname>cornice</labelname><flag>1</flag></object><object><points><x>0.035156</x><x>0.086914</x><y>0.15849</y><y>0.26087</y></points><label>5</label><labelname>cornice</labelname><flag>1</flag></object><object><points><x>0.036133</x><x>0.087891</x><y>0.30715</y><y>0.41234</y></points><label>5</label><labelname>cornice</labelname><flag>1</flag></object><object><points><x>0.035156</x><x>0.086914</x><y>0.45722</y><y>0.56241</y></points><label>5</label><labelname>cornice</labelname><flag>1</flag></object><object><points><x>0.036133</x><x>0.088867</x><y>0.60449</y><y>0.71248</y></points><label>5</label><labelname>cornice</labelname><flag>1</flag></object><object><points><x>0.040039</x><x>0.09375</x><y>0.75316</y><y>0.86115</y></points><label>5</label><labelname>cornice</labelname><flag>1</flag></object><object><points><x>0.043945</x><x>0.09668</x><y>0.8864</y><y>0.99579</y></points><label>5</label><labelname>cornice</labelname><flag>1</flag></object><object><points><x>0.43457</x><x>0.54199</x><y>0.0070126</y><y>0.13464</y></points><label>5</label><labelname>cornice</labelname><flag>1</flag></object><object><points><x>0.43262</x><x>0.54297</x><y>0.14025</y><y>0.29032</y></points><label>5</label><labelname>cornice</labelname><flag>1</flag></object><object><points><x>0.43457</x><x>0.54492</x><y>0.29313</y><y>0.4432</y></points><label>5</label><labelname>cornice</labelname><flag>1</flag></object><object><points><x>0.44434</x><x>0.5459</x><y>0.87377</y><y>0.99719</y></points><label>5</label><labelname>cornice</labelname><flag>1</flag></object><object><points><x>0.2207</x><x>0.29199</x><y>0.0056101</y><y>0.12062</y></points><label>5</label><labelname>cornice</labelname><flag>1</flag></object><object><points><x>0.21777</x><x>0.29297</x><y>0.14306</y><y>0.2777</y></points><label>5</label><labelname>cornice</labelname><flag>1</flag></object><object><points><x>0.21875</x><x>0.29492</x><y>0.29173</y><y>0.42637</y></points><label>5</label><labelname>cornice</labelname><flag>1</flag></object><object><points><x>0.23145</x><x>0.30664</x><y>0.87237</y><y>0.99719</y></points><label>5</label><labelname>cornice</labelname><flag>1</flag></object><object><points><x>0.42676</x><x>0.44922</x><y>0.015428</y><y>0.095372</y></points><label>6</label><labelname>sill</labelname><flag>1</flag></object><object><points><x>0.42773</x><x>0.4502</x><y>0.1641</y><y>0.24264</y></points><label>6</label><labelname>sill</labelname><flag>1</flag></object><object><points><x>0.42969</x><x>0.45312</x><y>0.30996</y><y>0.39551</y></points><label>6</label><labelname>sill</labelname><flag>1</flag></object><object><points><x>0.68457</x><x>0.72949</x><y>0.0098177</y><y>0.12202</y></points><label>6</label><labelname>sill</labelname><flag>1</flag></object><object><points><x>0.68652</x><x>0.73242</x><y>0.15568</y><y>0.26648</y></points><label>6</label><labelname>sill</labelname><flag>1</flag></object><object><points><x>0.68555</x><x>0.73145</x><y>0.30014</y><y>0.41094</y></points><label>6</label><labelname>sill</labelname><flag>1</flag></object><object><points><x>0.68652</x><x>0.72656</x><y>0.86676</y><y>0.96914</y></points><label>6</label><labelname>sill</labelname><flag>1</flag></object><object><points><x>0.36426</x><x>0.43066</x><y>0.67041</y><y>0.89341</y></points><label>7</label><labelname>balcony</labelname><flag>1</flag></object><object><points><x>0.42773</x><x>0.47266</x><y>0.45722</y><y>0.54698</y></points><label>7</label><labelname>balcony</labelname><flag>1</flag></object><object><points><x>0.68652</x><x>0.72559</x><y>0.74474</y><y>0.82749</y></points><label>7</label><labelname>balcony</labelname><flag>1</flag></object><object><points><x>0.68457</x><x>0.72949</x><y>0.60168</y><y>0.70687</y></points><label>7</label><labelname>balcony</labelname><flag>1</flag></object><object><points><x>0.68848</x><x>0.72559</x><y>0.46003</y><y>0.54839</y></points><label>7</label><labelname>balcony</labelname><flag>1</flag></object><object><points><x>0.77344</x><x>0.8125</x><y>0.20337</y><y>0.23422</y></points><label>9</label><labelname>deco</labelname><flag>1</flag></object><object><points><x>0.77246</x><x>0.8125</x><y>0.057504</y><y>0.088359</y></points><label>9</label><labelname>deco</labelname><flag>1</flag></object><object><points><x>0.77441</x><x>0.81445</x><y>0.34783</y><y>0.37868</y></points><label>9</label><labelname>deco</labelname><flag>1</flag></object><object><points><x>0.77246</x><x>0.81152</x><y>0.49229</y><y>0.52314</y></points><label>9</label><labelname>deco</labelname><flag>1</flag></object><object><points><x>0.75195</x><x>0.79199</x><y>0.63254</y><y>0.66339</y></points><label>9</label><labelname>deco</labelname><flag>1</flag></object><object><points><x>0.76953</x><x>0.80859</x><y>0.77139</y><y>0.80224</y></points><label>9</label><labelname>deco</labelname><flag>1</flag></object><object><points><x>0.76758</x><x>0.80762</x><y>0.90323</y><y>0.93408</y></points><label>9</label><labelname>deco</labelname><flag>1</flag></object><object><points><x>0.0087891</x><x>0.091797</x><y>0.0098177</y><y>0.99439</y></points><label>10</label><labelname>molding</labelname><flag>1</flag></object><object><points><x>0.19434</x><x>0.24316</x><y>0.0098177</y><y>0.99299</y></points><label>10</label><labelname>molding</labelname><flag>1</flag></object><object><points><x>0.72363</x><x>0.78125</x><y>0.0070126</y><y>0.99439</y></points><label>10</label><labelname>molding</labelname><flag>1</flag></object><object><points><x>0.29492</x><x>0.40527</x><y>0.43619</y><y>0.45021</y></points><label>11</label><labelname>pillar</labelname><flag>1</flag></object><object><points><x>0.29492</x><x>0.40625</x><y>0.55119</y><y>0.56662</y></points><label>11</label><labelname>pillar</labelname><flag>1</flag></object><object><points><x>0.29492</x><x>0.40527</x><y>0.58626</y><y>0.60028</y></points><label>11</label><labelname>pillar</labelname><flag>1</flag></object><object><points><x>0.29785</x><x>0.36426</x><y>0.69846</y><y>0.71108</y></points><label>11</label><labelname>pillar</labelname><flag>1</flag></object><object><points><x>0.29688</x><x>0.36328</x><y>0.73212</y><y>0.74474</y></points><label>11</label><labelname>pillar</labelname><flag>1</flag></object><object><points><x>0.30371</x><x>0.37012</x><y>0.84011</y><y>0.85273</y></points><label>11</label><labelname>pillar</labelname><flag>1</flag></object><object><points><x>0.27539</x><x>0.2959</x><y>0.43058</y><y>0.45863</y></points><label>11</label><labelname>pillar</labelname><flag>1</flag></object><object><points><x>0.27344</x><x>0.29492</x><y>0.54558</y><y>0.57504</y></points><label>11</label><labelname>pillar</labelname><flag>1</flag></object><object><points><x>0.27344</x><x>0.29492</x><y>0.58065</y><y>0.6087</y></points><label>11</label><labelname>pillar</labelname><flag>1</flag></object><object><points><x>0.27539</x><x>0.29688</x><y>0.68864</y><y>0.71669</y></points><label>11</label><labelname>pillar</labelname><flag>1</flag></object><object><points><x>0.27637</x><x>0.29688</x><y>0.72511</y><y>0.75316</y></points><label>11</label><labelname>pillar</labelname><flag>1</flag></object><object><points><x>0.28125</x><x>0.30273</x><y>0.8317</y><y>0.85975</y></points><label>11</label><labelname>pillar</labelname><flag>1</flag></object><object><points><x>0.51953</x><x>0.54102</x><y>0.43338</y><y>0.46283</y></points><label>11</label><labelname>pillar</labelname><flag>1</flag></object><object><points><x>0.51758</x><x>0.54102</x><y>0.54558</y><y>0.57644</y></points><label>11</label><labelname>pillar</labelname><flag>1</flag></object><object><points><x>0.51855</x><x>0.54199</x><y>0.58065</y><y>0.6115</y></points><label>11</label><labelname>pillar</labelname><flag>1</flag></object><object><points><x>0.51953</x><x>0.54199</x><y>0.69285</y><y>0.7223</y></points><label>11</label><labelname>pillar</labelname><flag>1</flag></object><object><points><x>0.51855</x><x>0.54199</x><y>0.72511</y><y>0.75596</y></points><label>11</label><labelname>pillar</labelname><flag>1</flag></object><object><points><x>0.51953</x><x>0.54297</x><y>0.82609</y><y>0.85554</y></points><label>11</label><labelname>pillar</labelname><flag>1</flag></object><object><points><x>0.5127</x><x>0.54785</x><y>0.4979</y><y>0.52314</y></points><label>9</label><labelname>deco</labelname><flag>1</flag></object><object><points><x>0.51367</x><x>0.54883</x><y>0.63815</y><y>0.66199</y></points><label>9</label><labelname>deco</labelname><flag>1</flag></object><object><points><x>0.5127</x><x>0.54785</x><y>0.78401</y><y>0.80785</y></points><label>9</label><labelname>deco</labelname><flag>1</flag></object><object><points><x>0.54102</x><x>0.67383</x><y>0.44039</y><y>0.45442</y></points><label>11</label><labelname>pillar</labelname><flag>1</flag></object><object><points><x>0.54102</x><x>0.67383</x><y>0.554</y><y>0.56802</y></points><label>11</label><labelname>pillar</labelname><flag>1</flag></object><object><points><x>0.54297</x><x>0.67578</x><y>0.58906</y><y>0.60309</y></points><label>11</label><labelname>pillar</labelname><flag>1</flag></object><object><points><x>0.54199</x><x>0.6748</x><y>0.69846</y><y>0.71248</y></points><label>11</label><labelname>pillar</labelname><flag>1</flag></object><object><points><x>0.54199</x><x>0.6748</x><y>0.73352</y><y>0.74755</y></points><label>11</label><labelname>pillar</labelname><flag>1</flag></object><object><points><x>0.54297</x><x>0.67578</x><y>0.83029</y><y>0.84572</y></points><label>11</label><labelname>pillar</labelname><flag>1</flag></object><object><points><x>0.40625</x><x>0.43262</x><y>0.43478</y><y>0.45582</y></points><label>11</label><labelname>pillar</labelname><flag>1</flag></object><object><points><x>0.40625</x><x>0.43066</x><y>0.54979</y><y>0.57223</y></points><label>11</label><labelname>pillar</labelname><flag>1</flag></object><object><points><x>0.6748</x><x>0.68848</x><y>0.43759</y><y>0.46003</y></points><label>11</label><labelname>pillar</labelname><flag>1</flag></object><object><points><x>0.6748</x><x>0.68848</x><y>0.55119</y><y>0.57504</y></points><label>11</label><labelname>pillar</labelname><flag>1</flag></object><object><points><x>0.6748</x><x>0.6875</x><y>0.58485</y><y>0.6087</y></points><label>11</label><labelname>pillar</labelname><flag>1</flag></object><object><points><x>0.67578</x><x>0.6875</x><y>0.69425</y><y>0.71809</y></points><label>11</label><labelname>pillar</labelname><flag>1</flag></object><object><points><x>0.6748</x><x>0.68652</x><y>0.72791</y><y>0.75175</y></points><label>11</label><labelname>pillar</labelname><flag>1</flag></object><object><points><x>0.67578</x><x>0.6875</x><y>0.82468</y><y>0.84853</y></points><label>11</label><labelname>pillar</labelname><flag>1</flag></object><object><points><x>0.81445</x><x>0.85449</x><y>0.17672</y><y>0.24965</y></points><label>3</label><labelname>window</labelname><flag>1</flag></object><object><points><x>0.8125</x><x>0.85254</x><y>0.036466</y><y>0.1108</y></points><label>3</label><labelname>window</labelname><flag>1</flag></object><object><points><x>0.81543</x><x>0.85645</x><y>0.31837</y><y>0.3913</y></points><label>3</label><labelname>window</labelname><flag>1</flag></object><object><points><x>0.82422</x><x>0.9375</x><y>0.72931</y><y>0.79243</y></points><label>12</label><labelname>shop</labelname><flag>1</flag></object><object><points><x>0.8125</x><x>0.86328</x><y>0.79663</y><y>0.99719</y></points><label>12</label><labelname>shop</labelname><flag>1</flag></object><object><points><x>0.86523</x><x>0.93555</x><y>0.86816</y><y>0.91304</y></points><label>12</label><labelname>shop</labelname><flag>1</flag></object><object><points><x>0.010742</x><x>0.039062</x><y>0.030856</y><y>0.074334</y></points><label>9</label><labelname>deco</labelname><flag>1</flag></object><object><points><x>0.010742</x><x>0.039062</x><y>0.17952</y><y>0.223</y></points><label>9</label><labelname>deco</labelname><flag>1</flag></object><object><points><x>0.010742</x><x>0.039062</x><y>0.32539</y><y>0.37307</y></points><label>9</label><labelname>deco</labelname><flag>1</flag></object><object><points><x>0.0097656</x><x>0.038086</x><y>0.47546</y><y>0.52454</y></points><label>9</label><labelname>deco</labelname><flag>1</flag></object><object><points><x>0.013672</x><x>0.041992</x><y>0.62412</y><y>0.67181</y></points><label>9</label><labelname>deco</labelname><flag>1</flag></object><object><points><x>0.016602</x><x>0.044922</x><y>0.76999</y><y>0.81767</y></points><label>9</label><labelname>deco</labelname><flag>1</flag></object><object><points><x>0.021484</x><x>0.049805</x><y>0.91445</y><y>0.96353</y></points><label>9</label><labelname>deco</labelname><flag>1</flag></object>