<object><points><x>0.23284</x><x>0.82108</x><y>0.0032573</y><y>0.96254</y></points><label>2</label><labelname>facade</labelname><flag>1</flag></object><object><points><x>0.32843</x><x>0.42402</x><y>0.29805</y><y>0.3241</y></points><label>3</label><labelname>window</labelname><flag>1</flag></object><object><points><x>0.32843</x><x>0.42157</x><y>0.26221</y><y>0.2899</y></points><label>3</label><labelname>window</labelname><flag>1</flag></object><object><points><x>0.32843</x><x>0.42402</x><y>0.22801</y><y>0.2557</y></points><label>3</label><labelname>window</labelname><flag>1</flag></object><object><points><x>0.33088</x><x>0.42647</x><y>0.19381</y><y>0.2215</y></points><label>3</label><labelname>window</labelname><flag>1</flag></object><object><points><x>0.33333</x><x>0.42647</x><y>0.15961</y><y>0.18567</y></points><label>3</label><labelname>window</labelname><flag>1</flag></object><object><points><x>0.33578</x><x>0.42892</x><y>0.12704</y><y>0.15309</y></points><label>3</label><labelname>window</labelname><flag>1</flag></object><object><points><x>0.33578</x><x>0.43137</x><y>0.092834</y><y>0.12052</y></points><label>3</label><labelname>window</labelname><flag>1</flag></object><object><points><x>0.33824</x><x>0.43137</x><y>0.060261</y><y>0.087948</y></points><label>3</label><labelname>window</labelname><flag>1</flag></object><object><points><x>0.33824</x><x>0.43137</x><y>0.029316</y><y>0.055375</y></points><label>3</label><labelname>window</labelname><flag>1</flag></object><object><points><x>0.32598</x><x>0.41912</x><y>0.33388</y><y>0.36156</y></points><label>3</label><labelname>window</labelname><flag>1</flag></object><object><points><x>0.32353</x><x>0.41912</x><y>0.37134</y><y>0.39902</y></points><label>3</label><labelname>window</labelname><flag>1</flag></object><object><points><x>0.32353</x><x>0.41667</x><y>0.40391</y><y>0.4316</y></points><label>3</label><labelname>window</labelname><flag>1</flag></object><object><points><x>0.32108</x><x>0.41667</x><y>0.43811</y><y>0.4658</y></points><label>3</label><labelname>window</labelname><flag>1</flag></object><object><points><x>0.46569</x><x>0.56127</x><y>0.43974</y><y>0.4658</y></points><label>3</label><labelname>window</labelname><flag>1</flag></object><object><points><x>0.46814</x><x>0.56373</x><y>0.40391</y><y>0.42997</y></points><label>3</label><labelname>window</labelname><flag>1</flag></object><object><points><x>0.46814</x><x>0.56373</x><y>0.36808</y><y>0.39414</y></points><label>3</label><labelname>window</labelname><flag>1</flag></object><object><points><x>0.47304</x><x>0.56618</x><y>0.33225</y><y>0.35993</y></points><label>3</label><labelname>window</labelname><flag>1</flag></object><object><points><x>0.47304</x><x>0.56863</x><y>0.29642</y><y>0.32248</y></points><label>3</label><labelname>window</labelname><flag>1</flag></object><object><points><x>0.47549</x><x>0.57108</x><y>0.26221</y><y>0.28827</y></points><label>3</label><labelname>window</labelname><flag>1</flag></object><object><points><x>0.47549</x><x>0.56863</x><y>0.22638</y><y>0.25407</y></points><label>3</label><labelname>window</labelname><flag>1</flag></object><object><points><x>0.47304</x><x>0.56863</x><y>0.19381</y><y>0.21987</y></points><label>3</label><labelname>window</labelname><flag>1</flag></object><object><points><x>0.47549</x><x>0.57108</x><y>0.15961</y><y>0.18567</y></points><label>3</label><labelname>window</labelname><flag>1</flag></object><object><points><x>0.47304</x><x>0.56863</x><y>0.091205</y><y>0.11889</y></points><label>3</label><labelname>window</labelname><flag>1</flag></object><object><points><x>0.47549</x><x>0.57108</x><y>0.12541</y><y>0.15309</y></points><label>3</label><labelname>window</labelname><flag>1</flag></object><object><points><x>0.47794</x><x>0.57108</x><y>0.060261</y><y>0.086319</y></points><label>3</label><labelname>window</labelname><flag>1</flag></object><object><points><x>0.47794</x><x>0.57108</x><y>0.026059</y><y>0.053746</y></points><label>3</label><labelname>window</labelname><flag>1</flag></object><object><points><x>0.47794</x><x>0.57108</x><y>0.004886</y><y>0.019544</y></points><label>3</label><labelname>window</labelname><flag>1</flag></object><object><points><x>0.34069</x><x>0.43382</x><y>0.0065147</y><y>0.021173</y></points><label>3</label><labelname>window</labelname><flag>1</flag></object><object><points><x>0.6201</x><x>0.71324</x><y>0.004886</y><y>0.019544</y></points><label>3</label><labelname>window</labelname><flag>1</flag></object><object><points><x>0.62255</x><x>0.71569</x><y>0.029316</y><y>0.055375</y></points><label>3</label><labelname>window</labelname><flag>1</flag></object><object><points><x>0.62255</x><x>0.71569</x><y>0.061889</y><y>0.087948</y></points><label>3</label><labelname>window</labelname><flag>1</flag></object><object><points><x>0.62255</x><x>0.71814</x><y>0.09772</y><y>0.11889</y></points><label>3</label><labelname>window</labelname><flag>1</flag></object><object><points><x>0.625</x><x>0.71814</x><y>0.12704</y><y>0.15472</y></points><label>3</label><labelname>window</labelname><flag>1</flag></object><object><points><x>0.6201</x><x>0.71569</x><y>0.16287</y><y>0.18893</y></points><label>3</label><labelname>window</labelname><flag>1</flag></object><object><points><x>0.62255</x><x>0.71569</x><y>0.19381</y><y>0.21987</y></points><label>3</label><labelname>window</labelname><flag>1</flag></object><object><points><x>0.62255</x><x>0.71569</x><y>0.22964</y><y>0.2557</y></points><label>3</label><labelname>window</labelname><flag>1</flag></object><object><points><x>0.61765</x><x>0.71324</x><y>0.26221</y><y>0.2899</y></points><label>3</label><labelname>window</labelname><flag>1</flag></object><object><points><x>0.6201</x><x>0.71324</x><y>0.29805</y><y>0.3241</y></points><label>3</label><labelname>window</labelname><flag>1</flag></object><object><points><x>0.61765</x><x>0.71324</x><y>0.33225</y><y>0.35993</y></points><label>3</label><labelname>window</labelname><flag>1</flag></object><object><points><x>0.61765</x><x>0.71078</x><y>0.36645</y><y>0.39251</y></points><label>3</label><labelname>window</labelname><flag>1</flag></object><object><points><x>0.61765</x><x>0.71078</x><y>0.40391</y><y>0.42997</y></points><label>3</label><labelname>window</labelname><flag>1</flag></object><object><points><x>0.6152</x><x>0.71078</x><y>0.43811</y><y>0.4658</y></points><label>3</label><labelname>window</labelname><flag>1</flag></object><object><points><x>0.31618</x><x>0.40931</x><y>0.65472</y><y>0.68241</y></points><label>3</label><labelname>window</labelname><flag>1</flag></object><object><points><x>0.31373</x><x>0.40931</x><y>0.69055</y><y>0.71824</y></points><label>3</label><labelname>window</labelname><flag>1</flag></object><object><points><x>0.31618</x><x>0.40931</x><y>0.72638</y><y>0.7557</y></points><label>3</label><labelname>window</labelname><flag>1</flag></object><object><points><x>0.31373</x><x>0.40931</x><y>0.76221</y><y>0.79153</y></points><label>3</label><labelname>window</labelname><flag>1</flag></object><object><points><x>0.31373</x><x>0.40686</x><y>0.79805</y><y>0.82736</y></points><label>3</label><labelname>window</labelname><flag>1</flag></object><object><points><x>0.31373</x><x>0.40931</x><y>0.8355</y><y>0.86482</y></points><label>3</label><labelname>window</labelname><flag>1</flag></object><object><points><x>0.31127</x><x>0.40441</x><y>0.86971</y><y>0.89902</y></points><label>3</label><labelname>window</labelname><flag>1</flag></object><object><points><x>0.30882</x><x>0.40441</x><y>0.90554</y><y>0.93485</y></points><label>3</label><labelname>window</labelname><flag>1</flag></object><object><points><x>0.46078</x><x>0.55637</x><y>0.65309</y><y>0.68241</y></points><label>3</label><labelname>window</labelname><flag>1</flag></object><object><points><x>0.46078</x><x>0.55637</x><y>0.69218</y><y>0.71987</y></points><label>3</label><labelname>window</labelname><flag>1</flag></object><object><points><x>0.45833</x><x>0.55392</x><y>0.72476</y><y>0.75407</y></points><label>3</label><labelname>window</labelname><flag>1</flag></object><object><points><x>0.45833</x><x>0.55392</x><y>0.76384</y><y>0.79316</y></points><label>3</label><labelname>window</labelname><flag>1</flag></object><object><points><x>0.45833</x><x>0.55392</x><y>0.8013</y><y>0.82899</y></points><label>3</label><labelname>window</labelname><flag>1</flag></object><object><points><x>0.45833</x><x>0.55392</x><y>0.83388</y><y>0.86319</y></points><label>3</label><labelname>window</labelname><flag>1</flag></object><object><points><x>0.45588</x><x>0.55147</x><y>0.87296</y><y>0.90228</y></points><label>3</label><labelname>window</labelname><flag>1</flag></object><object><points><x>0.45588</x><x>0.55147</x><y>0.90554</y><y>0.93485</y></points><label>3</label><labelname>window</labelname><flag>1</flag></object><object><points><x>0.60784</x><x>0.70343</x><y>0.76384</y><y>0.79642</y></points><label>3</label><labelname>window</labelname><flag>1</flag></object><object><points><x>0.60539</x><x>0.70343</x><y>0.80293</y><y>0.83388</y></points><label>3</label><labelname>window</labelname><flag>1</flag></object><object><points><x>0.60294</x><x>0.70343</x><y>0.83713</y><y>0.86808</y></points><label>3</label><labelname>window</labelname><flag>1</flag></object><object><points><x>0.60049</x><x>0.69853</x><y>0.87296</y><y>0.90391</y></points><label>3</label><labelname>window</labelname><flag>1</flag></object><object><points><x>0.67402</x><x>0.76961</x><y>0.5456</y><y>0.57329</y></points><label>3</label><labelname>window</labelname><flag>1</flag></object><object><points><x>0.65441</x><x>0.79412</x><y>0.65472</y><y>0.76059</y></points><label>4</label><labelname>door</labelname><flag>1</flag></object><object><points><x>0.34069</x><x>0.43137</x><y>0.029316</y><y>0.053746</y></points><label>8</label><labelname>blind</labelname><flag>1</flag></object><object><points><x>0.33824</x><x>0.43137</x><y>0.061889</y><y>0.086319</y></points><label>8</label><labelname>blind</labelname><flag>1</flag></object><object><points><x>0.33088</x><x>0.42402</x><y>0.22964</y><y>0.25407</y></points><label>8</label><labelname>blind</labelname><flag>1</flag></object><object><points><x>0.32843</x><x>0.42157</x><y>0.26384</y><y>0.28827</y></points><label>8</label><labelname>blind</labelname><flag>1</flag></object><object><points><x>0.48039</x><x>0.57108</x><y>0.027687</y><y>0.052117</y></points><label>8</label><labelname>blind</labelname><flag>1</flag></object><object><points><x>0.48039</x><x>0.57108</x><y>0.060261</y><y>0.084691</y></points><label>8</label><labelname>blind</labelname><flag>1</flag></object><object><points><x>0.47059</x><x>0.56373</x><y>0.36808</y><y>0.39251</y></points><label>8</label><labelname>blind</labelname><flag>1</flag></object><object><points><x>0.46814</x><x>0.56127</x><y>0.40554</y><y>0.42997</y></points><label>8</label><labelname>blind</labelname><flag>1</flag></object><object><points><x>0.46814</x><x>0.55882</x><y>0.43974</y><y>0.46417</y></points><label>8</label><labelname>blind</labelname><flag>1</flag></object><object><points><x>0.61765</x><x>0.70833</x><y>0.43974</y><y>0.46417</y></points><label>8</label><labelname>blind</labelname><flag>1</flag></object><object><points><x>0.61765</x><x>0.70833</x><y>0.40554</y><y>0.42997</y></points><label>8</label><labelname>blind</labelname><flag>1</flag></object><object><points><x>0.61765</x><x>0.70833</x><y>0.36808</y><y>0.39251</y></points><label>8</label><labelname>blind</labelname><flag>1</flag></object><object><points><x>0.6201</x><x>0.71078</x><y>0.33388</y><y>0.35831</y></points><label>8</label><labelname>blind</labelname><flag>1</flag></object><object><points><x>0.6201</x><x>0.71324</x><y>0.29967</y><y>0.32248</y></points><label>8</label><labelname>blind</labelname><flag>1</flag></object><object><points><x>0.6201</x><x>0.71078</x><y>0.26384</y><y>0.28827</y></points><label>8</label><labelname>blind</labelname><flag>1</flag></object><object><points><x>0.625</x><x>0.71569</x><y>0.22964</y><y>0.25407</y></points><label>8</label><labelname>blind</labelname><flag>1</flag></object><object><points><x>0.62255</x><x>0.71324</x><y>0.19381</y><y>0.21824</y></points><label>8</label><labelname>blind</labelname><flag>1</flag></object><object><points><x>0.62255</x><x>0.71324</x><y>0.16287</y><y>0.1873</y></points><label>8</label><labelname>blind</labelname><flag>1</flag></object><object><points><x>0.62745</x><x>0.71814</x><y>0.12866</y><y>0.15309</y></points><label>8</label><labelname>blind</labelname><flag>1</flag></object><object><points><x>0.625</x><x>0.71569</x><y>0.061889</y><y>0.086319</y></points><label>8</label><labelname>blind</labelname><flag>1</flag></object><object><points><x>0.625</x><x>0.71569</x><y>0.099349</y><y>0.11726</y></points><label>8</label><labelname>blind</labelname><flag>1</flag></object><object><points><x>0.62255</x><x>0.71569</x><y>0.030945</y><y>0.055375</y></points><label>8</label><labelname>blind</labelname><flag>1</flag></object><object><points><x>0.62255</x><x>0.71324</x><y>0.004886</y><y>0.017915</y></points><label>8</label><labelname>blind</labelname><flag>1</flag></object><object><points><x>0.47794</x><x>0.56863</x><y>0.0065147</y><y>0.019544</y></points><label>8</label><labelname>blind</labelname><flag>1</flag></object><object><points><x>0.34314</x><x>0.43382</x><y>0.0065147</y><y>0.019544</y></points><label>8</label><labelname>blind</labelname><flag>1</flag></object><object><points><x>0.61029</x><x>0.70098</x><y>0.76873</y><y>0.79316</y></points><label>8</label><labelname>blind</labelname><flag>1</flag></object><object><points><x>0.60784</x><x>0.69853</x><y>0.80456</y><y>0.82899</y></points><label>8</label><labelname>blind</labelname><flag>1</flag></object><object><points><x>0.31618</x><x>0.40931</x><y>0.65635</y><y>0.68078</y></points><label>8</label><labelname>blind</labelname><flag>1</flag></object><object><points><x>0.31618</x><x>0.40686</x><y>0.69218</y><y>0.71661</y></points><label>8</label><labelname>blind</labelname><flag>1</flag></object><object><points><x>0.31863</x><x>0.40931</x><y>0.72801</y><y>0.75244</y></points><label>8</label><labelname>blind</labelname><flag>1</flag></object><object><points><x>0.31618</x><x>0.40686</x><y>0.76384</y><y>0.78827</y></points><label>8</label><labelname>blind</labelname><flag>1</flag></object><object><points><x>0.31373</x><x>0.40686</x><y>0.8013</y><y>0.82573</y></points><label>8</label><labelname>blind</labelname><flag>1</flag></object><object><points><x>0.31618</x><x>0.40686</x><y>0.83713</y><y>0.86156</y></points><label>8</label><labelname>blind</labelname><flag>1</flag></object><object><points><x>0.31127</x><x>0.40196</x><y>0.87296</y><y>0.89577</y></points><label>8</label><labelname>blind</labelname><flag>1</flag></object><object><points><x>0.31127</x><x>0.40196</x><y>0.90717</y><y>0.9316</y></points><label>8</label><labelname>blind</labelname><flag>1</flag></object><object><points><x>0.46324</x><x>0.55392</x><y>0.65472</y><y>0.67915</y></points><label>8</label><labelname>blind</labelname><flag>1</flag></object><object><points><x>0.46324</x><x>0.55392</x><y>0.69381</y><y>0.71824</y></points><label>8</label><labelname>blind</labelname><flag>1</flag></object><object><points><x>0.46324</x><x>0.55392</x><y>0.72801</y><y>0.75244</y></points><label>8</label><labelname>blind</labelname><flag>1</flag></object><object><points><x>0.46078</x><x>0.55147</x><y>0.7671</y><y>0.79153</y></points><label>8</label><labelname>blind</labelname><flag>1</flag></object><object><points><x>0.46324</x><x>0.55392</x><y>0.80293</y><y>0.82736</y></points><label>8</label><labelname>blind</labelname><flag>1</flag></object><object><points><x>0.46078</x><x>0.55147</x><y>0.83713</y><y>0.86156</y></points><label>8</label><labelname>blind</labelname><flag>1</flag></object><object><points><x>0.45833</x><x>0.54902</x><y>0.87459</y><y>0.89902</y></points><label>8</label><labelname>blind</labelname><flag>1</flag></object><object><points><x>0.46078</x><x>0.55147</x><y>0.90879</y><y>0.93322</y></points><label>8</label><labelname>blind</labelname><flag>1</flag></object><object><points><x>0.32353</x><x>0.41667</x><y>0.43974</y><y>0.46417</y></points><label>8</label><labelname>blind</labelname><flag>1</flag></object><object><points><x>0.33578</x><x>0.40441</x><y>0.094463</y><y>0.11889</y></points><label>8</label><labelname>blind</labelname><flag>1</flag></object><object><points><x>0.33824</x><x>0.40196</x><y>0.12866</y><y>0.15309</y></points><label>8</label><labelname>blind</labelname><flag>1</flag></object><object><points><x>0.33333</x><x>0.39951</x><y>0.16124</y><y>0.18567</y></points><label>8</label><labelname>blind</labelname><flag>1</flag></object><object><points><x>0.33088</x><x>0.3848</x><y>0.19544</y><y>0.21987</y></points><label>8</label><labelname>blind</labelname><flag>1</flag></object><object><points><x>0.47549</x><x>0.55392</x><y>0.092834</y><y>0.11726</y></points><label>8</label><labelname>blind</labelname><flag>1</flag></object><object><points><x>0.47794</x><x>0.55882</x><y>0.12704</y><y>0.15147</y></points><label>8</label><labelname>blind</labelname><flag>1</flag></object><object><points><x>0.47794</x><x>0.55637</x><y>0.15961</y><y>0.18404</y></points><label>8</label><labelname>blind</labelname><flag>1</flag></object><object><points><x>0.47549</x><x>0.52696</x><y>0.29805</y><y>0.32085</y></points><label>8</label><labelname>blind</labelname><flag>1</flag></object><object><points><x>0.47304</x><x>0.52696</x><y>0.3355</y><y>0.35831</y></points><label>8</label><labelname>blind</labelname><flag>1</flag></object>