<object><points><x>0.00097656</x><x>0.99707</x><y>0.0067265</y><y>0.99552</y></points><label>2</label><labelname>facade</labelname><flag>1</flag></object><object><points><x>0.19434</x><x>0.3457</x><y>0.82511</y><y>0.9148</y></points><label>3</label><labelname>window</labelname><flag>1</flag></object><object><points><x>0.20801</x><x>0.3623</x><y>0.06278</y><y>0.15022</y></points><label>3</label><labelname>window</labelname><flag>1</flag></object><object><points><x>0.44922</x><x>0.60059</x><y>0.8139</y><y>0.90359</y></points><label>3</label><labelname>window</labelname><flag>1</flag></object><object><points><x>0.4707</x><x>0.62207</x><y>0.056054</y><y>0.14574</y></points><label>3</label><labelname>window</labelname><flag>1</flag></object><object><points><x>0.19141</x><x>0.37598</x><y>0.6435</y><y>0.72422</y></points><label>3</label><labelname>window</labelname><flag>1</flag></object><object><points><x>0.19238</x><x>0.36035</x><y>0.47085</y><y>0.55157</y></points><label>3</label><labelname>window</labelname><flag>1</flag></object><object><points><x>0.19824</x><x>0.35352</x><y>0.29148</y><y>0.3722</y></points><label>3</label><labelname>window</labelname><flag>1</flag></object><object><points><x>0.4502</x><x>0.64746</x><y>0.63229</y><y>0.71973</y></points><label>3</label><labelname>window</labelname><flag>1</flag></object><object><points><x>0.4541</x><x>0.63867</x><y>0.45516</y><y>0.55157</y></points><label>3</label><labelname>window</labelname><flag>1</flag></object><object><points><x>0.45703</x><x>0.61133</x><y>0.28027</y><y>0.36323</y></points><label>3</label><labelname>window</labelname><flag>1</flag></object><object><points><x>0.80469</x><x>0.97363</x><y>0.076233</y><y>0.16368</y></points><label>4</label><labelname>door</labelname><flag>1</flag></object><object><points><x>0.73535</x><x>0.7793</x><y>0.058296</y><y>0.15919</y></points><label>3</label><labelname>window</labelname><flag>1</flag></object><object><points><x>0.38477</x><x>0.44629</x><y>0.74664</y><y>0.95516</y></points><label>5</label><labelname>cornice</labelname><flag>1</flag></object><object><points><x>0.39062</x><x>0.45312</x><y>0.19955</y><y>0.40807</y></points><label>5</label><labelname>cornice</labelname><flag>1</flag></object><object><points><x>0.40137</x><x>0.45703</x><y>0.0089686</y><y>0.19058</y></points><label>5</label><labelname>cornice</labelname><flag>1</flag></object><object><points><x>0.13574</x><x>0.19141</x><y>0.39462</y><y>0.76682</y></points><label>5</label><labelname>cornice</labelname><flag>1</flag></object><object><points><x>0.13086</x><x>0.20117</x><y>0.011211</y><y>0.18834</y></points><label>5</label><labelname>cornice</labelname><flag>1</flag></object><object><points><x>0.12109</x><x>0.20801</x><y>0.21749</y><y>0.40359</y></points><label>5</label><labelname>cornice</labelname><flag>1</flag></object><object><points><x>0.11816</x><x>0.20508</x><y>0.77354</y><y>0.95964</y></points><label>5</label><labelname>cornice</labelname><flag>1</flag></object><object><points><x>0.29492</x><x>0.43164</x><y>0.29821</y><y>0.76682</y></points><label>7</label><labelname>balcony</labelname><flag>1</flag></object><object><points><x>0.3457</x><x>0.38965</x><y>0.81614</y><y>0.90807</y></points><label>7</label><labelname>balcony</labelname><flag>1</flag></object><object><points><x>0.3623</x><x>0.40723</x><y>0.060538</y><y>0.15247</y></points><label>7</label><labelname>balcony</labelname><flag>1</flag></object><object><points><x>0.60352</x><x>0.64746</x><y>0.81614</y><y>0.90583</y></points><label>7</label><labelname>balcony</labelname><flag>1</flag></object><object><points><x>0.62109</x><x>0.66504</x><y>0.058296</y><y>0.14798</y></points><label>7</label><labelname>balcony</labelname><flag>1</flag></object><object><points><x>0.21094</x><x>0.34375</x><y>0.84978</y><y>0.91031</y></points><label>8</label><labelname>blind</labelname><flag>1</flag></object><object><points><x>0.20898</x><x>0.37402</x><y>0.66592</y><y>0.72197</y></points><label>8</label><labelname>blind</labelname><flag>1</flag></object><object><points><x>0.21191</x><x>0.3584</x><y>0.49327</y><y>0.55157</y></points><label>8</label><labelname>blind</labelname><flag>1</flag></object><object><points><x>0.21777</x><x>0.35059</x><y>0.31839</y><y>0.36771</y></points><label>8</label><labelname>blind</labelname><flag>1</flag></object><object><points><x>0.22559</x><x>0.36133</x><y>0.10538</y><y>0.14798</y></points><label>8</label><labelname>blind</labelname><flag>1</flag></object><object><points><x>0.45996</x><x>0.59961</x><y>0.84529</y><y>0.90135</y></points><label>8</label><labelname>blind</labelname><flag>1</flag></object><object><points><x>0.46289</x><x>0.64453</x><y>0.65919</y><y>0.71749</y></points><label>8</label><labelname>blind</labelname><flag>1</flag></object><object><points><x>0.4668</x><x>0.63672</x><y>0.49103</y><y>0.54933</y></points><label>8</label><labelname>blind</labelname><flag>1</flag></object><object><points><x>0.46777</x><x>0.61035</x><y>0.30942</y><y>0.35874</y></points><label>8</label><labelname>blind</labelname><flag>1</flag></object><object><points><x>0.47754</x><x>0.62012</x><y>0.10538</y><y>0.14126</y></points><label>8</label><labelname>blind</labelname><flag>1</flag></object><object><points><x>0.64844</x><x>0.73242</x><y>0.015695</y><y>0.98206</y></points><label>9</label><labelname>deco</labelname><flag>1</flag></object><object><points><x>0.016602</x><x>0.1543</x><y>0.020179</y><y>0.98879</y></points><label>10</label><labelname>molding</labelname><flag>1</flag></object><object><points><x>0.72168</x><x>0.98145</x><y>0.45291</y><y>0.56726</y></points><label>12</label><labelname>shop</labelname><flag>1</flag></object><object><points><x>0.71484</x><x>0.97461</x><y>0.64126</y><y>0.75561</y></points><label>12</label><labelname>shop</labelname><flag>1</flag></object><object><points><x>0.71582</x><x>0.97559</x><y>0.8139</y><y>0.92601</y></points><label>12</label><labelname>shop</labelname><flag>1</flag></object><object><points><x>0.72754</x><x>0.98633</x><y>0.27578</y><y>0.39013</y></points><label>12</label><labelname>shop</labelname><flag>1</flag></object><object><points><x>0.46289</x><x>0.65137</x><y>0.90359</y><y>0.93498</y></points><label>11</label><labelname>pillar</labelname><flag>1</flag></object><object><points><x>0.46484</x><x>0.65234</x><y>0.78475</y><y>0.81614</y></points><label>11</label><labelname>pillar</labelname><flag>1</flag></object><object><points><x>0.46484</x><x>0.65332</x><y>0.71973</y><y>0.75112</y></points><label>11</label><labelname>pillar</labelname><flag>1</flag></object><object><points><x>0.46582</x><x>0.6377</x><y>0.6009</y><y>0.63004</y></points><label>11</label><labelname>pillar</labelname><flag>1</flag></object><object><points><x>0.4668</x><x>0.6377</x><y>0.54709</y><y>0.57623</y></points><label>11</label><labelname>pillar</labelname><flag>1</flag></object><object><points><x>0.4707</x><x>0.64062</x><y>0.42825</y><y>0.4574</y></points><label>11</label><labelname>pillar</labelname><flag>1</flag></object><object><points><x>0.4707</x><x>0.6416</x><y>0.36323</y><y>0.39238</y></points><label>11</label><labelname>pillar</labelname><flag>1</flag></object><object><points><x>0.47266</x><x>0.66113</x><y>0.24664</y><y>0.27578</y></points><label>11</label><labelname>pillar</labelname><flag>1</flag></object><object><points><x>0.47852</x><x>0.66699</x><y>0.14798</y><y>0.17489</y></points><label>11</label><labelname>pillar</labelname><flag>1</flag></object><object><points><x>0.48145</x><x>0.66992</x><y>0.029148</y><y>0.058296</y></points><label>11</label><labelname>pillar</labelname><flag>1</flag></object><object><points><x>0.45996</x><x>0.48145</x><y>0.017937</y><y>0.060538</y></points><label>11</label><labelname>pillar</labelname><flag>1</flag></object><object><points><x>0.45703</x><x>0.47852</x><y>0.13453</y><y>0.17937</y></points><label>11</label><labelname>pillar</labelname><flag>1</flag></object><object><points><x>0.45117</x><x>0.47266</x><y>0.23991</y><y>0.28475</y></points><label>11</label><labelname>pillar</labelname><flag>1</flag></object><object><points><x>0.45215</x><x>0.4707</x><y>0.3565</y><y>0.3991</y></points><label>11</label><labelname>pillar</labelname><flag>1</flag></object><object><points><x>0.45117</x><x>0.4707</x><y>0.42152</y><y>0.46413</y></points><label>11</label><labelname>pillar</labelname><flag>1</flag></object><object><points><x>0.44824</x><x>0.4668</x><y>0.53812</y><y>0.58072</y></points><label>11</label><labelname>pillar</labelname><flag>1</flag></object><object><points><x>0.44727</x><x>0.46582</x><y>0.59193</y><y>0.63453</y></points><label>11</label><labelname>pillar</labelname><flag>1</flag></object><object><points><x>0.44629</x><x>0.46582</x><y>0.713</y><y>0.75112</y></points><label>11</label><labelname>pillar</labelname><flag>1</flag></object><object><points><x>0.44531</x><x>0.46387</x><y>0.78027</y><y>0.82063</y></points><label>11</label><labelname>pillar</labelname><flag>1</flag></object><object><points><x>0.44336</x><x>0.46289</x><y>0.8991</y><y>0.93946</y></points><label>11</label><labelname>pillar</labelname><flag>1</flag></object><object><points><x>0.20605</x><x>0.38477</x><y>0.72422</y><y>0.75561</y></points><label>11</label><labelname>pillar</labelname><flag>1</flag></object><object><points><x>0.20801</x><x>0.36035</x><y>0.60762</y><y>0.63677</y></points><label>11</label><labelname>pillar</labelname><flag>1</flag></object><object><points><x>0.20801</x><x>0.36035</x><y>0.55157</y><y>0.58296</y></points><label>11</label><labelname>pillar</labelname><flag>1</flag></object><object><points><x>0.20996</x><x>0.36328</x><y>0.43498</y><y>0.46413</y></points><label>11</label><labelname>pillar</labelname><flag>1</flag></object><object><points><x>0.18848</x><x>0.20996</x><y>0.42601</y><y>0.46861</y></points><label>11</label><labelname>pillar</labelname><flag>1</flag></object><object><points><x>0.18652</x><x>0.20801</x><y>0.54709</y><y>0.58969</y></points><label>11</label><labelname>pillar</labelname><flag>1</flag></object><object><points><x>0.18652</x><x>0.20801</x><y>0.6009</y><y>0.6435</y></points><label>11</label><labelname>pillar</labelname><flag>1</flag></object><object><points><x>0.18555</x><x>0.20508</x><y>0.71749</y><y>0.76009</y></points><label>11</label><labelname>pillar</labelname><flag>1</flag></object>