<object><points><x>0.18262</x><x>0.88867</x><y>0.20641</y><y>0.7841</y></points><label>2</label><labelname>facade</labelname><flag>1</flag></object><object><points><x>0.2959</x><x>0.4082</x><y>0.25504</y><y>0.33808</y></points><label>3</label><labelname>window</labelname><flag>1</flag></object><object><points><x>0.29297</x><x>0.40625</x><y>0.51127</y><y>0.60617</y></points><label>3</label><labelname>window</labelname><flag>1</flag></object><object><points><x>0.49121</x><x>0.60449</x><y>0.25386</y><y>0.33689</y></points><label>3</label><labelname>window</labelname><flag>1</flag></object><object><points><x>0.49121</x><x>0.60449</x><y>0.51483</y><y>0.60735</y></points><label>3</label><labelname>window</labelname><flag>1</flag></object><object><points><x>0.6875</x><x>0.7998</x><y>0.25386</y><y>0.33689</y></points><label>3</label><labelname>window</labelname><flag>1</flag></object><object><points><x>0.69141</x><x>0.80469</x><y>0.51483</y><y>0.60735</y></points><label>3</label><labelname>window</labelname><flag>1</flag></object><object><points><x>0.29102</x><x>0.3457</x><y>0.065243</y><y>0.13167</y></points><label>3</label><labelname>window</labelname><flag>1</flag></object><object><points><x>0.42383</x><x>0.48633</x><y>0.065243</y><y>0.13286</y></points><label>3</label><labelname>window</labelname><flag>1</flag></object><object><points><x>0.57422</x><x>0.64355</x><y>0.062871</y><y>0.13167</y></points><label>3</label><labelname>window</labelname><flag>1</flag></object><object><points><x>0.74707</x><x>0.88574</x><y>0.015421</y><y>0.13523</y></points><label>4</label><labelname>door</labelname><flag>1</flag></object><object><points><x>0.41797</x><x>0.48145</x><y>0.23488</y><y>0.35943</y></points><label>5</label><labelname>cornice</labelname><flag>1</flag></object><object><points><x>0.41797</x><x>0.48145</x><y>0.48873</y><y>0.62989</y></points><label>5</label><labelname>cornice</labelname><flag>1</flag></object><object><points><x>0.48438</x><x>0.49512</x><y>0.004745</y><y>0.14947</y></points><label>6</label><labelname>sill</labelname><flag>1</flag></object><object><points><x>0.34277</x><x>0.35449</x><y>0.014235</y><y>0.15065</y></points><label>6</label><labelname>sill</labelname><flag>1</flag></object><object><points><x>0.6416</x><x>0.65234</x><y>0.010676</y><y>0.14828</y></points><label>6</label><labelname>sill</labelname><flag>1</flag></object><object><points><x>0.40625</x><x>0.41797</x><y>0.2325</y><y>0.36418</y></points><label>6</label><labelname>sill</labelname><flag>1</flag></object><object><points><x>0.4043</x><x>0.41797</x><y>0.48636</y><y>0.63345</y></points><label>6</label><labelname>sill</labelname><flag>1</flag></object><object><points><x>0.60156</x><x>0.62305</x><y>0.23369</y><y>0.3618</y></points><label>6</label><labelname>sill</labelname><flag>1</flag></object><object><points><x>0.60352</x><x>0.62402</x><y>0.4911</y><y>0.62989</y></points><label>6</label><labelname>sill</labelname><flag>1</flag></object><object><points><x>0.10254</x><x>0.12891</x><y>0.090154</y><y>0.11388</y></points><label>3</label><labelname>window</labelname><flag>1</flag></object><object><points><x>0.19434</x><x>0.28711</x><y>0.21234</y><y>0.77817</y></points><label>10</label><labelname>molding</labelname><flag>1</flag></object><object><points><x>0.6377</x><x>0.69727</x><y>0.21115</y><y>0.78055</y></points><label>10</label><labelname>molding</labelname><flag>1</flag></object><object><points><x>0.30273</x><x>0.56055</x><y>0.44484</y><y>0.47924</y></points><label>11</label><labelname>pillar</labelname><flag>1</flag></object><object><points><x>0.30371</x><x>0.56152</x><y>0.64294</y><y>0.67734</y></points><label>11</label><labelname>pillar</labelname><flag>1</flag></object><object><points><x>0.56055</x><x>0.64062</x><y>0.43891</y><y>0.48636</y></points><label>11</label><labelname>pillar</labelname><flag>1</flag></object><object><points><x>0.55957</x><x>0.6416</x><y>0.39739</y><y>0.41993</y></points><label>11</label><labelname>pillar</labelname><flag>1</flag></object><object><points><x>0.56152</x><x>0.6416</x><y>0.63701</y><y>0.68565</y></points><label>11</label><labelname>pillar</labelname><flag>1</flag></object><object><points><x>0.56445</x><x>0.64258</x><y>0.69988</y><y>0.72123</y></points><label>11</label><labelname>pillar</labelname><flag>1</flag></object><object><points><x>0.30664</x><x>0.55859</x><y>0.40214</y><y>0.41993</y></points><label>11</label><labelname>pillar</labelname><flag>1</flag></object><object><points><x>0.31445</x><x>0.56445</x><y>0.6987</y><y>0.7153</y></points><label>11</label><labelname>pillar</labelname><flag>1</flag></object><object><points><x>0.27441</x><x>0.30664</x><y>0.39739</y><y>0.41993</y></points><label>11</label><labelname>pillar</labelname><flag>1</flag></object><object><points><x>0.27246</x><x>0.30273</x><y>0.44009</y><y>0.48161</y></points><label>11</label><labelname>pillar</labelname><flag>1</flag></object><object><points><x>0.27344</x><x>0.30371</x><y>0.63938</y><y>0.67972</y></points><label>11</label><labelname>pillar</labelname><flag>1</flag></object><object><points><x>0.27832</x><x>0.31445</x><y>0.6987</y><y>0.71886</y></points><label>11</label><labelname>pillar</labelname><flag>1</flag></object><object><points><x>0.80762</x><x>0.83594</x><y>0.16014</y><y>0.18505</y></points><label>12</label><labelname>shop</labelname><flag>1</flag></object>