<object><points><x>0.046908</x><x>0.99787</x><y>0.11704</y><y>0.82272</y></points><label>2</label><labelname>facade</labelname><flag>1</flag></object><object><points><x>0.14286</x><x>0.23667</x><y>0.23064</y><y>0.29088</y></points><label>3</label><labelname>window</labelname><flag>1</flag></object><object><points><x>0.32409</x><x>0.43284</x><y>0.20998</y><y>0.25818</y></points><label>3</label><labelname>window</labelname><flag>1</flag></object><object><points><x>0.32623</x><x>0.4371</x><y>0.26678</y><y>0.31497</y></points><label>3</label><labelname>window</labelname><flag>1</flag></object><object><points><x>0.27292</x><x>0.38593</x><y>0.72461</y><y>0.77625</y></points><label>3</label><labelname>window</labelname><flag>1</flag></object><object><points><x>0.27079</x><x>0.3838</x><y>0.66437</y><y>0.71429</y></points><label>3</label><labelname>window</labelname><flag>1</flag></object><object><points><x>0.27079</x><x>0.3838</x><y>0.60413</y><y>0.65577</y></points><label>3</label><labelname>window</labelname><flag>1</flag></object><object><points><x>0.48827</x><x>0.60341</x><y>0.60585</y><y>0.65749</y></points><label>3</label><labelname>window</labelname><flag>1</flag></object><object><points><x>0.48614</x><x>0.59915</x><y>0.66609</y><y>0.71601</y></points><label>3</label><labelname>window</labelname><flag>1</flag></object><object><points><x>0.48614</x><x>0.60128</x><y>0.72289</y><y>0.77281</y></points><label>3</label><labelname>window</labelname><flag>1</flag></object><object><points><x>0.52665</x><x>0.64392</x><y>0.20998</y><y>0.25818</y></points><label>3</label><labelname>window</labelname><flag>1</flag></object><object><points><x>0.52665</x><x>0.64392</x><y>0.27022</y><y>0.3167</y></points><label>3</label><labelname>window</labelname><flag>1</flag></object><object><points><x>0.73774</x><x>0.85288</x><y>0.2685</y><y>0.31497</y></points><label>3</label><labelname>window</labelname><flag>1</flag></object><object><points><x>0.73561</x><x>0.85288</x><y>0.20998</y><y>0.25645</y></points><label>3</label><labelname>window</labelname><flag>1</flag></object><object><points><x>0.69723</x><x>0.8145</x><y>0.60757</y><y>0.65577</y></points><label>3</label><labelname>window</labelname><flag>1</flag></object><object><points><x>0.6951</x><x>0.81237</x><y>0.66609</y><y>0.71256</y></points><label>3</label><labelname>window</labelname><flag>1</flag></object><object><points><x>0.6951</x><x>0.81237</x><y>0.72461</y><y>0.77281</y></points><label>3</label><labelname>window</labelname><flag>1</flag></object><object><points><x>0.13859</x><x>0.20896</x><y>0.43546</y><y>0.45955</y></points><label>3</label><labelname>window</labelname><flag>1</flag></object><object><points><x>0.13859</x><x>0.20043</x><y>0.51635</y><y>0.54045</y></points><label>3</label><labelname>window</labelname><flag>1</flag></object><object><points><x>0.12793</x><x>0.22601</x><y>0.46988</y><y>0.5043</y></points><label>3</label><labelname>window</labelname><flag>1</flag></object><object><points><x>0.51386</x><x>0.63326</x><y>0.43201</y><y>0.54217</y></points><label>3</label><labelname>window</labelname><flag>1</flag></object><object><points><x>0.29211</x><x>0.41151</x><y>0.43201</y><y>0.54217</y></points><label>3</label><labelname>window</labelname><flag>1</flag></object><object><points><x>0.71429</x><x>0.85501</x><y>0.42857</y><y>0.54045</y></points><label>3</label><labelname>window</labelname><flag>1</flag></object><object><points><x>0.89339</x><x>0.9467</x><y>0.47676</y><y>0.52324</y></points><label>3</label><labelname>window</labelname><flag>1</flag></object><object><points><x>0.89552</x><x>0.9467</x><y>0.42169</y><y>0.46472</y></points><label>3</label><labelname>window</labelname><flag>1</flag></object><object><points><x>0.091684</x><x>0.1322</x><y>0.2117</y><y>0.30465</y></points><label>5</label><labelname>cornice</labelname><flag>1</flag></object><object><points><x>0.42857</x><x>0.45203</x><y>0.19966</y><y>0.32014</y></points><label>6</label><labelname>sill</labelname><flag>1</flag></object><object><points><x>0.63753</x><x>0.65885</x><y>0.2031</y><y>0.32358</y></points><label>6</label><labelname>sill</labelname><flag>1</flag></object><object><points><x>0.34968</x><x>0.46055</x><y>0.3494</y><y>0.5852</y></points><label>7</label><labelname>balcony</labelname><flag>1</flag></object><object><points><x>0.14712</x><x>0.26866</x><y>0.36833</y><y>0.57487</y></points><label>7</label><labelname>balcony</labelname><flag>1</flag></object><object><points><x>0.5565</x><x>0.66738</x><y>0.35112</y><y>0.58692</y></points><label>7</label><labelname>balcony</labelname><flag>1</flag></object><object><points><x>0.78038</x><x>0.89126</x><y>0.34768</y><y>0.5852</y></points><label>7</label><labelname>balcony</labelname><flag>1</flag></object><object><points><x>0.14499</x><x>0.1919</x><y>0.23236</y><y>0.28916</y></points><label>8</label><labelname>blind</labelname><flag>1</flag></object><object><points><x>0.32836</x><x>0.42217</x><y>0.21343</y><y>0.25473</y></points><label>8</label><labelname>blind</labelname><flag>1</flag></object><object><points><x>0.33049</x><x>0.42431</x><y>0.27022</y><y>0.31153</y></points><label>8</label><labelname>blind</labelname><flag>1</flag></object><object><points><x>0.30277</x><x>0.36887</x><y>0.43373</y><y>0.53701</y></points><label>8</label><labelname>blind</labelname><flag>1</flag></object><object><points><x>0.24733</x><x>0.33049</x><y>0.12565</y><y>0.33907</y></points><label>10</label><labelname>molding</labelname><flag>1</flag></object><object><points><x>0.29638</x><x>0.9467</x><y>0.34596</y><y>0.37522</y></points><label>11</label><labelname>pillar</labelname><flag>1</flag></object><object><points><x>0.30064</x><x>0.95096</x><y>0.56627</y><y>0.5938</y></points><label>11</label><labelname>pillar</labelname><flag>1</flag></object><object><points><x>0.26013</x><x>0.29638</x><y>0.33391</y><y>0.38038</y></points><label>11</label><labelname>pillar</labelname><flag>1</flag></object><object><points><x>0.26439</x><x>0.30064</x><y>0.55594</y><y>0.60241</y></points><label>11</label><labelname>pillar</labelname><flag>1</flag></object>