<object><points><x>0.68066</x><x>0.7793</x><y>0.375</y><y>0.46224</y></points><label>3</label><labelname>window</labelname><flag>1</flag></object><object><points><x>0.077148</x><x>0.99121</x><y>0.0026042</y><y>0.88021</y></points><label>2</label><labelname>facade</labelname><flag>1</flag></object><object><points><x>0.2832</x><x>0.33203</x><y>0.36068</y><y>0.47917</y></points><label>3</label><labelname>window</labelname><flag>1</flag></object><object><points><x>0.37695</x><x>0.4541</x><y>0.39844</y><y>0.45964</y></points><label>3</label><labelname>window</labelname><flag>1</flag></object><object><points><x>0.39648</x><x>0.47559</x><y>0.48698</y><y>0.50391</y></points><label>3</label><labelname>window</labelname><flag>1</flag></object><object><points><x>0.39453</x><x>0.47754</x><y>0.33854</y><y>0.36328</y></points><label>3</label><labelname>window</labelname><flag>1</flag></object><object><points><x>0.52832</x><x>0.6123</x><y>0.48698</y><y>0.50391</y></points><label>3</label><labelname>window</labelname><flag>1</flag></object><object><points><x>0.52734</x><x>0.6123</x><y>0.33854</y><y>0.36328</y></points><label>3</label><labelname>window</labelname><flag>1</flag></object><object><points><x>0.51367</x><x>0.59473</x><y>0.39844</y><y>0.46224</y></points><label>3</label><labelname>window</labelname><flag>1</flag></object><object><points><x>0.37207</x><x>0.41504</x><y>0.55599</y><y>0.65625</y></points><label>5</label><labelname>cornice</labelname><flag>1</flag></object><object><points><x>0.2832</x><x>0.35254</x><y>0.57422</y><y>0.63802</y></points><label>3</label><labelname>window</labelname><flag>1</flag></object><object><points><x>0.28613</x><x>0.38281</x><y>0.71615</y><y>0.81771</y></points><label>3</label><labelname>window</labelname><flag>1</flag></object><object><points><x>0.41309</x><x>0.50977</x><y>0.71615</y><y>0.82031</y></points><label>3</label><labelname>window</labelname><flag>1</flag></object><object><points><x>0.54297</x><x>0.64355</x><y>0.71484</y><y>0.81771</y></points><label>3</label><labelname>window</labelname><flag>1</flag></object><object><points><x>0.50098</x><x>0.54102</x><y>0.55599</y><y>0.65625</y></points><label>5</label><labelname>cornice</labelname><flag>1</flag></object><object><points><x>0.41113</x><x>0.4834</x><y>0.57292</y><y>0.63672</y></points><label>3</label><labelname>window</labelname><flag>1</flag></object><object><points><x>0.54004</x><x>0.61523</x><y>0.57292</y><y>0.63672</y></points><label>3</label><labelname>window</labelname><flag>1</flag></object><object><points><x>0.67871</x><x>0.75</x><y>0.56641</y><y>0.63672</y></points><label>3</label><labelname>window</labelname><flag>1</flag></object><object><points><x>0.67871</x><x>0.75</x><y>0.71484</y><y>0.8099</y></points><label>3</label><labelname>window</labelname><flag>1</flag></object><object><points><x>0.80371</x><x>0.87891</x><y>0.71875</y><y>0.8125</y></points><label>3</label><labelname>window</labelname><flag>1</flag></object><object><points><x>0.80469</x><x>0.87891</x><y>0.55599</y><y>0.65234</y></points><label>3</label><labelname>window</labelname><flag>1</flag></object><object><points><x>0.84863</x><x>0.9834</x><y>0.37891</y><y>0.46224</y></points><label>4</label><labelname>door</labelname><flag>1</flag></object><object><points><x>0.79785</x><x>0.83105</x><y>0.39453</y><y>0.44792</y></points><label>3</label><labelname>window</labelname><flag>1</flag></object><object><points><x>0.80566</x><x>0.87988</x><y>0.1862</y><y>0.28255</y></points><label>3</label><labelname>window</labelname><flag>1</flag></object><object><points><x>0.67969</x><x>0.75098</x><y>0.19792</y><y>0.26953</y></points><label>3</label><labelname>window</labelname><flag>1</flag></object><object><points><x>0.53809</x><x>0.61426</x><y>0.20052</y><y>0.26693</y></points><label>3</label><labelname>window</labelname><flag>1</flag></object><object><points><x>0.49805</x><x>0.53906</x><y>0.18359</y><y>0.28255</y></points><label>5</label><labelname>cornice</labelname><flag>1</flag></object><object><points><x>0.37109</x><x>0.41113</x><y>0.18229</y><y>0.28385</y></points><label>5</label><labelname>cornice</labelname><flag>1</flag></object><object><points><x>0.41016</x><x>0.48242</x><y>0.20052</y><y>0.26432</y></points><label>3</label><labelname>window</labelname><flag>1</flag></object><object><points><x>0.28027</x><x>0.35059</x><y>0.20052</y><y>0.26432</y></points><label>3</label><labelname>window</labelname><flag>1</flag></object><object><points><x>0.13574</x><x>0.19531</x><y>0.75</y><y>0.80078</y></points><label>3</label><labelname>window</labelname><flag>1</flag></object><object><points><x>0.13672</x><x>0.19629</x><y>0.43359</y><y>0.48438</y></points><label>3</label><labelname>window</labelname><flag>1</flag></object><object><points><x>0.13672</x><x>0.19629</x><y>0.35417</y><y>0.40885</y></points><label>3</label><labelname>window</labelname><flag>1</flag></object><object><points><x>0.28125</x><x>0.37109</x><y>0.016927</y><y>0.11849</y></points><label>3</label><labelname>window</labelname><flag>1</flag></object><object><points><x>0.40723</x><x>0.49707</x><y>0.020833</y><y>0.12109</y></points><label>3</label><labelname>window</labelname><flag>1</flag></object><object><points><x>0.92969</x><x>0.98828</x><y>0.1862</y><y>0.22786</y></points><label>3</label><labelname>window</labelname><flag>1</flag></object><object><points><x>0.92969</x><x>0.98828</x><y>0.23958</y><y>0.28385</y></points><label>3</label><labelname>window</labelname><flag>1</flag></object><object><points><x>0.92578</x><x>0.98535</x><y>0.55729</y><y>0.59635</y></points><label>3</label><labelname>window</labelname><flag>1</flag></object><object><points><x>0.92578</x><x>0.98438</x><y>0.60938</y><y>0.65234</y></points><label>3</label><labelname>window</labelname><flag>1</flag></object><object><points><x>0.92578</x><x>0.98438</x><y>0.71875</y><y>0.76042</y></points><label>3</label><labelname>window</labelname><flag>1</flag></object><object><points><x>0.92578</x><x>0.98438</x><y>0.77083</y><y>0.8138</y></points><label>3</label><labelname>window</labelname><flag>1</flag></object><object><points><x>0.74805</x><x>0.78223</x><y>0.70573</y><y>0.82812</y></points><label>6</label><labelname>sill</labelname><flag>1</flag></object><object><points><x>0.74805</x><x>0.7793</x><y>0.55469</y><y>0.65365</y></points><label>6</label><labelname>sill</labelname><flag>1</flag></object><object><points><x>0.61328</x><x>0.64453</x><y>0.55729</y><y>0.65495</y></points><label>6</label><labelname>sill</labelname><flag>1</flag></object><object><points><x>0.75</x><x>0.78125</x><y>0.1849</y><y>0.28255</y></points><label>6</label><labelname>sill</labelname><flag>1</flag></object><object><points><x>0.6123</x><x>0.64453</x><y>0.1849</y><y>0.28385</y></points><label>6</label><labelname>sill</labelname><flag>1</flag></object><object><points><x>0.48145</x><x>0.50684</x><y>0.1849</y><y>0.28125</y></points><label>6</label><labelname>sill</labelname><flag>1</flag></object><object><points><x>0.48145</x><x>0.50586</x><y>0.55729</y><y>0.65365</y></points><label>6</label><labelname>sill</labelname><flag>1</flag></object><object><points><x>0.35254</x><x>0.37305</x><y>0.55859</y><y>0.65755</y></points><label>6</label><labelname>sill</labelname><flag>1</flag></object><object><points><x>0.34766</x><x>0.36816</x><y>0.1849</y><y>0.28385</y></points><label>6</label><labelname>sill</labelname><flag>1</flag></object><object><points><x>0.87695</x><x>0.92188</x><y>0.55208</y><y>0.65365</y></points><label>6</label><labelname>sill</labelname><flag>1</flag></object><object><points><x>0.87598</x><x>0.92188</x><y>0.71615</y><y>0.81771</y></points><label>6</label><labelname>sill</labelname><flag>1</flag></object><object><points><x>0.87793</x><x>0.92676</x><y>0.18359</y><y>0.28646</y></points><label>6</label><labelname>sill</labelname><flag>1</flag></object><object><points><x>0.33203</x><x>0.375</x><y>0.011719</y><y>0.1237</y></points><label>7</label><labelname>balcony</labelname><flag>1</flag></object><object><points><x>0.46289</x><x>0.50684</x><y>0.014323</y><y>0.125</y></points><label>7</label><labelname>balcony</labelname><flag>1</flag></object><object><points><x>0.33594</x><x>0.38672</x><y>0.71094</y><y>0.82422</y></points><label>7</label><labelname>balcony</labelname><flag>1</flag></object><object><points><x>0.46582</x><x>0.50977</x><y>0.71484</y><y>0.82812</y></points><label>7</label><labelname>balcony</labelname><flag>1</flag></object><object><points><x>0.60547</x><x>0.64355</x><y>0.71094</y><y>0.82422</y></points><label>7</label><labelname>balcony</labelname><flag>1</flag></object><object><points><x>0.31152</x><x>0.37305</x><y>0.32682</y><y>0.51302</y></points><label>7</label><labelname>balcony</labelname><flag>1</flag></object><object><points><x>0.45801</x><x>0.51074</x><y>0.39193</y><y>0.47005</y></points><label>9</label><labelname>deco</labelname><flag>1</flag></object><object><points><x>0.47949</x><x>0.5293</x><y>0.48568</y><y>0.50521</y></points><label>9</label><labelname>deco</labelname><flag>1</flag></object><object><points><x>0.47949</x><x>0.5293</x><y>0.33724</y><y>0.36458</y></points><label>9</label><labelname>deco</labelname><flag>1</flag></object><object><points><x>0.59277</x><x>0.62695</x><y>0.38672</y><y>0.47526</y></points><label>6</label><labelname>sill</labelname><flag>1</flag></object><object><points><x>0.60547</x><x>0.6416</x><y>0.32812</y><y>0.36979</y></points><label>6</label><labelname>sill</labelname><flag>1</flag></object><object><points><x>0.60254</x><x>0.64355</x><y>0.48568</y><y>0.51432</y></points><label>6</label><labelname>sill</labelname><flag>1</flag></object><object><points><x>0.78027</x><x>0.84863</x><y>0.36979</y><y>0.47266</y></points><label>9</label><labelname>deco</labelname><flag>1</flag></object><object><points><x>0.72461</x><x>0.77832</x><y>0.47656</y><y>0.51953</y></points><label>9</label><labelname>deco</labelname><flag>1</flag></object><object><points><x>0.72559</x><x>0.7793</x><y>0.31901</y><y>0.36198</y></points><label>9</label><labelname>deco</labelname><flag>1</flag></object><object><points><x>0.63574</x><x>0.70703</x><y>0.32552</y><y>0.41276</y></points><label>9</label><labelname>deco</labelname><flag>1</flag></object><object><points><x>0.63672</x><x>0.70801</x><y>0.4375</y><y>0.52474</y></points><label>9</label><labelname>deco</labelname><flag>1</flag></object><object><points><x>0.63281</x><x>0.66113</x><y>0.0078125</y><y>0.86589</y></points><label>10</label><labelname>molding</labelname><flag>1</flag></object><object><points><x>0.76562</x><x>0.79395</x><y>0.014323</y><y>0.8724</y></points><label>10</label><labelname>molding</labelname><flag>1</flag></object><object><points><x>0.25391</x><x>0.61426</x><y>0.13672</y><y>0.18359</y></points><label>11</label><labelname>pillar</labelname><flag>1</flag></object><object><points><x>0.25781</x><x>0.61523</x><y>0.28516</y><y>0.33203</y></points><label>11</label><labelname>pillar</labelname><flag>1</flag></object><object><points><x>0.26074</x><x>0.61523</x><y>0.51302</y><y>0.55469</y></points><label>11</label><labelname>pillar</labelname><flag>1</flag></object><object><points><x>0.25977</x><x>0.61621</x><y>0.65885</y><y>0.70573</y></points><label>11</label><labelname>pillar</labelname><flag>1</flag></object><object><points><x>0.26074</x><x>0.61523</x><y>0.84115</y><y>0.8776</y></points><label>11</label><labelname>pillar</labelname><flag>1</flag></object><object><points><x>0.61426</x><x>0.64355</x><y>0.13411</y><y>0.18359</y></points><label>11</label><labelname>pillar</labelname><flag>1</flag></object><object><points><x>0.61523</x><x>0.64453</x><y>0.28255</y><y>0.33203</y></points><label>11</label><labelname>pillar</labelname><flag>1</flag></object><object><points><x>0.61621</x><x>0.64551</x><y>0.65625</y><y>0.70573</y></points><label>11</label><labelname>pillar</labelname><flag>1</flag></object><object><points><x>0.61523</x><x>0.64453</x><y>0.50911</y><y>0.55859</y></points><label>11</label><labelname>pillar</labelname><flag>1</flag></object><object><points><x>0.61523</x><x>0.64453</x><y>0.83333</y><y>0.88021</y></points><label>11</label><labelname>pillar</labelname><flag>1</flag></object><object><points><x>0.23047</x><x>0.25391</x><y>0.1276</y><y>0.1888</y></points><label>11</label><labelname>pillar</labelname><flag>1</flag></object><object><points><x>0.23438</x><x>0.25781</x><y>0.27734</y><y>0.33984</y></points><label>11</label><labelname>pillar</labelname><flag>1</flag></object><object><points><x>0.2373</x><x>0.26074</x><y>0.5013</y><y>0.5638</y></points><label>11</label><labelname>pillar</labelname><flag>1</flag></object><object><points><x>0.23633</x><x>0.25879</x><y>0.65104</y><y>0.71354</y></points><label>11</label><labelname>pillar</labelname><flag>1</flag></object><object><points><x>0.23633</x><x>0.26074</x><y>0.83594</y><y>0.88151</y></points><label>11</label><labelname>pillar</labelname><flag>1</flag></object><object><points><x>0.78418</x><x>0.83008</x><y>0.33724</y><y>0.36719</y></points><label>11</label><labelname>pillar</labelname><flag>1</flag></object><object><points><x>0.7832</x><x>0.83008</x><y>0.47266</y><y>0.5</y></points><label>11</label><labelname>pillar</labelname><flag>1</flag></object><object><points><x>0.83105</x><x>0.95312</x><y>0.33984</y><y>0.36589</y></points><label>11</label><labelname>pillar</labelname><flag>1</flag></object><object><points><x>0.83008</x><x>0.95117</x><y>0.47266</y><y>0.4987</y></points><label>11</label><labelname>pillar</labelname><flag>1</flag></object><object><points><x>0.95312</x><x>0.98828</x><y>0.33594</y><y>0.37109</y></points><label>11</label><labelname>pillar</labelname><flag>1</flag></object><object><points><x>0.95117</x><x>0.98633</x><y>0.46745</y><y>0.5026</y></points><label>11</label><labelname>pillar</labelname><flag>1</flag></object><object><points><x>0.83008</x><x>0.95312</x><y>0.32943</y><y>0.33854</y></points><label>11</label><labelname>pillar</labelname><flag>1</flag></object><object><points><x>0.78613</x><x>0.83105</x><y>0.32552</y><y>0.33724</y></points><label>11</label><labelname>pillar</labelname><flag>1</flag></object><object><points><x>0.78613</x><x>0.83008</x><y>0.5013</y><y>0.51302</y></points><label>11</label><labelname>pillar</labelname><flag>1</flag></object><object><points><x>0.83008</x><x>0.95312</x><y>0.5</y><y>0.50911</y></points><label>11</label><labelname>pillar</labelname><flag>1</flag></object><object><points><x>0.9541</x><x>0.98828</x><y>0.32552</y><y>0.33594</y></points><label>11</label><labelname>pillar</labelname><flag>1</flag></object><object><points><x>0.95312</x><x>0.9873</x><y>0.5026</y><y>0.51302</y></points><label>11</label><labelname>pillar</labelname><flag>1</flag></object><object><points><x>0.079102</x><x>0.12793</x><y>0.70312</y><y>0.85156</y></points><label>5</label><labelname>cornice</labelname><flag>1</flag></object>