<object><points><x>0.11893</x><x>0.92199</x><y>0.071289</y><y>0.99609</y></points><label>2</label><labelname>facade</labelname><flag>1</flag></object><object><points><x>0.25703</x><x>0.34655</x><y>0.70215</y><y>0.75977</y></points><label>3</label><labelname>window</labelname><flag>1</flag></object><object><points><x>0.25448</x><x>0.34399</x><y>0.83594</y><y>0.89355</y></points><label>3</label><labelname>window</labelname><flag>1</flag></object><object><points><x>0.63043</x><x>0.72123</x><y>0.44043</y><y>0.49707</y></points><label>3</label><labelname>window</labelname><flag>1</flag></object><object><points><x>0.61893</x><x>0.73274</x><y>0.6543</y><y>0.7041</y></points><label>3</label><labelname>window</labelname><flag>1</flag></object><object><points><x>0.61893</x><x>0.73018</x><y>0.75195</y><y>0.80273</y></points><label>3</label><labelname>window</labelname><flag>1</flag></object><object><points><x>0.61637</x><x>0.7289</x><y>0.84277</y><y>0.89453</y></points><label>3</label><labelname>window</labelname><flag>1</flag></object><object><points><x>0.62148</x><x>0.71995</x><y>0.33496</y><y>0.38574</y></points><label>3</label><labelname>window</labelname><flag>1</flag></object><object><points><x>0.6202</x><x>0.72506</x><y>0.15234</y><y>0.19727</y></points><label>3</label><labelname>window</labelname><flag>1</flag></object><object><points><x>0.62276</x><x>0.72634</x><y>0.23438</y><y>0.27832</y></points><label>3</label><labelname>window</labelname><flag>1</flag></object><object><points><x>0.44629</x><x>0.56266</x><y>0.12891</y><y>0.18164</y></points><label>3</label><labelname>window</labelname><flag>1</flag></object><object><points><x>0.45013</x><x>0.5665</x><y>0.20996</y><y>0.2627</y></points><label>3</label><labelname>window</labelname><flag>1</flag></object><object><points><x>0.45013</x><x>0.5665</x><y>0.30469</y><y>0.35742</y></points><label>3</label><labelname>window</labelname><flag>1</flag></object><object><points><x>0.42839</x><x>0.54987</x><y>0.68945</y><y>0.73438</y></points><label>3</label><labelname>window</labelname><flag>1</flag></object><object><points><x>0.42711</x><x>0.54987</x><y>0.76562</y><y>0.81055</y></points><label>3</label><labelname>window</labelname><flag>1</flag></object><object><points><x>0.42455</x><x>0.54604</x><y>0.83984</y><y>0.88574</y></points><label>3</label><labelname>window</labelname><flag>1</flag></object><object><points><x>0.42455</x><x>0.56266</x><y>0.40723</y><y>0.49805</y></points><label>3</label><labelname>window</labelname><flag>1</flag></object><object><points><x>0.27749</x><x>0.36573</x><y>0.4082</y><y>0.47266</y></points><label>3</label><labelname>window</labelname><flag>1</flag></object><object><points><x>0.27238</x><x>0.35422</x><y>0.2832</y><y>0.34766</y></points><label>3</label><labelname>window</labelname><flag>1</flag></object><object><points><x>0.79668</x><x>0.91432</x><y>0.59277</y><y>0.63867</y></points><label>3</label><labelname>window</labelname><flag>1</flag></object><object><points><x>0.79412</x><x>0.91176</x><y>0.76562</y><y>0.81543</y></points><label>3</label><labelname>window</labelname><flag>1</flag></object><object><points><x>0.79156</x><x>0.90921</x><y>0.84961</y><y>0.90039</y></points><label>3</label><labelname>window</labelname><flag>1</flag></object><object><points><x>0.79923</x><x>0.91688</x><y>0.30762</y><y>0.35742</y></points><label>3</label><labelname>window</labelname><flag>1</flag></object><object><points><x>0.80051</x><x>0.91816</x><y>0.22949</y><y>0.2793</y></points><label>3</label><labelname>window</labelname><flag>1</flag></object><object><points><x>0.80179</x><x>0.91944</x><y>0.14746</y><y>0.19238</y></points><label>3</label><labelname>window</labelname><flag>1</flag></object><object><points><x>0.79923</x><x>0.91688</x><y>0.45117</y><y>0.49707</y></points><label>3</label><labelname>window</labelname><flag>1</flag></object><object><points><x>0.81074</x><x>0.91944</x><y>0.38965</y><y>0.43066</y></points><label>4</label><labelname>door</labelname><flag>1</flag></object><object><points><x>0.80691</x><x>0.91944</x><y>0.68359</y><y>0.72266</y></points><label>4</label><labelname>door</labelname><flag>1</flag></object><object><points><x>0.74808</x><x>0.79028</x><y>0.65625</y><y>0.75098</y></points><label>9</label><labelname>deco</labelname><flag>1</flag></object><object><points><x>0.77494</x><x>0.80691</x><y>0.36621</y><y>0.45117</y></points><label>9</label><labelname>deco</labelname><flag>1</flag></object><object><points><x>0.77366</x><x>0.87724</x><y>0.50098</y><y>0.54883</y></points><label>12</label><labelname>shop</labelname><flag>1</flag></object>