<object><points><x>0.019553</x><x>0.99302</x><y>0.0030488</y><y>0.87957</y></points><label>2</label><labelname>facade</labelname><flag>1</flag></object><object><points><x>0.026536</x><x>0.040503</x><y>0.50762</y><y>0.54878</y></points><label>3</label><labelname>window</labelname><flag>1</flag></object><object><points><x>0.12709</x><x>0.24022</x><y>0.19512</y><y>0.36738</y></points><label>3</label><labelname>window</labelname><flag>1</flag></object><object><points><x>0.57682</x><x>0.68994</x><y>0.19665</y><y>0.3689</y></points><label>3</label><labelname>window</labelname><flag>1</flag></object><object><points><x>0.35335</x><x>0.46648</x><y>0.1997</y><y>0.37043</y></points><label>3</label><labelname>window</labelname><flag>1</flag></object><object><points><x>0.17877</x><x>0.27374</x><y>0.027439</y><y>0.14329</y></points><label>3</label><labelname>window</labelname><flag>1</flag></object><object><points><x>0.39665</x><x>0.49302</x><y>0.027439</y><y>0.14329</y></points><label>3</label><labelname>window</labelname><flag>1</flag></object><object><points><x>0.18296</x><x>0.27793</x><y>0.6372</y><y>0.75</y></points><label>3</label><labelname>window</labelname><flag>1</flag></object><object><points><x>0.39246</x><x>0.48743</x><y>0.64024</y><y>0.75</y></points><label>3</label><labelname>window</labelname><flag>1</flag></object><object><points><x>0.60615</x><x>0.70112</x><y>0.6372</y><y>0.74695</y></points><label>3</label><labelname>window</labelname><flag>1</flag></object><object><points><x>0.27654</x><x>0.28911</x><y>0.62043</y><y>0.76524</y></points><label>6</label><labelname>sill</labelname><flag>1</flag></object><object><points><x>0.48743</x><x>0.5</x><y>0.62043</y><y>0.76524</y></points><label>6</label><labelname>sill</labelname><flag>1</flag></object><object><points><x>0.69413</x><x>0.7067</x><y>0.61738</y><y>0.76067</y></points><label>6</label><labelname>sill</labelname><flag>1</flag></object><object><points><x>0.48464</x><x>0.49721</x><y>0.01372</y><y>0.15854</y></points><label>6</label><labelname>sill</labelname><flag>1</flag></object><object><points><x>0.27095</x><x>0.28212</x><y>0.018293</y><y>0.16159</y></points><label>6</label><labelname>sill</labelname><flag>1</flag></object><object><points><x>0.23603</x><x>0.25279</x><y>0.1753</y><y>0.38415</y></points><label>6</label><labelname>sill</labelname><flag>1</flag></object><object><points><x>0.46229</x><x>0.47905</x><y>0.17988</y><y>0.3872</y></points><label>6</label><labelname>sill</labelname><flag>1</flag></object><object><points><x>0.68017</x><x>0.69693</x><y>0.17835</y><y>0.38567</y></points><label>6</label><labelname>sill</labelname><flag>1</flag></object><object><points><x>0.18575</x><x>0.25978</x><y>0.64482</y><y>0.74848</y></points><label>8</label><labelname>blind</labelname><flag>1</flag></object><object><points><x>0.60754</x><x>0.68156</x><y>0.64329</y><y>0.74543</y></points><label>8</label><labelname>blind</labelname><flag>1</flag></object><object><points><x>0.048883</x><x>0.15084</x><y>0.012195</y><y>0.87348</y></points><label>10</label><labelname>molding</labelname><flag>1</flag></object><object><points><x>0.69134</x><x>0.76257</x><y>0.41768</y><y>0.52287</y></points><label>12</label><labelname>shop</labelname><flag>1</flag></object><object><points><x>0.33659</x><x>0.67737</x><y>0.4314</y><y>0.4878</y></points><label>12</label><labelname>shop</labelname><flag>1</flag></object><object><points><x>0.77235</x><x>0.82682</x><y>0.033537</y><y>0.85823</y></points><label>12</label><labelname>shop</labelname><flag>1</flag></object><object><points><x>0.82402</x><x>0.96927</x><y>0.025915</y><y>0.31098</y></points><label>12</label><labelname>shop</labelname><flag>1</flag></object><object><points><x>0.82961</x><x>0.94832</x><y>0.48476</y><y>0.82012</y></points><label>12</label><labelname>shop</labelname><flag>1</flag></object>