<object><points><x>0.47656</x><x>0.54557</x><y>0.36426</y><y>0.40137</y></points><label>3</label><labelname>window</labelname><flag>1</flag></object><object><points><x>0.47526</x><x>0.54427</x><y>0.44727</y><y>0.48438</y></points><label>3</label><labelname>window</labelname><flag>1</flag></object><object><points><x>0.47266</x><x>0.54297</x><y>0.53125</y><y>0.56836</y></points><label>3</label><labelname>window</labelname><flag>1</flag></object><object><points><x>0.47005</x><x>0.54036</x><y>0.62305</y><y>0.66016</y></points><label>3</label><labelname>window</labelname><flag>1</flag></object><object><points><x>0.47005</x><x>0.54167</x><y>0.71094</y><y>0.74805</y></points><label>3</label><labelname>window</labelname><flag>1</flag></object><object><points><x>0.63802</x><x>0.72266</x><y>0.71191</y><y>0.74805</y></points><label>3</label><labelname>window</labelname><flag>1</flag></object><object><points><x>0.63672</x><x>0.72266</x><y>0.62305</y><y>0.65918</y></points><label>3</label><labelname>window</labelname><flag>1</flag></object><object><points><x>0.63802</x><x>0.72396</x><y>0.53125</y><y>0.56738</y></points><label>3</label><labelname>window</labelname><flag>1</flag></object><object><points><x>0.63932</x><x>0.72526</x><y>0.44922</y><y>0.48535</y></points><label>3</label><labelname>window</labelname><flag>1</flag></object><object><points><x>0.64062</x><x>0.72656</x><y>0.36523</y><y>0.40234</y></points><label>3</label><labelname>window</labelname><flag>1</flag></object><object><points><x>0.82031</x><x>0.89193</x><y>0.5293</y><y>0.56934</y></points><label>3</label><labelname>window</labelname><flag>1</flag></object><object><points><x>0.81901</x><x>0.89193</x><y>0.62109</y><y>0.66016</y></points><label>3</label><labelname>window</labelname><flag>1</flag></object><object><points><x>0.81901</x><x>0.89062</x><y>0.7041</y><y>0.74512</y></points><label>3</label><labelname>window</labelname><flag>1</flag></object><object><points><x>0.3125</x><x>0.94141</x><y>0.31445</y><y>0.88281</y></points><label>2</label><labelname>facade</labelname><flag>1</flag></object><object><points><x>0.4401</x><x>0.47396</x><y>0.34863</y><y>0.41699</y></points><label>5</label><labelname>cornice</labelname><flag>1</flag></object><object><points><x>0.44141</x><x>0.47526</x><y>0.42871</y><y>0.49805</y></points><label>5</label><labelname>cornice</labelname><flag>1</flag></object><object><points><x>0.4388</x><x>0.47266</x><y>0.5166</y><y>0.58594</y></points><label>5</label><labelname>cornice</labelname><flag>1</flag></object><object><points><x>0.4349</x><x>0.47396</x><y>0.60547</y><y>0.67676</y></points><label>5</label><labelname>cornice</labelname><flag>1</flag></object><object><points><x>0.43099</x><x>0.47005</x><y>0.69531</y><y>0.76562</y></points><label>5</label><labelname>cornice</labelname><flag>1</flag></object><object><points><x>0.43229</x><x>0.47135</x><y>0.77734</y><y>0.84766</y></points><label>5</label><labelname>cornice</labelname><flag>1</flag></object><object><points><x>0.59896</x><x>0.63802</x><y>0.78223</y><y>0.85254</y></points><label>5</label><labelname>cornice</labelname><flag>1</flag></object><object><points><x>0.59635</x><x>0.63542</x><y>0.69336</y><y>0.76367</y></points><label>5</label><labelname>cornice</labelname><flag>1</flag></object><object><points><x>0.57812</x><x>0.63021</x><y>0.60352</y><y>0.6748</y></points><label>5</label><labelname>cornice</labelname><flag>1</flag></object><object><points><x>0.58073</x><x>0.63281</x><y>0.51562</y><y>0.58691</y></points><label>5</label><labelname>cornice</labelname><flag>1</flag></object><object><points><x>0.59766</x><x>0.64323</x><y>0.43262</y><y>0.50391</y></points><label>5</label><labelname>cornice</labelname><flag>1</flag></object><object><points><x>0.60026</x><x>0.64453</x><y>0.34961</y><y>0.41797</y></points><label>5</label><labelname>cornice</labelname><flag>1</flag></object><object><points><x>0.54167</x><x>0.58203</x><y>0.35059</y><y>0.41309</y></points><label>6</label><labelname>sill</labelname><flag>1</flag></object><object><points><x>0.54297</x><x>0.58203</x><y>0.43457</y><y>0.49609</y></points><label>6</label><labelname>sill</labelname><flag>1</flag></object><object><points><x>0.54167</x><x>0.58203</x><y>0.78516</y><y>0.84668</y></points><label>6</label><labelname>sill</labelname><flag>1</flag></object><object><points><x>0.54036</x><x>0.57943</x><y>0.69531</y><y>0.75684</y></points><label>6</label><labelname>sill</labelname><flag>1</flag></object><object><points><x>0.54036</x><x>0.56771</x><y>0.61133</y><y>0.67285</y></points><label>6</label><labelname>sill</labelname><flag>1</flag></object><object><points><x>0.54297</x><x>0.57031</x><y>0.51855</y><y>0.58105</y></points><label>6</label><labelname>sill</labelname><flag>1</flag></object><object><points><x>0.72135</x><x>0.75781</x><y>0.78418</y><y>0.84766</y></points><label>6</label><labelname>sill</labelname><flag>1</flag></object><object><points><x>0.72005</x><x>0.76953</x><y>0.69824</y><y>0.75977</y></points><label>6</label><labelname>sill</labelname><flag>1</flag></object><object><points><x>0.72135</x><x>0.77083</x><y>0.60938</y><y>0.67188</y></points><label>6</label><labelname>sill</labelname><flag>1</flag></object><object><points><x>0.72266</x><x>0.77083</x><y>0.51855</y><y>0.58008</y></points><label>6</label><labelname>sill</labelname><flag>1</flag></object><object><points><x>0.72266</x><x>0.77214</x><y>0.43457</y><y>0.49609</y></points><label>6</label><labelname>sill</labelname><flag>1</flag></object><object><points><x>0.72135</x><x>0.76953</x><y>0.35352</y><y>0.41504</y></points><label>6</label><labelname>sill</labelname><flag>1</flag></object><object><points><x>0.88932</x><x>0.90234</x><y>0.51855</y><y>0.58008</y></points><label>6</label><labelname>sill</labelname><flag>1</flag></object><object><points><x>0.88672</x><x>0.89974</x><y>0.61035</y><y>0.6709</y></points><label>6</label><labelname>sill</labelname><flag>1</flag></object><object><points><x>0.88802</x><x>0.90104</x><y>0.69336</y><y>0.75488</y></points><label>6</label><labelname>sill</labelname><flag>1</flag></object><object><points><x>0.64062</x><x>0.72656</x><y>0.79785</y><y>0.83398</y></points><label>3</label><labelname>window</labelname><flag>1</flag></object><object><points><x>0.64583</x><x>0.73177</x><y>0.9502</y><y>0.98633</y></points><label>3</label><labelname>window</labelname><flag>1</flag></object><object><points><x>0.47266</x><x>0.54427</x><y>0.79688</y><y>0.83496</y></points><label>3</label><labelname>window</labelname><flag>1</flag></object><object><points><x>0.34505</x><x>0.40755</x><y>0.55957</y><y>0.62793</y></points><label>9</label><labelname>deco</labelname><flag>1</flag></object><object><points><x>0.75651</x><x>0.80859</x><y>0.76074</y><y>0.87793</y></points><label>9</label><labelname>deco</labelname><flag>1</flag></object><object><points><x>0.58073</x><x>0.66406</x><y>0.92578</y><y>0.99902</y></points><label>5</label><labelname>cornice</labelname><flag>1</flag></object><object><points><x>0.39062</x><x>0.45312</x><y>0.32129</y><y>0.87695</y></points><label>10</label><labelname>molding</labelname><flag>1</flag></object><object><points><x>0.58203</x><x>0.60417</x><y>0.31836</y><y>0.88281</y></points><label>10</label><labelname>molding</labelname><flag>1</flag></object><object><points><x>0.76432</x><x>0.78776</x><y>0.31738</y><y>0.87988</y></points><label>10</label><labelname>molding</labelname><flag>1</flag></object><object><points><x>0.36589</x><x>0.45703</x><y>0.084961</y><y>0.16602</y></points><label>3</label><labelname>window</labelname><flag>1</flag></object><object><points><x>0.45964</x><x>0.54036</x><y>0.089844</y><y>0.16699</y></points><label>3</label><labelname>window</labelname><flag>1</flag></object><object><points><x>0.55078</x><x>0.6276</x><y>0.088867</y><y>0.16699</y></points><label>3</label><labelname>window</labelname><flag>1</flag></object><object><points><x>0.64583</x><x>0.71484</x><y>0.089844</y><y>0.16895</y></points><label>3</label><labelname>window</labelname><flag>1</flag></object><object><points><x>0.42839</x><x>0.48438</x><y>0.20801</y><y>0.24902</y></points><label>3</label><labelname>window</labelname><flag>1</flag></object><object><points><x>0.44661</x><x>0.50651</x><y>0.26074</y><y>0.29297</y></points><label>3</label><labelname>window</labelname><flag>1</flag></object><object><points><x>0.52474</x><x>0.58333</x><y>0.26172</y><y>0.29492</y></points><label>3</label><labelname>window</labelname><flag>1</flag></object><object><points><x>0.51042</x><x>0.5638</x><y>0.20703</y><y>0.25195</y></points><label>3</label><labelname>window</labelname><flag>1</flag></object><object><points><x>0.59245</x><x>0.64323</x><y>0.20898</y><y>0.24902</y></points><label>3</label><labelname>window</labelname><flag>1</flag></object><object><points><x>0.60417</x><x>0.65755</x><y>0.26074</y><y>0.29297</y></points><label>3</label><labelname>window</labelname><flag>1</flag></object><object><points><x>0.68359</x><x>0.73307</x><y>0.26074</y><y>0.29297</y></points><label>3</label><labelname>window</labelname><flag>1</flag></object><object><points><x>0.67318</x><x>0.72396</x><y>0.20703</y><y>0.25</y></points><label>3</label><labelname>window</labelname><flag>1</flag></object><object><points><x>0.35938</x><x>0.40104</x><y>0.20605</y><y>0.25</y></points><label>3</label><labelname>window</labelname><flag>1</flag></object><object><points><x>0.29557</x><x>0.35026</x><y>0.09375</y><y>0.14844</y></points><label>3</label><labelname>window</labelname><flag>1</flag></object><object><points><x>0.74219</x><x>0.80859</x><y>0.083984</y><y>0.20605</y></points><label>3</label><labelname>window</labelname><flag>1</flag></object><object><points><x>0.76302</x><x>0.8138</x><y>0.23145</y><y>0.28613</y></points><label>3</label><labelname>window</labelname><flag>1</flag></object><object><points><x>0.84375</x><x>0.9375</x><y>0.36719</y><y>0.48535</y></points><label>12</label><labelname>shop</labelname><flag>1</flag></object><object><points><x>0.81901</x><x>0.83984</x><y>0.073242</y><y>0.21777</y></points><label>12</label><labelname>shop</labelname><flag>1</flag></object><object><points><x>0.83984</x><x>0.89193</x><y>0.084961</y><y>0.21094</y></points><label>12</label><labelname>shop</labelname><flag>1</flag></object><object><points><x>0.47005</x><x>0.51432</x><y>0.30176</y><y>0.30859</y></points><label>3</label><labelname>window</labelname><flag>1</flag></object><object><points><x>0.54427</x><x>0.58594</x><y>0.30273</y><y>0.30859</y></points><label>3</label><labelname>window</labelname><flag>1</flag></object><object><points><x>0.61719</x><x>0.66536</x><y>0.30176</y><y>0.31152</y></points><label>3</label><labelname>window</labelname><flag>1</flag></object><object><points><x>0.69271</x><x>0.73568</x><y>0.30273</y><y>0.30957</y></points><label>3</label><labelname>window</labelname><flag>1</flag></object>