<object><points><x>0.41883</x><x>0.55519</x><y>0.47559</y><y>0.56445</y></points><label>3</label><labelname>window</labelname><flag>1</flag></object><object><points><x>0.66071</x><x>0.7987</x><y>0.48242</y><y>0.57031</y></points><label>3</label><labelname>window</labelname><flag>1</flag></object><object><points><x>0.17857</x><x>0.30682</x><y>0.46973</y><y>0.55762</y></points><label>3</label><labelname>window</labelname><flag>1</flag></object><object><points><x>0.29383</x><x>0.43019</x><y>0.29004</y><y>0.34375</y></points><label>3</label><labelname>window</labelname><flag>1</flag></object><object><points><x>0.53896</x><x>0.67695</x><y>0.12109</y><y>0.18457</y></points><label>3</label><labelname>window</labelname><flag>1</flag></object><object><points><x>0.29383</x><x>0.43019</x><y>0.12109</y><y>0.18652</y></points><label>3</label><labelname>window</labelname><flag>1</flag></object><object><points><x>0.29545</x><x>0.42532</x><y>0.68066</y><y>0.74805</y></points><label>3</label><labelname>window</labelname><flag>1</flag></object><object><points><x>0.54221</x><x>0.67857</x><y>0.69336</y><y>0.76074</y></points><label>3</label><labelname>window</labelname><flag>1</flag></object><object><points><x>0.54058</x><x>0.67695</x><y>0.86621</y><y>0.93457</y></points><label>3</label><labelname>window</labelname><flag>1</flag></object><object><points><x>0.29708</x><x>0.43344</x><y>0.85645</y><y>0.9248</y></points><label>3</label><labelname>window</labelname><flag>1</flag></object><object><points><x>0.095779</x><x>0.18831</x><y>0.7041</y><y>0.76465</y></points><label>3</label><labelname>window</labelname><flag>1</flag></object><object><points><x>0.095779</x><x>0.18831</x><y>0.78516</y><y>0.8457</y></points><label>3</label><labelname>window</labelname><flag>1</flag></object><object><points><x>0.10714</x><x>0.19968</x><y>0.17676</y><y>0.2373</y></points><label>3</label><labelname>window</labelname><flag>1</flag></object><object><points><x>0.10552</x><x>0.19805</x><y>0.25391</y><y>0.31445</y></points><label>3</label><labelname>window</labelname><flag>1</flag></object><object><points><x>0.77597</x><x>0.91558</x><y>0.11816</y><y>0.18262</y></points><label>3</label><labelname>window</labelname><flag>1</flag></object><object><points><x>0.78734</x><x>0.89123</x><y>0.69629</y><y>0.75781</y></points><label>3</label><labelname>window</labelname><flag>1</flag></object><object><points><x>0.29058</x><x>0.43344</x><y>0.25195</y><y>0.28809</y></points><label>8</label><labelname>blind</labelname><flag>1</flag></object><object><points><x>0.29221</x><x>0.43182</x><y>0.36035</y><y>0.39355</y></points><label>8</label><labelname>blind</labelname><flag>1</flag></object><object><points><x>0.29058</x><x>0.43182</x><y>0.75781</y><y>0.79102</y></points><label>8</label><labelname>blind</labelname><flag>1</flag></object><object><points><x>0.28896</x><x>0.43019</x><y>0.64648</y><y>0.67969</y></points><label>8</label><labelname>blind</labelname><flag>1</flag></object><object><points><x>0.53409</x><x>0.67695</x><y>0.76465</y><y>0.80859</y></points><label>8</label><labelname>blind</labelname><flag>1</flag></object><object><points><x>0.53896</x><x>0.68182</x><y>0.65137</y><y>0.69434</y></points><label>8</label><labelname>blind</labelname><flag>1</flag></object><object><points><x>0.53896</x><x>0.68182</x><y>0.82617</y><y>0.87012</y></points><label>8</label><labelname>blind</labelname><flag>1</flag></object><object><points><x>0.78247</x><x>0.92532</x><y>0.76855</y><y>0.80273</y></points><label>8</label><labelname>blind</labelname><flag>1</flag></object><object><points><x>0.77922</x><x>0.92208</x><y>0.6582</y><y>0.69336</y></points><label>8</label><labelname>blind</labelname><flag>1</flag></object><object><points><x>0.78409</x><x>0.92857</x><y>0.87207</y><y>0.90723</y></points><label>8</label><labelname>blind</labelname><flag>1</flag></object><object><points><x>0.78571</x><x>0.92857</x><y>0.90625</y><y>0.94141</y></points><label>8</label><labelname>blind</labelname><flag>1</flag></object><object><points><x>0.53571</x><x>0.67695</x><y>0.084961</y><y>0.12109</y></points><label>8</label><labelname>blind</labelname><flag>1</flag></object><object><points><x>0.53734</x><x>0.67857</x><y>0.1875</y><y>0.22363</y></points><label>8</label><labelname>blind</labelname><flag>1</flag></object><object><points><x>0.53896</x><x>0.67857</x><y>0.25391</y><y>0.29004</y></points><label>8</label><labelname>blind</labelname><flag>1</flag></object><object><points><x>0.53734</x><x>0.67857</x><y>0.3623</y><y>0.39941</y></points><label>8</label><labelname>blind</labelname><flag>1</flag></object><object><points><x>0.043831</x><x>0.98864</x><y>0.030273</y><y>0.96582</y></points><label>2</label><labelname>facade</labelname><flag>1</flag></object><object><points><x>0.11364</x><x>0.17045</x><y>0.25781</y><y>0.30762</y></points><label>8</label><labelname>blind</labelname><flag>1</flag></object><object><points><x>0.29221</x><x>0.43344</x><y>0.15137</y><y>0.1875</y></points><label>8</label><labelname>blind</labelname><flag>1</flag></object><object><points><x>0.29221</x><x>0.43182</x><y>0.11816</y><y>0.15039</y></points><label>8</label><labelname>blind</labelname><flag>1</flag></object><object><points><x>0.77922</x><x>0.91883</x><y>0.084961</y><y>0.11621</y></points><label>8</label><labelname>blind</labelname><flag>1</flag></object><object><points><x>0.78084</x><x>0.92045</x><y>0.19336</y><y>0.22461</y></points><label>8</label><labelname>blind</labelname><flag>1</flag></object><object><points><x>0.78896</x><x>0.92532</x><y>0.87305</y><y>0.94141</y></points><label>3</label><labelname>window</labelname><flag>1</flag></object>