<object><points><x>0.24902</x><x>0.33301</x><y>0.28385</y><y>0.34375</y></points><label>3</label><labelname>window</labelname><flag>1</flag></object><object><points><x>0.24902</x><x>0.33301</x><y>0.44792</y><y>0.50391</y></points><label>3</label><labelname>window</labelname><flag>1</flag></object><object><points><x>0.22656</x><x>0.24219</x><y>0.26302</y><y>0.36328</y></points><label>5</label><labelname>cornice</labelname><flag>1</flag></object><object><points><x>0.22656</x><x>0.24316</x><y>0.42578</y><y>0.52474</y></points><label>5</label><labelname>cornice</labelname><flag>1</flag></object><object><points><x>0.41016</x><x>0.50391</x><y>0.42057</y><y>0.53125</y></points><label>3</label><labelname>window</labelname><flag>1</flag></object><object><points><x>0.4082</x><x>0.43848</x><y>0.27995</y><y>0.34245</y></points><label>3</label><labelname>window</labelname><flag>1</flag></object><object><points><x>0.44141</x><x>0.48145</x><y>0.28125</y><y>0.34245</y></points><label>3</label><labelname>window</labelname><flag>1</flag></object><object><points><x>0.37305</x><x>0.41113</x><y>0.25781</y><y>0.36719</y></points><label>5</label><labelname>cornice</labelname><flag>1</flag></object><object><points><x>0.375</x><x>0.41309</x><y>0.39714</y><y>0.55729</y></points><label>5</label><labelname>cornice</labelname><flag>1</flag></object><object><points><x>0.58789</x><x>0.67871</x><y>0.42188</y><y>0.52734</y></points><label>3</label><labelname>window</labelname><flag>1</flag></object><object><points><x>0.58789</x><x>0.67773</x><y>0.28255</y><y>0.34115</y></points><label>3</label><labelname>window</labelname><flag>1</flag></object><object><points><x>0.75586</x><x>0.84277</x><y>0.44661</y><y>0.50391</y></points><label>3</label><labelname>window</labelname><flag>1</flag></object><object><points><x>0.78516</x><x>0.97363</x><y>0.26953</y><y>0.35156</y></points><label>4</label><labelname>door</labelname><flag>1</flag></object><object><points><x>0.90527</x><x>0.98438</x><y>0.45182</y><y>0.4987</y></points><label>4</label><labelname>door</labelname><flag>1</flag></object><object><points><x>0.90527</x><x>0.97559</x><y>0.64974</y><y>0.69271</y></points><label>3</label><labelname>window</labelname><flag>1</flag></object><object><points><x>0.90625</x><x>0.97754</x><y>0.70703</y><y>0.7474</y></points><label>3</label><labelname>window</labelname><flag>1</flag></object><object><points><x>0.75586</x><x>0.84375</x><y>0.64583</y><y>0.6901</y></points><label>3</label><labelname>window</labelname><flag>1</flag></object><object><points><x>0.75586</x><x>0.84473</x><y>0.70703</y><y>0.75</y></points><label>3</label><labelname>window</labelname><flag>1</flag></object><object><points><x>0.58789</x><x>0.67773</x><y>0.64193</y><y>0.74609</y></points><label>3</label><labelname>window</labelname><flag>1</flag></object><object><points><x>0.25488</x><x>0.33301</x><y>0.64844</y><y>0.69271</y></points><label>3</label><labelname>window</labelname><flag>1</flag></object><object><points><x>0.25391</x><x>0.33301</x><y>0.69922</y><y>0.74219</y></points><label>3</label><labelname>window</labelname><flag>1</flag></object><object><points><x>0.0058594</x><x>0.9873</x><y>0.0026042</y><y>0.83724</y></points><label>2</label><labelname>facade</labelname><flag>1</flag></object><object><points><x>0.4082</x><x>0.48633</x><y>0.6237</y><y>0.76693</y></points><label>3</label><labelname>window</labelname><flag>1</flag></object><object><points><x>0.37988</x><x>0.47656</x><y>0.070312</y><y>0.19661</y></points><label>3</label><labelname>window</labelname><flag>1</flag></object><object><points><x>0.58594</x><x>0.67773</x><y>0.095052</y><y>0.20312</y></points><label>3</label><labelname>window</labelname><flag>1</flag></object><object><points><x>0.18457</x><x>0.2832</x><y>0.065104</y><y>0.20052</y></points><label>3</label><labelname>window</labelname><flag>1</flag></object><object><points><x>0.09082</x><x>0.16699</x><y>0.48177</y><y>0.52604</y></points><label>3</label><labelname>window</labelname><flag>1</flag></object><object><points><x>0.087891</x><x>0.16699</x><y>0.42839</y><y>0.47135</y></points><label>3</label><labelname>window</labelname><flag>1</flag></object><object><points><x>0.091797</x><x>0.16406</x><y>0.31901</y><y>0.36719</y></points><label>3</label><labelname>window</labelname><flag>1</flag></object><object><points><x>0.092773</x><x>0.16504</x><y>0.26562</y><y>0.3138</y></points><label>3</label><labelname>window</labelname><flag>1</flag></object><object><points><x>0.044922</x><x>0.13086</x><y>0.66146</y><y>0.76693</y></points><label>3</label><labelname>window</labelname><flag>1</flag></object><object><points><x>0.071289</x><x>0.15527</x><y>0.91536</y><y>0.96094</y></points><label>3</label><labelname>window</labelname><flag>1</flag></object><object><points><x>0.23633</x><x>0.3291</x><y>0.91276</y><y>0.96354</y></points><label>3</label><labelname>window</labelname><flag>1</flag></object><object><points><x>0.016602</x><x>0.049805</x><y>0.90625</y><y>1</y></points><label>5</label><labelname>cornice</labelname><flag>1</flag></object><object><points><x>0.1377</x><x>0.1748</x><y>0.011719</y><y>0.24219</y></points><label>5</label><labelname>cornice</labelname><flag>1</flag></object><object><points><x>0.32812</x><x>0.36035</x><y>0.028646</y><y>0.23958</y></points><label>5</label><labelname>cornice</labelname><flag>1</flag></object><object><points><x>0.3291</x><x>0.375</x><y>0.26172</y><y>0.36328</y></points><label>6</label><labelname>sill</labelname><flag>1</flag></object><object><points><x>0.3291</x><x>0.37402</x><y>0.42578</y><y>0.52734</y></points><label>6</label><labelname>sill</labelname><flag>1</flag></object><object><points><x>0.3291</x><x>0.34863</x><y>0.63932</y><y>0.76172</y></points><label>6</label><labelname>sill</labelname><flag>1</flag></object><object><points><x>0.67578</x><x>0.71191</x><y>0.63802</y><y>0.75391</y></points><label>6</label><labelname>sill</labelname><flag>1</flag></object><object><points><x>0.67773</x><x>0.71484</x><y>0.41667</y><y>0.53385</y></points><label>6</label><labelname>sill</labelname><flag>1</flag></object><object><points><x>0.67676</x><x>0.71387</x><y>0.08724</y><y>0.20312</y></points><label>6</label><labelname>sill</labelname><flag>1</flag></object><object><points><x>0.67578</x><x>0.70996</x><y>0.27604</y><y>0.34766</y></points><label>6</label><labelname>sill</labelname><flag>1</flag></object><object><points><x>0.28223</x><x>0.32812</x><y>0.052083</y><y>0.20833</y></points><label>7</label><labelname>balcony</labelname><flag>1</flag></object><object><points><x>0.10254</x><x>0.14062</x><y>0.048177</y><y>0.21875</y></points><label>7</label><labelname>balcony</labelname><flag>1</flag></object><object><points><x>0.47656</x><x>0.58691</x><y>0.22656</y><y>0.39583</y></points><label>7</label><labelname>balcony</labelname><flag>1</flag></object><object><points><x>0.4834</x><x>0.5791</x><y>0.61458</y><y>0.80078</y></points><label>7</label><labelname>balcony</labelname><flag>1</flag></object><object><points><x>0.12793</x><x>0.26172</x><y>0.61849</y><y>0.8099</y></points><label>7</label><labelname>balcony</labelname><flag>1</flag></object><object><points><x>0.4707</x><x>0.51562</x><y>0.050781</y><y>0.20573</y></points><label>6</label><labelname>sill</labelname><flag>1</flag></object><object><points><x>0.50488</x><x>0.54004</x><y>0.41797</y><y>0.53385</y></points><label>6</label><labelname>sill</labelname><flag>1</flag></object><object><points><x>0.71191</x><x>0.77637</x><y>0.21615</y><y>0.40365</y></points><label>9</label><labelname>deco</labelname><flag>1</flag></object><object><points><x>0.75293</x><x>0.83984</x><y>0.11979</y><y>0.17708</y></points><label>3</label><labelname>window</labelname><flag>1</flag></object><object><points><x>0.83984</x><x>0.85645</x><y>0.43099</y><y>0.51823</y></points><label>6</label><labelname>sill</labelname><flag>1</flag></object><object><points><x>0.8418</x><x>0.8584</x><y>0.10417</y><y>0.19141</y></points><label>6</label><labelname>sill</labelname><flag>1</flag></object><object><points><x>0.84082</x><x>0.85645</x><y>0.63151</y><y>0.76953</y></points><label>6</label><labelname>sill</labelname><flag>1</flag></object><object><points><x>0.67188</x><x>0.74805</x><y>0.0078125</y><y>0.83073</y></points><label>10</label><labelname>molding</labelname><flag>1</flag></object><object><points><x>0.5</x><x>0.55566</x><y>0.0091146</y><y>0.82943</y></points><label>10</label><labelname>molding</labelname><flag>1</flag></object><object><points><x>0.15527</x><x>0.21387</x><y>0.0078125</y><y>0.83203</y></points><label>10</label><labelname>molding</labelname><flag>1</flag></object><object><points><x>0.36133</x><x>0.47168</x><y>0.20182</y><y>0.22656</y></points><label>11</label><labelname>pillar</labelname><flag>1</flag></object><object><points><x>0.78125</x><x>0.87988</x><y>0.36849</y><y>0.38411</y></points><label>11</label><labelname>pillar</labelname><flag>1</flag></object><object><points><x>0.78027</x><x>0.87988</x><y>0.23698</y><y>0.2526</y></points><label>11</label><labelname>pillar</labelname><flag>1</flag></object><object><points><x>0.88086</x><x>0.98535</x><y>0.36068</y><y>0.39062</y></points><label>11</label><labelname>pillar</labelname><flag>1</flag></object><object><points><x>0.88184</x><x>0.98535</x><y>0.22917</y><y>0.25911</y></points><label>11</label><labelname>pillar</labelname><flag>1</flag></object><object><points><x>0.77539</x><x>0.78223</x><y>0.23307</y><y>0.25651</y></points><label>11</label><labelname>pillar</labelname><flag>1</flag></object><object><points><x>0.77539</x><x>0.7832</x><y>0.36589</y><y>0.38802</y></points><label>11</label><labelname>pillar</labelname><flag>1</flag></object><object><points><x>0.34375</x><x>0.36133</x><y>0.19922</y><y>0.22917</y></points><label>11</label><labelname>pillar</labelname><flag>1</flag></object><object><points><x>0.3418</x><x>0.3584</x><y>0.033854</y><y>0.063802</y></points><label>11</label><labelname>pillar</labelname><flag>1</flag></object><object><points><x>0.88379</x><x>0.90332</x><y>0.63542</y><y>0.76042</y></points><label>12</label><labelname>shop</labelname><flag>1</flag></object><object><points><x>0.88184</x><x>0.90039</x><y>0.4401</y><y>0.50911</y></points><label>12</label><labelname>shop</labelname><flag>1</flag></object>