<object><points><x>0.00097656</x><x>1</x><y>0.053836</y><y>0.94078</y></points><label>2</label><labelname>facade</labelname><flag>1</flag></object><object><points><x>0.15039</x><x>0.23047</x><y>0.31898</y><y>0.37012</y></points><label>3</label><labelname>window</labelname><flag>1</flag></object><object><points><x>0.14551</x><x>0.2041</x><y>0.14132</y><y>0.20592</y></points><label>3</label><labelname>window</labelname><flag>1</flag></object><object><points><x>0.14941</x><x>0.23145</x><y>0.4253</y><y>0.47914</y></points><label>3</label><labelname>window</labelname><flag>1</flag></object><object><points><x>0.15039</x><x>0.22949</x><y>0.53028</y><y>0.58143</y></points><label>3</label><labelname>window</labelname><flag>1</flag></object><object><points><x>0.14844</x><x>0.22852</x><y>0.63392</y><y>0.68641</y></points><label>3</label><labelname>window</labelname><flag>1</flag></object><object><points><x>0.14551</x><x>0.19824</x><y>0.79408</y><y>0.86003</y></points><label>3</label><labelname>window</labelname><flag>1</flag></object><object><points><x>0.28516</x><x>0.36914</x><y>0.10363</y><y>0.17631</y></points><label>3</label><labelname>window</labelname><flag>1</flag></object><object><points><x>0.31348</x><x>0.39258</x><y>0.31898</y><y>0.37416</y></points><label>3</label><labelname>window</labelname><flag>1</flag></object><object><points><x>0.31152</x><x>0.39258</x><y>0.4253</y><y>0.47779</y></points><label>3</label><labelname>window</labelname><flag>1</flag></object><object><points><x>0.31152</x><x>0.39258</x><y>0.52624</y><y>0.58412</y></points><label>3</label><labelname>window</labelname><flag>1</flag></object><object><points><x>0.3125</x><x>0.3916</x><y>0.63526</y><y>0.68775</y></points><label>3</label><labelname>window</labelname><flag>1</flag></object><object><points><x>0.28613</x><x>0.36719</x><y>0.78062</y><y>0.85195</y></points><label>3</label><labelname>window</labelname><flag>1</flag></object><object><points><x>0.45215</x><x>0.53613</x><y>0.10633</y><y>0.17631</y></points><label>3</label><labelname>window</labelname><flag>1</flag></object><object><points><x>0.47168</x><x>0.55078</x><y>0.32032</y><y>0.37416</y></points><label>3</label><labelname>window</labelname><flag>1</flag></object><object><points><x>0.47168</x><x>0.55176</x><y>0.4253</y><y>0.47914</y></points><label>3</label><labelname>window</labelname><flag>1</flag></object><object><points><x>0.47168</x><x>0.5498</x><y>0.53297</y><y>0.58277</y></points><label>3</label><labelname>window</labelname><flag>1</flag></object><object><points><x>0.47168</x><x>0.55176</x><y>0.63392</y><y>0.68775</y></points><label>3</label><labelname>window</labelname><flag>1</flag></object><object><points><x>0.4502</x><x>0.53516</x><y>0.77927</y><y>0.85195</y></points><label>3</label><labelname>window</labelname><flag>1</flag></object><object><points><x>0.63184</x><x>0.7041</x><y>0.1467</y><y>0.21131</y></points><label>3</label><labelname>window</labelname><flag>1</flag></object><object><points><x>0.63184</x><x>0.71289</x><y>0.31763</y><y>0.37012</y></points><label>3</label><labelname>window</labelname><flag>1</flag></object><object><points><x>0.63086</x><x>0.71289</x><y>0.42127</y><y>0.47645</y></points><label>3</label><labelname>window</labelname><flag>1</flag></object><object><points><x>0.62988</x><x>0.71289</x><y>0.52759</y><y>0.58008</y></points><label>3</label><labelname>window</labelname><flag>1</flag></object><object><points><x>0.63086</x><x>0.71289</x><y>0.63122</y><y>0.68506</y></points><label>3</label><labelname>window</labelname><flag>1</flag></object><object><points><x>0.63184</x><x>0.69727</x><y>0.79273</y><y>0.85868</y></points><label>3</label><labelname>window</labelname><flag>1</flag></object><object><points><x>0.78711</x><x>0.87012</x><y>0.13459</y><y>0.20458</y></points><label>3</label><labelname>window</labelname><flag>1</flag></object><object><points><x>0.79004</x><x>0.87012</x><y>0.56528</y><y>0.64738</y></points><label>3</label><labelname>window</labelname><flag>1</flag></object><object><points><x>0.78711</x><x>0.87012</x><y>0.79004</y><y>0.85868</y></points><label>3</label><labelname>window</labelname><flag>1</flag></object><object><points><x>0.92383</x><x>0.99316</x><y>0.56797</y><y>0.63392</y></points><label>4</label><labelname>door</labelname><flag>1</flag></object><object><points><x>0.93457</x><x>0.99414</x><y>0.12651</y><y>0.1965</y></points><label>4</label><labelname>door</labelname><flag>1</flag></object><object><points><x>0.93359</x><x>0.98828</x><y>0.79004</y><y>0.8533</y></points><label>3</label><labelname>window</labelname><flag>1</flag></object><object><points><x>0.78906</x><x>0.84863</x><y>0.35397</y><y>0.43338</y></points><label>3</label><labelname>window</labelname><flag>1</flag></object><object><points><x>0.88672</x><x>0.99805</x><y>0.34455</y><y>0.42127</y></points><label>4</label><labelname>door</labelname><flag>1</flag></object><object><points><x>0.11816</x><x>0.14453</x><y>0.12651</y><y>0.214</y></points><label>5</label><labelname>cornice</labelname><flag>1</flag></object><object><points><x>0.12695</x><x>0.16309</x><y>0.29475</y><y>0.38762</y></points><label>5</label><labelname>cornice</labelname><flag>1</flag></object><object><points><x>0.12793</x><x>0.16211</x><y>0.39973</y><y>0.49394</y></points><label>5</label><labelname>cornice</labelname><flag>1</flag></object><object><points><x>0.12793</x><x>0.16309</x><y>0.50606</y><y>0.59758</y></points><label>5</label><labelname>cornice</labelname><flag>1</flag></object><object><points><x>0.12793</x><x>0.16309</x><y>0.61104</y><y>0.70256</y></points><label>5</label><labelname>cornice</labelname><flag>1</flag></object><object><points><x>0.11816</x><x>0.14453</x><y>0.77658</y><y>0.87214</y></points><label>5</label><labelname>cornice</labelname><flag>1</flag></object><object><points><x>0.22754</x><x>0.25195</x><y>0.30013</y><y>0.38627</y></points><label>6</label><labelname>sill</labelname><flag>1</flag></object><object><points><x>0.22656</x><x>0.25195</x><y>0.40646</y><y>0.48991</y></points><label>6</label><labelname>sill</labelname><flag>1</flag></object><object><points><x>0.22754</x><x>0.25</x><y>0.51009</y><y>0.59758</y></points><label>6</label><labelname>sill</labelname><flag>1</flag></object><object><points><x>0.22656</x><x>0.25098</x><y>0.61777</y><y>0.69987</y></points><label>6</label><labelname>sill</labelname><flag>1</flag></object><object><points><x>0.5498</x><x>0.58008</x><y>0.31494</y><y>0.37685</y></points><label>6</label><labelname>sill</labelname><flag>1</flag></object><object><points><x>0.54883</x><x>0.58105</x><y>0.41857</y><y>0.48183</y></points><label>6</label><labelname>sill</labelname><flag>1</flag></object><object><points><x>0.5498</x><x>0.58105</x><y>0.5249</y><y>0.58681</y></points><label>6</label><labelname>sill</labelname><flag>1</flag></object><object><points><x>0.5498</x><x>0.58105</x><y>0.62853</y><y>0.69179</y></points><label>6</label><labelname>sill</labelname><flag>1</flag></object><object><points><x>0.86719</x><x>0.90625</x><y>0.54913</y><y>0.66083</y></points><label>6</label><labelname>sill</labelname><flag>1</flag></object><object><points><x>0.86816</x><x>0.90918</x><y>0.7712</y><y>0.87618</y></points><label>6</label><labelname>sill</labelname><flag>1</flag></object><object><points><x>0.87012</x><x>0.91016</x><y>0.11575</y><y>0.21938</y></points><label>6</label><labelname>sill</labelname><flag>1</flag></object><object><points><x>0.71289</x><x>0.74902</x><y>0.30148</y><y>0.38627</y></points><label>7</label><labelname>balcony</labelname><flag>1</flag></object><object><points><x>0.71094</x><x>0.74414</x><y>0.40646</y><y>0.48991</y></points><label>7</label><labelname>balcony</labelname><flag>1</flag></object><object><points><x>0.71191</x><x>0.74219</x><y>0.51009</y><y>0.59489</y></points><label>7</label><labelname>balcony</labelname><flag>1</flag></object><object><points><x>0.71094</x><x>0.74707</x><y>0.61373</y><y>0.7039</y></points><label>7</label><labelname>balcony</labelname><flag>1</flag></object><object><points><x>0.69629</x><x>0.80078</x><y>0.056528</y><y>0.24764</y></points><label>7</label><labelname>balcony</labelname><flag>1</flag></object><object><points><x>0.69434</x><x>0.79883</x><y>0.7214</y><y>0.9004</y></points><label>7</label><labelname>balcony</labelname><flag>1</flag></object><object><points><x>0.5332</x><x>0.62402</x><y>0.74159</y><y>0.9031</y></points><label>7</label><labelname>balcony</labelname><flag>1</flag></object><object><points><x>0.53027</x><x>0.62402</x><y>0.063257</y><y>0.2463</y></points><label>7</label><labelname>balcony</labelname><flag>1</flag></object><object><points><x>0.19336</x><x>0.2666</x><y>0.061911</y><y>0.25034</y></points><label>7</label><labelname>balcony</labelname><flag>1</flag></object><object><points><x>0.19434</x><x>0.26465</x><y>0.73755</y><y>0.90713</y></points><label>7</label><labelname>balcony</labelname><flag>1</flag></object><object><points><x>0.040039</x><x>0.10938</x><y>0.10767</y><y>0.24764</y></points><label>9</label><labelname>deco</labelname><flag>1</flag></object><object><points><x>0.0058594</x><x>0.03125</x><y>0.24495</y><y>0.3109</y></points><label>9</label><labelname>deco</labelname><flag>1</flag></object><object><points><x>0.0039062</x><x>0.023438</x><y>0.059219</y><y>0.11171</y></points><label>9</label><labelname>deco</labelname><flag>1</flag></object><object><points><x>0.38965</x><x>0.41309</x><y>0.3109</y><y>0.38089</y></points><label>6</label><labelname>sill</labelname><flag>1</flag></object><object><points><x>0.38867</x><x>0.41211</x><y>0.41454</y><y>0.48318</y></points><label>6</label><labelname>sill</labelname><flag>1</flag></object><object><points><x>0.38965</x><x>0.41113</x><y>0.51952</y><y>0.58681</y></points><label>6</label><labelname>sill</labelname><flag>1</flag></object><object><points><x>0.38965</x><x>0.40918</x><y>0.62584</y><y>0.69448</y></points><label>6</label><labelname>sill</labelname><flag>1</flag></object><object><points><x>0.36523</x><x>0.38965</x><y>0.094213</y><y>0.1817</y></points><label>6</label><labelname>sill</labelname><flag>1</flag></object><object><points><x>0.36523</x><x>0.3877</x><y>0.7712</y><y>0.85868</y></points><label>6</label><labelname>sill</labelname><flag>1</flag></object><object><points><x>0.27637</x><x>0.30273</x><y>0.32032</y><y>0.37416</y></points><label>9</label><labelname>deco</labelname><flag>1</flag></object><object><points><x>0.25195</x><x>0.27539</x><y>0.10363</y><y>0.17497</y></points><label>9</label><labelname>deco</labelname><flag>1</flag></object><object><points><x>0.27637</x><x>0.30371</x><y>0.41992</y><y>0.47914</y></points><label>9</label><labelname>deco</labelname><flag>1</flag></object><object><points><x>0.27539</x><x>0.30273</x><y>0.52355</y><y>0.58412</y></points><label>9</label><labelname>deco</labelname><flag>1</flag></object><object><points><x>0.27734</x><x>0.30469</x><y>0.63257</y><y>0.68371</y></points><label>9</label><labelname>deco</labelname><flag>1</flag></object><object><points><x>0.30664</x><x>0.34961</x><y>0.58681</y><y>0.62988</y></points><label>9</label><labelname>deco</labelname><flag>1</flag></object><object><points><x>0.31055</x><x>0.34766</x><y>0.48048</y><y>0.52624</y></points><label>9</label><labelname>deco</labelname><flag>1</flag></object><object><points><x>0.30957</x><x>0.34863</x><y>0.37416</y><y>0.42261</y></points><label>9</label><labelname>deco</labelname><flag>1</flag></object><object><points><x>0.31055</x><x>0.34766</x><y>0.29206</y><y>0.31629</y></points><label>9</label><labelname>deco</labelname><flag>1</flag></object><object><points><x>0.30566</x><x>0.34473</x><y>0.24495</y><y>0.28802</y></points><label>9</label><labelname>deco</labelname><flag>1</flag></object><object><points><x>0.28809</x><x>0.31348</x><y>0.17497</y><y>0.20592</y></points><label>9</label><labelname>deco</labelname><flag>1</flag></object><object><points><x>0.27734</x><x>0.3125</x><y>0.080754</y><y>0.10363</y></points><label>9</label><labelname>deco</labelname><flag>1</flag></object><object><points><x>0.30664</x><x>0.3418</x><y>0.053836</y><y>0.086137</y></points><label>9</label><labelname>deco</labelname><flag>1</flag></object><object><points><x>0.30859</x><x>0.34473</x><y>0.69044</y><y>0.71063</y></points><label>9</label><labelname>deco</labelname><flag>1</flag></object><object><points><x>0.30469</x><x>0.3457</x><y>0.71198</y><y>0.75236</y></points><label>9</label><labelname>deco</labelname><flag>1</flag></object><object><points><x>0.2793</x><x>0.32812</x><y>0.75505</y><y>0.77927</y></points><label>9</label><labelname>deco</labelname><flag>1</flag></object><object><points><x>0.27832</x><x>0.3125</x><y>0.85061</y><y>0.87618</y></points><label>9</label><labelname>deco</labelname><flag>1</flag></object><object><points><x>0.30176</x><x>0.34277</x><y>0.89906</y><y>0.93943</y></points><label>9</label><labelname>deco</labelname><flag>1</flag></object><object><points><x>0.29102</x><x>0.33105</x><y>0.87752</y><y>0.89637</y></points><label>9</label><labelname>deco</labelname><flag>1</flag></object><object><points><x>0.38965</x><x>0.43066</x><y>0.78062</y><y>0.85599</y></points><label>9</label><labelname>deco</labelname><flag>1</flag></object><object><points><x>0.43066</x><x>0.45117</x><y>0.77389</y><y>0.85734</y></points><label>5</label><labelname>cornice</labelname><flag>1</flag></object><object><points><x>0.44922</x><x>0.4707</x><y>0.62719</y><y>0.69044</y></points><label>5</label><labelname>cornice</labelname><flag>1</flag></object><object><points><x>0.44727</x><x>0.47168</x><y>0.5249</y><y>0.58277</y></points><label>5</label><labelname>cornice</labelname><flag>1</flag></object><object><points><x>0.44824</x><x>0.47168</x><y>0.41992</y><y>0.48183</y></points><label>5</label><labelname>cornice</labelname><flag>1</flag></object><object><points><x>0.44922</x><x>0.4707</x><y>0.31359</y><y>0.3782</y></points><label>5</label><labelname>cornice</labelname><flag>1</flag></object><object><points><x>0.42773</x><x>0.45117</x><y>0.09825</y><y>0.18304</y></points><label>5</label><labelname>cornice</labelname><flag>1</flag></object><object><points><x>0.41016</x><x>0.44824</x><y>0.63122</y><y>0.69179</y></points><label>9</label><labelname>deco</labelname><flag>1</flag></object><object><points><x>0.41113</x><x>0.44629</x><y>0.5249</y><y>0.58277</y></points><label>9</label><labelname>deco</labelname><flag>1</flag></object><object><points><x>0.41309</x><x>0.44727</x><y>0.42127</y><y>0.47914</y></points><label>9</label><labelname>deco</labelname><flag>1</flag></object><object><points><x>0.41406</x><x>0.44922</x><y>0.31763</y><y>0.37416</y></points><label>9</label><labelname>deco</labelname><flag>1</flag></object><object><points><x>0.39062</x><x>0.42676</x><y>0.10094</y><y>0.179</y></points><label>9</label><labelname>deco</labelname><flag>1</flag></object><object><points><x>0.59473</x><x>0.62891</x><y>0.60969</y><y>0.7039</y></points><label>5</label><labelname>cornice</labelname><flag>1</flag></object><object><points><x>0.59375</x><x>0.62891</x><y>0.51144</y><y>0.59758</y></points><label>5</label><labelname>cornice</labelname><flag>1</flag></object><object><points><x>0.59375</x><x>0.62988</x><y>0.40646</y><y>0.4926</y></points><label>5</label><labelname>cornice</labelname><flag>1</flag></object><object><points><x>0.59473</x><x>0.63184</x><y>0.30013</y><y>0.38762</y></points><label>5</label><labelname>cornice</labelname><flag>1</flag></object><object><points><x>0.75098</x><x>0.78906</x><y>0.36608</y><y>0.41857</y></points><label>9</label><labelname>deco</labelname><flag>1</flag></object><object><points><x>0.74805</x><x>0.78906</x><y>0.56528</y><y>0.64334</y></points><label>9</label><labelname>deco</labelname><flag>1</flag></object><object><points><x>0.75098</x><x>0.78418</x><y>0.77793</y><y>0.87079</y></points><label>9</label><labelname>deco</labelname><flag>1</flag></object><object><points><x>0.82715</x><x>0.8584</x><y>0.4253</y><y>0.46703</y></points><label>9</label><labelname>deco</labelname><flag>1</flag></object><object><points><x>0.8252</x><x>0.85742</x><y>0.31763</y><y>0.35666</y></points><label>9</label><labelname>deco</labelname><flag>1</flag></object><object><points><x>0.85254</x><x>0.92188</x><y>0.31494</y><y>0.46299</y></points><label>9</label><labelname>deco</labelname><flag>1</flag></object><object><points><x>0.068359</x><x>0.11719</x><y>0.76043</y><y>0.88291</y></points><label>9</label><labelname>deco</labelname><flag>1</flag></object><object><points><x>0.06543</x><x>0.14551</x><y>0.061911</y><y>0.91655</y></points><label>10</label><labelname>molding</labelname><flag>1</flag></object><object><points><x>0.23242</x><x>0.31152</x><y>0.068641</y><y>0.94347</y></points><label>10</label><labelname>molding</labelname><flag>1</flag></object><object><points><x>0.54102</x><x>0.60547</x><y>0.074024</y><y>0.93001</y></points><label>10</label><labelname>molding</labelname><flag>1</flag></object><object><points><x>0.7041</x><x>0.76172</x><y>0.063257</y><y>0.92867</y></points><label>10</label><labelname>molding</labelname><flag>1</flag></object><object><points><x>0.13184</x><x>0.22168</x><y>0.24495</y><y>0.28533</y></points><label>11</label><labelname>pillar</labelname><flag>1</flag></object><object><points><x>0.13086</x><x>0.21973</x><y>0.057873</y><y>0.10094</y></points><label>11</label><labelname>pillar</labelname><flag>1</flag></object><object><points><x>0.22168</x><x>0.25684</x><y>0.24495</y><y>0.28802</y></points><label>11</label><labelname>pillar</labelname><flag>1</flag></object><object><points><x>0.21973</x><x>0.25684</x><y>0.057873</y><y>0.099596</y></points><label>11</label><labelname>pillar</labelname><flag>1</flag></object><object><points><x>0.10547</x><x>0.13086</x><y>0.055182</y><y>0.10229</y></points><label>11</label><labelname>pillar</labelname><flag>1</flag></object><object><points><x>0.10449</x><x>0.13086</x><y>0.24092</y><y>0.28937</y></points><label>11</label><labelname>pillar</labelname><flag>1</flag></object><object><points><x>0.10547</x><x>0.12793</x><y>0.70659</y><y>0.76312</y></points><label>11</label><labelname>pillar</labelname><flag>1</flag></object><object><points><x>0.12793</x><x>0.21777</x><y>0.71063</y><y>0.7537</y></points><label>11</label><labelname>pillar</labelname><flag>1</flag></object><object><points><x>0.12891</x><x>0.21875</x><y>0.89906</y><y>0.93809</y></points><label>11</label><labelname>pillar</labelname><flag>1</flag></object><object><points><x>0.21777</x><x>0.25586</x><y>0.70929</y><y>0.75236</y></points><label>11</label><labelname>pillar</labelname><flag>1</flag></object><object><points><x>0.21875</x><x>0.25781</x><y>0.89367</y><y>0.93943</y></points><label>11</label><labelname>pillar</labelname><flag>1</flag></object><object><points><x>0.9668</x><x>1</x><y>0.42799</y><y>0.4603</y></points><label>11</label><labelname>pillar</labelname><flag>1</flag></object><object><points><x>0.9668</x><x>0.99805</x><y>0.32032</y><y>0.34455</y></points><label>11</label><labelname>pillar</labelname><flag>1</flag></object><object><points><x>0.9043</x><x>0.9668</x><y>0.32301</y><y>0.3432</y></points><label>11</label><labelname>pillar</labelname><flag>1</flag></object><object><points><x>0.9043</x><x>0.9668</x><y>0.43069</y><y>0.45626</y></points><label>11</label><labelname>pillar</labelname><flag>1</flag></object><object><points><x>0.88672</x><x>0.9043</x><y>0.32301</y><y>0.3459</y></points><label>11</label><labelname>pillar</labelname><flag>1</flag></object><object><points><x>0.88574</x><x>0.9043</x><y>0.42934</y><y>0.4576</y></points><label>11</label><labelname>pillar</labelname><flag>1</flag></object>