<object><points><x>0.41992</x><x>0.44922</x><y>0.4349</y><y>0.52083</y></points><label>5</label><labelname>cornice</labelname><flag>1</flag></object><object><points><x>0.41992</x><x>0.44922</x><y>0.52995</y><y>0.62891</y></points><label>5</label><labelname>cornice</labelname><flag>1</flag></object><object><points><x>0.41992</x><x>0.4502</x><y>0.63672</y><y>0.73047</y></points><label>5</label><labelname>cornice</labelname><flag>1</flag></object><object><points><x>0.88086</x><x>0.98438</x><y>0.28646</y><y>0.35286</y></points><label>4</label><labelname>door</labelname><flag>1</flag></object><object><points><x>0.15723</x><x>0.98926</x><y>0.19401</y><y>0.94922</y></points><label>2</label><labelname>facade</labelname><flag>1</flag></object><object><points><x>0.16992</x><x>0.20508</x><y>0.29818</y><y>0.33333</y></points><label>3</label><labelname>window</labelname><flag>1</flag></object><object><points><x>0.41895</x><x>0.44824</x><y>0.74219</y><y>0.83594</y></points><label>5</label><labelname>cornice</labelname><flag>1</flag></object><object><points><x>0.52148</x><x>0.5332</x><y>0.4375</y><y>0.51302</y></points><label>6</label><labelname>sill</labelname><flag>1</flag></object><object><points><x>0.52246</x><x>0.53418</x><y>0.54167</y><y>0.61719</y></points><label>6</label><labelname>sill</labelname><flag>1</flag></object><object><points><x>0.52246</x><x>0.53418</x><y>0.64193</y><y>0.71745</y></points><label>6</label><labelname>sill</labelname><flag>1</flag></object><object><points><x>0.52344</x><x>0.53516</x><y>0.74349</y><y>0.81901</y></points><label>6</label><labelname>sill</labelname><flag>1</flag></object><object><points><x>0.66699</x><x>0.69238</x><y>0.4388</y><y>0.51302</y></points><label>6</label><labelname>sill</labelname><flag>1</flag></object><object><points><x>0.66895</x><x>0.69336</x><y>0.54167</y><y>0.61589</y></points><label>6</label><labelname>sill</labelname><flag>1</flag></object><object><points><x>0.66797</x><x>0.69238</x><y>0.64062</y><y>0.71745</y></points><label>6</label><labelname>sill</labelname><flag>1</flag></object><object><points><x>0.66699</x><x>0.69141</x><y>0.74349</y><y>0.82161</y></points><label>6</label><labelname>sill</labelname><flag>1</flag></object><object><points><x>0.66016</x><x>0.69141</x><y>0.26562</y><y>0.36979</y></points><label>6</label><labelname>sill</labelname><flag>1</flag></object><object><points><x>0.80566</x><x>0.81934</x><y>0.28125</y><y>0.35677</y></points><label>6</label><labelname>sill</labelname><flag>1</flag></object><object><points><x>0.80664</x><x>0.82031</x><y>0.4401</y><y>0.51432</y></points><label>6</label><labelname>sill</labelname><flag>1</flag></object><object><points><x>0.80566</x><x>0.81934</x><y>0.54167</y><y>0.61719</y></points><label>6</label><labelname>sill</labelname><flag>1</flag></object><object><points><x>0.80566</x><x>0.81934</x><y>0.64062</y><y>0.71615</y></points><label>6</label><labelname>sill</labelname><flag>1</flag></object><object><points><x>0.35059</x><x>0.42188</x><y>0.2474</y><y>0.39062</y></points><label>7</label><labelname>balcony</labelname><flag>1</flag></object><object><points><x>0.27539</x><x>0.3125</x><y>0.20833</y><y>0.23438</y></points><label>9</label><labelname>deco</labelname><flag>1</flag></object><object><points><x>0.27832</x><x>0.31543</x><y>0.39714</y><y>0.42318</y></points><label>9</label><labelname>deco</labelname><flag>1</flag></object><object><points><x>0.2959</x><x>0.35938</x><y>0.24349</y><y>0.25911</y></points><label>9</label><labelname>deco</labelname><flag>1</flag></object><object><points><x>0.29688</x><x>0.36035</x><y>0.3737</y><y>0.39062</y></points><label>9</label><labelname>deco</labelname><flag>1</flag></object><object><points><x>0.24121</x><x>0.28906</x><y>0.27734</y><y>0.35547</y></points><label>9</label><labelname>deco</labelname><flag>1</flag></object><object><points><x>0.41504</x><x>0.43652</x><y>0.30599</y><y>0.32812</y></points><label>9</label><labelname>deco</labelname><flag>1</flag></object><object><points><x>0.24805</x><x>0.26758</x><y>0.39062</y><y>0.40625</y></points><label>9</label><labelname>deco</labelname><flag>1</flag></object><object><points><x>0.25684</x><x>0.27441</x><y>0.47135</y><y>0.48307</y></points><label>9</label><labelname>deco</labelname><flag>1</flag></object><object><points><x>0.25781</x><x>0.27441</x><y>0.57422</y><y>0.58984</y></points><label>9</label><labelname>deco</labelname><flag>1</flag></object><object><points><x>0.25879</x><x>0.27637</x><y>0.67969</y><y>0.69531</y></points><label>9</label><labelname>deco</labelname><flag>1</flag></object><object><points><x>0.25879</x><x>0.27637</x><y>0.77865</y><y>0.79948</y></points><label>9</label><labelname>deco</labelname><flag>1</flag></object><object><points><x>0.25977</x><x>0.27734</x><y>0.88411</y><y>0.90365</y></points><label>9</label><labelname>deco</labelname><flag>1</flag></object><object><points><x>0.25781</x><x>0.31055</x><y>0.5</y><y>0.51432</y></points><label>9</label><labelname>deco</labelname><flag>1</flag></object><object><points><x>0.25684</x><x>0.30957</x><y>0.54167</y><y>0.55599</y></points><label>9</label><labelname>deco</labelname><flag>1</flag></object><object><points><x>0.25781</x><x>0.31055</x><y>0.60417</y><y>0.61849</y></points><label>9</label><labelname>deco</labelname><flag>1</flag></object><object><points><x>0.25781</x><x>0.31055</x><y>0.64323</y><y>0.65755</y></points><label>9</label><labelname>deco</labelname><flag>1</flag></object><object><points><x>0.25879</x><x>0.31152</x><y>0.70833</y><y>0.72266</y></points><label>9</label><labelname>deco</labelname><flag>1</flag></object><object><points><x>0.25879</x><x>0.31152</x><y>0.7487</y><y>0.76302</y></points><label>9</label><labelname>deco</labelname><flag>1</flag></object><object><points><x>0.25879</x><x>0.31152</x><y>0.8112</y><y>0.82552</y></points><label>9</label><labelname>deco</labelname><flag>1</flag></object><object><points><x>0.25781</x><x>0.31055</x><y>0.85026</y><y>0.86458</y></points><label>9</label><labelname>deco</labelname><flag>1</flag></object><object><points><x>0.25879</x><x>0.31152</x><y>0.91276</y><y>0.92839</y></points><label>9</label><labelname>deco</labelname><flag>1</flag></object><object><points><x>0.24707</x><x>0.26562</x><y>0.23307</y><y>0.24609</y></points><label>9</label><labelname>deco</labelname><flag>1</flag></object><object><points><x>0.24707</x><x>0.26562</x><y>0.19661</y><y>0.20833</y></points><label>9</label><labelname>deco</labelname><flag>1</flag></object><object><points><x>0.85547</x><x>0.88086</x><y>0.30078</y><y>0.33854</y></points><label>9</label><labelname>deco</labelname><flag>1</flag></object><object><points><x>0.85547</x><x>0.88086</x><y>0.45833</y><y>0.49609</y></points><label>9</label><labelname>deco</labelname><flag>1</flag></object><object><points><x>0.85449</x><x>0.88086</x><y>0.5612</y><y>0.59896</y></points><label>9</label><labelname>deco</labelname><flag>1</flag></object><object><points><x>0.85449</x><x>0.87988</x><y>0.66406</y><y>0.70182</y></points><label>9</label><labelname>deco</labelname><flag>1</flag></object><object><points><x>0.85449</x><x>0.88086</x><y>0.76562</y><y>0.80208</y></points><label>9</label><labelname>deco</labelname><flag>1</flag></object><object><points><x>0.80469</x><x>0.81738</x><y>0.7487</y><y>0.82422</y></points><label>6</label><labelname>sill</labelname><flag>1</flag></object><object><points><x>0.45898</x><x>0.5166</x><y>0.16406</y><y>0.18099</y></points><label>3</label><labelname>window</labelname><flag>1</flag></object><object><points><x>0.61035</x><x>0.66895</x><y>0.16536</y><y>0.18359</y></points><label>3</label><labelname>window</labelname><flag>1</flag></object><object><points><x>0.23242</x><x>0.29199</x><y>0.20443</y><y>0.94661</y></points><label>10</label><labelname>molding</labelname><flag>1</flag></object><object><points><x>0.36328</x><x>0.39648</x><y>0.19922</y><y>0.94401</y></points><label>10</label><labelname>molding</labelname><flag>1</flag></object><object><points><x>0.66406</x><x>0.73633</x><y>0.20703</y><y>0.9401</y></points><label>10</label><labelname>molding</labelname><flag>1</flag></object><object><points><x>0.27832</x><x>0.35254</x><y>0.26302</y><y>0.27865</y></points><label>11</label><labelname>pillar</labelname><flag>1</flag></object><object><points><x>0.2793</x><x>0.35352</x><y>0.35547</y><y>0.37109</y></points><label>11</label><labelname>pillar</labelname><flag>1</flag></object><object><points><x>0.35156</x><x>0.37598</x><y>0.25911</y><y>0.28255</y></points><label>11</label><labelname>pillar</labelname><flag>1</flag></object><object><points><x>0.35352</x><x>0.37695</x><y>0.35286</y><y>0.3776</y></points><label>11</label><labelname>pillar</labelname><flag>1</flag></object><object><points><x>0.24707</x><x>0.27832</x><y>0.25781</y><y>0.28385</y></points><label>11</label><labelname>pillar</labelname><flag>1</flag></object><object><points><x>0.24805</x><x>0.2793</x><y>0.35156</y><y>0.3776</y></points><label>11</label><labelname>pillar</labelname><flag>1</flag></object><object><points><x>0.87695</x><x>0.93457</x><y>0.21224</y><y>0.23177</y></points><label>12</label><labelname>shop</labelname><flag>1</flag></object><object><points><x>0.88086</x><x>0.90137</x><y>0.19401</y><y>0.21224</y></points><label>12</label><labelname>shop</labelname><flag>1</flag></object><object><points><x>0.58496</x><x>0.66016</x><y>0.27083</y><y>0.28255</y></points><label>11</label><labelname>pillar</labelname><flag>1</flag></object><object><points><x>0.58496</x><x>0.66016</x><y>0.35156</y><y>0.36458</y></points><label>11</label><labelname>pillar</labelname><flag>1</flag></object><object><points><x>0.66016</x><x>0.69043</x><y>0.26693</y><y>0.28776</y></points><label>11</label><labelname>pillar</labelname><flag>1</flag></object><object><points><x>0.66016</x><x>0.68945</x><y>0.34766</y><y>0.36979</y></points><label>11</label><labelname>pillar</labelname><flag>1</flag></object><object><points><x>0.57715</x><x>0.58496</x><y>0.26693</y><y>0.28516</y></points><label>11</label><labelname>pillar</labelname><flag>1</flag></object><object><points><x>0.57715</x><x>0.58496</x><y>0.35026</y><y>0.36719</y></points><label>11</label><labelname>pillar</labelname><flag>1</flag></object><object><points><x>0.74121</x><x>0.80762</x><y>0.29427</y><y>0.34505</y></points><label>3</label><labelname>window</labelname><flag>1</flag></object><object><points><x>0.74316</x><x>0.80762</x><y>0.45182</y><y>0.5013</y></points><label>3</label><labelname>window</labelname><flag>1</flag></object><object><points><x>0.74316</x><x>0.80762</x><y>0.55339</y><y>0.60286</y></points><label>3</label><labelname>window</labelname><flag>1</flag></object><object><points><x>0.74219</x><x>0.80664</x><y>0.65495</y><y>0.70443</y></points><label>3</label><labelname>window</labelname><flag>1</flag></object><object><points><x>0.74219</x><x>0.80664</x><y>0.75781</y><y>0.80729</y></points><label>3</label><labelname>window</labelname><flag>1</flag></object><object><points><x>0.88086</x><x>0.95801</x><y>0.45443</y><y>0.5026</y></points><label>3</label><labelname>window</labelname><flag>1</flag></object><object><points><x>0.87891</x><x>0.95508</x><y>0.55339</y><y>0.60156</y></points><label>3</label><labelname>window</labelname><flag>1</flag></object><object><points><x>0.88086</x><x>0.95801</x><y>0.65625</y><y>0.70443</y></points><label>3</label><labelname>window</labelname><flag>1</flag></object><object><points><x>0.75684</x><x>0.8252</x><y>0.14974</y><y>0.17708</y></points><label>3</label><labelname>window</labelname><flag>1</flag></object><object><points><x>0.58398</x><x>0.66113</x><y>0.28906</y><y>0.34635</y></points><label>3</label><labelname>window</labelname><flag>1</flag></object><object><points><x>0.59277</x><x>0.66797</x><y>0.45052</y><y>0.5</y></points><label>3</label><labelname>window</labelname><flag>1</flag></object><object><points><x>0.5918</x><x>0.66699</x><y>0.55339</y><y>0.60286</y></points><label>3</label><labelname>window</labelname><flag>1</flag></object><object><points><x>0.59277</x><x>0.66699</x><y>0.65365</y><y>0.70182</y></points><label>3</label><labelname>window</labelname><flag>1</flag></object><object><points><x>0.59375</x><x>0.66895</x><y>0.75651</y><y>0.80469</y></points><label>3</label><labelname>window</labelname><flag>1</flag></object><object><points><x>0.44629</x><x>0.51855</x><y>0.75651</y><y>0.80729</y></points><label>3</label><labelname>window</labelname><flag>1</flag></object><object><points><x>0.44727</x><x>0.51953</x><y>0.65495</y><y>0.70443</y></points><label>3</label><labelname>window</labelname><flag>1</flag></object><object><points><x>0.44824</x><x>0.51953</x><y>0.55339</y><y>0.60286</y></points><label>3</label><labelname>window</labelname><flag>1</flag></object><object><points><x>0.44824</x><x>0.51953</x><y>0.44792</y><y>0.4974</y></points><label>3</label><labelname>window</labelname><flag>1</flag></object><object><points><x>0.43555</x><x>0.5166</x><y>0.28906</y><y>0.34375</y></points><label>3</label><labelname>window</labelname><flag>1</flag></object><object><points><x>0.28223</x><x>0.35547</x><y>0.28776</y><y>0.34375</y></points><label>3</label><labelname>window</labelname><flag>1</flag></object><object><points><x>0.30273</x><x>0.36523</x><y>0.44922</y><y>0.49609</y></points><label>3</label><labelname>window</labelname><flag>1</flag></object><object><points><x>0.30273</x><x>0.36621</x><y>0.55208</y><y>0.59896</y></points><label>3</label><labelname>window</labelname><flag>1</flag></object><object><points><x>0.30273</x><x>0.36621</x><y>0.65625</y><y>0.70312</y></points><label>3</label><labelname>window</labelname><flag>1</flag></object><object><points><x>0.30273</x><x>0.36523</x><y>0.75781</y><y>0.80469</y></points><label>3</label><labelname>window</labelname><flag>1</flag></object><object><points><x>0.30371</x><x>0.36621</x><y>0.86068</y><y>0.90885</y></points><label>3</label><labelname>window</labelname><flag>1</flag></object><object><points><x>0.45996</x><x>0.53711</x><y>0.097656</y><y>0.13411</y></points><label>3</label><labelname>window</labelname><flag>1</flag></object><object><points><x>0.58105</x><x>0.67676</x><y>0.10547</y><y>0.13672</y></points><label>3</label><labelname>window</labelname><flag>1</flag></object><object><points><x>0.52051</x><x>0.5791</x><y>0.25521</y><y>0.38411</y></points><label>5</label><labelname>cornice</labelname><flag>1</flag></object><object><points><x>0.54102</x><x>0.5918</x><y>0.42969</y><y>0.52734</y></points><label>5</label><labelname>cornice</labelname><flag>1</flag></object><object><points><x>0.54492</x><x>0.5957</x><y>0.53516</y><y>0.63281</y></points><label>5</label><labelname>cornice</labelname><flag>1</flag></object><object><points><x>0.54395</x><x>0.59473</x><y>0.63802</y><y>0.73438</y></points><label>5</label><labelname>cornice</labelname><flag>1</flag></object><object><points><x>0.54492</x><x>0.5957</x><y>0.73698</y><y>0.83464</y></points><label>5</label><labelname>cornice</labelname><flag>1</flag></object><object><points><x>0.19238</x><x>0.24414</x><y>0.24479</y><y>0.38542</y></points><label>5</label><labelname>cornice</labelname><flag>1</flag></object>