<object><points><x>0.004386</x><x>1</x><y>0.19593</y><y>0.96858</y></points><label>2</label><labelname>facade</labelname><flag>1</flag></object><object><points><x>0.096491</x><x>0.1886</x><y>0.57116</y><y>0.62107</y></points><label>3</label><labelname>window</labelname><flag>1</flag></object><object><points><x>0.14254</x><x>0.19298</x><y>0.81331</y><y>0.84658</y></points><label>3</label><labelname>window</labelname><flag>1</flag></object><object><points><x>0.13816</x><x>0.19079</x><y>0.37523</y><y>0.4085</y></points><label>3</label><labelname>window</labelname><flag>1</flag></object><object><points><x>0.29605</x><x>0.4057</x><y>0.36044</y><y>0.41959</y></points><label>3</label><labelname>window</labelname><flag>1</flag></object><object><points><x>0.28509</x><x>0.39693</x><y>0.57301</y><y>0.62107</y></points><label>3</label><labelname>window</labelname><flag>1</flag></object><object><points><x>0.29605</x><x>0.40132</x><y>0.80222</y><y>0.85952</y></points><label>3</label><labelname>window</labelname><flag>1</flag></object><object><points><x>0.29386</x><x>0.41228</x><y>0.22366</y><y>0.24769</y></points><label>3</label><labelname>window</labelname><flag>1</flag></object><object><points><x>0.48246</x><x>0.59868</x><y>0.21811</y><y>0.24584</y></points><label>3</label><labelname>window</labelname><flag>1</flag></object><object><points><x>0.47588</x><x>0.58772</x><y>0.57301</y><y>0.62292</y></points><label>3</label><labelname>window</labelname><flag>1</flag></object><object><points><x>0.48246</x><x>0.59211</x><y>0.36414</y><y>0.42329</y></points><label>3</label><labelname>window</labelname><flag>1</flag></object><object><points><x>0.67982</x><x>0.79167</x><y>0.36969</y><y>0.42514</y></points><label>3</label><labelname>window</labelname><flag>1</flag></object><object><points><x>0.67763</x><x>0.78947</x><y>0.52311</y><y>0.57856</y></points><label>3</label><labelname>window</labelname><flag>1</flag></object><object><points><x>0.67325</x><x>0.78509</x><y>0.62292</y><y>0.67837</y></points><label>3</label><labelname>window</labelname><flag>1</flag></object><object><points><x>0.69956</x><x>0.79825</x><y>0.26987</y><y>0.2939</y></points><label>3</label><labelname>window</labelname><flag>1</flag></object><object><points><x>0.48465</x><x>0.60307</x><y>0.80037</y><y>0.85952</y></points><label>3</label><labelname>window</labelname><flag>1</flag></object><object><points><x>0.67763</x><x>0.8136</x><y>0.80407</y><y>0.86137</y></points><label>3</label><labelname>window</labelname><flag>1</flag></object><object><points><x>0.28289</x><x>0.39912</x><y>0.63031</y><y>0.65619</y></points><label>3</label><labelname>window</labelname><flag>1</flag></object><object><points><x>0.28289</x><x>0.39693</x><y>0.53789</y><y>0.56192</y></points><label>3</label><labelname>window</labelname><flag>1</flag></object><object><points><x>0.47368</x><x>0.58772</x><y>0.63586</y><y>0.65989</y></points><label>3</label><labelname>window</labelname><flag>1</flag></object><object><points><x>0.47588</x><x>0.58991</x><y>0.53789</y><y>0.56007</y></points><label>3</label><labelname>window</labelname><flag>1</flag></object><object><points><x>0.28947</x><x>0.41009</x><y>0.26987</y><y>0.28835</y></points><label>3</label><labelname>window</labelname><flag>1</flag></object><object><points><x>0.47807</x><x>0.59868</x><y>0.27357</y><y>0.2902</y></points><label>3</label><labelname>window</labelname><flag>1</flag></object><object><points><x>0.063596</x><x>0.15351</x><y>0.21996</y><y>0.24584</y></points><label>3</label><labelname>window</labelname><flag>1</flag></object><object><points><x>0.070175</x><x>0.16447</x><y>0.27172</y><y>0.31423</y></points><label>3</label><labelname>window</labelname><flag>1</flag></object><object><points><x>0.072368</x><x>0.092105</x><y>0.71904</y><y>0.74122</y></points><label>3</label><labelname>window</labelname><flag>1</flag></object><object><points><x>0.070175</x><x>0.089912</x><y>0.44547</y><y>0.46765</y></points><label>3</label><labelname>window</labelname><flag>1</flag></object><object><points><x>0.26535</x><x>0.28947</x><y>0.33641</y><y>0.43808</y></points><label>5</label><labelname>cornice</labelname><flag>1</flag></object><object><points><x>0.41447</x><x>0.47149</x><y>0.33641</y><y>0.43993</y></points><label>5</label><labelname>cornice</labelname><flag>1</flag></object><object><points><x>0.41009</x><x>0.46272</x><y>0.54344</y><y>0.6451</y></points><label>5</label><labelname>cornice</labelname><flag>1</flag></object><object><points><x>0.2193</x><x>0.27193</x><y>0.54529</y><y>0.6451</y></points><label>5</label><labelname>cornice</labelname><flag>1</flag></object><object><points><x>0.10088</x><x>0.13158</x><y>0.3586</y><y>0.42329</y></points><label>5</label><labelname>cornice</labelname><flag>1</flag></object><object><points><x>0.10307</x><x>0.13377</x><y>0.79852</y><y>0.86322</y></points><label>5</label><labelname>cornice</labelname><flag>1</flag></object><object><points><x>0.25658</x><x>0.30482</x><y>0.20702</y><y>0.25139</y></points><label>5</label><labelname>cornice</labelname><flag>1</flag></object><object><points><x>0.44956</x><x>0.49123</x><y>0.20333</y><y>0.24769</y></points><label>5</label><labelname>cornice</labelname><flag>1</flag></object><object><points><x>0.40351</x><x>0.42105</x><y>0.34196</y><y>0.43808</y></points><label>6</label><labelname>sill</labelname><flag>1</flag></object><object><points><x>0.58991</x><x>0.60746</x><y>0.34381</y><y>0.43993</y></points><label>6</label><labelname>sill</labelname><flag>1</flag></object><object><points><x>0.58333</x><x>0.63596</x><y>0.55453</y><y>0.6414</y></points><label>6</label><labelname>sill</labelname><flag>1</flag></object><object><points><x>0.39474</x><x>0.4364</x><y>0.51941</y><y>0.67652</y></points><label>6</label><labelname>sill</labelname><flag>1</flag></object><object><points><x>0.78509</x><x>0.79825</x><y>0.51201</y><y>0.5841</y></points><label>6</label><labelname>sill</labelname><flag>1</flag></object><object><points><x>0.78289</x><x>0.79605</x><y>0.61183</y><y>0.68392</y></points><label>6</label><labelname>sill</labelname><flag>1</flag></object><object><points><x>0.79167</x><x>0.80044</x><y>0.3586</y><y>0.43253</y></points><label>6</label><labelname>sill</labelname><flag>1</flag></object><object><points><x>0.79386</x><x>0.80921</x><y>0.24954</y><y>0.2976</y></points><label>6</label><labelname>sill</labelname><flag>1</flag></object><object><points><x>0.33772</x><x>0.4057</x><y>0.7061</y><y>0.95009</y></points><label>7</label><labelname>balcony</labelname><flag>1</flag></object><object><points><x>0.54167</x><x>0.61184</x><y>0.7098</y><y>0.95379</y></points><label>7</label><labelname>balcony</labelname><flag>1</flag></object><object><points><x>0.74781</x><x>0.81798</x><y>0.7098</y><y>0.95379</y></points><label>7</label><labelname>balcony</labelname><flag>1</flag></object><object><points><x>0.14035</x><x>0.20833</x><y>0.20702</y><y>0.24769</y></points><label>7</label><labelname>balcony</labelname><flag>1</flag></object><object><points><x>0.48465</x><x>0.58114</x><y>0.36784</y><y>0.42144</y></points><label>8</label><labelname>blind</labelname><flag>1</flag></object><object><points><x>0.47807</x><x>0.58772</x><y>0.53974</y><y>0.55823</y></points><label>8</label><labelname>blind</labelname><flag>1</flag></object><object><points><x>0.47807</x><x>0.58772</x><y>0.57671</y><y>0.62292</y></points><label>8</label><labelname>blind</labelname><flag>1</flag></object><object><points><x>0.47588</x><x>0.49123</x><y>0.63586</y><y>0.65804</y></points><label>8</label><labelname>blind</labelname><flag>1</flag></object><object><points><x>0.28509</x><x>0.30263</x><y>0.63216</y><y>0.65619</y></points><label>8</label><labelname>blind</labelname><flag>1</flag></object><object><points><x>0.28728</x><x>0.30263</x><y>0.57301</y><y>0.61922</y></points><label>8</label><labelname>blind</labelname><flag>1</flag></object><object><points><x>0.28509</x><x>0.30263</x><y>0.53789</y><y>0.56192</y></points><label>8</label><labelname>blind</labelname><flag>1</flag></object><object><points><x>0.29605</x><x>0.3114</x><y>0.36229</y><y>0.41774</y></points><label>8</label><labelname>blind</labelname><flag>1</flag></object><object><points><x>0.48684</x><x>0.60307</x><y>0.80407</y><y>0.85767</y></points><label>8</label><labelname>blind</labelname><flag>1</flag></object><object><points><x>0.67982</x><x>0.7193</x><y>0.80591</y><y>0.85952</y></points><label>8</label><labelname>blind</labelname><flag>1</flag></object><object><points><x>0.67544</x><x>0.77412</x><y>0.62477</y><y>0.67468</y></points><label>8</label><labelname>blind</labelname><flag>1</flag></object><object><points><x>0.67763</x><x>0.77632</x><y>0.5268</y><y>0.57671</y></points><label>8</label><labelname>blind</labelname><flag>1</flag></object><object><points><x>0.68202</x><x>0.72368</x><y>0.37153</y><y>0.42144</y></points><label>8</label><labelname>blind</labelname><flag>1</flag></object><object><points><x>0.69956</x><x>0.73684</x><y>0.27172</y><y>0.29205</y></points><label>8</label><labelname>blind</labelname><flag>1</flag></object><object><points><x>0.48465</x><x>0.50658</x><y>0.21996</y><y>0.24399</y></points><label>8</label><labelname>blind</labelname><flag>1</flag></object><object><points><x>0.48026</x><x>0.5</x><y>0.27542</y><y>0.2902</y></points><label>8</label><labelname>blind</labelname><flag>1</flag></object><object><points><x>0.29605</x><x>0.32456</x><y>0.22551</y><y>0.24584</y></points><label>8</label><labelname>blind</labelname><flag>1</flag></object><object><points><x>0.29167</x><x>0.31798</x><y>0.27172</y><y>0.28651</y></points><label>8</label><labelname>blind</labelname><flag>1</flag></object><object><points><x>0.29825</x><x>0.3136</x><y>0.80591</y><y>0.85767</y></points><label>8</label><labelname>blind</labelname><flag>1</flag></object><object><points><x>0.62061</x><x>0.66667</x><y>0.19963</y><y>0.73383</y></points><label>10</label><labelname>molding</labelname><flag>1</flag></object><object><points><x>0.84211</x><x>0.88596</x><y>0.20333</y><y>0.73752</y></points><label>10</label><labelname>molding</labelname><flag>1</flag></object><object><points><x>0.19298</x><x>0.28947</x><y>0.19963</y><y>0.71534</y></points><label>10</label><labelname>molding</labelname><flag>1</flag></object><object><points><x>0.22149</x><x>0.33772</x><y>0.8854</y><y>0.89094</y></points><label>11</label><labelname>pillar</labelname><flag>1</flag></object><object><points><x>0.2193</x><x>0.33553</x><y>0.9427</y><y>0.94824</y></points><label>11</label><labelname>pillar</labelname><flag>1</flag></object><object><points><x>0.2193</x><x>0.33553</x><y>0.76895</y><y>0.77449</y></points><label>11</label><labelname>pillar</labelname><flag>1</flag></object><object><points><x>0.2193</x><x>0.33553</x><y>0.71349</y><y>0.71904</y></points><label>11</label><labelname>pillar</labelname><flag>1</flag></object><object><points><x>0.42325</x><x>0.54167</x><y>0.76895</y><y>0.77634</y></points><label>11</label><labelname>pillar</labelname><flag>1</flag></object><object><points><x>0.42544</x><x>0.54167</x><y>0.88725</y><y>0.89279</y></points><label>11</label><labelname>pillar</labelname><flag>1</flag></object><object><points><x>0.42325</x><x>0.54167</x><y>0.9427</y><y>0.95009</y></points><label>11</label><labelname>pillar</labelname><flag>1</flag></object><object><points><x>0.42105</x><x>0.53947</x><y>0.71165</y><y>0.71904</y></points><label>11</label><labelname>pillar</labelname><flag>1</flag></object><object><points><x>0.625</x><x>0.74781</x><y>0.76895</y><y>0.77634</y></points><label>11</label><labelname>pillar</labelname><flag>1</flag></object><object><points><x>0.625</x><x>0.74781</x><y>0.71165</y><y>0.71904</y></points><label>11</label><labelname>pillar</labelname><flag>1</flag></object><object><points><x>0.625</x><x>0.74781</x><y>0.88725</y><y>0.89279</y></points><label>11</label><labelname>pillar</labelname><flag>1</flag></object><object><points><x>0.625</x><x>0.74781</x><y>0.9427</y><y>0.95009</y></points><label>11</label><labelname>pillar</labelname><flag>1</flag></object><object><points><x>0.48684</x><x>0.58991</x><y>0.66359</y><y>0.67652</y></points><label>11</label><labelname>pillar</labelname><flag>1</flag></object><object><points><x>0.48684</x><x>0.58991</x><y>0.51941</y><y>0.5342</y></points><label>11</label><labelname>pillar</labelname><flag>1</flag></object><object><points><x>0.5943</x><x>0.63816</x><y>0.51571</y><y>0.53974</y></points><label>11</label><labelname>pillar</labelname><flag>1</flag></object><object><points><x>0.58991</x><x>0.63377</x><y>0.66174</y><y>0.68392</y></points><label>11</label><labelname>pillar</labelname><flag>1</flag></object><object><points><x>0.47368</x><x>0.48684</x><y>0.51756</y><y>0.5342</y></points><label>11</label><labelname>pillar</labelname><flag>1</flag></object><object><points><x>0.47588</x><x>0.48684</x><y>0.66359</y><y>0.67837</y></points><label>11</label><labelname>pillar</labelname><flag>1</flag></object><object><points><x>0.47588</x><x>0.49342</x><y>0.62292</y><y>0.63401</y></points><label>11</label><labelname>pillar</labelname><flag>1</flag></object><object><points><x>0.47588</x><x>0.49342</x><y>0.56007</y><y>0.57116</y></points><label>11</label><labelname>pillar</labelname><flag>1</flag></object><object><points><x>0.49342</x><x>0.58772</x><y>0.56007</y><y>0.56932</y></points><label>11</label><labelname>pillar</labelname><flag>1</flag></object><object><points><x>0.49342</x><x>0.58553</x><y>0.62477</y><y>0.63216</y></points><label>11</label><labelname>pillar</labelname><flag>1</flag></object><object><points><x>0.27412</x><x>0.39912</x><y>0.24769</y><y>0.26617</y></points><label>11</label><labelname>pillar</labelname><flag>1</flag></object><object><points><x>0.29825</x><x>0.42325</x><y>0.19778</y><y>0.20887</y></points><label>11</label><labelname>pillar</labelname><flag>1</flag></object><object><points><x>0.39912</x><x>0.4386</x><y>0.24769</y><y>0.26802</y></points><label>11</label><labelname>pillar</labelname><flag>1</flag></object><object><points><x>0.42325</x><x>0.45175</x><y>0.19593</y><y>0.20887</y></points><label>11</label><labelname>pillar</labelname><flag>1</flag></object><object><points><x>0.26316</x><x>0.27412</x><y>0.24769</y><y>0.26802</y></points><label>11</label><labelname>pillar</labelname><flag>1</flag></object><object><points><x>0.28289</x><x>0.29605</x><y>0.19778</y><y>0.21442</y></points><label>11</label><labelname>pillar</labelname><flag>1</flag></object><object><points><x>0.82895</x><x>0.86184</x><y>0.20333</y><y>0.2902</y></points><label>12</label><labelname>shop</labelname><flag>1</flag></object><object><points><x>0.88596</x><x>0.91667</x><y>0.51386</y><y>0.68392</y></points><label>12</label><labelname>shop</labelname><flag>1</flag></object><object><points><x>0.91886</x><x>0.99781</x><y>0.68207</y><y>0.72274</y></points><label>12</label><labelname>shop</labelname><flag>1</flag></object><object><points><x>0.92105</x><x>1</x><y>0.5342</y><y>0.66728</y></points><label>12</label><labelname>shop</labelname><flag>1</flag></object><object><points><x>0.92105</x><x>0.99781</x><y>0.47505</y><y>0.51386</y></points><label>12</label><labelname>shop</labelname><flag>1</flag></object><object><points><x>0.89912</x><x>0.99781</x><y>0.3586</y><y>0.44362</y></points><label>12</label><labelname>shop</labelname><flag>1</flag></object><object><points><x>0.91886</x><x>0.99781</x><y>0.31238</y><y>0.34935</y></points><label>12</label><labelname>shop</labelname><flag>1</flag></object><object><points><x>0.90132</x><x>1</x><y>0.24584</y><y>0.2902</y></points><label>12</label><labelname>shop</labelname><flag>1</flag></object><object><points><x>0.89474</x><x>0.99781</x><y>0.77079</y><y>0.90203</y></points><label>12</label><labelname>shop</labelname><flag>1</flag></object><object><points><x>0.91886</x><x>0.99781</x><y>0.91312</y><y>0.95194</y></points><label>12</label><labelname>shop</labelname><flag>1</flag></object>