<object><points><x>0.57823</x><x>0.65079</x><y>0.72691</y><y>0.74498</y></points><label>3</label><labelname>window</labelname><flag>1</flag></object><object><points><x>0.57823</x><x>0.65079</x><y>0.77912</y><y>0.7992</y></points><label>3</label><labelname>window</labelname><flag>1</flag></object><object><points><x>0.5805</x><x>0.65079</x><y>0.83133</y><y>0.85141</y></points><label>3</label><labelname>window</labelname><flag>1</flag></object><object><points><x>0.5805</x><x>0.65306</x><y>0.88353</y><y>0.90361</y></points><label>3</label><labelname>window</labelname><flag>1</flag></object><object><points><x>0.5805</x><x>0.65306</x><y>0.93373</y><y>0.95382</y></points><label>3</label><labelname>window</labelname><flag>1</flag></object><object><points><x>0.57823</x><x>0.65079</x><y>0.45984</y><y>0.47791</y></points><label>3</label><labelname>window</labelname><flag>1</flag></object><object><points><x>0.58503</x><x>0.65079</x><y>0.40964</y><y>0.4257</y></points><label>3</label><labelname>window</labelname><flag>1</flag></object><object><points><x>0.58277</x><x>0.64853</x><y>0.35542</y><y>0.37349</y></points><label>3</label><labelname>window</labelname><flag>1</flag></object><object><points><x>0.73469</x><x>0.79365</x><y>0.3494</y><y>0.36747</y></points><label>3</label><labelname>window</labelname><flag>1</flag></object><object><points><x>0.73923</x><x>0.79819</x><y>0.46386</y><y>0.48193</y></points><label>3</label><labelname>window</labelname><flag>1</flag></object><object><points><x>0.73243</x><x>0.79819</x><y>0.75301</y><y>0.77108</y></points><label>3</label><labelname>window</labelname><flag>1</flag></object><object><points><x>0.73696</x><x>0.79819</x><y>0.69679</y><y>0.71486</y></points><label>3</label><labelname>window</labelname><flag>1</flag></object><object><points><x>0.73243</x><x>0.79592</x><y>0.80924</y><y>0.82731</y></points><label>3</label><labelname>window</labelname><flag>1</flag></object><object><points><x>0.71882</x><x>0.78458</x><y>0.046185</y><y>0.074297</y></points><label>3</label><labelname>window</labelname><flag>1</flag></object><object><points><x>0.50794</x><x>0.58503</x><y>0.11044</y><y>0.12048</y></points><label>3</label><labelname>window</labelname><flag>1</flag></object><object><points><x>0.50567</x><x>0.58277</x><y>0.17068</y><y>0.18072</y></points><label>3</label><labelname>window</labelname><flag>1</flag></object><object><points><x>0.53061</x><x>0.60317</x><y>0.24297</y><y>0.25301</y></points><label>3</label><labelname>window</labelname><flag>1</flag></object><object><points><x>0.57143</x><x>0.63719</x><y>0.30723</y><y>0.31325</y></points><label>3</label><labelname>window</labelname><flag>1</flag></object><object><points><x>0.7483</x><x>0.81406</x><y>0.56426</y><y>0.60643</y></points><label>4</label><labelname>door</labelname><flag>1</flag></object><object><points><x>0.7483</x><x>0.81406</x><y>0.62048</y><y>0.66064</y></points><label>4</label><labelname>door</labelname><flag>1</flag></object><object><points><x>0.53968</x><x>0.61451</x><y>0.51807</y><y>0.64257</y></points><label>9</label><labelname>deco</labelname><flag>1</flag></object><object><points><x>0.67347</x><x>0.73469</x><y>0.038153</y><y>0.96988</y></points><label>10</label><labelname>molding</labelname><flag>1</flag></object><object><points><x>0.52154</x><x>0.56236</x><y>0.33133</y><y>0.96787</y></points><label>10</label><labelname>molding</labelname><flag>1</flag></object><object><points><x>0.34467</x><x>0.40816</x><y>0.13052</y><y>0.14056</y></points><label>11</label><labelname>pillar</labelname><flag>1</flag></object><object><points><x>0.34467</x><x>0.40816</x><y>0.15863</y><y>0.16867</y></points><label>11</label><labelname>pillar</labelname><flag>1</flag></object><object><points><x>0.036281</x><x>0.099773</x><y>0.13454</y><y>0.14458</y></points><label>11</label><labelname>pillar</labelname><flag>1</flag></object><object><points><x>0.038549</x><x>0.10431</x><y>0.16466</y><y>0.1747</y></points><label>11</label><labelname>pillar</labelname><flag>1</flag></object><object><points><x>0.19274</x><x>0.25624</x><y>0.13454</y><y>0.14458</y></points><label>11</label><labelname>pillar</labelname><flag>1</flag></object><object><points><x>0.19274</x><x>0.2585</x><y>0.15863</y><y>0.17068</y></points><label>11</label><labelname>pillar</labelname><flag>1</flag></object><object><points><x>0.38776</x><x>0.43991</x><y>0.25904</y><y>0.27108</y></points><label>11</label><labelname>pillar</labelname><flag>1</flag></object><object><points><x>0.41497</x><x>0.46939</x><y>0.29317</y><y>0.30522</y></points><label>11</label><labelname>pillar</labelname><flag>1</flag></object><object><points><x>0.27891</x><x>0.33107</x><y>0.29317</y><y>0.30522</y></points><label>11</label><labelname>pillar</labelname><flag>1</flag></object><object><points><x>0.24943</x><x>0.30385</x><y>0.26104</y><y>0.27309</y></points><label>11</label><labelname>pillar</labelname><flag>1</flag></object><object><points><x>0.14059</x><x>0.19501</x><y>0.29719</y><y>0.30924</y></points><label>11</label><labelname>pillar</labelname><flag>1</flag></object><object><points><x>0.10204</x><x>0.15646</x><y>0.26506</y><y>0.2751</y></points><label>11</label><labelname>pillar</labelname><flag>1</flag></object><object><points><x>0.48526</x><x>0.90249</x><y>0.012048</y><y>0.99197</y></points><label>2</label><labelname>facade</labelname><flag>1</flag></object>