<object><points><x>0.11523</x><x>0.17676</x><y>0.33724</y><y>0.49089</y></points><label>5</label><labelname>cornice</labelname><flag>1</flag></object><object><points><x>0.18652</x><x>0.38086</x><y>0.35807</y><y>0.47917</y></points><label>3</label><labelname>window</labelname><flag>1</flag></object><object><points><x>0.18457</x><x>0.37988</x><y>0.57812</y><y>0.69792</y></points><label>3</label><labelname>window</labelname><flag>1</flag></object><object><points><x>0.11523</x><x>0.17969</x><y>0.5612</y><y>0.71354</y></points><label>5</label><labelname>cornice</labelname><flag>1</flag></object><object><points><x>0.46875</x><x>0.60645</x><y>0.59115</y><y>0.6888</y></points><label>3</label><labelname>window</labelname><flag>1</flag></object><object><points><x>0.69336</x><x>0.85742</x><y>0.59115</y><y>0.6901</y></points><label>3</label><labelname>window</labelname><flag>1</flag></object><object><points><x>0.90332</x><x>0.9873</x><y>0.58984</y><y>0.63281</y></points><label>3</label><labelname>window</labelname><flag>1</flag></object><object><points><x>0.90332</x><x>0.9873</x><y>0.64844</y><y>0.69271</y></points><label>3</label><labelname>window</labelname><flag>1</flag></object><object><points><x>0.68555</x><x>0.74023</x><y>0.36719</y><y>0.46745</y></points><label>3</label><labelname>window</labelname><flag>1</flag></object><object><points><x>0.81543</x><x>0.99414</x><y>0.35156</y><y>0.48047</y></points><label>4</label><labelname>door</labelname><flag>1</flag></object><object><points><x>0.4707</x><x>0.60742</x><y>0.3737</y><y>0.46745</y></points><label>3</label><labelname>window</labelname><flag>1</flag></object><object><points><x>0.0058594</x><x>0.99609</x><y>0.0078125</y><y>0.98568</y></points><label>2</label><labelname>facade</labelname><flag>1</flag></object><object><points><x>0.11426</x><x>0.17773</x><y>0.11328</y><y>0.28255</y></points><label>5</label><labelname>cornice</labelname><flag>1</flag></object><object><points><x>0.15625</x><x>0.22559</x><y>0.79948</y><y>0.9349</y></points><label>5</label><labelname>cornice</labelname><flag>1</flag></object><object><points><x>0.37207</x><x>0.46387</x><y>0.8151</y><y>0.92057</y></points><label>6</label><labelname>sill</labelname><flag>1</flag></object><object><points><x>0.37695</x><x>0.4668</x><y>0.57161</y><y>0.69922</y></points><label>6</label><labelname>sill</labelname><flag>1</flag></object><object><points><x>0.37988</x><x>0.46973</x><y>0.35938</y><y>0.48698</y></points><label>6</label><labelname>sill</labelname><flag>1</flag></object><object><points><x>0.37988</x><x>0.4707</x><y>0.13672</y><y>0.26432</y></points><label>6</label><labelname>sill</labelname><flag>1</flag></object><object><points><x>0.60352</x><x>0.62695</x><y>0.14714</y><y>0.2513</y></points><label>6</label><labelname>sill</labelname><flag>1</flag></object><object><points><x>0.60547</x><x>0.62695</x><y>0.36849</y><y>0.47005</y></points><label>6</label><labelname>sill</labelname><flag>1</flag></object><object><points><x>0.59961</x><x>0.62109</x><y>0.8138</y><y>0.91536</y></points><label>6</label><labelname>sill</labelname><flag>1</flag></object><object><points><x>0.60449</x><x>0.62598</x><y>0.58854</y><y>0.6901</y></points><label>6</label><labelname>sill</labelname><flag>1</flag></object><object><points><x>0.46387</x><x>0.60156</x><y>0.82292</y><y>0.91276</y></points><label>3</label><labelname>window</labelname><flag>1</flag></object><object><points><x>0.2334</x><x>0.37109</x><y>0.82292</y><y>0.91276</y></points><label>3</label><labelname>window</labelname><flag>1</flag></object><object><points><x>0.4707</x><x>0.6084</x><y>0.15755</y><y>0.2513</y></points><label>3</label><labelname>window</labelname><flag>1</flag></object><object><points><x>0.1875</x><x>0.38184</x><y>0.14062</y><y>0.25781</y></points><label>3</label><labelname>window</labelname><flag>1</flag></object><object><points><x>0.68945</x><x>0.85449</x><y>0.14453</y><y>0.2474</y></points><label>3</label><labelname>window</labelname><flag>1</flag></object><object><points><x>0.69238</x><x>0.83789</x><y>0.82552</y><y>0.92969</y></points><label>3</label><labelname>window</labelname><flag>1</flag></object><object><points><x>0.55371</x><x>0.63672</x><y>0.5</y><y>0.55729</y></points><label>9</label><labelname>deco</labelname><flag>1</flag></object><object><points><x>0.55371</x><x>0.63672</x><y>0.26953</y><y>0.32682</y></points><label>9</label><labelname>deco</labelname><flag>1</flag></object><object><points><x>0.64746</x><x>0.73535</x><y>0.34505</y><y>0.48828</y></points><label>9</label><labelname>deco</labelname><flag>1</flag></object><object><points><x>0.71973</x><x>0.8125</x><y>0.48958</y><y>0.55859</y></points><label>9</label><labelname>deco</labelname><flag>1</flag></object><object><points><x>0.7168</x><x>0.80859</x><y>0.25651</y><y>0.32552</y></points><label>9</label><labelname>deco</labelname><flag>1</flag></object><object><points><x>0.74512</x><x>0.78418</x><y>0.39062</y><y>0.43099</y></points><label>9</label><labelname>deco</labelname><flag>1</flag></object><object><points><x>0.89551</x><x>0.9209</x><y>0.50391</y><y>0.54557</y></points><label>9</label><labelname>deco</labelname><flag>1</flag></object><object><points><x>0.011719</x><x>0.10645</x><y>0.054688</y><y>0.77734</y></points><label>10</label><labelname>molding</labelname><flag>1</flag></object><object><points><x>0.057617</x><x>0.098633</x><y>0.1224</y><y>0.14453</y></points><label>9</label><labelname>deco</labelname><flag>1</flag></object><object><points><x>0.055664</x><x>0.098633</x><y>0.17839</y><y>0.20312</y></points><label>9</label><labelname>deco</labelname><flag>1</flag></object><object><points><x>0.055664</x><x>0.098633</x><y>0.23438</y><y>0.25651</y></points><label>9</label><labelname>deco</labelname><flag>1</flag></object><object><points><x>0.055664</x><x>0.098633</x><y>0.29167</y><y>0.3125</y></points><label>9</label><labelname>deco</labelname><flag>1</flag></object><object><points><x>0.054688</x><x>0.097656</x><y>0.34766</y><y>0.36849</y></points><label>9</label><labelname>deco</labelname><flag>1</flag></object><object><points><x>0.053711</x><x>0.09668</x><y>0.40365</y><y>0.42448</y></points><label>9</label><labelname>deco</labelname><flag>1</flag></object><object><points><x>0.055664</x><x>0.098633</x><y>0.45833</y><y>0.48047</y></points><label>9</label><labelname>deco</labelname><flag>1</flag></object><object><points><x>0.053711</x><x>0.09668</x><y>0.51693</y><y>0.53906</y></points><label>9</label><labelname>deco</labelname><flag>1</flag></object><object><points><x>0.053711</x><x>0.09668</x><y>0.57161</y><y>0.59375</y></points><label>9</label><labelname>deco</labelname><flag>1</flag></object><object><points><x>0.052734</x><x>0.095703</x><y>0.6862</y><y>0.70703</y></points><label>9</label><labelname>deco</labelname><flag>1</flag></object><object><points><x>0.053711</x><x>0.09668</x><y>0.63021</y><y>0.65104</y></points><label>9</label><labelname>deco</labelname><flag>1</flag></object><object><points><x>0.90625</x><x>0.9873</x><y>0.82682</y><y>0.86328</y></points><label>3</label><labelname>window</labelname><flag>1</flag></object>