<object><points><x>0.032457</x><x>0.99691</x><y>0.056</y><y>0.93333</y></points><label>2</label><labelname>facade</labelname><flag>1</flag></object><object><points><x>0.20556</x><x>0.28903</x><y>0.40533</y><y>0.464</y></points><label>3</label><labelname>window</labelname><flag>1</flag></object><object><points><x>0.20556</x><x>0.28748</x><y>0.53067</y><y>0.58933</y></points><label>3</label><labelname>window</labelname><flag>1</flag></object><object><points><x>0.37867</x><x>0.4915</x><y>0.37867</y><y>0.48</y></points><label>3</label><labelname>window</labelname><flag>1</flag></object><object><points><x>0.38022</x><x>0.49304</x><y>0.50667</y><y>0.608</y></points><label>3</label><labelname>window</labelname><flag>1</flag></object><object><points><x>0.38176</x><x>0.49459</x><y>0.704</y><y>0.80533</y></points><label>3</label><labelname>window</labelname><flag>1</flag></object><object><points><x>0.38331</x><x>0.49614</x><y>0.18667</y><y>0.288</y></points><label>3</label><labelname>window</labelname><flag>1</flag></object><object><points><x>0.59505</x><x>0.70634</x><y>0.70667</y><y>0.808</y></points><label>3</label><labelname>window</labelname><flag>1</flag></object><object><points><x>0.5966</x><x>0.70788</x><y>0.51733</y><y>0.59733</y></points><label>3</label><labelname>window</labelname><flag>1</flag></object><object><points><x>0.59505</x><x>0.70788</x><y>0.392</y><y>0.48533</y></points><label>3</label><labelname>window</labelname><flag>1</flag></object><object><points><x>0.59505</x><x>0.70788</x><y>0.176</y><y>0.28</y></points><label>3</label><labelname>window</labelname><flag>1</flag></object><object><points><x>0.82071</x><x>0.93663</x><y>0.784</y><y>0.84</y></points><label>3</label><labelname>window</labelname><flag>1</flag></object><object><points><x>0.82226</x><x>0.94281</x><y>0.077333</y><y>0.19467</y></points><label>3</label><labelname>window</labelname><flag>1</flag></object><object><points><x>0.81762</x><x>0.93818</x><y>0.55467</y><y>0.672</y></points><label>3</label><labelname>window</labelname><flag>1</flag></object><object><points><x>0.83617</x><x>0.97836</x><y>0.296</y><y>0.44267</y></points><label>4</label><labelname>door</labelname><flag>1</flag></object><object><points><x>0.55178</x><x>0.58423</x><y>0.15733</y><y>0.30933</y></points><label>5</label><labelname>cornice</labelname><flag>1</flag></object><object><points><x>0.55023</x><x>0.58578</x><y>0.67467</y><y>0.83467</y></points><label>5</label><labelname>cornice</labelname><flag>1</flag></object><object><points><x>0.48223</x><x>0.60278</x><y>0.30133</y><y>0.65067</y></points><label>7</label><labelname>balcony</labelname><flag>1</flag></object><object><points><x>0.040185</x><x>0.10819</x><y>0.44533</y><y>0.79467</y></points><label>7</label><labelname>balcony</labelname><flag>1</flag></object><object><points><x>0.38485</x><x>0.42349</x><y>0.38933</y><y>0.47467</y></points><label>8</label><labelname>blind</labelname><flag>1</flag></object><object><points><x>0.38485</x><x>0.4915</x><y>0.52</y><y>0.60267</y></points><label>8</label><labelname>blind</labelname><flag>1</flag></object><object><points><x>0.38485</x><x>0.48841</x><y>0.18933</y><y>0.28</y></points><label>8</label><labelname>blind</labelname><flag>1</flag></object><object><points><x>0.38485</x><x>0.49304</x><y>0.70933</y><y>0.8</y></points><label>8</label><labelname>blind</labelname><flag>1</flag></object><object><points><x>0.5966</x><x>0.70325</x><y>0.71467</y><y>0.80267</y></points><label>8</label><labelname>blind</labelname><flag>1</flag></object><object><points><x>0.59815</x><x>0.67079</x><y>0.52</y><y>0.592</y></points><label>8</label><labelname>blind</labelname><flag>1</flag></object><object><points><x>0.34621</x><x>0.37713</x><y>0.21067</y><y>0.25067</y></points><label>9</label><labelname>deco</labelname><flag>1</flag></object><object><points><x>0.34467</x><x>0.37713</x><y>0.40533</y><y>0.44533</y></points><label>9</label><labelname>deco</labelname><flag>1</flag></object><object><points><x>0.34621</x><x>0.37867</x><y>0.536</y><y>0.57067</y></points><label>9</label><labelname>deco</labelname><flag>1</flag></object><object><points><x>0.34776</x><x>0.37867</x><y>0.73333</y><y>0.768</y></points><label>9</label><labelname>deco</labelname><flag>1</flag></object><object><points><x>0.2983</x><x>0.34776</x><y>0.074667</y><y>0.92267</y></points><label>10</label><labelname>molding</labelname><flag>1</flag></object><object><points><x>0.49614</x><x>0.51005</x><y>0.066667</y><y>0.92267</y></points><label>10</label><labelname>molding</labelname><flag>1</flag></object><object><points><x>0.74034</x><x>0.77125</x><y>0.072</y><y>0.92</y></points><label>10</label><labelname>molding</labelname><flag>1</flag></object><object><points><x>0.20247</x><x>0.29366</x><y>0.30133</y><y>0.35733</y></points><label>9</label><labelname>deco</labelname><flag>1</flag></object><object><points><x>0.20556</x><x>0.29521</x><y>0.624</y><y>0.67733</y></points><label>9</label><labelname>deco</labelname><flag>1</flag></object><object><points><x>0.10355</x><x>0.16692</x><y>0.33867</y><y>0.64267</y></points><label>5</label><labelname>cornice</labelname><flag>1</flag></object><object><points><x>0.76662</x><x>0.80526</x><y>0.069333</y><y>0.736</y></points><label>12</label><labelname>shop</labelname><flag>1</flag></object><object><points><x>0.87481</x><x>0.93509</x><y>0.20267</y><y>0.25867</y></points><label>12</label><labelname>shop</labelname><flag>1</flag></object><object><points><x>0.87326</x><x>0.93354</x><y>0.48533</y><y>0.54133</y></points><label>12</label><labelname>shop</labelname><flag>1</flag></object>