<object><points><x>0.17682</x><x>0.9666</x><y>0.043624</y><y>0.91611</y></points><label>2</label><labelname>facade</labelname><flag>1</flag></object><object><points><x>0.31631</x><x>0.39293</x><y>0.16107</y><y>0.21477</y></points><label>3</label><labelname>window</labelname><flag>1</flag></object><object><points><x>0.31631</x><x>0.39489</x><y>0.22148</y><y>0.26846</y></points><label>3</label><labelname>window</labelname><flag>1</flag></object><object><points><x>0.31631</x><x>0.39293</x><y>0.27517</y><y>0.31879</y></points><label>3</label><labelname>window</labelname><flag>1</flag></object><object><points><x>0.31827</x><x>0.39489</x><y>0.6443</y><y>0.68792</y></points><label>3</label><labelname>window</labelname><flag>1</flag></object><object><points><x>0.31631</x><x>0.39293</x><y>0.69799</y><y>0.74161</y></points><label>3</label><labelname>window</labelname><flag>1</flag></object><object><points><x>0.31631</x><x>0.39489</x><y>0.75839</y><y>0.80201</y></points><label>3</label><labelname>window</labelname><flag>1</flag></object><object><points><x>0.44597</x><x>0.53045</x><y>0.75839</y><y>0.79866</y></points><label>3</label><labelname>window</labelname><flag>1</flag></object><object><points><x>0.44401</x><x>0.53045</x><y>0.69799</y><y>0.74161</y></points><label>3</label><labelname>window</labelname><flag>1</flag></object><object><points><x>0.44401</x><x>0.53045</x><y>0.6443</y><y>0.68456</y></points><label>3</label><labelname>window</labelname><flag>1</flag></object><object><points><x>0.44597</x><x>0.53045</x><y>0.28188</y><y>0.3255</y></points><label>3</label><labelname>window</labelname><flag>1</flag></object><object><points><x>0.44794</x><x>0.53242</x><y>0.22819</y><y>0.26846</y></points><label>3</label><labelname>window</labelname><flag>1</flag></object><object><points><x>0.44597</x><x>0.53045</x><y>0.17114</y><y>0.21477</y></points><label>3</label><labelname>window</labelname><flag>1</flag></object><object><points><x>0.59332</x><x>0.67387</x><y>0.74832</y><y>0.78859</y></points><label>3</label><labelname>window</labelname><flag>1</flag></object><object><points><x>0.59332</x><x>0.67583</x><y>0.69463</y><y>0.74161</y></points><label>3</label><labelname>window</labelname><flag>1</flag></object><object><points><x>0.59332</x><x>0.67387</x><y>0.63758</y><y>0.68121</y></points><label>3</label><labelname>window</labelname><flag>1</flag></object><object><points><x>0.59332</x><x>0.67387</x><y>0.27852</y><y>0.3255</y></points><label>3</label><labelname>window</labelname><flag>1</flag></object><object><points><x>0.59332</x><x>0.67583</x><y>0.22148</y><y>0.2651</y></points><label>3</label><labelname>window</labelname><flag>1</flag></object><object><points><x>0.59528</x><x>0.67583</x><y>0.16443</y><y>0.21141</y></points><label>3</label><labelname>window</labelname><flag>1</flag></object><object><points><x>0.59725</x><x>0.67191</x><y>0.48658</y><y>0.5302</y></points><label>3</label><labelname>window</labelname><flag>1</flag></object><object><points><x>0.59528</x><x>0.66798</x><y>0.42617</y><y>0.4698</y></points><label>3</label><labelname>window</labelname><flag>1</flag></object><object><points><x>0.21022</x><x>0.26523</x><y>0.75168</y><y>0.79866</y></points><label>3</label><labelname>window</labelname><flag>1</flag></object><object><points><x>0.21022</x><x>0.26523</x><y>0.69799</y><y>0.74161</y></points><label>3</label><labelname>window</labelname><flag>1</flag></object><object><points><x>0.21022</x><x>0.26523</x><y>0.64094</y><y>0.68792</y></points><label>3</label><labelname>window</labelname><flag>1</flag></object><object><points><x>0.21415</x><x>0.26523</x><y>0.48658</y><y>0.53356</y></points><label>3</label><labelname>window</labelname><flag>1</flag></object><object><points><x>0.21611</x><x>0.26719</x><y>0.42953</y><y>0.47651</y></points><label>3</label><labelname>window</labelname><flag>1</flag></object><object><points><x>0.21611</x><x>0.26719</x><y>0.27852</y><y>0.32215</y></points><label>3</label><labelname>window</labelname><flag>1</flag></object><object><points><x>0.21611</x><x>0.26719</x><y>0.22483</y><y>0.27181</y></points><label>3</label><labelname>window</labelname><flag>1</flag></object><object><points><x>0.21611</x><x>0.26719</x><y>0.16443</y><y>0.21141</y></points><label>3</label><labelname>window</labelname><flag>1</flag></object><object><points><x>0.31434</x><x>0.38507</x><y>0.40604</y><y>0.48658</y></points><label>3</label><labelname>window</labelname><flag>1</flag></object><object><points><x>0.43222</x><x>0.52259</x><y>0.4094</y><y>0.48658</y></points><label>3</label><labelname>window</labelname><flag>1</flag></object><object><points><x>0.43418</x><x>0.52652</x><y>0.48658</y><y>0.55369</y></points><label>3</label><labelname>window</labelname><flag>1</flag></object><object><points><x>0.31434</x><x>0.389</x><y>0.48993</y><y>0.54698</y></points><label>3</label><labelname>window</labelname><flag>1</flag></object><object><points><x>0.73084</x><x>0.79568</x><y>0.43289</y><y>0.5302</y></points><label>3</label><labelname>window</labelname><flag>1</flag></object><object><points><x>0.73084</x><x>0.79764</x><y>0.55034</y><y>0.84899</y></points><label>3</label><labelname>window</labelname><flag>1</flag></object><object><points><x>0.73084</x><x>0.79568</x><y>0.10738</y><y>0.40604</y></points><label>3</label><labelname>window</labelname><flag>1</flag></object><object><points><x>0.87623</x><x>0.96464</x><y>0.45638</y><y>0.51007</y></points><label>4</label><labelname>door</labelname><flag>1</flag></object><object><points><x>0.389</x><x>0.40668</x><y>0.13423</y><y>0.34564</y></points><label>6</label><labelname>sill</labelname><flag>1</flag></object><object><points><x>0.389</x><x>0.40668</x><y>0.60738</y><y>0.81544</y></points><label>6</label><labelname>sill</labelname><flag>1</flag></object><object><points><x>0.52259</x><x>0.54028</x><y>0.60738</y><y>0.81879</y></points><label>6</label><labelname>sill</labelname><flag>1</flag></object><object><points><x>0.52652</x><x>0.5442</x><y>0.1443</y><y>0.3557</y></points><label>6</label><labelname>sill</labelname><flag>1</flag></object><object><points><x>0.66994</x><x>0.68762</x><y>0.61745</y><y>0.82886</y></points><label>6</label><labelname>sill</labelname><flag>1</flag></object><object><points><x>0.67191</x><x>0.68959</x><y>0.13423</y><y>0.34564</y></points><label>6</label><labelname>sill</labelname><flag>1</flag></object><object><points><x>0.65029</x><x>0.69352</x><y>0.35906</y><y>0.56711</y></points><label>7</label><labelname>balcony</labelname><flag>1</flag></object><object><points><x>0.21611</x><x>0.23379</x><y>0.49329</y><y>0.52685</y></points><label>8</label><labelname>blind</labelname><flag>1</flag></object><object><points><x>0.21611</x><x>0.23379</x><y>0.43289</y><y>0.47315</y></points><label>8</label><labelname>blind</labelname><flag>1</flag></object><object><points><x>0.31631</x><x>0.33399</x><y>0.4094</y><y>0.47987</y></points><label>8</label><labelname>blind</labelname><flag>1</flag></object><object><points><x>0.43418</x><x>0.45972</x><y>0.41946</y><y>0.47987</y></points><label>8</label><labelname>blind</labelname><flag>1</flag></object><object><points><x>0.222</x><x>0.26719</x><y>0.15772</y><y>0.31879</y></points><label>9</label><labelname>deco</labelname><flag>1</flag></object><object><points><x>0.26523</x><x>0.27701</x><y>0.060403</y><y>0.91946</y></points><label>10</label><labelname>molding</labelname><flag>1</flag></object><object><points><x>0.68369</x><x>0.70727</x><y>0.053691</y><y>0.91611</y></points><label>10</label><labelname>molding</labelname><flag>1</flag></object><object><points><x>0.82122</x><x>0.8664</x><y>0.10403</y><y>0.84228</y></points><label>12</label><labelname>shop</labelname><flag>1</flag></object><object><points><x>0.88016</x><x>0.92731</x><y>0.85235</y><y>0.89262</y></points><label>12</label><labelname>shop</labelname><flag>1</flag></object><object><points><x>0.86837</x><x>0.94106</x><y>0.54698</y><y>0.84564</y></points><label>12</label><labelname>shop</labelname><flag>1</flag></object><object><points><x>0.8723</x><x>0.9391</x><y>0.10738</y><y>0.39933</y></points><label>12</label><labelname>shop</labelname><flag>1</flag></object><object><points><x>0.88016</x><x>0.92731</x><y>0.057047</y><y>0.09396</y></points><label>12</label><labelname>shop</labelname><flag>1</flag></object><object><points><x>0.053045</x><x>0.11002</x><y>0.42617</y><y>0.78188</y></points><label>7</label><labelname>balcony</labelname><flag>1</flag></object>