<object><points><x>0.2373</x><x>0.98047</x><y>0.17188</y><y>0.82031</y></points><label>2</label><labelname>facade</labelname><flag>1</flag></object><object><points><x>0.57617</x><x>0.63477</x><y>0.55729</y><y>0.59896</y></points><label>3</label><labelname>window</labelname><flag>1</flag></object><object><points><x>0.69727</x><x>0.75781</x><y>0.55599</y><y>0.59766</y></points><label>3</label><labelname>window</labelname><flag>1</flag></object><object><points><x>0.69629</x><x>0.75781</x><y>0.46615</y><y>0.50651</y></points><label>3</label><labelname>window</labelname><flag>1</flag></object><object><points><x>0.5752</x><x>0.63477</x><y>0.46484</y><y>0.50521</y></points><label>3</label><labelname>window</labelname><flag>1</flag></object><object><points><x>0.58496</x><x>0.64941</x><y>0.41146</y><y>0.42578</y></points><label>3</label><labelname>window</labelname><flag>1</flag></object><object><points><x>0.70312</x><x>0.79199</x><y>0.41276</y><y>0.42708</y></points><label>3</label><labelname>window</labelname><flag>1</flag></object><object><points><x>0.70996</x><x>0.7666</x><y>0.34766</y><y>0.38542</y></points><label>3</label><labelname>window</labelname><flag>1</flag></object><object><points><x>0.59766</x><x>0.65332</x><y>0.34635</y><y>0.38411</y></points><label>3</label><labelname>window</labelname><flag>1</flag></object><object><points><x>0.70898</x><x>0.76562</x><y>0.21745</y><y>0.27734</y></points><label>3</label><labelname>window</labelname><flag>1</flag></object><object><points><x>0.5957</x><x>0.65234</x><y>0.21615</y><y>0.27604</y></points><label>3</label><labelname>window</labelname><flag>1</flag></object><object><points><x>0.81934</x><x>0.87988</x><y>0.21745</y><y>0.27995</y></points><label>3</label><labelname>window</labelname><flag>1</flag></object><object><points><x>0.82129</x><x>0.87988</x><y>0.38021</y><y>0.4401</y></points><label>3</label><labelname>window</labelname><flag>1</flag></object><object><points><x>0.82129</x><x>0.87988</x><y>0.55339</y><y>0.61589</y></points><label>3</label><labelname>window</labelname><flag>1</flag></object><object><points><x>0.82129</x><x>0.88086</x><y>0.71875</y><y>0.77865</y></points><label>3</label><labelname>window</labelname><flag>1</flag></object><object><points><x>0.71094</x><x>0.76855</x><y>0.71615</y><y>0.77604</y></points><label>3</label><labelname>window</labelname><flag>1</flag></object><object><points><x>0.71094</x><x>0.76758</x><y>0.60807</y><y>0.64583</y></points><label>3</label><labelname>window</labelname><flag>1</flag></object><object><points><x>0.59961</x><x>0.65332</x><y>0.61068</y><y>0.64323</y></points><label>3</label><labelname>window</labelname><flag>1</flag></object><object><points><x>0.59863</x><x>0.65527</x><y>0.71224</y><y>0.77344</y></points><label>3</label><labelname>window</labelname><flag>1</flag></object><object><points><x>0.37305</x><x>0.42871</x><y>0.60547</y><y>0.64323</y></points><label>3</label><labelname>window</labelname><flag>1</flag></object><object><points><x>0.48535</x><x>0.54102</x><y>0.60417</y><y>0.64323</y></points><label>3</label><labelname>window</labelname><flag>1</flag></object><object><points><x>0.48633</x><x>0.54102</x><y>0.71224</y><y>0.77214</y></points><label>3</label><labelname>window</labelname><flag>1</flag></object><object><points><x>0.37402</x><x>0.42969</x><y>0.71224</y><y>0.77214</y></points><label>3</label><labelname>window</labelname><flag>1</flag></object><object><points><x>0.48535</x><x>0.54102</x><y>0.51693</y><y>0.55729</y></points><label>3</label><labelname>window</labelname><flag>1</flag></object><object><points><x>0.4834</x><x>0.54004</x><y>0.43099</y><y>0.47005</y></points><label>3</label><labelname>window</labelname><flag>1</flag></object><object><points><x>0.37207</x><x>0.42871</x><y>0.51823</y><y>0.55599</y></points><label>3</label><labelname>window</labelname><flag>1</flag></object><object><points><x>0.37109</x><x>0.42676</x><y>0.43229</y><y>0.47135</y></points><label>3</label><labelname>window</labelname><flag>1</flag></object><object><points><x>0.4834</x><x>0.53906</x><y>0.34505</y><y>0.38542</y></points><label>3</label><labelname>window</labelname><flag>1</flag></object><object><points><x>0.37012</x><x>0.42578</x><y>0.34635</y><y>0.38542</y></points><label>3</label><labelname>window</labelname><flag>1</flag></object><object><points><x>0.48242</x><x>0.53711</x><y>0.21615</y><y>0.27734</y></points><label>3</label><labelname>window</labelname><flag>1</flag></object><object><points><x>0.36914</x><x>0.4248</x><y>0.21615</y><y>0.27734</y></points><label>3</label><labelname>window</labelname><flag>1</flag></object><object><points><x>0.4248</x><x>0.48047</x><y>0.875</y><y>0.91406</y></points><label>3</label><labelname>window</labelname><flag>1</flag></object><object><points><x>0.48438</x><x>0.54004</x><y>0.085938</y><y>0.125</y></points><label>3</label><labelname>window</labelname><flag>1</flag></object><object><points><x>0.48242</x><x>0.53809</x><y>0.041667</y><y>0.080729</y></points><label>3</label><labelname>window</labelname><flag>1</flag></object><object><points><x>0.375</x><x>0.41797</x><y>0.044271</y><y>0.1276</y></points><label>3</label><labelname>window</labelname><flag>1</flag></object><object><points><x>0.2998</x><x>0.31934</x><y>0.34635</y><y>0.38021</y></points><label>3</label><labelname>window</labelname><flag>1</flag></object><object><points><x>0.2998</x><x>0.32031</x><y>0.43229</y><y>0.46615</y></points><label>3</label><labelname>window</labelname><flag>1</flag></object><object><points><x>0.30078</x><x>0.32129</x><y>0.51823</y><y>0.55339</y></points><label>3</label><labelname>window</labelname><flag>1</flag></object><object><points><x>0.30176</x><x>0.32227</x><y>0.60286</y><y>0.63802</y></points><label>3</label><labelname>window</labelname><flag>1</flag></object><object><points><x>0.92676</x><x>0.96973</x><y>0.21484</y><y>0.27604</y></points><label>3</label><labelname>window</labelname><flag>1</flag></object><object><points><x>0.89551</x><x>0.97949</x><y>0.38151</y><y>0.44271</y></points><label>4</label><labelname>door</labelname><flag>1</flag></object><object><points><x>0.92188</x><x>0.98047</x><y>0.55469</y><y>0.61719</y></points><label>4</label><labelname>door</labelname><flag>1</flag></object><object><points><x>0.58887</x><x>0.64355</x><y>0.046875</y><y>0.1276</y></points><label>3</label><labelname>window</labelname><flag>1</flag></object><object><points><x>0.5293</x><x>0.58984</x><y>0.875</y><y>0.91536</y></points><label>3</label><labelname>window</labelname><flag>1</flag></object><object><points><x>0.40137</x><x>0.42383</x><y>0.86458</y><y>0.92578</y></points><label>5</label><labelname>cornice</labelname><flag>1</flag></object><object><points><x>0.42285</x><x>0.47559</x><y>0.20833</y><y>0.28516</y></points><label>6</label><labelname>sill</labelname><flag>1</flag></object><object><points><x>0.53418</x><x>0.5918</x><y>0.20964</y><y>0.28646</y></points><label>6</label><labelname>sill</labelname><flag>1</flag></object><object><points><x>0.65039</x><x>0.67871</x><y>0.20703</y><y>0.28776</y></points><label>6</label><labelname>sill</labelname><flag>1</flag></object><object><points><x>0.42285</x><x>0.47754</x><y>0.33854</y><y>0.39193</y></points><label>6</label><labelname>sill</labelname><flag>1</flag></object><object><points><x>0.42383</x><x>0.47852</x><y>0.42578</y><y>0.47786</y></points><label>6</label><labelname>sill</labelname><flag>1</flag></object><object><points><x>0.42578</x><x>0.48047</x><y>0.51042</y><y>0.5638</y></points><label>6</label><labelname>sill</labelname><flag>1</flag></object><object><points><x>0.4248</x><x>0.48047</x><y>0.59766</y><y>0.64974</y></points><label>6</label><labelname>sill</labelname><flag>1</flag></object><object><points><x>0.42676</x><x>0.48047</x><y>0.70182</y><y>0.78516</y></points><label>6</label><labelname>sill</labelname><flag>1</flag></object><object><points><x>0.54004</x><x>0.59375</x><y>0.70443</y><y>0.78776</y></points><label>6</label><labelname>sill</labelname><flag>1</flag></object><object><points><x>0.6543</x><x>0.68164</x><y>0.70312</y><y>0.78906</y></points><label>6</label><labelname>sill</labelname><flag>1</flag></object><object><points><x>0.53613</x><x>0.5918</x><y>0.33724</y><y>0.39714</y></points><label>6</label><labelname>sill</labelname><flag>1</flag></object><object><points><x>0.53906</x><x>0.59082</x><y>0.625</y><y>0.65495</y></points><label>6</label><labelname>sill</labelname><flag>1</flag></object><object><points><x>0.63379</x><x>0.65527</x><y>0.45573</y><y>0.51432</y></points><label>6</label><labelname>sill</labelname><flag>1</flag></object><object><points><x>0.63379</x><x>0.6543</x><y>0.54688</y><y>0.60677</y></points><label>6</label><labelname>sill</labelname><flag>1</flag></object><object><points><x>0.75586</x><x>0.77344</x><y>0.45573</y><y>0.51693</y></points><label>6</label><labelname>sill</labelname><flag>1</flag></object><object><points><x>0.75586</x><x>0.77441</x><y>0.54948</y><y>0.60677</y></points><label>6</label><labelname>sill</labelname><flag>1</flag></object><object><points><x>0.7666</x><x>0.78516</x><y>0.70964</y><y>0.78516</y></points><label>6</label><labelname>sill</labelname><flag>1</flag></object><object><points><x>0.76367</x><x>0.78223</x><y>0.20964</y><y>0.28516</y></points><label>6</label><labelname>sill</labelname><flag>1</flag></object><object><points><x>0.87695</x><x>0.88574</x><y>0.20833</y><y>0.28906</y></points><label>6</label><labelname>sill</labelname><flag>1</flag></object><object><points><x>0.87793</x><x>0.88672</x><y>0.3724</y><y>0.45182</y></points><label>6</label><labelname>sill</labelname><flag>1</flag></object><object><points><x>0.87793</x><x>0.88672</x><y>0.71224</y><y>0.79167</y></points><label>6</label><labelname>sill</labelname><flag>1</flag></object><object><points><x>0.87793</x><x>0.8877</x><y>0.54818</y><y>0.6276</y></points><label>6</label><labelname>sill</labelname><flag>1</flag></object><object><points><x>0.53711</x><x>0.56445</x><y>0.035156</y><y>0.14062</y></points><label>6</label><labelname>sill</labelname><flag>1</flag></object><object><points><x>0.58887</x><x>0.61133</x><y>0.86198</y><y>0.93099</y></points><label>6</label><labelname>sill</labelname><flag>1</flag></object><object><points><x>0.41406</x><x>0.48633</x><y>0.020833</y><y>0.15234</y></points><label>7</label><labelname>balcony</labelname><flag>1</flag></object><object><points><x>0.63965</x><x>0.69629</x><y>0.026042</y><y>0.16016</y></points><label>7</label><labelname>balcony</labelname><flag>1</flag></object><object><points><x>0.75684</x><x>0.80566</x><y>0.31641</y><y>0.44271</y></points><label>7</label><labelname>balcony</labelname><flag>1</flag></object><object><points><x>0.75879</x><x>0.80566</x><y>0.61849</y><y>0.69661</y></points><label>7</label><labelname>balcony</labelname><flag>1</flag></object><object><points><x>0.63379</x><x>0.69043</x><y>0.61979</y><y>0.70182</y></points><label>7</label><labelname>balcony</labelname><flag>1</flag></object><object><points><x>0.63379</x><x>0.69238</x><y>0.3112</y><y>0.4388</y></points><label>7</label><labelname>balcony</labelname><flag>1</flag></object><object><points><x>0.50977</x><x>0.57227</x><y>0.40104</y><y>0.6237</y></points><label>7</label><labelname>balcony</labelname><flag>1</flag></object><object><points><x>0.27344</x><x>0.36035</x><y>0.66016</y><y>0.70182</y></points><label>9</label><labelname>deco</labelname><flag>1</flag></object><object><points><x>0.27246</x><x>0.35938</x><y>0.29297</y><y>0.33594</y></points><label>9</label><labelname>deco</labelname><flag>1</flag></object><object><points><x>0.52637</x><x>0.6416</x><y>0.28516</y><y>0.33594</y></points><label>9</label><labelname>deco</labelname><flag>1</flag></object><object><points><x>0.52637</x><x>0.64258</x><y>0.65495</y><y>0.70573</y></points><label>9</label><labelname>deco</labelname><flag>1</flag></object><object><points><x>0.26172</x><x>0.29883</x><y>0.39844</y><y>0.41797</y></points><label>9</label><labelname>deco</labelname><flag>1</flag></object><object><points><x>0.2627</x><x>0.29883</x><y>0.48698</y><y>0.50521</y></points><label>9</label><labelname>deco</labelname><flag>1</flag></object><object><points><x>0.26367</x><x>0.30078</x><y>0.57292</y><y>0.59245</y></points><label>9</label><labelname>deco</labelname><flag>1</flag></object><object><points><x>0.30273</x><x>0.35254</x><y>0.79036</y><y>0.8125</y></points><label>9</label><labelname>deco</labelname><flag>1</flag></object><object><points><x>0.88672</x><x>0.90918</x><y>0.17578</y><y>0.81771</y></points><label>10</label><labelname>molding</labelname><flag>1</flag></object><object><points><x>0.89941</x><x>0.91309</x><y>0.20443</y><y>0.29297</y></points><label>5</label><labelname>cornice</labelname><flag>1</flag></object><object><points><x>0.79102</x><x>0.82324</x><y>0.17708</y><y>0.81901</y></points><label>10</label><labelname>molding</labelname><flag>1</flag></object><object><points><x>0.31934</x><x>0.36914</x><y>0.19922</y><y>0.80339</y></points><label>10</label><labelname>molding</labelname><flag>1</flag></object><object><points><x>0.37793</x><x>0.56738</x><y>0.39844</y><y>0.42578</y></points><label>11</label><labelname>pillar</labelname><flag>1</flag></object><object><points><x>0.37891</x><x>0.54102</x><y>0.47917</y><y>0.51042</y></points><label>11</label><labelname>pillar</labelname><flag>1</flag></object><object><points><x>0.37891</x><x>0.54102</x><y>0.5651</y><y>0.59375</y></points><label>11</label><labelname>pillar</labelname><flag>1</flag></object><object><points><x>0.36621</x><x>0.37793</x><y>0.39323</y><y>0.42969</y></points><label>11</label><labelname>pillar</labelname><flag>1</flag></object><object><points><x>0.36719</x><x>0.37891</x><y>0.47656</y><y>0.51432</y></points><label>11</label><labelname>pillar</labelname><flag>1</flag></object><object><points><x>0.36816</x><x>0.37891</x><y>0.5612</y><y>0.59766</y></points><label>11</label><labelname>pillar</labelname><flag>1</flag></object><object><points><x>0.89258</x><x>0.91992</x><y>0.65104</y><y>0.81901</y></points><label>12</label><labelname>shop</labelname><flag>1</flag></object><object><points><x>0.93066</x><x>0.94824</x><y>0.62891</y><y>0.66016</y></points><label>12</label><labelname>shop</labelname><flag>1</flag></object><object><points><x>0.92969</x><x>0.94727</x><y>0.51042</y><y>0.54167</y></points><label>12</label><labelname>shop</labelname><flag>1</flag></object><object><points><x>0.89258</x><x>0.91895</x><y>0.58073</y><y>0.61979</y></points><label>12</label><labelname>shop</labelname><flag>1</flag></object><object><points><x>0.5752</x><x>0.59082</x><y>0.50651</y><y>0.55599</y></points><label>9</label><labelname>deco</labelname><flag>1</flag></object><object><points><x>0.5752</x><x>0.59766</x><y>0.42578</y><y>0.46354</y></points><label>9</label><labelname>deco</labelname><flag>1</flag></object><object><points><x>0.5752</x><x>0.5918</x><y>0.60026</y><y>0.625</y></points><label>9</label><labelname>deco</labelname><flag>1</flag></object><object><points><x>0.59668</x><x>0.61133</x><y>0.38672</y><y>0.41016</y></points><label>9</label><labelname>deco</labelname><flag>1</flag></object><object><points><x>0.67871</x><x>0.68945</x><y>0.21484</y><y>0.27995</y></points><label>9</label><labelname>deco</labelname><flag>1</flag></object><object><points><x>0.68164</x><x>0.69043</x><y>0.71745</y><y>0.77734</y></points><label>9</label><labelname>deco</labelname><flag>1</flag></object>