<object><points><x>0.0015385</x><x>1</x><y>0.035714</y><y>0.99802</y></points><label>2</label><labelname>facade</labelname><flag>1</flag></object><object><points><x>0.41538</x><x>0.55692</x><y>0.34524</y><y>0.46825</y></points><label>3</label><labelname>window</labelname><flag>1</flag></object><object><points><x>0.41231</x><x>0.55385</x><y>0.68452</y><y>0.80754</y></points><label>3</label><labelname>window</labelname><flag>1</flag></object><object><points><x>0.65077</x><x>0.79538</x><y>0.68651</y><y>0.79762</y></points><label>3</label><labelname>window</labelname><flag>1</flag></object><object><points><x>0.65692</x><x>0.79385</x><y>0.34325</y><y>0.46032</y></points><label>3</label><labelname>window</labelname><flag>1</flag></object><object><points><x>0.66769</x><x>0.78308</x><y>0.083333</y><y>0.15476</y></points><label>3</label><labelname>window</labelname><flag>1</flag></object><object><points><x>0.43077</x><x>0.54769</x><y>0.087302</y><y>0.15873</y></points><label>3</label><labelname>window</labelname><flag>1</flag></object><object><points><x>0.22923</x><x>0.30308</x><y>0.09127</y><y>0.15079</y></points><label>3</label><labelname>window</labelname><flag>1</flag></object><object><points><x>0.2</x><x>0.29846</x><y>0.52579</y><y>0.625</y></points><label>3</label><labelname>window</labelname><flag>1</flag></object><object><points><x>0.60923</x><x>0.65692</x><y>0.30952</y><y>0.4881</y></points><label>5</label><labelname>cornice</labelname><flag>1</flag></object><object><points><x>0.60769</x><x>0.65538</x><y>0.65079</y><y>0.82937</y></points><label>5</label><labelname>cornice</labelname><flag>1</flag></object><object><points><x>0.55231</x><x>0.58308</x><y>0.31349</y><y>0.48611</y></points><label>6</label><labelname>sill</labelname><flag>1</flag></object><object><points><x>0.54615</x><x>0.57692</x><y>0.65278</y><y>0.8254</y></points><label>6</label><labelname>sill</labelname><flag>1</flag></object><object><points><x>0.78462</x><x>0.81538</x><y>0.65079</y><y>0.82341</y></points><label>6</label><labelname>sill</labelname><flag>1</flag></object><object><points><x>0.79077</x><x>0.82154</x><y>0.30952</y><y>0.48214</y></points><label>6</label><labelname>sill</labelname><flag>1</flag></object><object><points><x>0.52615</x><x>0.64154</x><y>0.047619</y><y>0.19643</y></points><label>7</label><labelname>balcony</labelname><flag>1</flag></object><object><points><x>0.27846</x><x>0.39385</x><y>0.043651</y><y>0.19246</y></points><label>7</label><labelname>balcony</labelname><flag>1</flag></object><object><points><x>0.77385</x><x>0.93538</x><y>0.045635</y><y>0.18056</y></points><label>7</label><labelname>balcony</labelname><flag>1</flag></object><object><points><x>0.23385</x><x>0.28462</x><y>0.095238</y><y>0.14881</y></points><label>8</label><labelname>blind</labelname><flag>1</flag></object><object><points><x>0.20308</x><x>0.29538</x><y>0.52778</y><y>0.62302</y></points><label>8</label><labelname>blind</labelname><flag>1</flag></object><object><points><x>0.89385</x><x>0.98923</x><y>0.67262</y><y>0.80754</y></points><label>8</label><labelname>blind</labelname><flag>1</flag></object><object><points><x>0.89077</x><x>0.99231</x><y>0.66667</y><y>0.80952</y></points><label>3</label><labelname>window</labelname><flag>1</flag></object><object><points><x>0.29538</x><x>0.37538</x><y>0.2123</y><y>0.98611</y></points><label>10</label><labelname>molding</labelname><flag>1</flag></object><object><points><x>0.84</x><x>0.88154</x><y>0.19444</y><y>0.99405</y></points><label>10</label><labelname>molding</labelname><flag>1</flag></object><object><points><x>0.91385</x><x>0.99846</x><y>0.23611</y><y>0.47421</y></points><label>12</label><labelname>shop</labelname><flag>1</flag></object><object><points><x>0.081538</x><x>0.14462</x><y>0.40278</y><y>0.7123</y></points><label>7</label><labelname>balcony</labelname><flag>1</flag></object><object><points><x>0.0046154</x><x>0.064615</x><y>0.10913</y><y>0.16071</y></points><label>9</label><labelname>deco</labelname><flag>1</flag></object><object><points><x>0.17385</x><x>0.23385</x><y>0.039683</y><y>0.071429</y></points><label>9</label><labelname>deco</labelname><flag>1</flag></object><object><points><x>0.098462</x><x>0.19077</x><y>0.15079</y><y>0.23611</y></points><label>9</label><labelname>deco</labelname><flag>1</flag></object><object><points><x>0.10923</x><x>0.21692</x><y>0.44048</y><y>0.7123</y></points><label>5</label><labelname>cornice</labelname><flag>1</flag></object>