<object><points><x>0.0019531</x><x>1</x><y>0.056034</y><y>0.94253</y></points><label>2</label><labelname>facade</labelname><flag>1</flag></object><object><points><x>0.068359</x><x>0.11816</x><y>0.21552</y><y>0.26293</y></points><label>3</label><labelname>window</labelname><flag>1</flag></object><object><points><x>0.069336</x><x>0.11914</x><y>0.73276</y><y>0.78017</y></points><label>3</label><labelname>window</labelname><flag>1</flag></object><object><points><x>0.0625</x><x>0.12207</x><y>0.51293</y><y>0.56609</y></points><label>3</label><labelname>window</labelname><flag>1</flag></object><object><points><x>0.0625</x><x>0.12012</x><y>0.42816</y><y>0.48132</y></points><label>3</label><labelname>window</labelname><flag>1</flag></object><object><points><x>0.20801</x><x>0.2793</x><y>0.13218</y><y>0.20546</y></points><label>3</label><labelname>window</labelname><flag>1</flag></object><object><points><x>0.20898</x><x>0.27832</x><y>0.27586</y><y>0.34914</y></points><label>3</label><labelname>window</labelname><flag>1</flag></object><object><points><x>0.20898</x><x>0.28027</x><y>0.79454</y><y>0.86494</y></points><label>3</label><labelname>window</labelname><flag>1</flag></object><object><points><x>0.20898</x><x>0.28027</x><y>0.65086</y><y>0.7227</y></points><label>3</label><labelname>window</labelname><flag>1</flag></object><object><points><x>0.20898</x><x>0.28223</x><y>0.51293</y><y>0.56609</y></points><label>3</label><labelname>window</labelname><flag>1</flag></object><object><points><x>0.20898</x><x>0.28125</x><y>0.43103</y><y>0.47989</y></points><label>3</label><labelname>window</labelname><flag>1</flag></object><object><points><x>0.35254</x><x>0.42383</x><y>0.13218</y><y>0.20546</y></points><label>3</label><labelname>window</labelname><flag>1</flag></object><object><points><x>0.35352</x><x>0.42383</x><y>0.27443</y><y>0.3477</y></points><label>3</label><labelname>window</labelname><flag>1</flag></object><object><points><x>0.32227</x><x>0.39844</x><y>0.43247</y><y>0.50718</y></points><label>3</label><labelname>window</labelname><flag>1</flag></object><object><points><x>0.35449</x><x>0.42578</x><y>0.64943</y><y>0.7227</y></points><label>3</label><labelname>window</labelname><flag>1</flag></object><object><points><x>0.35352</x><x>0.42676</x><y>0.7931</y><y>0.86494</y></points><label>3</label><labelname>window</labelname><flag>1</flag></object><object><points><x>0.49023</x><x>0.5752</x><y>0.79454</y><y>0.86638</y></points><label>3</label><labelname>window</labelname><flag>1</flag></object><object><points><x>0.49121</x><x>0.5752</x><y>0.65086</y><y>0.72414</y></points><label>3</label><labelname>window</labelname><flag>1</flag></object><object><points><x>0.46484</x><x>0.55469</x><y>0.43247</y><y>0.50718</y></points><label>3</label><labelname>window</labelname><flag>1</flag></object><object><points><x>0.48926</x><x>0.57422</x><y>0.27586</y><y>0.34626</y></points><label>3</label><labelname>window</labelname><flag>1</flag></object><object><points><x>0.49023</x><x>0.57422</x><y>0.13075</y><y>0.20402</y></points><label>3</label><labelname>window</labelname><flag>1</flag></object><object><points><x>0.63867</x><x>0.72461</x><y>0.13075</y><y>0.20402</y></points><label>3</label><labelname>window</labelname><flag>1</flag></object><object><points><x>0.63867</x><x>0.72266</x><y>0.2773</y><y>0.34626</y></points><label>3</label><labelname>window</labelname><flag>1</flag></object><object><points><x>0.62207</x><x>0.71191</x><y>0.43247</y><y>0.50718</y></points><label>3</label><labelname>window</labelname><flag>1</flag></object><object><points><x>0.63965</x><x>0.72461</x><y>0.6523</y><y>0.72414</y></points><label>3</label><labelname>window</labelname><flag>1</flag></object><object><points><x>0.63965</x><x>0.72363</x><y>0.79454</y><y>0.86638</y></points><label>3</label><labelname>window</labelname><flag>1</flag></object><object><points><x>0.78711</x><x>0.87695</x><y>0.125</y><y>0.20977</y></points><label>3</label><labelname>window</labelname><flag>1</flag></object><object><points><x>0.78711</x><x>0.87695</x><y>0.26868</y><y>0.35345</y></points><label>3</label><labelname>window</labelname><flag>1</flag></object><object><points><x>0.78711</x><x>0.87598</x><y>0.64655</y><y>0.72845</y></points><label>3</label><labelname>window</labelname><flag>1</flag></object><object><points><x>0.78613</x><x>0.87793</x><y>0.78879</y><y>0.87069</y></points><label>3</label><labelname>window</labelname><flag>1</flag></object><object><points><x>0.47852</x><x>0.57227</x><y>0.56178</y><y>0.60057</y></points><label>3</label><labelname>window</labelname><flag>1</flag></object><object><points><x>0.33887</x><x>0.42383</x><y>0.55891</y><y>0.60632</y></points><label>3</label><labelname>window</labelname><flag>1</flag></object><object><points><x>0.34961</x><x>0.4209</x><y>0.38506</y><y>0.40086</y></points><label>3</label><labelname>window</labelname><flag>1</flag></object><object><points><x>0.47949</x><x>0.57227</x><y>0.38506</y><y>0.40086</y></points><label>3</label><labelname>window</labelname><flag>1</flag></object><object><points><x>0.63086</x><x>0.72266</x><y>0.56178</y><y>0.60632</y></points><label>3</label><labelname>window</labelname><flag>1</flag></object><object><points><x>0.62891</x><x>0.72266</x><y>0.38506</y><y>0.40374</y></points><label>3</label><labelname>window</labelname><flag>1</flag></object><object><points><x>0.78906</x><x>0.83691</x><y>0.47701</y><y>0.53305</y></points><label>3</label><labelname>window</labelname><flag>1</flag></object><object><points><x>0.92676</x><x>0.99805</x><y>0.64655</y><y>0.7342</y></points><label>4</label><labelname>door</labelname><flag>1</flag></object><object><points><x>0.92578</x><x>0.99512</x><y>0.27011</y><y>0.35345</y></points><label>4</label><labelname>door</labelname><flag>1</flag></object><object><points><x>0.85449</x><x>0.99512</x><y>0.46264</y><y>0.54741</y></points><label>4</label><labelname>door</labelname><flag>1</flag></object><object><points><x>0.58594</x><x>0.6377</x><y>0.093391</y><y>0.2342</y></points><label>5</label><labelname>cornice</labelname><flag>1</flag></object><object><points><x>0.58496</x><x>0.63867</x><y>0.24425</y><y>0.37356</y></points><label>5</label><labelname>cornice</labelname><flag>1</flag></object><object><points><x>0.58691</x><x>0.63867</x><y>0.62213</y><y>0.75</y></points><label>5</label><labelname>cornice</labelname><flag>1</flag></object><object><points><x>0.58594</x><x>0.6377</x><y>0.76437</y><y>0.89224</y></points><label>5</label><labelname>cornice</labelname><flag>1</flag></object><object><points><x>0.43945</x><x>0.48926</x><y>0.099138</y><y>0.23132</y></points><label>5</label><labelname>cornice</labelname><flag>1</flag></object><object><points><x>0.43848</x><x>0.49121</x><y>0.24138</y><y>0.37213</y></points><label>5</label><labelname>cornice</labelname><flag>1</flag></object><object><points><x>0.43848</x><x>0.49121</x><y>0.62069</y><y>0.75</y></points><label>5</label><labelname>cornice</labelname><flag>1</flag></object><object><points><x>0.43945</x><x>0.49121</x><y>0.76149</y><y>0.89368</y></points><label>5</label><labelname>cornice</labelname><flag>1</flag></object><object><points><x>0.41992</x><x>0.44531</x><y>0.10489</y><y>0.22989</y></points><label>6</label><labelname>sill</labelname><flag>1</flag></object><object><points><x>0.42188</x><x>0.44531</x><y>0.24856</y><y>0.36925</y></points><label>6</label><labelname>sill</labelname><flag>1</flag></object><object><points><x>0.42285</x><x>0.44824</x><y>0.62787</y><y>0.74713</y></points><label>6</label><labelname>sill</labelname><flag>1</flag></object><object><points><x>0.42188</x><x>0.44727</x><y>0.77011</y><y>0.88793</y></points><label>6</label><labelname>sill</labelname><flag>1</flag></object><object><points><x>0.57129</x><x>0.59863</x><y>0.11207</y><y>0.22557</y></points><label>6</label><labelname>sill</labelname><flag>1</flag></object><object><points><x>0.57031</x><x>0.59668</x><y>0.25287</y><y>0.36782</y></points><label>6</label><labelname>sill</labelname><flag>1</flag></object><object><points><x>0.57227</x><x>0.5957</x><y>0.62644</y><y>0.74282</y></points><label>6</label><labelname>sill</labelname><flag>1</flag></object><object><points><x>0.57129</x><x>0.60156</x><y>0.77299</y><y>0.88649</y></points><label>6</label><labelname>sill</labelname><flag>1</flag></object><object><points><x>0.72266</x><x>0.75391</x><y>0.77155</y><y>0.88793</y></points><label>6</label><labelname>sill</labelname><flag>1</flag></object><object><points><x>0.72266</x><x>0.75391</x><y>0.63075</y><y>0.75144</y></points><label>6</label><labelname>sill</labelname><flag>1</flag></object><object><points><x>0.72266</x><x>0.75</x><y>0.55603</y><y>0.61063</y></points><label>6</label><labelname>sill</labelname><flag>1</flag></object><object><points><x>0.71191</x><x>0.74219</x><y>0.42098</y><y>0.51868</y></points><label>6</label><labelname>sill</labelname><flag>1</flag></object><object><points><x>0.72266</x><x>0.74707</x><y>0.38362</y><y>0.40948</y></points><label>6</label><labelname>sill</labelname><flag>1</flag></object><object><points><x>0.72168</x><x>0.75488</x><y>0.25575</y><y>0.36782</y></points><label>6</label><labelname>sill</labelname><flag>1</flag></object><object><points><x>0.7207</x><x>0.75684</x><y>0.11494</y><y>0.22414</y></points><label>6</label><labelname>sill</labelname><flag>1</flag></object><object><points><x>0.875</x><x>0.92285</x><y>0.78305</y><y>0.87931</y></points><label>6</label><labelname>sill</labelname><flag>1</flag></object><object><points><x>0.87598</x><x>0.92285</x><y>0.64224</y><y>0.7342</y></points><label>6</label><labelname>sill</labelname><flag>1</flag></object><object><points><x>0.87793</x><x>0.88965</x><y>0.26437</y><y>0.36207</y></points><label>6</label><labelname>sill</labelname><flag>1</flag></object><object><points><x>0.87598</x><x>0.88672</x><y>0.11925</y><y>0.21408</y></points><label>6</label><labelname>sill</labelname><flag>1</flag></object><object><points><x>0.1123</x><x>0.12793</x><y>0.20833</y><y>0.26724</y></points><label>6</label><labelname>sill</labelname><flag>1</flag></object><object><points><x>0.11719</x><x>0.13184</x><y>0.4181</y><y>0.49138</y></points><label>6</label><labelname>sill</labelname><flag>1</flag></object><object><points><x>0.11914</x><x>0.13281</x><y>0.50862</y><y>0.57184</y></points><label>6</label><labelname>sill</labelname><flag>1</flag></object><object><points><x>0.11523</x><x>0.13477</x><y>0.72557</y><y>0.79023</y></points><label>6</label><labelname>sill</labelname><flag>1</flag></object><object><points><x>0.29395</x><x>0.40234</x><y>0.21408</y><y>0.26724</y></points><label>9</label><labelname>deco</labelname><flag>1</flag></object><object><points><x>0.29492</x><x>0.40332</x><y>0.73276</y><y>0.7773</y></points><label>9</label><labelname>deco</labelname><flag>1</flag></object><object><points><x>0.30957</x><x>0.3457</x><y>0.78017</y><y>0.89799</y></points><label>9</label><labelname>deco</labelname><flag>1</flag></object><object><points><x>0.31055</x><x>0.34668</x><y>0.63075</y><y>0.73132</y></points><label>9</label><labelname>deco</labelname><flag>1</flag></object><object><points><x>0.30664</x><x>0.34473</x><y>0.11494</y><y>0.21408</y></points><label>9</label><labelname>deco</labelname><flag>1</flag></object><object><points><x>0.30762</x><x>0.34473</x><y>0.26724</y><y>0.36925</y></points><label>9</label><labelname>deco</labelname><flag>1</flag></object><object><points><x>0.39648</x><x>0.46484</x><y>0.42098</y><y>0.52011</y></points><label>9</label><labelname>deco</labelname><flag>1</flag></object><object><points><x>0.42285</x><x>0.47168</x><y>0.56178</y><y>0.60201</y></points><label>9</label><labelname>deco</labelname><flag>1</flag></object><object><points><x>0.42383</x><x>0.47754</x><y>0.38362</y><y>0.40661</y></points><label>9</label><labelname>deco</labelname><flag>1</flag></object><object><points><x>0.56934</x><x>0.62207</x><y>0.42098</y><y>0.52011</y></points><label>9</label><labelname>deco</labelname><flag>1</flag></object><object><points><x>0.78027</x><x>0.83301</x><y>0.53592</y><y>0.59195</y></points><label>9</label><labelname>deco</labelname><flag>1</flag></object><object><points><x>0.7793</x><x>0.83301</x><y>0.39511</y><y>0.46839</y></points><label>9</label><labelname>deco</labelname><flag>1</flag></object><object><points><x>0.15527</x><x>0.21094</x><y>0.42241</y><y>0.57902</y></points><label>9</label><labelname>deco</labelname><flag>1</flag></object><object><points><x>0.14551</x><x>0.19238</x><y>0.073276</y><y>0.93391</y></points><label>10</label><labelname>molding</labelname><flag>1</flag></object><object><points><x>0.27637</x><x>0.30566</x><y>0.060345</y><y>0.93391</y></points><label>10</label><labelname>molding</labelname><flag>1</flag></object><object><points><x>0.74805</x><x>0.77637</x><y>0.064655</y><y>0.93678</y></points><label>10</label><labelname>molding</labelname><flag>1</flag></object><object><points><x>0.1875</x><x>0.28027</x><y>0.21839</y><y>0.25862</y></points><label>11</label><labelname>pillar</labelname><flag>1</flag></object><object><points><x>0.18848</x><x>0.28027</x><y>0.37787</y><y>0.41523</y></points><label>11</label><labelname>pillar</labelname><flag>1</flag></object><object><points><x>0.1875</x><x>0.28027</x><y>0.57615</y><y>0.61638</y></points><label>11</label><labelname>pillar</labelname><flag>1</flag></object><object><points><x>0.1875</x><x>0.28027</x><y>0.057471</y><y>0.094828</y></points><label>11</label><labelname>pillar</labelname><flag>1</flag></object><object><points><x>0.1875</x><x>0.2793</x><y>0.74138</y><y>0.77299</y></points><label>11</label><labelname>pillar</labelname><flag>1</flag></object><object><points><x>0.18848</x><x>0.2832</x><y>0.89799</y><y>0.93103</y></points><label>11</label><labelname>pillar</labelname><flag>1</flag></object><object><points><x>0.16699</x><x>0.18848</x><y>0.056034</y><y>0.097701</y></points><label>11</label><labelname>pillar</labelname><flag>1</flag></object><object><points><x>0.16699</x><x>0.1875</x><y>0.21695</y><y>0.26006</y></points><label>11</label><labelname>pillar</labelname><flag>1</flag></object><object><points><x>0.16895</x><x>0.18848</x><y>0.37356</y><y>0.41667</y></points><label>11</label><labelname>pillar</labelname><flag>1</flag></object><object><points><x>0.16797</x><x>0.18652</x><y>0.57328</y><y>0.61925</y></points><label>11</label><labelname>pillar</labelname><flag>1</flag></object><object><points><x>0.16699</x><x>0.1875</x><y>0.7342</y><y>0.77586</y></points><label>11</label><labelname>pillar</labelname><flag>1</flag></object><object><points><x>0.16895</x><x>0.18848</x><y>0.89224</y><y>0.93247</y></points><label>11</label><labelname>pillar</labelname><flag>1</flag></object><object><points><x>0.87598</x><x>0.91406</x><y>0.37069</y><y>0.41667</y></points><label>12</label><labelname>shop</labelname><flag>1</flag></object><object><points><x>0.92773</x><x>0.96777</x><y>0.37069</y><y>0.40805</y></points><label>12</label><labelname>shop</labelname><flag>1</flag></object><object><points><x>0.87695</x><x>0.92383</x><y>0.10057</y><y>0.36638</y></points><label>12</label><labelname>shop</labelname><flag>1</flag></object>