<object><points><x>0.37402</x><x>0.42773</x><y>0.22917</y><y>0.28255</y></points><label>3</label><labelname>window</labelname><flag>1</flag></object><object><points><x>0.47754</x><x>0.53125</x><y>0.22917</y><y>0.28255</y></points><label>3</label><labelname>window</labelname><flag>1</flag></object><object><points><x>0.58105</x><x>0.63574</x><y>0.22786</y><y>0.28385</y></points><label>3</label><labelname>window</labelname><flag>1</flag></object><object><points><x>0.68457</x><x>0.73828</x><y>0.22786</y><y>0.28255</y></points><label>3</label><labelname>window</labelname><flag>1</flag></object><object><points><x>0.79102</x><x>0.84375</x><y>0.22266</y><y>0.28906</y></points><label>3</label><labelname>window</labelname><flag>1</flag></object><object><points><x>0.89453</x><x>0.94824</x><y>0.22266</y><y>0.28906</y></points><label>3</label><labelname>window</labelname><flag>1</flag></object><object><points><x>0.79004</x><x>0.84375</x><y>0.34375</y><y>0.40885</y></points><label>3</label><labelname>window</labelname><flag>1</flag></object><object><points><x>0.89453</x><x>0.94922</x><y>0.34375</y><y>0.41016</y></points><label>3</label><labelname>window</labelname><flag>1</flag></object><object><points><x>0.79004</x><x>0.84375</x><y>0.46354</y><y>0.53125</y></points><label>3</label><labelname>window</labelname><flag>1</flag></object><object><points><x>0.89453</x><x>0.94824</x><y>0.46354</y><y>0.53125</y></points><label>3</label><labelname>window</labelname><flag>1</flag></object><object><points><x>0.68457</x><x>0.7373</x><y>0.47005</y><y>0.52474</y></points><label>3</label><labelname>window</labelname><flag>1</flag></object><object><points><x>0.58008</x><x>0.63379</x><y>0.47005</y><y>0.52474</y></points><label>3</label><labelname>window</labelname><flag>1</flag></object><object><points><x>0.37305</x><x>0.42676</x><y>0.47005</y><y>0.52344</y></points><label>3</label><labelname>window</labelname><flag>1</flag></object><object><points><x>0.47656</x><x>0.53027</x><y>0.47005</y><y>0.52474</y></points><label>3</label><labelname>window</labelname><flag>1</flag></object><object><points><x>0.375</x><x>0.41113</x><y>0.35026</y><y>0.40495</y></points><label>3</label><labelname>window</labelname><flag>1</flag></object><object><points><x>0.47852</x><x>0.52051</x><y>0.35026</y><y>0.40495</y></points><label>3</label><labelname>window</labelname><flag>1</flag></object><object><points><x>0.58105</x><x>0.62793</x><y>0.35026</y><y>0.40365</y></points><label>3</label><labelname>window</labelname><flag>1</flag></object><object><points><x>0.68457</x><x>0.7373</x><y>0.34896</y><y>0.40365</y></points><label>3</label><labelname>window</labelname><flag>1</flag></object><object><points><x>0.15527</x><x>0.99707</x><y>0.14453</y><y>0.95443</y></points><label>2</label><labelname>facade</labelname><flag>1</flag></object><object><points><x>0.39355</x><x>0.45508</x><y>0.0026042</y><y>0.092448</y></points><label>3</label><labelname>window</labelname><flag>1</flag></object><object><points><x>0.50684</x><x>0.56836</x><y>0.0065104</y><y>0.089844</y></points><label>3</label><labelname>window</labelname><flag>1</flag></object><object><points><x>0.21973</x><x>0.29395</x><y>0.67578</y><y>0.77604</y></points><label>3</label><labelname>window</labelname><flag>1</flag></object><object><points><x>0.21875</x><x>0.29297</x><y>0.82943</y><y>0.93099</y></points><label>3</label><labelname>window</labelname><flag>1</flag></object><object><points><x>0.33008</x><x>0.40332</x><y>0.82812</y><y>0.92969</y></points><label>3</label><labelname>window</labelname><flag>1</flag></object><object><points><x>0.33008</x><x>0.40332</x><y>0.67448</y><y>0.77604</y></points><label>3</label><labelname>window</labelname><flag>1</flag></object><object><points><x>0.44141</x><x>0.51562</x><y>0.67578</y><y>0.77604</y></points><label>3</label><labelname>window</labelname><flag>1</flag></object><object><points><x>0.55176</x><x>0.62598</x><y>0.67448</y><y>0.77604</y></points><label>3</label><labelname>window</labelname><flag>1</flag></object><object><points><x>0.66406</x><x>0.73828</x><y>0.67188</y><y>0.77214</y></points><label>3</label><labelname>window</labelname><flag>1</flag></object><object><points><x>0.77148</x><x>0.84375</x><y>0.67578</y><y>0.77474</y></points><label>3</label><labelname>window</labelname><flag>1</flag></object><object><points><x>0.89551</x><x>0.94824</x><y>0.64844</y><y>0.72786</y></points><label>3</label><labelname>window</labelname><flag>1</flag></object><object><points><x>0.31055</x><x>0.32617</x><y>0.3112</y><y>0.36198</y></points><label>3</label><labelname>window</labelname><flag>1</flag></object><object><points><x>0.31152</x><x>0.32715</x><y>0.20833</y><y>0.25911</y></points><label>3</label><labelname>window</labelname><flag>1</flag></object><object><points><x>0.30957</x><x>0.3252</x><y>0.41406</y><y>0.46354</y></points><label>3</label><labelname>window</labelname><flag>1</flag></object><object><points><x>0.56641</x><x>0.57715</x><y>0.0013021</y><y>0.10026</y></points><label>6</label><labelname>sill</labelname><flag>1</flag></object><object><points><x>0.45508</x><x>0.46191</x><y>0.0013021</y><y>0.10026</y></points><label>6</label><labelname>sill</labelname><flag>1</flag></object><object><points><x>0.96777</x><x>0.97852</x><y>0.15104</y><y>0.95052</y></points><label>10</label><labelname>molding</labelname><flag>1</flag></object>