<object><points><x>0.00097656</x><x>0.99805</x><y>0.0016447</y><y>0.99836</y></points><label>2</label><labelname>facade</labelname><flag>1</flag></object><object><points><x>0.47461</x><x>0.63672</x><y>0.43421</y><y>0.58882</y></points><label>3</label><labelname>window</labelname><flag>1</flag></object><object><points><x>0.47754</x><x>0.63965</x><y>0.13651</y><y>0.29112</y></points><label>3</label><labelname>window</labelname><flag>1</flag></object><object><points><x>0.47363</x><x>0.63574</x><y>0.7352</y><y>0.8898</y></points><label>3</label><labelname>window</labelname><flag>1</flag></object><object><points><x>0.25098</x><x>0.37012</x><y>0.42434</y><y>0.6102</y></points><label>3</label><labelname>window</labelname><flag>1</flag></object><object><points><x>0.25488</x><x>0.37109</x><y>0.15132</y><y>0.32566</y></points><label>3</label><labelname>window</labelname><flag>1</flag></object><object><points><x>0.25391</x><x>0.37207</x><y>0.70066</y><y>0.87829</y></points><label>3</label><labelname>window</labelname><flag>1</flag></object><object><points><x>0.64355</x><x>0.6875</x><y>0.12993</y><y>0.30428</y></points><label>7</label><labelname>balcony</labelname><flag>1</flag></object><object><points><x>0.63965</x><x>0.68359</x><y>0.43092</y><y>0.60526</y></points><label>7</label><labelname>balcony</labelname><flag>1</flag></object><object><points><x>0.6416</x><x>0.68555</x><y>0.72697</y><y>0.90132</y></points><label>7</label><labelname>balcony</labelname><flag>1</flag></object><object><points><x>0.25879</x><x>0.36816</x><y>0.24178</y><y>0.32072</y></points><label>8</label><labelname>blind</labelname><flag>1</flag></object><object><points><x>0.25879</x><x>0.36816</x><y>0.15625</y><y>0.2352</y></points><label>8</label><labelname>blind</labelname><flag>1</flag></object><object><points><x>0.25879</x><x>0.36914</x><y>0.51974</y><y>0.60855</y></points><label>8</label><labelname>blind</labelname><flag>1</flag></object><object><points><x>0.25879</x><x>0.36914</x><y>0.42599</y><y>0.5148</y></points><label>8</label><labelname>blind</labelname><flag>1</flag></object><object><points><x>0.25977</x><x>0.37012</x><y>0.69901</y><y>0.78618</y></points><label>8</label><labelname>blind</labelname><flag>1</flag></object><object><points><x>0.25977</x><x>0.37012</x><y>0.78783</y><y>0.87664</y></points><label>8</label><labelname>blind</labelname><flag>1</flag></object><object><points><x>0.4834</x><x>0.63574</x><y>0.21711</y><y>0.28947</y></points><label>8</label><labelname>blind</labelname><flag>1</flag></object><object><points><x>0.48438</x><x>0.63574</x><y>0.14309</y><y>0.21546</y></points><label>8</label><labelname>blind</labelname><flag>1</flag></object><object><points><x>0.11133</x><x>0.15234</x><y>0.21053</y><y>0.25493</y></points><label>9</label><labelname>deco</labelname><flag>1</flag></object><object><points><x>0.11328</x><x>0.1543</x><y>0.49342</y><y>0.53947</y></points><label>9</label><labelname>deco</labelname><flag>1</flag></object><object><points><x>0.1123</x><x>0.1543</x><y>0.77467</y><y>0.82072</y></points><label>9</label><labelname>deco</labelname><flag>1</flag></object><object><points><x>0.024414</x><x>0.125</x><y>0.0098684</y><y>0.99178</y></points><label>10</label><labelname>molding</labelname><flag>1</flag></object><object><points><x>0.67773</x><x>0.75781</x><y>0.013158</y><y>0.99342</y></points><label>10</label><labelname>molding</labelname><flag>1</flag></object><object><points><x>0.47559</x><x>0.68555</x><y>0.023026</y><y>0.092105</y></points><label>11</label><labelname>pillar</labelname><flag>1</flag></object><object><points><x>0.23047</x><x>0.37012</x><y>0.34704</y><y>0.38322</y></points><label>11</label><labelname>pillar</labelname><flag>1</flag></object><object><points><x>0.23047</x><x>0.37109</x><y>0.65132</y><y>0.68914</y></points><label>11</label><labelname>pillar</labelname><flag>1</flag></object><object><points><x>0.23047</x><x>0.37109</x><y>0.89803</y><y>0.93421</y></points><label>11</label><labelname>pillar</labelname><flag>1</flag></object><object><points><x>0.22754</x><x>0.36719</x><y>0.097039</y><y>0.13322</y></points><label>11</label><labelname>pillar</labelname><flag>1</flag></object><object><points><x>0.45117</x><x>0.47461</x><y>0.0049342</y><y>0.10197</y></points><label>11</label><labelname>pillar</labelname><flag>1</flag></object><object><points><x>0.20801</x><x>0.23047</x><y>0.88816</y><y>0.9375</y></points><label>11</label><labelname>pillar</labelname><flag>1</flag></object><object><points><x>0.21094</x><x>0.23047</x><y>0.62829</y><y>0.70888</y></points><label>11</label><labelname>pillar</labelname><flag>1</flag></object><object><points><x>0.20996</x><x>0.22949</x><y>0.32237</y><y>0.40132</y></points><label>11</label><labelname>pillar</labelname><flag>1</flag></object><object><points><x>0.2041</x><x>0.22754</x><y>0.09375</y><y>0.14638</y></points><label>11</label><labelname>pillar</labelname><flag>1</flag></object><object><points><x>0.74902</x><x>0.98535</x><y>0.1102</y><y>0.30099</y></points><label>12</label><labelname>shop</labelname><flag>1</flag></object><object><points><x>0.75293</x><x>0.97949</x><y>0.37993</y><y>0.86678</y></points><label>12</label><labelname>shop</labelname><flag>1</flag></object><object><points><x>0.84766</x><x>0.875</x><y>0.30428</y><y>0.37171</y></points><label>12</label><labelname>shop</labelname><flag>1</flag></object>