<object><points><x>0.11497</x><x>0.97831</x><y>0.33449</y><y>0.67015</y></points><label>2</label><labelname>facade</labelname><flag>1</flag></object><object><points><x>0.18438</x><x>0.97614</x><y>0.02439</y><y>0.33449</y></points><label>2</label><labelname>facade</labelname><flag>1</flag></object><object><points><x>0.15835</x><x>0.98265</x><y>0.68873</y><y>0.99884</y></points><label>2</label><labelname>facade</labelname><flag>1</flag></object><object><points><x>0.19957</x><x>0.30803</x><y>0.40302</y><y>0.43554</y></points><label>3</label><labelname>window</labelname><flag>1</flag></object><object><points><x>0.2039</x><x>0.31236</x><y>0.49129</y><y>0.52381</y></points><label>3</label><labelname>window</labelname><flag>1</flag></object><object><points><x>0.20607</x><x>0.31453</x><y>0.5784</y><y>0.61092</y></points><label>3</label><labelname>window</labelname><flag>1</flag></object><object><points><x>0.39696</x><x>0.50542</x><y>0.5784</y><y>0.61092</y></points><label>3</label><labelname>window</labelname><flag>1</flag></object><object><points><x>0.39046</x><x>0.49892</x><y>0.49013</y><y>0.52265</y></points><label>3</label><labelname>window</labelname><flag>1</flag></object><object><points><x>0.38612</x><x>0.49458</x><y>0.40186</y><y>0.43322</y></points><label>3</label><labelname>window</labelname><flag>1</flag></object><object><points><x>0.58134</x><x>0.69631</x><y>0.39721</y><y>0.43089</y></points><label>3</label><labelname>window</labelname><flag>1</flag></object><object><points><x>0.58134</x><x>0.69631</x><y>0.48548</y><y>0.51916</y></points><label>3</label><labelname>window</labelname><flag>1</flag></object><object><points><x>0.58351</x><x>0.69848</x><y>0.56911</y><y>0.60859</y></points><label>3</label><labelname>window</labelname><flag>1</flag></object><object><points><x>0.40347</x><x>0.51844</x><y>0.73751</y><y>0.77236</y></points><label>3</label><labelname>window</labelname><flag>1</flag></object><object><points><x>0.40564</x><x>0.5141</x><y>0.8223</y><y>0.85714</y></points><label>3</label><labelname>window</labelname><flag>1</flag></object><object><points><x>0.59002</x><x>0.70499</x><y>0.73635</y><y>0.77003</y></points><label>3</label><labelname>window</labelname><flag>1</flag></object><object><points><x>0.59436</x><x>0.70933</x><y>0.81998</y><y>0.85482</y></points><label>3</label><labelname>window</labelname><flag>1</flag></object><object><points><x>0.20607</x><x>0.31236</x><y>0.741</y><y>0.76887</y></points><label>3</label><labelname>window</labelname><flag>1</flag></object><object><points><x>0.21041</x><x>0.3167</x><y>0.81069</y><y>0.83972</y></points><label>3</label><labelname>window</labelname><flag>1</flag></object><object><points><x>0.57918</x><x>0.69414</x><y>0.28339</y><y>0.31359</y></points><label>3</label><labelname>window</labelname><flag>1</flag></object><object><points><x>0.39046</x><x>0.49675</x><y>0.2892</y><y>0.31823</y></points><label>3</label><labelname>window</labelname><flag>1</flag></object><object><points><x>0.38829</x><x>0.49458</x><y>0.1115</y><y>0.1417</y></points><label>3</label><labelname>window</labelname><flag>1</flag></object><object><points><x>0.57484</x><x>0.6833</x><y>0.10918</y><y>0.13821</y></points><label>3</label><labelname>window</labelname><flag>1</flag></object><object><points><x>0.38829</x><x>0.52278</x><y>0.20093</y><y>0.23113</y></points><label>3</label><labelname>window</labelname><flag>1</flag></object><object><points><x>0.57918</x><x>0.71367</x><y>0.20093</y><y>0.23113</y></points><label>3</label><labelname>window</labelname><flag>1</flag></object><object><points><x>0.76573</x><x>0.90672</x><y>0.094077</y><y>0.13821</y></points><label>3</label><labelname>window</labelname><flag>1</flag></object><object><points><x>0.7679</x><x>0.90889</x><y>0.26945</y><y>0.31359</y></points><label>3</label><labelname>window</labelname><flag>1</flag></object><object><points><x>0.21692</x><x>0.29067</x><y>0.14402</y><y>0.18118</y></points><label>3</label><labelname>window</labelname><flag>1</flag></object><object><points><x>0.22126</x><x>0.29284</x><y>0.24971</y><y>0.28688</y></points><label>3</label><labelname>window</labelname><flag>1</flag></object><object><points><x>0.77007</x><x>0.96746</x><y>0.47735</y><y>0.51916</y></points><label>4</label><labelname>door</labelname><flag>1</flag></object><object><points><x>0.7744</x><x>0.9718</x><y>0.81417</y><y>0.8583</y></points><label>4</label><labelname>door</labelname><flag>1</flag></object><object><points><x>0.76573</x><x>0.95879</x><y>0.18235</y><y>0.23229</y></points><label>4</label><labelname>door</labelname><flag>1</flag></object><object><points><x>0.54013</x><x>0.58134</x><y>0.26365</y><y>0.32869</y></points><label>5</label><labelname>cornice</labelname><flag>1</flag></object><object><points><x>0.54013</x><x>0.57484</x><y>0.37979</y><y>0.44367</y></points><label>5</label><labelname>cornice</labelname><flag>1</flag></object><object><points><x>0.5423</x><x>0.57701</x><y>0.46806</y><y>0.53194</y></points><label>5</label><labelname>cornice</labelname><flag>1</flag></object><object><points><x>0.54447</x><x>0.58134</x><y>0.55749</y><y>0.62137</y></points><label>5</label><labelname>cornice</labelname><flag>1</flag></object><object><points><x>0.34924</x><x>0.38612</x><y>0.38211</y><y>0.44599</y></points><label>5</label><labelname>cornice</labelname><flag>1</flag></object><object><points><x>0.35358</x><x>0.38829</x><y>0.47038</y><y>0.53426</y></points><label>5</label><labelname>cornice</labelname><flag>1</flag></object><object><points><x>0.35575</x><x>0.39046</x><y>0.55633</y><y>0.62021</y></points><label>5</label><labelname>cornice</labelname><flag>1</flag></object><object><points><x>0.55965</x><x>0.59219</x><y>0.89199</y><y>0.95122</y></points><label>5</label><labelname>cornice</labelname><flag>1</flag></object><object><points><x>0.55748</x><x>0.59219</x><y>0.80836</y><y>0.8676</y></points><label>5</label><labelname>cornice</labelname><flag>1</flag></object><object><points><x>0.55531</x><x>0.58785</x><y>0.72358</y><y>0.78165</y></points><label>5</label><labelname>cornice</labelname><flag>1</flag></object><object><points><x>0.5423</x><x>0.57484</x><y>0.091754</y><y>0.15099</y></points><label>5</label><labelname>cornice</labelname><flag>1</flag></object><object><points><x>0.30586</x><x>0.32755</x><y>0.39024</y><y>0.44367</y></points><label>6</label><labelname>sill</labelname><flag>1</flag></object><object><points><x>0.30803</x><x>0.32972</x><y>0.47967</y><y>0.53078</y></points><label>6</label><labelname>sill</labelname><flag>1</flag></object><object><points><x>0.31236</x><x>0.32755</x><y>0.56562</y><y>0.6144</y></points><label>6</label><labelname>sill</labelname><flag>1</flag></object><object><points><x>0.49675</x><x>0.5141</x><y>0.56214</y><y>0.61092</y></points><label>6</label><labelname>sill</labelname><flag>1</flag></object><object><points><x>0.49675</x><x>0.51193</x><y>0.47735</y><y>0.52729</y></points><label>6</label><labelname>sill</labelname><flag>1</flag></object><object><points><x>0.49241</x><x>0.50759</x><y>0.38908</y><y>0.43786</y></points><label>6</label><labelname>sill</labelname><flag>1</flag></object><object><points><x>0.5141</x><x>0.52711</x><y>0.89663</y><y>0.94774</y></points><label>6</label><labelname>sill</labelname><flag>1</flag></object><object><points><x>0.51193</x><x>0.52711</x><y>0.81417</y><y>0.86527</y></points><label>6</label><labelname>sill</labelname><flag>1</flag></object><object><points><x>0.50976</x><x>0.52278</x><y>0.7259</y><y>0.77816</y></points><label>6</label><labelname>sill</labelname><flag>1</flag></object><object><points><x>0.49675</x><x>0.51193</x><y>0.27526</y><y>0.32636</y></points><label>6</label><labelname>sill</labelname><flag>1</flag></object><object><points><x>0.40998</x><x>0.51627</x><y>0.90708</y><y>0.94077</y></points><label>3</label><labelname>window</labelname><flag>1</flag></object><object><points><x>0.59219</x><x>0.7115</x><y>0.9036</y><y>0.93961</y></points><label>3</label><labelname>window</labelname><flag>1</flag></object><object><points><x>0.44902</x><x>0.5705</x><y>0.081301</y><y>0.25668</y></points><label>7</label><labelname>balcony</labelname><flag>1</flag></object><object><points><x>0.65293</x><x>0.75488</x><y>0.075494</y><y>0.25087</y></points><label>7</label><labelname>balcony</labelname><flag>1</flag></object><object><points><x>0.67679</x><x>0.80043</x><y>0.75377</y><y>0.87805</y></points><label>7</label><labelname>balcony</labelname><flag>1</flag></object><object><points><x>0.19523</x><x>0.3102</x><y>0.37631</y><y>0.4007</y></points><label>8</label><labelname>blind</labelname><flag>1</flag></object><object><points><x>0.2039</x><x>0.31236</x><y>0.46806</y><y>0.48897</y></points><label>8</label><labelname>blind</labelname><flag>1</flag></object><object><points><x>0.19523</x><x>0.31236</x><y>0.43554</y><y>0.45064</y></points><label>8</label><labelname>blind</labelname><flag>1</flag></object><object><points><x>0.1974</x><x>0.31453</x><y>0.52497</y><y>0.53775</y></points><label>8</label><labelname>blind</labelname><flag>1</flag></object><object><points><x>0.20174</x><x>0.3167</x><y>0.55285</y><y>0.57375</y></points><label>8</label><labelname>blind</labelname><flag>1</flag></object><object><points><x>0.20174</x><x>0.31453</x><y>0.60859</y><y>0.62834</y></points><label>8</label><labelname>blind</labelname><flag>1</flag></object><object><points><x>0.38178</x><x>0.49675</x><y>0.37282</y><y>0.39721</y></points><label>8</label><labelname>blind</labelname><flag>1</flag></object><object><points><x>0.38612</x><x>0.50108</x><y>0.46109</y><y>0.48664</y></points><label>8</label><labelname>blind</labelname><flag>1</flag></object><object><points><x>0.38612</x><x>0.49892</x><y>0.43322</y><y>0.44948</y></points><label>8</label><labelname>blind</labelname><flag>1</flag></object><object><points><x>0.38612</x><x>0.49892</x><y>0.52149</y><y>0.54123</y></points><label>8</label><labelname>blind</labelname><flag>1</flag></object><object><points><x>0.38829</x><x>0.50108</x><y>0.54936</y><y>0.56911</y></points><label>8</label><labelname>blind</labelname><flag>1</flag></object><object><points><x>0.38829</x><x>0.50325</x><y>0.61092</y><y>0.62602</y></points><label>8</label><labelname>blind</labelname><flag>1</flag></object><object><points><x>0.57267</x><x>0.69414</x><y>0.36818</y><y>0.39257</y></points><label>8</label><labelname>blind</labelname><flag>1</flag></object><object><points><x>0.57267</x><x>0.69414</x><y>0.43206</y><y>0.4518</y></points><label>8</label><labelname>blind</labelname><flag>1</flag></object><object><points><x>0.57484</x><x>0.69414</x><y>0.45645</y><y>0.47851</y></points><label>8</label><labelname>blind</labelname><flag>1</flag></object><object><points><x>0.57701</x><x>0.69631</x><y>0.51916</y><y>0.53775</y></points><label>8</label><labelname>blind</labelname><flag>1</flag></object><object><points><x>0.57918</x><x>0.69631</x><y>0.54472</y><y>0.56678</y></points><label>8</label><labelname>blind</labelname><flag>1</flag></object><object><points><x>0.57918</x><x>0.69848</x><y>0.60743</y><y>0.62253</y></points><label>8</label><labelname>blind</labelname><flag>1</flag></object><object><points><x>0.39913</x><x>0.51193</x><y>0.71545</y><y>0.73519</y></points><label>8</label><labelname>blind</labelname><flag>1</flag></object><object><points><x>0.4013</x><x>0.5141</x><y>0.77236</y><y>0.7921</y></points><label>8</label><labelname>blind</labelname><flag>1</flag></object><object><points><x>0.4013</x><x>0.5141</x><y>0.79907</y><y>0.81998</y></points><label>8</label><labelname>blind</labelname><flag>1</flag></object><object><points><x>0.40347</x><x>0.51627</x><y>0.85598</y><y>0.87573</y></points><label>8</label><labelname>blind</labelname><flag>1</flag></object><object><points><x>0.40564</x><x>0.52061</x><y>0.88502</y><y>0.90476</y></points><label>8</label><labelname>blind</labelname><flag>1</flag></object><object><points><x>0.40781</x><x>0.51627</x><y>0.94077</y><y>0.96051</y></points><label>8</label><labelname>blind</labelname><flag>1</flag></object><object><points><x>0.59002</x><x>0.70933</x><y>0.93844</y><y>0.95819</y></points><label>8</label><labelname>blind</labelname><flag>1</flag></object><object><points><x>0.59002</x><x>0.70933</x><y>0.88153</y><y>0.90128</y></points><label>8</label><labelname>blind</labelname><flag>1</flag></object><object><points><x>0.59002</x><x>0.70933</x><y>0.85482</y><y>0.87456</y></points><label>8</label><labelname>blind</labelname><flag>1</flag></object><object><points><x>0.59219</x><x>0.70933</x><y>0.79907</y><y>0.81765</y></points><label>8</label><labelname>blind</labelname><flag>1</flag></object><object><points><x>0.58785</x><x>0.70716</x><y>0.7712</y><y>0.78978</y></points><label>8</label><labelname>blind</labelname><flag>1</flag></object><object><points><x>0.58785</x><x>0.70716</x><y>0.71196</y><y>0.73171</y></points><label>8</label><labelname>blind</labelname><flag>1</flag></object><object><points><x>0.38829</x><x>0.50108</x><y>0.26132</y><y>0.27991</y></points><label>8</label><labelname>blind</labelname><flag>1</flag></object><object><points><x>0.39046</x><x>0.50108</x><y>0.32056</y><y>0.33217</y></points><label>8</label><labelname>blind</labelname><flag>1</flag></object><object><points><x>0.38178</x><x>0.49675</x><y>0.14286</y><y>0.16028</y></points><label>8</label><labelname>blind</labelname><flag>1</flag></object><object><points><x>0.38395</x><x>0.50108</x><y>0.082462</y><y>0.10453</y></points><label>8</label><labelname>blind</labelname><flag>1</flag></object><object><points><x>0.57267</x><x>0.69197</x><y>0.074332</y><y>0.10221</y></points><label>8</label><labelname>blind</labelname><flag>1</flag></object><object><points><x>0.57484</x><x>0.6898</x><y>0.1417</y><y>0.15679</y></points><label>8</label><labelname>blind</labelname><flag>1</flag></object><object><points><x>0.57918</x><x>0.69197</x><y>0.25319</y><y>0.27875</y></points><label>8</label><labelname>blind</labelname><flag>1</flag></object><object><points><x>0.76573</x><x>0.90456</x><y>0.065041</y><y>0.089431</y></points><label>8</label><labelname>blind</labelname><flag>1</flag></object><object><points><x>0.7679</x><x>0.90672</x><y>0.2439</y><y>0.26713</y></points><label>8</label><labelname>blind</labelname><flag>1</flag></object><object><points><x>0.76139</x><x>0.90672</x><y>0.13705</y><y>0.15447</y></points><label>8</label><labelname>blind</labelname><flag>1</flag></object><object><points><x>0.69414</x><x>0.7397</x><y>0.33682</y><y>0.66667</y></points><label>10</label><labelname>molding</labelname><flag>1</flag></object><object><points><x>0.70499</x><x>0.75488</x><y>0.69338</y><y>0.99884</y></points><label>10</label><labelname>molding</labelname><flag>1</flag></object><object><points><x>0.6898</x><x>0.7397</x><y>0.027875</y><y>0.33333</y></points><label>10</label><labelname>molding</labelname><flag>1</flag></object><object><points><x>0.29718</x><x>0.34707</x><y>0.027875</y><y>0.33333</y></points><label>10</label><labelname>molding</labelname><flag>1</flag></object><object><points><x>0.11931</x><x>0.1692</x><y>0.3403</y><y>0.66899</y></points><label>10</label><labelname>molding</labelname><flag>1</flag></object><object><points><x>0.32321</x><x>0.3731</x><y>0.6899</y><y>0.99535</y></points><label>10</label><labelname>molding</labelname><flag>1</flag></object><object><points><x>0.7744</x><x>0.9154</x><y>0.71661</y><y>0.78397</y></points><label>12</label><labelname>shop</labelname><flag>1</flag></object><object><points><x>0.77007</x><x>0.94143</x><y>0.53426</y><y>0.6446</y></points><label>12</label><labelname>shop</labelname><flag>1</flag></object><object><points><x>0.73536</x><x>0.76356</x><y>0.53194</y><y>0.64692</y></points><label>12</label><labelname>shop</labelname><flag>1</flag></object><object><points><x>0.7462</x><x>0.78959</x><y>0.62369</y><y>0.68293</y></points><label>12</label><labelname>shop</labelname><flag>1</flag></object><object><points><x>0.76356</x><x>0.9436</x><y>0.39373</y><y>0.46574</y></points><label>12</label><labelname>shop</labelname><flag>1</flag></object>