<object><points><x>0.0023474</x><x>0.74883</x><y>0.15865</y><y>0.83173</y></points><label>2</label><labelname>facade</labelname><flag>1</flag></object><object><points><x>0.37089</x><x>0.74883</x><y>0.29327</y><y>0.5</y></points><label>4</label><labelname>door</labelname><flag>1</flag></object><object><points><x>0.36854</x><x>0.74648</x><y>0.5016</y><y>0.69872</y></points><label>4</label><labelname>door</labelname><flag>1</flag></object><object><points><x>0.0070423</x><x>0.11033</x><y>0.31891</y><y>0.65385</y></points><label>9</label><labelname>deco</labelname><flag>1</flag></object><object><points><x>0.18545</x><x>0.35681</x><y>0.29647</y><y>0.69391</y></points><label>12</label><labelname>shop</labelname><flag>1</flag></object>