<object><points><x>0.00097656</x><x>0.98242</x><y>0.029745</y><y>0.99858</y></points><label>2</label><labelname>facade</labelname><flag>1</flag></object><object><points><x>0.054688</x><x>0.080078</x><y>0.8102</y><y>0.83711</y></points><label>3</label><labelname>window</labelname><flag>1</flag></object><object><points><x>0.10449</x><x>0.12988</x><y>0.81161</y><y>0.83853</y></points><label>3</label><labelname>window</labelname><flag>1</flag></object><object><points><x>0.0058594</x><x>0.03125</x><y>0.80878</y><y>0.83569</y></points><label>3</label><labelname>window</labelname><flag>1</flag></object><object><points><x>0.0058594</x><x>0.03125</x><y>0.80878</y><y>0.83569</y></points><label>3</label><labelname>window</labelname><flag>1</flag></object><object><points><x>0.1543</x><x>0.17871</x><y>0.81303</y><y>0.83853</y></points><label>3</label><labelname>window</labelname><flag>1</flag></object><object><points><x>0.20605</x><x>0.23145</x><y>0.81161</y><y>0.83994</y></points><label>3</label><labelname>window</labelname><flag>1</flag></object><object><points><x>0.25781</x><x>0.28223</x><y>0.81161</y><y>0.83994</y></points><label>3</label><labelname>window</labelname><flag>1</flag></object><object><points><x>0.30859</x><x>0.33398</x><y>0.81161</y><y>0.83994</y></points><label>3</label><labelname>window</labelname><flag>1</flag></object><object><points><x>0.28613</x><x>0.31152</x><y>0.68414</y><y>0.71388</y></points><label>3</label><labelname>window</labelname><flag>1</flag></object><object><points><x>0.28516</x><x>0.31055</x><y>0.63881</y><y>0.66856</y></points><label>3</label><labelname>window</labelname><flag>1</flag></object><object><points><x>0.28516</x><x>0.31055</x><y>0.5949</y><y>0.62465</y></points><label>3</label><labelname>window</labelname><flag>1</flag></object><object><points><x>0.27539</x><x>0.30566</x><y>0.51275</y><y>0.54674</y></points><label>3</label><labelname>window</labelname><flag>1</flag></object><object><points><x>0.27539</x><x>0.30566</x><y>0.46317</y><y>0.49575</y></points><label>3</label><labelname>window</labelname><flag>1</flag></object><object><points><x>0.27637</x><x>0.30762</x><y>0.4136</y><y>0.44759</y></points><label>3</label><labelname>window</labelname><flag>1</flag></object><object><points><x>0.27539</x><x>0.30664</x><y>0.36402</y><y>0.39802</y></points><label>3</label><labelname>window</labelname><flag>1</flag></object><object><points><x>0.27539</x><x>0.30566</x><y>0.31303</y><y>0.34703</y></points><label>3</label><labelname>window</labelname><flag>1</flag></object><object><points><x>0.21777</x><x>0.24805</x><y>0.31445</y><y>0.34703</y></points><label>3</label><labelname>window</labelname><flag>1</flag></object><object><points><x>0.2168</x><x>0.24805</x><y>0.36402</y><y>0.39802</y></points><label>3</label><labelname>window</labelname><flag>1</flag></object><object><points><x>0.21777</x><x>0.24805</x><y>0.4136</y><y>0.44759</y></points><label>3</label><labelname>window</labelname><flag>1</flag></object><object><points><x>0.2168</x><x>0.24805</x><y>0.46317</y><y>0.49575</y></points><label>3</label><labelname>window</labelname><flag>1</flag></object><object><points><x>0.2168</x><x>0.24805</x><y>0.51416</y><y>0.54816</y></points><label>3</label><labelname>window</labelname><flag>1</flag></object><object><points><x>0.33496</x><x>0.36523</x><y>0.51275</y><y>0.54674</y></points><label>3</label><labelname>window</labelname><flag>1</flag></object><object><points><x>0.33496</x><x>0.36621</x><y>0.46317</y><y>0.49717</y></points><label>3</label><labelname>window</labelname><flag>1</flag></object><object><points><x>0.33496</x><x>0.36621</x><y>0.41218</y><y>0.44618</y></points><label>3</label><labelname>window</labelname><flag>1</flag></object><object><points><x>0.33496</x><x>0.36621</x><y>0.36261</y><y>0.3966</y></points><label>3</label><labelname>window</labelname><flag>1</flag></object><object><points><x>0.33496</x><x>0.36621</x><y>0.31303</y><y>0.34703</y></points><label>3</label><labelname>window</labelname><flag>1</flag></object><object><points><x>0.39355</x><x>0.4248</x><y>0.31303</y><y>0.34561</y></points><label>3</label><labelname>window</labelname><flag>1</flag></object><object><points><x>0.39355</x><x>0.4248</x><y>0.36261</y><y>0.39518</y></points><label>3</label><labelname>window</labelname><flag>1</flag></object><object><points><x>0.39355</x><x>0.4248</x><y>0.41218</y><y>0.44618</y></points><label>3</label><labelname>window</labelname><flag>1</flag></object><object><points><x>0.39355</x><x>0.4248</x><y>0.46317</y><y>0.49575</y></points><label>3</label><labelname>window</labelname><flag>1</flag></object><object><points><x>0.39355</x><x>0.42383</x><y>0.51275</y><y>0.54674</y></points><label>3</label><labelname>window</labelname><flag>1</flag></object><object><points><x>0.45312</x><x>0.48438</x><y>0.51416</y><y>0.54816</y></points><label>3</label><labelname>window</labelname><flag>1</flag></object><object><points><x>0.45312</x><x>0.48438</x><y>0.46317</y><y>0.49575</y></points><label>3</label><labelname>window</labelname><flag>1</flag></object><object><points><x>0.4541</x><x>0.48438</x><y>0.41076</y><y>0.44476</y></points><label>3</label><labelname>window</labelname><flag>1</flag></object><object><points><x>0.45312</x><x>0.4834</x><y>0.36119</y><y>0.39518</y></points><label>3</label><labelname>window</labelname><flag>1</flag></object><object><points><x>0.4541</x><x>0.48438</x><y>0.31161</y><y>0.34561</y></points><label>3</label><labelname>window</labelname><flag>1</flag></object><object><points><x>0.51367</x><x>0.54395</x><y>0.30878</y><y>0.34278</y></points><label>3</label><labelname>window</labelname><flag>1</flag></object><object><points><x>0.51367</x><x>0.54395</x><y>0.36119</y><y>0.39377</y></points><label>3</label><labelname>window</labelname><flag>1</flag></object><object><points><x>0.51367</x><x>0.54395</x><y>0.41076</y><y>0.44476</y></points><label>3</label><labelname>window</labelname><flag>1</flag></object><object><points><x>0.5127</x><x>0.54395</x><y>0.46176</y><y>0.49575</y></points><label>3</label><labelname>window</labelname><flag>1</flag></object><object><points><x>0.51367</x><x>0.54492</x><y>0.51416</y><y>0.54816</y></points><label>3</label><labelname>window</labelname><flag>1</flag></object><object><points><x>0.57422</x><x>0.60547</x><y>0.51275</y><y>0.54674</y></points><label>3</label><labelname>window</labelname><flag>1</flag></object><object><points><x>0.57324</x><x>0.60352</x><y>0.46034</y><y>0.49433</y></points><label>3</label><labelname>window</labelname><flag>1</flag></object><object><points><x>0.57422</x><x>0.60547</x><y>0.41076</y><y>0.44476</y></points><label>3</label><labelname>window</labelname><flag>1</flag></object><object><points><x>0.57324</x><x>0.60352</x><y>0.36119</y><y>0.39377</y></points><label>3</label><labelname>window</labelname><flag>1</flag></object><object><points><x>0.57324</x><x>0.60449</x><y>0.3102</y><y>0.34419</y></points><label>3</label><labelname>window</labelname><flag>1</flag></object><object><points><x>0.63379</x><x>0.66504</x><y>0.51275</y><y>0.54674</y></points><label>3</label><labelname>window</labelname><flag>1</flag></object><object><points><x>0.63379</x><x>0.66504</x><y>0.46034</y><y>0.49433</y></points><label>3</label><labelname>window</labelname><flag>1</flag></object><object><points><x>0.63379</x><x>0.66504</x><y>0.41076</y><y>0.44476</y></points><label>3</label><labelname>window</labelname><flag>1</flag></object><object><points><x>0.63379</x><x>0.66504</x><y>0.35836</y><y>0.39235</y></points><label>3</label><labelname>window</labelname><flag>1</flag></object><object><points><x>0.63379</x><x>0.66406</x><y>0.30878</y><y>0.34278</y></points><label>3</label><labelname>window</labelname><flag>1</flag></object><object><points><x>0.69727</x><x>0.72852</x><y>0.30878</y><y>0.34278</y></points><label>3</label><labelname>window</labelname><flag>1</flag></object><object><points><x>0.69824</x><x>0.72852</x><y>0.35977</y><y>0.39377</y></points><label>3</label><labelname>window</labelname><flag>1</flag></object><object><points><x>0.69824</x><x>0.72949</x><y>0.41076</y><y>0.44476</y></points><label>3</label><labelname>window</labelname><flag>1</flag></object><object><points><x>0.69824</x><x>0.72949</x><y>0.46034</y><y>0.49433</y></points><label>3</label><labelname>window</labelname><flag>1</flag></object><object><points><x>0.69727</x><x>0.72852</x><y>0.51275</y><y>0.54674</y></points><label>3</label><labelname>window</labelname><flag>1</flag></object><object><points><x>0.76562</x><x>0.79688</x><y>0.30737</y><y>0.34136</y></points><label>3</label><labelname>window</labelname><flag>1</flag></object><object><points><x>0.76562</x><x>0.79688</x><y>0.35977</y><y>0.39235</y></points><label>3</label><labelname>window</labelname><flag>1</flag></object><object><points><x>0.76562</x><x>0.79688</x><y>0.41076</y><y>0.44334</y></points><label>3</label><labelname>window</labelname><flag>1</flag></object><object><points><x>0.76562</x><x>0.79688</x><y>0.46317</y><y>0.49575</y></points><label>3</label><labelname>window</labelname><flag>1</flag></object><object><points><x>0.76562</x><x>0.79688</x><y>0.51416</y><y>0.54816</y></points><label>3</label><labelname>window</labelname><flag>1</flag></object><object><points><x>0.83496</x><x>0.86621</x><y>0.51275</y><y>0.54674</y></points><label>3</label><labelname>window</labelname><flag>1</flag></object><object><points><x>0.83594</x><x>0.86523</x><y>0.46176</y><y>0.49575</y></points><label>3</label><labelname>window</labelname><flag>1</flag></object><object><points><x>0.83594</x><x>0.86621</x><y>0.40935</y><y>0.44334</y></points><label>3</label><labelname>window</labelname><flag>1</flag></object><object><points><x>0.83496</x><x>0.86523</x><y>0.35836</y><y>0.39235</y></points><label>3</label><labelname>window</labelname><flag>1</flag></object><object><points><x>0.83594</x><x>0.86523</x><y>0.30595</y><y>0.34136</y></points><label>3</label><labelname>window</labelname><flag>1</flag></object><object><points><x>0.57324</x><x>0.60449</x><y>0.17422</y><y>0.20822</y></points><label>3</label><labelname>window</labelname><flag>1</flag></object><object><points><x>0.51367</x><x>0.54395</x><y>0.17422</y><y>0.20963</y></points><label>3</label><labelname>window</labelname><flag>1</flag></object><object><points><x>0.4541</x><x>0.48438</x><y>0.17564</y><y>0.21105</y></points><label>3</label><labelname>window</labelname><flag>1</flag></object><object><points><x>0.63379</x><x>0.66406</x><y>0.1728</y><y>0.20822</y></points><label>3</label><labelname>window</labelname><flag>1</flag></object><object><points><x>0.69824</x><x>0.72852</x><y>0.1728</y><y>0.2068</y></points><label>3</label><labelname>window</labelname><flag>1</flag></object><object><points><x>0.76562</x><x>0.79688</x><y>0.17139</y><y>0.20538</y></points><label>3</label><labelname>window</labelname><flag>1</flag></object><object><points><x>0.83496</x><x>0.86621</x><y>0.17139</y><y>0.20397</y></points><label>3</label><labelname>window</labelname><flag>1</flag></object><object><points><x>0.39355</x><x>0.4248</x><y>0.17705</y><y>0.21246</y></points><label>3</label><labelname>window</labelname><flag>1</flag></object><object><points><x>0.33594</x><x>0.36621</x><y>0.17705</y><y>0.21105</y></points><label>3</label><labelname>window</labelname><flag>1</flag></object><object><points><x>0.34668</x><x>0.37793</x><y>0.084986</y><y>0.11756</y></points><label>3</label><labelname>window</labelname><flag>1</flag></object><object><points><x>0.4043</x><x>0.43555</x><y>0.083569</y><y>0.11615</y></points><label>3</label><labelname>window</labelname><flag>1</flag></object><object><points><x>0.46289</x><x>0.49414</x><y>0.080737</y><y>0.11473</y></points><label>3</label><labelname>window</labelname><flag>1</flag></object><object><points><x>0.51953</x><x>0.55078</x><y>0.07932</y><y>0.11331</y></points><label>3</label><labelname>window</labelname><flag>1</flag></object><object><points><x>0.5791</x><x>0.61035</x><y>0.07932</y><y>0.11331</y></points><label>3</label><labelname>window</labelname><flag>1</flag></object><object><points><x>0.6377</x><x>0.66895</x><y>0.077904</y><y>0.11048</y></points><label>3</label><labelname>window</labelname><flag>1</flag></object><object><points><x>0.70117</x><x>0.73145</x><y>0.076487</y><y>0.10907</y></points><label>3</label><labelname>window</labelname><flag>1</flag></object><object><points><x>0.76758</x><x>0.79883</x><y>0.075071</y><y>0.10907</y></points><label>3</label><labelname>window</labelname><flag>1</flag></object><object><points><x>0.83496</x><x>0.86621</x><y>0.072238</y><y>0.10482</y></points><label>3</label><labelname>window</labelname><flag>1</flag></object><object><points><x>0.15918</x><x>0.18945</x><y>0.51416</y><y>0.54816</y></points><label>3</label><labelname>window</labelname><flag>1</flag></object><object><points><x>0.15918</x><x>0.18945</x><y>0.46459</y><y>0.49717</y></points><label>3</label><labelname>window</labelname><flag>1</flag></object><object><points><x>0.15918</x><x>0.18945</x><y>0.41501</y><y>0.44901</y></points><label>3</label><labelname>window</labelname><flag>1</flag></object><object><points><x>0.1582</x><x>0.18848</x><y>0.36402</y><y>0.39802</y></points><label>3</label><labelname>window</labelname><flag>1</flag></object><object><points><x>0.1582</x><x>0.18945</x><y>0.31586</y><y>0.34986</y></points><label>3</label><labelname>window</labelname><flag>1</flag></object><object><points><x>0.054688</x><x>0.080078</x><y>0.85411</y><y>0.8796</y></points><label>3</label><labelname>window</labelname><flag>1</flag></object><object><points><x>0.054688</x><x>0.080078</x><y>0.8966</y><y>0.92351</y></points><label>3</label><labelname>window</labelname><flag>1</flag></object><object><points><x>0.10352</x><x>0.12891</x><y>0.89518</y><y>0.9221</y></points><label>3</label><labelname>window</labelname><flag>1</flag></object><object><points><x>0.10449</x><x>0.12988</x><y>0.85552</y><y>0.88102</y></points><label>3</label><labelname>window</labelname><flag>1</flag></object><object><points><x>0.25781</x><x>0.2832</x><y>0.85552</y><y>0.88244</y></points><label>3</label><labelname>window</labelname><flag>1</flag></object><object><points><x>0.30762</x><x>0.33301</x><y>0.85694</y><y>0.88244</y></points><label>3</label><labelname>window</labelname><flag>1</flag></object><object><points><x>0.71777</x><x>0.74316</x><y>0.8187</y><y>0.84561</y></points><label>3</label><labelname>window</labelname><flag>1</flag></object><object><points><x>0.71777</x><x>0.74316</x><y>0.86402</y><y>0.89093</y></points><label>3</label><labelname>window</labelname><flag>1</flag></object><object><points><x>0.71875</x><x>0.74414</x><y>0.90652</y><y>0.93343</y></points><label>3</label><labelname>window</labelname><flag>1</flag></object><object><points><x>0.66309</x><x>0.68848</x><y>0.81728</y><y>0.84278</y></points><label>3</label><labelname>window</labelname><flag>1</flag></object><object><points><x>0.66406</x><x>0.68945</x><y>0.85977</y><y>0.88669</y></points><label>3</label><labelname>window</labelname><flag>1</flag></object><object><points><x>0.66406</x><x>0.68945</x><y>0.85977</y><y>0.88669</y></points><label>3</label><labelname>window</labelname><flag>1</flag></object><object><points><x>0.66406</x><x>0.68945</x><y>0.9051</y><y>0.93201</y></points><label>3</label><labelname>window</labelname><flag>1</flag></object><object><points><x>0.77637</x><x>0.80176</x><y>0.90793</y><y>0.93484</y></points><label>3</label><labelname>window</labelname><flag>1</flag></object><object><points><x>0.77539</x><x>0.80371</x><y>0.86402</y><y>0.89093</y></points><label>3</label><labelname>window</labelname><flag>1</flag></object><object><points><x>0.77637</x><x>0.80371</x><y>0.8187</y><y>0.84986</y></points><label>3</label><labelname>window</labelname><flag>1</flag></object><object><points><x>0.35742</x><x>0.38477</x><y>0.81303</y><y>0.84136</y></points><label>3</label><labelname>window</labelname><flag>1</flag></object><object><points><x>0.61133</x><x>0.63574</x><y>0.8187</y><y>0.84561</y></points><label>3</label><labelname>window</labelname><flag>1</flag></object><object><points><x>0.61328</x><x>0.6377</x><y>0.85977</y><y>0.88669</y></points><label>3</label><labelname>window</labelname><flag>1</flag></object><object><points><x>0.6123</x><x>0.63672</x><y>0.9051</y><y>0.93059</y></points><label>3</label><labelname>window</labelname><flag>1</flag></object><object><points><x>0.56055</x><x>0.58594</x><y>0.81445</y><y>0.84419</y></points><label>3</label><labelname>window</labelname><flag>1</flag></object><object><points><x>0.56152</x><x>0.58691</x><y>0.85977</y><y>0.88669</y></points><label>3</label><labelname>window</labelname><flag>1</flag></object><object><points><x>0.56152</x><x>0.58594</x><y>0.90085</y><y>0.92918</y></points><label>3</label><labelname>window</labelname><flag>1</flag></object><object><points><x>0.0058594</x><x>0.03125</x><y>0.85411</y><y>0.88102</y></points><label>3</label><labelname>window</labelname><flag>1</flag></object><object><points><x>0.0058594</x><x>0.030273</x><y>0.89518</y><y>0.9221</y></points><label>3</label><labelname>window</labelname><flag>1</flag></object><object><points><x>0.073242</x><x>0.097656</x><y>0.68272</y><y>0.71246</y></points><label>3</label><labelname>window</labelname><flag>1</flag></object><object><points><x>0.072266</x><x>0.097656</x><y>0.64023</y><y>0.66856</y></points><label>3</label><labelname>window</labelname><flag>1</flag></object><object><points><x>0.072266</x><x>0.097656</x><y>0.5949</y><y>0.62465</y></points><label>3</label><labelname>window</labelname><flag>1</flag></object><object><points><x>0.021484</x><x>0.046875</x><y>0.5949</y><y>0.62323</y></points><label>3</label><labelname>window</labelname><flag>1</flag></object><object><points><x>0.020508</x><x>0.045898</x><y>0.64023</y><y>0.66856</y></points><label>3</label><labelname>window</labelname><flag>1</flag></object><object><points><x>0.020508</x><x>0.045898</x><y>0.68272</y><y>0.71246</y></points><label>3</label><labelname>window</labelname><flag>1</flag></object><object><points><x>0.12305</x><x>0.14941</x><y>0.59632</y><y>0.62323</y></points><label>3</label><labelname>window</labelname><flag>1</flag></object><object><points><x>0.12305</x><x>0.15039</x><y>0.64023</y><y>0.66714</y></points><label>3</label><labelname>window</labelname><flag>1</flag></object><object><points><x>0.12402</x><x>0.15039</x><y>0.68414</y><y>0.71105</y></points><label>3</label><labelname>window</labelname><flag>1</flag></object><object><points><x>0.17969</x><x>0.20605</x><y>0.68414</y><y>0.71246</y></points><label>3</label><labelname>window</labelname><flag>1</flag></object><object><points><x>0.17871</x><x>0.20508</x><y>0.64023</y><y>0.66856</y></points><label>3</label><labelname>window</labelname><flag>1</flag></object><object><points><x>0.17871</x><x>0.20508</x><y>0.59632</y><y>0.62606</y></points><label>3</label><labelname>window</labelname><flag>1</flag></object><object><points><x>0.23145</x><x>0.25879</x><y>0.59632</y><y>0.62465</y></points><label>3</label><labelname>window</labelname><flag>1</flag></object><object><points><x>0.23242</x><x>0.25879</x><y>0.63881</y><y>0.66856</y></points><label>3</label><labelname>window</labelname><flag>1</flag></object><object><points><x>0.23242</x><x>0.25879</x><y>0.68414</y><y>0.71246</y></points><label>3</label><labelname>window</labelname><flag>1</flag></object><object><points><x>0.33691</x><x>0.36328</x><y>0.68555</y><y>0.71388</y></points><label>3</label><labelname>window</labelname><flag>1</flag></object><object><points><x>0.33691</x><x>0.36328</x><y>0.64023</y><y>0.66856</y></points><label>3</label><labelname>window</labelname><flag>1</flag></object><object><points><x>0.33691</x><x>0.36328</x><y>0.59632</y><y>0.62465</y></points><label>3</label><labelname>window</labelname><flag>1</flag></object><object><points><x>0.38867</x><x>0.41602</x><y>0.5949</y><y>0.62323</y></points><label>3</label><labelname>window</labelname><flag>1</flag></object><object><points><x>0.38965</x><x>0.41602</x><y>0.63881</y><y>0.66856</y></points><label>3</label><labelname>window</labelname><flag>1</flag></object><object><points><x>0.38965</x><x>0.41602</x><y>0.68555</y><y>0.71388</y></points><label>3</label><labelname>window</labelname><flag>1</flag></object><object><points><x>0.44238</x><x>0.46875</x><y>0.59632</y><y>0.62465</y></points><label>3</label><labelname>window</labelname><flag>1</flag></object><object><points><x>0.44336</x><x>0.46973</x><y>0.64164</y><y>0.66997</y></points><label>3</label><labelname>window</labelname><flag>1</flag></object><object><points><x>0.44238</x><x>0.46875</x><y>0.68414</y><y>0.71388</y></points><label>3</label><labelname>window</labelname><flag>1</flag></object><object><points><x>0.49609</x><x>0.52246</x><y>0.59632</y><y>0.62465</y></points><label>3</label><labelname>window</labelname><flag>1</flag></object><object><points><x>0.49512</x><x>0.52148</x><y>0.64164</y><y>0.66997</y></points><label>3</label><labelname>window</labelname><flag>1</flag></object><object><points><x>0.49609</x><x>0.52246</x><y>0.68697</y><y>0.7153</y></points><label>3</label><labelname>window</labelname><flag>1</flag></object><object><points><x>0.54883</x><x>0.5752</x><y>0.68555</y><y>0.71388</y></points><label>3</label><labelname>window</labelname><flag>1</flag></object><object><points><x>0.54883</x><x>0.5752</x><y>0.64023</y><y>0.66856</y></points><label>3</label><labelname>window</labelname><flag>1</flag></object><object><points><x>0.54785</x><x>0.5752</x><y>0.59632</y><y>0.62465</y></points><label>3</label><labelname>window</labelname><flag>1</flag></object><object><points><x>0.60254</x><x>0.62891</x><y>0.59632</y><y>0.62606</y></points><label>3</label><labelname>window</labelname><flag>1</flag></object><object><points><x>0.60254</x><x>0.62988</x><y>0.64023</y><y>0.66856</y></points><label>3</label><labelname>window</labelname><flag>1</flag></object><object><points><x>0.60254</x><x>0.62891</x><y>0.68555</y><y>0.71388</y></points><label>3</label><labelname>window</labelname><flag>1</flag></object><object><points><x>0.65625</x><x>0.68262</x><y>0.68697</y><y>0.7153</y></points><label>3</label><labelname>window</labelname><flag>1</flag></object><object><points><x>0.65625</x><x>0.68262</x><y>0.64164</y><y>0.66997</y></points><label>3</label><labelname>window</labelname><flag>1</flag></object><object><points><x>0.65625</x><x>0.68262</x><y>0.59632</y><y>0.62465</y></points><label>3</label><labelname>window</labelname><flag>1</flag></object><object><points><x>0.71289</x><x>0.73926</x><y>0.59773</y><y>0.62606</y></points><label>3</label><labelname>window</labelname><flag>1</flag></object><object><points><x>0.71289</x><x>0.73926</x><y>0.64164</y><y>0.66997</y></points><label>3</label><labelname>window</labelname><flag>1</flag></object><object><points><x>0.71387</x><x>0.74023</x><y>0.68697</y><y>0.71671</y></points><label>3</label><labelname>window</labelname><flag>1</flag></object><object><points><x>0.77441</x><x>0.80078</x><y>0.59773</y><y>0.62606</y></points><label>3</label><labelname>window</labelname><flag>1</flag></object><object><points><x>0.77441</x><x>0.80078</x><y>0.64164</y><y>0.67139</y></points><label>3</label><labelname>window</labelname><flag>1</flag></object><object><points><x>0.77441</x><x>0.80078</x><y>0.68697</y><y>0.71671</y></points><label>3</label><labelname>window</labelname><flag>1</flag></object><object><points><x>0.83594</x><x>0.86621</x><y>0.64164</y><y>0.6728</y></points><label>3</label><labelname>window</labelname><flag>1</flag></object><object><points><x>0.83496</x><x>0.86523</x><y>0.68839</y><y>0.71955</y></points><label>3</label><labelname>window</labelname><flag>1</flag></object><object><points><x>0.035156</x><x>0.061523</x><y>0.47309</y><y>0.5085</y></points><label>3</label><labelname>window</labelname><flag>1</flag></object><object><points><x>0.085938</x><x>0.097656</x><y>0.47167</y><y>0.50567</y></points><label>3</label><labelname>window</labelname><flag>1</flag></object><object><points><x>0.91602</x><x>0.98145</x><y>0.14306</y><y>0.2238</y></points><label>4</label><labelname>door</labelname><flag>1</flag></object><object><points><x>0.29004</x><x>0.30762</x><y>0.1289</y><y>0.26629</y></points><label>7</label><labelname>balcony</labelname><flag>1</flag></object><object><points><x>0.084961</x><x>0.10645</x><y>0.46601</y><y>0.53541</y></points><label>7</label><labelname>balcony</labelname><flag>1</flag></object><object><points><x>0.4541</x><x>0.4834</x><y>0.17564</y><y>0.20963</y></points><label>8</label><labelname>blind</labelname><flag>1</flag></object><object><points><x>0.51367</x><x>0.54297</x><y>0.31161</y><y>0.34136</y></points><label>8</label><labelname>blind</labelname><flag>1</flag></object><object><points><x>0.51367</x><x>0.54297</x><y>0.17564</y><y>0.20963</y></points><label>8</label><labelname>blind</labelname><flag>1</flag></object><object><points><x>0.51367</x><x>0.54297</x><y>0.36261</y><y>0.39377</y></points><label>8</label><labelname>blind</labelname><flag>1</flag></object><object><points><x>0.51367</x><x>0.54297</x><y>0.41218</y><y>0.44334</y></points><label>8</label><labelname>blind</labelname><flag>1</flag></object><object><points><x>0.4541</x><x>0.4834</x><y>0.36261</y><y>0.39377</y></points><label>8</label><labelname>blind</labelname><flag>1</flag></object><object><points><x>0.57422</x><x>0.60352</x><y>0.31161</y><y>0.34136</y></points><label>8</label><labelname>blind</labelname><flag>1</flag></object><object><points><x>0.57422</x><x>0.60254</x><y>0.36261</y><y>0.39377</y></points><label>8</label><labelname>blind</labelname><flag>1</flag></object><object><points><x>0.5752</x><x>0.60352</x><y>0.41218</y><y>0.44334</y></points><label>8</label><labelname>blind</labelname><flag>1</flag></object><object><points><x>0.15918</x><x>0.18848</x><y>0.31586</y><y>0.34703</y></points><label>8</label><labelname>blind</labelname><flag>1</flag></object><object><points><x>0.15918</x><x>0.1875</x><y>0.36686</y><y>0.3966</y></points><label>8</label><labelname>blind</labelname><flag>1</flag></object><object><points><x>0.16016</x><x>0.18848</x><y>0.41643</y><y>0.44759</y></points><label>8</label><labelname>blind</labelname><flag>1</flag></object><object><points><x>0.15918</x><x>0.18848</x><y>0.46601</y><y>0.49717</y></points><label>8</label><labelname>blind</labelname><flag>1</flag></object><object><points><x>0.16016</x><x>0.18945</x><y>0.51558</y><y>0.54674</y></points><label>8</label><labelname>blind</labelname><flag>1</flag></object><object><points><x>0.21777</x><x>0.24707</x><y>0.46317</y><y>0.49433</y></points><label>8</label><labelname>blind</labelname><flag>1</flag></object><object><points><x>0.27637</x><x>0.30566</x><y>0.31445</y><y>0.34561</y></points><label>8</label><labelname>blind</labelname><flag>1</flag></object><object><points><x>0.27637</x><x>0.30566</x><y>0.36544</y><y>0.3966</y></points><label>8</label><labelname>blind</labelname><flag>1</flag></object><object><points><x>0.27734</x><x>0.30566</x><y>0.41501</y><y>0.44618</y></points><label>8</label><labelname>blind</labelname><flag>1</flag></object><object><points><x>0.27637</x><x>0.30469</x><y>0.46459</y><y>0.49575</y></points><label>8</label><labelname>blind</labelname><flag>1</flag></object><object><points><x>0.27637</x><x>0.30469</x><y>0.51558</y><y>0.54533</y></points><label>8</label><labelname>blind</labelname><flag>1</flag></object><object><points><x>0.33594</x><x>0.36523</x><y>0.31445</y><y>0.34419</y></points><label>8</label><labelname>blind</labelname><flag>1</flag></object><object><points><x>0.33594</x><x>0.36523</x><y>0.41501</y><y>0.44476</y></points><label>8</label><labelname>blind</labelname><flag>1</flag></object><object><points><x>0.39453</x><x>0.42383</x><y>0.46317</y><y>0.49433</y></points><label>8</label><labelname>blind</labelname><flag>1</flag></object><object><points><x>0.39453</x><x>0.42285</x><y>0.51416</y><y>0.54533</y></points><label>8</label><labelname>blind</labelname><flag>1</flag></object><object><points><x>0.45508</x><x>0.4834</x><y>0.46459</y><y>0.49575</y></points><label>8</label><labelname>blind</labelname><flag>1</flag></object><object><points><x>0.45508</x><x>0.4834</x><y>0.51558</y><y>0.54674</y></points><label>8</label><labelname>blind</labelname><flag>1</flag></object><object><points><x>0.51367</x><x>0.54297</x><y>0.46317</y><y>0.49433</y></points><label>8</label><labelname>blind</labelname><flag>1</flag></object><object><points><x>0.51465</x><x>0.54297</x><y>0.51558</y><y>0.54674</y></points><label>8</label><labelname>blind</labelname><flag>1</flag></object><object><points><x>0.57422</x><x>0.60254</x><y>0.46317</y><y>0.49292</y></points><label>8</label><labelname>blind</labelname><flag>1</flag></object><object><points><x>0.57422</x><x>0.60352</x><y>0.51558</y><y>0.54674</y></points><label>8</label><labelname>blind</labelname><flag>1</flag></object><object><points><x>0.63477</x><x>0.66309</x><y>0.46317</y><y>0.49433</y></points><label>8</label><labelname>blind</labelname><flag>1</flag></object><object><points><x>0.63477</x><x>0.66406</x><y>0.51558</y><y>0.54533</y></points><label>8</label><labelname>blind</labelname><flag>1</flag></object><object><points><x>0.7666</x><x>0.79492</x><y>0.46459</y><y>0.49433</y></points><label>8</label><labelname>blind</labelname><flag>1</flag></object><object><points><x>0.7666</x><x>0.7959</x><y>0.51558</y><y>0.54533</y></points><label>8</label><labelname>blind</labelname><flag>1</flag></object><object><points><x>0.83594</x><x>0.86523</x><y>0.51558</y><y>0.54533</y></points><label>8</label><labelname>blind</labelname><flag>1</flag></object><object><points><x>0.83594</x><x>0.86523</x><y>0.46317</y><y>0.49433</y></points><label>8</label><labelname>blind</labelname><flag>1</flag></object><object><points><x>0.83691</x><x>0.86523</x><y>0.41218</y><y>0.44193</y></points><label>8</label><labelname>blind</labelname><flag>1</flag></object><object><points><x>0.83594</x><x>0.86426</x><y>0.35977</y><y>0.39093</y></points><label>8</label><labelname>blind</labelname><flag>1</flag></object><object><points><x>0.7666</x><x>0.79492</x><y>0.30878</y><y>0.33994</y></points><label>8</label><labelname>blind</labelname><flag>1</flag></object><object><points><x>0.83496</x><x>0.86426</x><y>0.1728</y><y>0.20397</y></points><label>8</label><labelname>blind</labelname><flag>1</flag></object><object><points><x>0.83594</x><x>0.86523</x><y>0.073654</y><y>0.10482</y></points><label>8</label><labelname>blind</labelname><flag>1</flag></object><object><points><x>0.76855</x><x>0.79688</x><y>0.076487</y><y>0.10765</y></points><label>8</label><labelname>blind</labelname><flag>1</flag></object><object><points><x>0.58008</x><x>0.60938</x><y>0.080737</y><y>0.11048</y></points><label>8</label><labelname>blind</labelname><flag>1</flag></object><object><points><x>0.52148</x><x>0.5498</x><y>0.080737</y><y>0.1119</y></points><label>8</label><labelname>blind</labelname><flag>1</flag></object><object><points><x>0.34766</x><x>0.37598</x><y>0.086402</y><y>0.11615</y></points><label>8</label><labelname>blind</labelname><flag>1</flag></object><object><points><x>0.33594</x><x>0.36523</x><y>0.17989</y><y>0.20963</y></points><label>8</label><labelname>blind</labelname><flag>1</flag></object><object><points><x>0.073242</x><x>0.09668</x><y>0.59773</y><y>0.62323</y></points><label>8</label><labelname>blind</labelname><flag>1</flag></object><object><points><x>0.073242</x><x>0.09668</x><y>0.64023</y><y>0.66714</y></points><label>8</label><labelname>blind</labelname><flag>1</flag></object><object><points><x>0.073242</x><x>0.09668</x><y>0.68555</y><y>0.71105</y></points><label>8</label><labelname>blind</labelname><flag>1</flag></object><object><points><x>0.125</x><x>0.14844</x><y>0.64164</y><y>0.66714</y></points><label>8</label><labelname>blind</labelname><flag>1</flag></object><object><points><x>0.2334</x><x>0.25684</x><y>0.59773</y><y>0.62323</y></points><label>8</label><labelname>blind</labelname><flag>1</flag></object><object><points><x>0.23438</x><x>0.25781</x><y>0.64023</y><y>0.66714</y></points><label>8</label><labelname>blind</labelname><flag>1</flag></object><object><points><x>0.2334</x><x>0.25684</x><y>0.68555</y><y>0.71105</y></points><label>8</label><labelname>blind</labelname><flag>1</flag></object><object><points><x>0.28613</x><x>0.30957</x><y>0.59632</y><y>0.62323</y></points><label>8</label><labelname>blind</labelname><flag>1</flag></object><object><points><x>0.33789</x><x>0.3623</x><y>0.59773</y><y>0.62465</y></points><label>8</label><labelname>blind</labelname><flag>1</flag></object><object><points><x>0.33789</x><x>0.3623</x><y>0.64164</y><y>0.66856</y></points><label>8</label><labelname>blind</labelname><flag>1</flag></object><object><points><x>0.33789</x><x>0.3623</x><y>0.68555</y><y>0.71246</y></points><label>8</label><labelname>blind</labelname><flag>1</flag></object><object><points><x>0.39062</x><x>0.41504</x><y>0.59632</y><y>0.62181</y></points><label>8</label><labelname>blind</labelname><flag>1</flag></object><object><points><x>0.49609</x><x>0.52051</x><y>0.59773</y><y>0.62323</y></points><label>8</label><labelname>blind</labelname><flag>1</flag></object><object><points><x>0.5498</x><x>0.57422</x><y>0.59632</y><y>0.62323</y></points><label>8</label><labelname>blind</labelname><flag>1</flag></object><object><points><x>0.55078</x><x>0.5752</x><y>0.64164</y><y>0.66856</y></points><label>8</label><labelname>blind</labelname><flag>1</flag></object><object><points><x>0.5498</x><x>0.57422</x><y>0.68697</y><y>0.71388</y></points><label>8</label><labelname>blind</labelname><flag>1</flag></object><object><points><x>0.60352</x><x>0.62793</x><y>0.59773</y><y>0.62465</y></points><label>8</label><labelname>blind</labelname><flag>1</flag></object><object><points><x>0.71484</x><x>0.73926</x><y>0.59915</y><y>0.62465</y></points><label>8</label><labelname>blind</labelname><flag>1</flag></object><object><points><x>0.77539</x><x>0.7998</x><y>0.64448</y><y>0.66997</y></points><label>8</label><labelname>blind</labelname><flag>1</flag></object><object><points><x>0.77539</x><x>0.7998</x><y>0.6898</y><y>0.7153</y></points><label>8</label><labelname>blind</labelname><flag>1</flag></object><object><points><x>0.83691</x><x>0.86621</x><y>0.64164</y><y>0.67139</y></points><label>8</label><labelname>blind</labelname><flag>1</flag></object><object><points><x>0.83594</x><x>0.86523</x><y>0.6898</y><y>0.71955</y></points><label>8</label><labelname>blind</labelname><flag>1</flag></object><object><points><x>0.66504</x><x>0.68848</x><y>0.86261</y><y>0.88527</y></points><label>8</label><labelname>blind</labelname><flag>1</flag></object><object><points><x>0.66504</x><x>0.68848</x><y>0.90652</y><y>0.93059</y></points><label>8</label><labelname>blind</labelname><flag>1</flag></object><object><points><x>0.71875</x><x>0.74219</x><y>0.86402</y><y>0.8881</y></points><label>8</label><labelname>blind</labelname><flag>1</flag></object><object><points><x>0.7793</x><x>0.80273</x><y>0.86544</y><y>0.8881</y></points><label>8</label><labelname>blind</labelname><flag>1</flag></object><object><points><x>0.77734</x><x>0.80176</x><y>0.91076</y><y>0.93343</y></points><label>8</label><labelname>blind</labelname><flag>1</flag></object><object><points><x>0.71973</x><x>0.74316</x><y>0.90793</y><y>0.93201</y></points><label>8</label><labelname>blind</labelname><flag>1</flag></object><object><points><x>0.61328</x><x>0.6377</x><y>0.86261</y><y>0.88669</y></points><label>8</label><labelname>blind</labelname><flag>1</flag></object><object><points><x>0.56152</x><x>0.58594</x><y>0.90368</y><y>0.92635</y></points><label>8</label><labelname>blind</labelname><flag>1</flag></object><object><points><x>0.30957</x><x>0.33301</x><y>0.85836</y><y>0.88102</y></points><label>8</label><labelname>blind</labelname><flag>1</flag></object><object><points><x>0.25879</x><x>0.28223</x><y>0.85694</y><y>0.88102</y></points><label>8</label><labelname>blind</labelname><flag>1</flag></object><object><points><x>0.10547</x><x>0.12891</x><y>0.85552</y><y>0.8796</y></points><label>8</label><labelname>blind</labelname><flag>1</flag></object><object><points><x>0.10547</x><x>0.12891</x><y>0.89802</y><y>0.9221</y></points><label>8</label><labelname>blind</labelname><flag>1</flag></object><object><points><x>0.055664</x><x>0.079102</x><y>0.89802</y><y>0.9221</y></points><label>8</label><labelname>blind</labelname><flag>1</flag></object><object><points><x>0.055664</x><x>0.080078</x><y>0.85552</y><y>0.8796</y></points><label>8</label><labelname>blind</labelname><flag>1</flag></object><object><points><x>0.0068359</x><x>0.030273</x><y>0.85552</y><y>0.8796</y></points><label>8</label><labelname>blind</labelname><flag>1</flag></object><object><points><x>0.0068359</x><x>0.030273</x><y>0.8966</y><y>0.92068</y></points><label>8</label><labelname>blind</labelname><flag>1</flag></object><object><points><x>0.40625</x><x>0.43262</x><y>0.084986</y><y>0.11615</y></points><label>8</label><labelname>blind</labelname><flag>1</flag></object><object><points><x>0.39453</x><x>0.41113</x><y>0.17847</y><y>0.21105</y></points><label>8</label><labelname>blind</labelname><flag>1</flag></object><object><points><x>0.46387</x><x>0.4873</x><y>0.082153</y><y>0.1119</y></points><label>8</label><labelname>blind</labelname><flag>1</flag></object><object><points><x>0.63379</x><x>0.64746</x><y>0.17422</y><y>0.2068</y></points><label>8</label><labelname>blind</labelname><flag>1</flag></object><object><points><x>0.63965</x><x>0.64551</x><y>0.07932</y><y>0.11048</y></points><label>8</label><labelname>blind</labelname><flag>1</flag></object><object><points><x>0.70215</x><x>0.72852</x><y>0.077904</y><y>0.10765</y></points><label>8</label><labelname>blind</labelname><flag>1</flag></object><object><points><x>0.69922</x><x>0.71094</x><y>0.17422</y><y>0.20538</y></points><label>8</label><labelname>blind</labelname><flag>1</flag></object><object><points><x>0.7666</x><x>0.78516</x><y>0.1728</y><y>0.20397</y></points><label>8</label><labelname>blind</labelname><flag>1</flag></object><object><points><x>0.83691</x><x>0.85938</x><y>0.30737</y><y>0.33994</y></points><label>8</label><labelname>blind</labelname><flag>1</flag></object><object><points><x>0.7666</x><x>0.78906</x><y>0.35977</y><y>0.39235</y></points><label>8</label><labelname>blind</labelname><flag>1</flag></object><object><points><x>0.7666</x><x>0.78027</x><y>0.41076</y><y>0.44334</y></points><label>8</label><labelname>blind</labelname><flag>1</flag></object><object><points><x>0.69922</x><x>0.72559</x><y>0.35977</y><y>0.39235</y></points><label>8</label><labelname>blind</labelname><flag>1</flag></object><object><points><x>0.69922</x><x>0.72656</x><y>0.41218</y><y>0.44476</y></points><label>8</label><labelname>blind</labelname><flag>1</flag></object><object><points><x>0.63477</x><x>0.64746</x><y>0.3102</y><y>0.34278</y></points><label>8</label><labelname>blind</labelname><flag>1</flag></object><object><points><x>0.63477</x><x>0.64258</x><y>0.35977</y><y>0.39235</y></points><label>8</label><labelname>blind</labelname><flag>1</flag></object><object><points><x>0.63477</x><x>0.63965</x><y>0.41218</y><y>0.44334</y></points><label>8</label><labelname>blind</labelname><flag>1</flag></object><object><points><x>0.45508</x><x>0.47852</x><y>0.31161</y><y>0.34419</y></points><label>8</label><labelname>blind</labelname><flag>1</flag></object><object><points><x>0.4541</x><x>0.47852</x><y>0.41218</y><y>0.44476</y></points><label>8</label><labelname>blind</labelname><flag>1</flag></object><object><points><x>0.39551</x><x>0.41016</x><y>0.31303</y><y>0.34561</y></points><label>8</label><labelname>blind</labelname><flag>1</flag></object><object><points><x>0.39453</x><x>0.41113</x><y>0.36261</y><y>0.39518</y></points><label>8</label><labelname>blind</labelname><flag>1</flag></object><object><points><x>0.39453</x><x>0.40723</x><y>0.41218</y><y>0.44476</y></points><label>8</label><labelname>blind</labelname><flag>1</flag></object><object><points><x>0.33594</x><x>0.34668</x><y>0.36402</y><y>0.3966</y></points><label>8</label><labelname>blind</labelname><flag>1</flag></object><object><points><x>0.33496</x><x>0.34766</x><y>0.51416</y><y>0.54674</y></points><label>8</label><labelname>blind</labelname><flag>1</flag></object><object><points><x>0.33594</x><x>0.35156</x><y>0.46459</y><y>0.49717</y></points><label>8</label><labelname>blind</labelname><flag>1</flag></object><object><points><x>0.21777</x><x>0.23828</x><y>0.31445</y><y>0.34703</y></points><label>8</label><labelname>blind</labelname><flag>1</flag></object><object><points><x>0.21777</x><x>0.24316</x><y>0.36544</y><y>0.3966</y></points><label>8</label><labelname>blind</labelname><flag>1</flag></object><object><points><x>0.21875</x><x>0.23926</x><y>0.4136</y><y>0.44618</y></points><label>8</label><labelname>blind</labelname><flag>1</flag></object><object><points><x>0.21777</x><x>0.23926</x><y>0.51558</y><y>0.54816</y></points><label>8</label><labelname>blind</labelname><flag>1</flag></object><object><points><x>0.12402</x><x>0.13184</x><y>0.68414</y><y>0.71105</y></points><label>8</label><labelname>blind</labelname><flag>1</flag></object><object><points><x>0.12305</x><x>0.13477</x><y>0.59632</y><y>0.62323</y></points><label>8</label><labelname>blind</labelname><flag>1</flag></object><object><points><x>0.17871</x><x>0.19043</x><y>0.59773</y><y>0.62465</y></points><label>8</label><labelname>blind</labelname><flag>1</flag></object><object><points><x>0.17969</x><x>0.19141</x><y>0.64164</y><y>0.66714</y></points><label>8</label><labelname>blind</labelname><flag>1</flag></object><object><points><x>0.17969</x><x>0.19043</x><y>0.68555</y><y>0.71246</y></points><label>8</label><labelname>blind</labelname><flag>1</flag></object><object><points><x>0.28516</x><x>0.29004</x><y>0.64023</y><y>0.66714</y></points><label>8</label><labelname>blind</labelname><flag>1</flag></object><object><points><x>0.39062</x><x>0.39453</x><y>0.68555</y><y>0.71246</y></points><label>8</label><labelname>blind</labelname><flag>1</flag></object><object><points><x>0.44336</x><x>0.44824</x><y>0.64164</y><y>0.66856</y></points><label>8</label><labelname>blind</labelname><flag>1</flag></object><object><points><x>0.44238</x><x>0.4502</x><y>0.68555</y><y>0.71246</y></points><label>8</label><labelname>blind</labelname><flag>1</flag></object><object><points><x>0.44238</x><x>0.45215</x><y>0.59773</y><y>0.62465</y></points><label>8</label><labelname>blind</labelname><flag>1</flag></object><object><points><x>0.49609</x><x>0.50488</x><y>0.68697</y><y>0.71388</y></points><label>8</label><labelname>blind</labelname><flag>1</flag></object><object><points><x>0.49609</x><x>0.5</x><y>0.64306</y><y>0.66997</y></points><label>8</label><labelname>blind</labelname><flag>1</flag></object><object><points><x>0.60254</x><x>0.6084</x><y>0.68697</y><y>0.71388</y></points><label>8</label><labelname>blind</labelname><flag>1</flag></object><object><points><x>0.60352</x><x>0.60938</x><y>0.64164</y><y>0.66856</y></points><label>8</label><labelname>blind</labelname><flag>1</flag></object><object><points><x>0.65625</x><x>0.66309</x><y>0.64164</y><y>0.66856</y></points><label>8</label><labelname>blind</labelname><flag>1</flag></object><object><points><x>0.65625</x><x>0.66895</x><y>0.59773</y><y>0.62465</y></points><label>8</label><labelname>blind</labelname><flag>1</flag></object><object><points><x>0.71387</x><x>0.72363</x><y>0.64164</y><y>0.66856</y></points><label>8</label><labelname>blind</labelname><flag>1</flag></object><object><points><x>0.71387</x><x>0.72754</x><y>0.68839</y><y>0.7153</y></points><label>8</label><labelname>blind</labelname><flag>1</flag></object><object><points><x>0.6123</x><x>0.62305</x><y>0.9051</y><y>0.92918</y></points><label>8</label><labelname>blind</labelname><flag>1</flag></object><object><points><x>0.57422</x><x>0.59961</x><y>0.17564</y><y>0.20822</y></points><label>8</label><labelname>blind</labelname><flag>1</flag></object><object><points><x>0.84961</x><x>0.86719</x><y>0.59632</y><y>0.84986</y></points><label>7</label><labelname>balcony</labelname><flag>1</flag></object><object><points><x>0.11816</x><x>0.12305</x><y>0.5255</y><y>0.53116</y></points><label>11</label><labelname>pillar</labelname><flag>1</flag></object><object><points><x>0.11816</x><x>0.12305</x><y>0.47734</y><y>0.48442</y></points><label>11</label><labelname>pillar</labelname><flag>1</flag></object><object><points><x>0.11426</x><x>0.11816</x><y>0.47592</y><y>0.48725</y></points><label>11</label><labelname>pillar</labelname><flag>1</flag></object><object><points><x>0.11426</x><x>0.11816</x><y>0.52266</y><y>0.53541</y></points><label>11</label><labelname>pillar</labelname><flag>1</flag></object><object><points><x>0.91211</x><x>0.94629</x><y>0.032578</y><y>0.11615</y></points><label>12</label><labelname>shop</labelname><flag>1</flag></object><object><points><x>0.88965</x><x>0.94531</x><y>0.35411</y><y>0.51416</y></points><label>12</label><labelname>shop</labelname><flag>1</flag></object><object><points><x>0.87012</x><x>0.93457</x><y>0.59915</y><y>0.88385</y></points><label>12</label><labelname>shop</labelname><flag>1</flag></object><object><points><x>0.93457</x><x>0.97754</x><y>0.40935</y><y>0.44618</y></points><label>4</label><labelname>door</labelname><flag>1</flag></object><object><points><x>0.92285</x><x>0.96875</x><y>0.70538</y><y>0.74363</y></points><label>4</label><labelname>door</labelname><flag>1</flag></object><object><points><x>0.93359</x><x>0.95898</x><y>0.35552</y><y>0.3966</y></points><label>3</label><labelname>window</labelname><flag>1</flag></object><object><points><x>0.93359</x><x>0.95996</x><y>0.45609</y><y>0.49575</y></points><label>3</label><labelname>window</labelname><flag>1</flag></object><object><points><x>0.9248</x><x>0.9541</x><y>0.60057</y><y>0.69263</y></points><label>3</label><labelname>window</labelname><flag>1</flag></object><object><points><x>0.92383</x><x>0.95215</x><y>0.75637</y><y>0.84844</y></points><label>3</label><labelname>window</labelname><flag>1</flag></object>