<object><points><x>0.16192</x><x>0.86207</x><y>0.0019531</y><y>0.99805</y></points><label>2</label><labelname>facade</labelname><flag>1</flag></object><object><points><x>0.23388</x><x>0.31784</x><y>0.058594</y><y>0.094727</y></points><label>3</label><labelname>window</labelname><flag>1</flag></object><object><points><x>0.23238</x><x>0.31634</x><y>0.12793</y><y>0.16406</y></points><label>3</label><labelname>window</labelname><flag>1</flag></object><object><points><x>0.23388</x><x>0.31634</x><y>0.19531</y><y>0.23145</y></points><label>3</label><labelname>window</labelname><flag>1</flag></object><object><points><x>0.23238</x><x>0.31634</x><y>0.2627</y><y>0.29883</y></points><label>3</label><labelname>window</labelname><flag>1</flag></object><object><points><x>0.22489</x><x>0.31484</x><y>0.35059</y><y>0.38672</y></points><label>3</label><labelname>window</labelname><flag>1</flag></object><object><points><x>0.22489</x><x>0.31634</x><y>0.4082</y><y>0.44336</y></points><label>3</label><labelname>window</labelname><flag>1</flag></object><object><points><x>0.22789</x><x>0.31784</x><y>0.47754</y><y>0.51367</y></points><label>3</label><labelname>window</labelname><flag>1</flag></object><object><points><x>0.22639</x><x>0.31634</x><y>0.54395</y><y>0.58008</y></points><label>3</label><labelname>window</labelname><flag>1</flag></object><object><points><x>0.22789</x><x>0.31784</x><y>0.61133</y><y>0.64746</y></points><label>3</label><labelname>window</labelname><flag>1</flag></object><object><points><x>0.22789</x><x>0.31784</x><y>0.6875</y><y>0.72363</y></points><label>3</label><labelname>window</labelname><flag>1</flag></object><object><points><x>0.22939</x><x>0.31934</x><y>0.75391</y><y>0.79004</y></points><label>3</label><labelname>window</labelname><flag>1</flag></object><object><points><x>0.22789</x><x>0.31784</x><y>0.82324</y><y>0.85938</y></points><label>3</label><labelname>window</labelname><flag>1</flag></object><object><points><x>0.22789</x><x>0.31784</x><y>0.88867</y><y>0.9248</y></points><label>3</label><labelname>window</labelname><flag>1</flag></object><object><points><x>0.37481</x><x>0.46927</x><y>0.060547</y><y>0.095703</y></points><label>3</label><labelname>window</labelname><flag>1</flag></object><object><points><x>0.37481</x><x>0.46927</x><y>0.12793</y><y>0.16309</y></points><label>3</label><labelname>window</labelname><flag>1</flag></object><object><points><x>0.37331</x><x>0.46927</x><y>0.19629</y><y>0.23145</y></points><label>3</label><labelname>window</labelname><flag>1</flag></object><object><points><x>0.37331</x><x>0.46927</x><y>0.26367</y><y>0.29883</y></points><label>3</label><labelname>window</labelname><flag>1</flag></object><object><points><x>0.52324</x><x>0.61919</x><y>0.060547</y><y>0.094727</y></points><label>3</label><labelname>window</labelname><flag>1</flag></object><object><points><x>0.52324</x><x>0.61919</x><y>0.12793</y><y>0.16309</y></points><label>3</label><labelname>window</labelname><flag>1</flag></object><object><points><x>0.52324</x><x>0.61919</x><y>0.19531</y><y>0.23047</y></points><label>3</label><labelname>window</labelname><flag>1</flag></object><object><points><x>0.52324</x><x>0.61919</x><y>0.26367</y><y>0.29883</y></points><label>3</label><labelname>window</labelname><flag>1</flag></object><object><points><x>0.68516</x><x>0.78411</x><y>0.060547</y><y>0.095703</y></points><label>3</label><labelname>window</labelname><flag>1</flag></object><object><points><x>0.68516</x><x>0.78411</x><y>0.12793</y><y>0.16309</y></points><label>3</label><labelname>window</labelname><flag>1</flag></object><object><points><x>0.68666</x><x>0.78411</x><y>0.19629</y><y>0.23145</y></points><label>3</label><labelname>window</labelname><flag>1</flag></object><object><points><x>0.68516</x><x>0.78411</x><y>0.26367</y><y>0.29883</y></points><label>3</label><labelname>window</labelname><flag>1</flag></object><object><points><x>0.37481</x><x>0.47076</x><y>0.41113</y><y>0.44629</y></points><label>3</label><labelname>window</labelname><flag>1</flag></object><object><points><x>0.37481</x><x>0.47076</x><y>0.47949</y><y>0.51367</y></points><label>3</label><labelname>window</labelname><flag>1</flag></object><object><points><x>0.37631</x><x>0.47226</x><y>0.54492</y><y>0.58008</y></points><label>3</label><labelname>window</labelname><flag>1</flag></object><object><points><x>0.37781</x><x>0.47376</x><y>0.61133</y><y>0.64648</y></points><label>3</label><labelname>window</labelname><flag>1</flag></object><object><points><x>0.52324</x><x>0.61919</x><y>0.41113</y><y>0.44629</y></points><label>3</label><labelname>window</labelname><flag>1</flag></object><object><points><x>0.52474</x><x>0.62069</x><y>0.47852</y><y>0.5127</y></points><label>3</label><labelname>window</labelname><flag>1</flag></object><object><points><x>0.52624</x><x>0.62219</x><y>0.54492</y><y>0.58008</y></points><label>3</label><labelname>window</labelname><flag>1</flag></object><object><points><x>0.52624</x><x>0.62219</x><y>0.61035</y><y>0.64551</y></points><label>3</label><labelname>window</labelname><flag>1</flag></object><object><points><x>0.52624</x><x>0.62219</x><y>0.6875</y><y>0.72266</y></points><label>3</label><labelname>window</labelname><flag>1</flag></object><object><points><x>0.52624</x><x>0.62219</x><y>0.75391</y><y>0.78906</y></points><label>3</label><labelname>window</labelname><flag>1</flag></object><object><points><x>0.68516</x><x>0.78111</x><y>0.41113</y><y>0.44531</y></points><label>3</label><labelname>window</labelname><flag>1</flag></object><object><points><x>0.68366</x><x>0.78411</x><y>0.47656</y><y>0.51172</y></points><label>3</label><labelname>window</labelname><flag>1</flag></object><object><points><x>0.68516</x><x>0.78411</x><y>0.54395</y><y>0.5791</y></points><label>3</label><labelname>window</labelname><flag>1</flag></object><object><points><x>0.68516</x><x>0.78411</x><y>0.61035</y><y>0.64551</y></points><label>3</label><labelname>window</labelname><flag>1</flag></object><object><points><x>0.68516</x><x>0.78411</x><y>0.6875</y><y>0.72266</y></points><label>3</label><labelname>window</labelname><flag>1</flag></object><object><points><x>0.68516</x><x>0.78411</x><y>0.75586</y><y>0.79004</y></points><label>3</label><labelname>window</labelname><flag>1</flag></object><object><points><x>0.68516</x><x>0.78411</x><y>0.82227</y><y>0.85742</y></points><label>3</label><labelname>window</labelname><flag>1</flag></object><object><points><x>0.68516</x><x>0.78411</x><y>0.88965</y><y>0.92383</y></points><label>3</label><labelname>window</labelname><flag>1</flag></object><object><points><x>0.52474</x><x>0.61769</x><y>0.88867</y><y>0.92578</y></points><label>3</label><labelname>window</labelname><flag>1</flag></object><object><points><x>0.52474</x><x>0.61619</x><y>0.82031</y><y>0.85742</y></points><label>3</label><labelname>window</labelname><flag>1</flag></object><object><points><x>0.37631</x><x>0.46327</x><y>0.82324</y><y>0.85938</y></points><label>3</label><labelname>window</labelname><flag>1</flag></object><object><points><x>0.37781</x><x>0.46477</x><y>0.75391</y><y>0.79102</y></points><label>3</label><labelname>window</labelname><flag>1</flag></object><object><points><x>0.37781</x><x>0.46327</x><y>0.68848</y><y>0.72461</y></points><label>3</label><labelname>window</labelname><flag>1</flag></object><object><points><x>0.52174</x><x>0.61319</x><y>0.33594</y><y>0.37109</y></points><label>3</label><labelname>window</labelname><flag>1</flag></object><object><points><x>0.37331</x><x>0.46927</x><y>0.33496</y><y>0.37109</y></points><label>3</label><labelname>window</labelname><flag>1</flag></object><object><points><x>0.70465</x><x>0.81859</x><y>0.33398</y><y>0.37207</y></points><label>4</label><labelname>door</labelname><flag>1</flag></object><object><points><x>0.82009</x><x>0.85607</x><y>0.13281</y><y>0.15918</y></points><label>3</label><labelname>window</labelname><flag>1</flag></object><object><points><x>0.81859</x><x>0.85607</x><y>0.20117</y><y>0.22754</y></points><label>3</label><labelname>window</labelname><flag>1</flag></object><object><points><x>0.81859</x><x>0.85607</x><y>0.06543</y><y>0.091797</y></points><label>3</label><labelname>window</labelname><flag>1</flag></object><object><points><x>0.82009</x><x>0.85607</x><y>0.26953</y><y>0.2959</y></points><label>3</label><labelname>window</labelname><flag>1</flag></object><object><points><x>0.82609</x><x>0.85457</x><y>0.41602</y><y>0.44043</y></points><label>3</label><labelname>window</labelname><flag>1</flag></object><object><points><x>0.82459</x><x>0.85457</x><y>0.54688</y><y>0.5752</y></points><label>3</label><labelname>window</labelname><flag>1</flag></object><object><points><x>0.82609</x><x>0.85307</x><y>0.61426</y><y>0.64258</y></points><label>3</label><labelname>window</labelname><flag>1</flag></object><object><points><x>0.82309</x><x>0.85307</x><y>0.69141</y><y>0.7207</y></points><label>3</label><labelname>window</labelname><flag>1</flag></object><object><points><x>0.81859</x><x>0.85307</x><y>0.75879</y><y>0.78711</y></points><label>3</label><labelname>window</labelname><flag>1</flag></object><object><points><x>0.82009</x><x>0.85457</x><y>0.8252</y><y>0.85352</y></points><label>3</label><labelname>window</labelname><flag>1</flag></object><object><points><x>0.31634</x><x>0.32234</x><y>0.056641</y><y>0.097656</y></points><label>6</label><labelname>sill</labelname><flag>1</flag></object><object><points><x>0.31484</x><x>0.32234</x><y>0.125</y><y>0.16602</y></points><label>6</label><labelname>sill</labelname><flag>1</flag></object><object><points><x>0.31634</x><x>0.32234</x><y>0.19238</y><y>0.2334</y></points><label>6</label><labelname>sill</labelname><flag>1</flag></object><object><points><x>0.31334</x><x>0.32084</x><y>0.26172</y><y>0.30273</y></points><label>6</label><labelname>sill</labelname><flag>1</flag></object><object><points><x>0.31334</x><x>0.32084</x><y>0.34863</y><y>0.39062</y></points><label>6</label><labelname>sill</labelname><flag>1</flag></object><object><points><x>0.31634</x><x>0.32234</x><y>0.40625</y><y>0.44727</y></points><label>6</label><labelname>sill</labelname><flag>1</flag></object><object><points><x>0.31484</x><x>0.32084</x><y>0.47559</y><y>0.51758</y></points><label>6</label><labelname>sill</labelname><flag>1</flag></object><object><points><x>0.31634</x><x>0.32234</x><y>0.54199</y><y>0.58398</y></points><label>6</label><labelname>sill</labelname><flag>1</flag></object><object><points><x>0.31784</x><x>0.32384</x><y>0.6084</y><y>0.64941</y></points><label>6</label><labelname>sill</labelname><flag>1</flag></object><object><points><x>0.46177</x><x>0.46777</x><y>0.82031</y><y>0.86133</y></points><label>6</label><labelname>sill</labelname><flag>1</flag></object><object><points><x>0.46177</x><x>0.46777</x><y>0.75195</y><y>0.79297</y></points><label>6</label><labelname>sill</labelname><flag>1</flag></object><object><points><x>0.46177</x><x>0.46777</x><y>0.6875</y><y>0.72852</y></points><label>6</label><labelname>sill</labelname><flag>1</flag></object><object><points><x>0.47076</x><x>0.47676</x><y>0.60938</y><y>0.65137</y></points><label>6</label><labelname>sill</labelname><flag>1</flag></object><object><points><x>0.46777</x><x>0.47526</x><y>0.54297</y><y>0.58496</y></points><label>6</label><labelname>sill</labelname><flag>1</flag></object><object><points><x>0.46777</x><x>0.47526</x><y>0.47461</y><y>0.5166</y></points><label>6</label><labelname>sill</labelname><flag>1</flag></object><object><points><x>0.46777</x><x>0.47526</x><y>0.40918</y><y>0.4502</y></points><label>6</label><labelname>sill</labelname><flag>1</flag></object><object><points><x>0.46777</x><x>0.47376</x><y>0.33301</y><y>0.37402</y></points><label>6</label><labelname>sill</labelname><flag>1</flag></object><object><points><x>0.46777</x><x>0.47376</x><y>0.26172</y><y>0.30371</y></points><label>6</label><labelname>sill</labelname><flag>1</flag></object><object><points><x>0.46627</x><x>0.47376</x><y>0.19434</y><y>0.23535</y></points><label>6</label><labelname>sill</labelname><flag>1</flag></object><object><points><x>0.46777</x><x>0.47376</x><y>0.12598</y><y>0.16699</y></points><label>6</label><labelname>sill</labelname><flag>1</flag></object><object><points><x>0.46927</x><x>0.47526</x><y>0.057617</y><y>0.099609</y></points><label>6</label><labelname>sill</labelname><flag>1</flag></object><object><points><x>0.61619</x><x>0.62219</x><y>0.056641</y><y>0.098633</y></points><label>6</label><labelname>sill</labelname><flag>1</flag></object><object><points><x>0.61619</x><x>0.62369</x><y>0.125</y><y>0.16602</y></points><label>6</label><labelname>sill</labelname><flag>1</flag></object><object><points><x>0.61619</x><x>0.62369</x><y>0.19336</y><y>0.23438</y></points><label>6</label><labelname>sill</labelname><flag>1</flag></object><object><points><x>0.61769</x><x>0.62369</x><y>0.26172</y><y>0.30273</y></points><label>6</label><labelname>sill</labelname><flag>1</flag></object><object><points><x>0.61169</x><x>0.61919</x><y>0.33301</y><y>0.37402</y></points><label>6</label><labelname>sill</labelname><flag>1</flag></object><object><points><x>0.61769</x><x>0.62369</x><y>0.4082</y><y>0.44922</y></points><label>6</label><labelname>sill</labelname><flag>1</flag></object><object><points><x>0.61919</x><x>0.62519</x><y>0.47559</y><y>0.5166</y></points><label>6</label><labelname>sill</labelname><flag>1</flag></object><object><points><x>0.61919</x><x>0.62519</x><y>0.54297</y><y>0.58398</y></points><label>6</label><labelname>sill</labelname><flag>1</flag></object><object><points><x>0.61769</x><x>0.62369</x><y>0.6084</y><y>0.65039</y></points><label>6</label><labelname>sill</labelname><flag>1</flag></object><object><points><x>0.61919</x><x>0.62519</x><y>0.68652</y><y>0.72754</y></points><label>6</label><labelname>sill</labelname><flag>1</flag></object><object><points><x>0.61919</x><x>0.62519</x><y>0.75195</y><y>0.7959</y></points><label>6</label><labelname>sill</labelname><flag>1</flag></object><object><points><x>0.61769</x><x>0.62519</x><y>0.81836</y><y>0.86328</y></points><label>6</label><labelname>sill</labelname><flag>1</flag></object><object><points><x>0.61919</x><x>0.62519</x><y>0.8877</y><y>0.92871</y></points><label>6</label><labelname>sill</labelname><flag>1</flag></object><object><points><x>0.78411</x><x>0.7916</x><y>0.88867</y><y>0.93262</y></points><label>6</label><labelname>sill</labelname><flag>1</flag></object><object><points><x>0.78261</x><x>0.7901</x><y>0.81934</y><y>0.86328</y></points><label>6</label><labelname>sill</labelname><flag>1</flag></object><object><points><x>0.78261</x><x>0.7901</x><y>0.75098</y><y>0.7959</y></points><label>6</label><labelname>sill</labelname><flag>1</flag></object><object><points><x>0.78261</x><x>0.7901</x><y>0.68359</y><y>0.72852</y></points><label>6</label><labelname>sill</labelname><flag>1</flag></object><object><points><x>0.78261</x><x>0.7901</x><y>0.60742</y><y>0.65137</y></points><label>6</label><labelname>sill</labelname><flag>1</flag></object><object><points><x>0.78111</x><x>0.7901</x><y>0.54004</y><y>0.58496</y></points><label>6</label><labelname>sill</labelname><flag>1</flag></object><object><points><x>0.77961</x><x>0.78861</x><y>0.47266</y><y>0.5166</y></points><label>6</label><labelname>sill</labelname><flag>1</flag></object><object><points><x>0.78111</x><x>0.78861</x><y>0.4082</y><y>0.45215</y></points><label>6</label><labelname>sill</labelname><flag>1</flag></object><object><points><x>0.78261</x><x>0.7901</x><y>0.26074</y><y>0.30566</y></points><label>6</label><labelname>sill</labelname><flag>1</flag></object><object><points><x>0.78261</x><x>0.7901</x><y>0.19141</y><y>0.23535</y></points><label>6</label><labelname>sill</labelname><flag>1</flag></object><object><points><x>0.78261</x><x>0.7901</x><y>0.12402</y><y>0.16895</y></points><label>6</label><labelname>sill</labelname><flag>1</flag></object><object><points><x>0.78261</x><x>0.7901</x><y>0.056641</y><y>0.10059</y></points><label>6</label><labelname>sill</labelname><flag>1</flag></object><object><points><x>0.64918</x><x>0.72264</x><y>0.31836</y><y>0.39258</y></points><label>9</label><labelname>deco</labelname><flag>1</flag></object><object><points><x>0.34183</x><x>0.35982</x><y>0.0039062</y><y>0.99609</y></points><label>10</label><labelname>molding</labelname><flag>1</flag></object><object><points><x>0.49175</x><x>0.51124</x><y>0.0039062</y><y>0.99512</y></points><label>10</label><labelname>molding</labelname><flag>1</flag></object><object><points><x>0.65517</x><x>0.67166</x><y>0.0048828</y><y>0.99609</y></points><label>10</label><labelname>molding</labelname><flag>1</flag></object><object><points><x>0.78561</x><x>0.8021</x><y>0.0029297</y><y>0.99414</y></points><label>10</label><labelname>molding</labelname><flag>1</flag></object>