<object><points><x>0.30859</x><x>0.3916</x><y>0.47396</y><y>0.4987</y></points><label>3</label><labelname>window</labelname><flag>1</flag></object><object><points><x>0.43555</x><x>0.51172</x><y>0.47786</y><y>0.4987</y></points><label>3</label><labelname>window</labelname><flag>1</flag></object><object><points><x>0.30469</x><x>0.36719</x><y>0.52995</y><y>0.63151</y></points><label>3</label><labelname>window</labelname><flag>1</flag></object><object><points><x>0.43164</x><x>0.49609</x><y>0.52995</y><y>0.63151</y></points><label>3</label><labelname>window</labelname><flag>1</flag></object><object><points><x>0.55664</x><x>0.625</x><y>0.53125</y><y>0.63151</y></points><label>3</label><labelname>window</labelname><flag>1</flag></object><object><points><x>0.68359</x><x>0.74902</x><y>0.53125</y><y>0.63151</y></points><label>3</label><labelname>window</labelname><flag>1</flag></object><object><points><x>0.56152</x><x>0.63477</x><y>0.47917</y><y>0.5</y></points><label>3</label><labelname>window</labelname><flag>1</flag></object><object><points><x>0.67773</x><x>0.75586</x><y>0.47786</y><y>0.5013</y></points><label>3</label><labelname>window</labelname><flag>1</flag></object><object><points><x>0.80859</x><x>0.87695</x><y>0.48698</y><y>0.50781</y></points><label>3</label><labelname>window</labelname><flag>1</flag></object><object><points><x>0.80859</x><x>0.87598</x><y>0.53776</y><y>0.60807</y></points><label>3</label><labelname>window</labelname><flag>1</flag></object><object><points><x>0.7998</x><x>0.87793</x><y>0.67969</y><y>0.80469</y></points><label>3</label><labelname>window</labelname><flag>1</flag></object><object><points><x>0.67969</x><x>0.75977</x><y>0.67839</y><y>0.80469</y></points><label>3</label><labelname>window</labelname><flag>1</flag></object><object><points><x>0.56152</x><x>0.6416</x><y>0.67708</y><y>0.80469</y></points><label>3</label><labelname>window</labelname><flag>1</flag></object><object><points><x>0.32422</x><x>0.39941</x><y>0.67708</y><y>0.80599</y></points><label>3</label><labelname>window</labelname><flag>1</flag></object><object><points><x>0.44141</x><x>0.52051</x><y>0.67839</y><y>0.80599</y></points><label>3</label><labelname>window</labelname><flag>1</flag></object><object><points><x>0.80957</x><x>0.87695</x><y>0.40495</y><y>0.44922</y></points><label>3</label><labelname>window</labelname><flag>1</flag></object><object><points><x>0.9209</x><x>0.98535</x><y>0.40495</y><y>0.44922</y></points><label>4</label><labelname>door</labelname><flag>1</flag></object><object><points><x>0.18066</x><x>0.98633</x><y>0.18099</y><y>0.84115</y></points><label>2</label><labelname>facade</labelname><flag>1</flag></object><object><points><x>0.21777</x><x>0.25</x><y>0.54688</y><y>0.61198</y></points><label>3</label><labelname>window</labelname><flag>1</flag></object><object><points><x>0.83984</x><x>0.9668</x><y>0.24479</y><y>0.31641</y></points><label>4</label><labelname>door</labelname><flag>1</flag></object><object><points><x>0.71582</x><x>0.77539</x><y>0.23307</y><y>0.32422</y></points><label>3</label><labelname>window</labelname><flag>1</flag></object><object><points><x>0.60742</x><x>0.66406</x><y>0.23438</y><y>0.32552</y></points><label>3</label><labelname>window</labelname><flag>1</flag></object><object><points><x>0.58789</x><x>0.63965</x><y>0.35677</y><y>0.3737</y></points><label>3</label><labelname>window</labelname><flag>1</flag></object><object><points><x>0.70312</x><x>0.75879</x><y>0.35547</y><y>0.3724</y></points><label>3</label><labelname>window</labelname><flag>1</flag></object><object><points><x>0.49805</x><x>0.54004</x><y>0.23438</y><y>0.32682</y></points><label>3</label><labelname>window</labelname><flag>1</flag></object><object><points><x>0.47168</x><x>0.51953</x><y>0.35417</y><y>0.3724</y></points><label>3</label><labelname>window</labelname><flag>1</flag></object><object><points><x>0.38477</x><x>0.41113</x><y>0.23438</y><y>0.32552</y></points><label>3</label><labelname>window</labelname><flag>1</flag></object><object><points><x>0.35449</x><x>0.39648</x><y>0.35417</y><y>0.3737</y></points><label>3</label><labelname>window</labelname><flag>1</flag></object><object><points><x>0.41504</x><x>0.47363</x><y>0.10547</y><y>0.13932</y></points><label>3</label><labelname>window</labelname><flag>1</flag></object><object><points><x>0.41504</x><x>0.47363</x><y>0.052083</y><y>0.085938</y></points><label>3</label><labelname>window</labelname><flag>1</flag></object><object><points><x>0.52441</x><x>0.58496</x><y>0.10547</y><y>0.13932</y></points><label>3</label><labelname>window</labelname><flag>1</flag></object><object><points><x>0.6377</x><x>0.7041</x><y>0.10417</y><y>0.13802</y></points><label>3</label><labelname>window</labelname><flag>1</flag></object><object><points><x>0.92188</x><x>0.98047</x><y>0.72656</y><y>0.76042</y></points><label>4</label><labelname>door</labelname><flag>1</flag></object><object><points><x>0.9082</x><x>0.92188</x><y>0.68099</y><y>0.80469</y></points><label>3</label><labelname>window</labelname><flag>1</flag></object><object><points><x>0.92188</x><x>0.96973</x><y>0.76042</y><y>0.80339</y></points><label>3</label><labelname>window</labelname><flag>1</flag></object><object><points><x>0.92285</x><x>0.96973</x><y>0.68229</y><y>0.72526</y></points><label>3</label><labelname>window</labelname><flag>1</flag></object><object><points><x>0.37695</x><x>0.38867</x><y>0.06901</y><y>0.12109</y></points><label>3</label><labelname>window</labelname><flag>1</flag></object><object><points><x>0.60352</x><x>0.6377</x><y>0.085938</y><y>0.16406</y></points><label>5</label><labelname>cornice</labelname><flag>1</flag></object><object><points><x>0.47949</x><x>0.52148</x><y>0.03125</y><y>0.16536</y></points><label>5</label><labelname>cornice</labelname><flag>1</flag></object><object><points><x>0.39648</x><x>0.41211</x><y>0.096354</y><y>0.15365</y></points><label>5</label><labelname>cornice</labelname><flag>1</flag></object><object><points><x>0.39648</x><x>0.41211</x><y>0.044271</y><y>0.095052</y></points><label>5</label><labelname>cornice</labelname><flag>1</flag></object><object><points><x>0.24707</x><x>0.30176</x><y>0.51042</y><y>0.65234</y></points><label>5</label><labelname>cornice</labelname><flag>1</flag></object><object><points><x>0.52051</x><x>0.5459</x><y>0.51693</y><y>0.64974</y></points><label>5</label><labelname>cornice</labelname><flag>1</flag></object><object><points><x>0.5293</x><x>0.56543</x><y>0.46745</y><y>0.50911</y></points><label>5</label><labelname>cornice</labelname><flag>1</flag></object><object><points><x>0.5293</x><x>0.54883</x><y>0.66797</y><y>0.8138</y></points><label>5</label><labelname>cornice</labelname><flag>1</flag></object><object><points><x>0.6377</x><x>0.6709</x><y>0.53906</y><y>0.6276</y></points><label>5</label><labelname>cornice</labelname><flag>1</flag></object><object><points><x>0.6543</x><x>0.67676</x><y>0.47656</y><y>0.50391</y></points><label>5</label><labelname>cornice</labelname><flag>1</flag></object><object><points><x>0.65234</x><x>0.66895</x><y>0.67057</y><y>0.8138</y></points><label>5</label><labelname>cornice</labelname><flag>1</flag></object><object><points><x>0.27246</x><x>0.31934</x><y>0.46875</y><y>0.50521</y></points><label>5</label><labelname>cornice</labelname><flag>1</flag></object><object><points><x>0.36523</x><x>0.38184</x><y>0.52344</y><y>0.63802</y></points><label>6</label><labelname>sill</labelname><flag>1</flag></object><object><points><x>0.39746</x><x>0.41113</x><y>0.67188</y><y>0.8112</y></points><label>6</label><labelname>sill</labelname><flag>1</flag></object><object><points><x>0.49316</x><x>0.5127</x><y>0.52344</y><y>0.63802</y></points><label>6</label><labelname>sill</labelname><flag>1</flag></object><object><points><x>0.50098</x><x>0.52734</x><y>0.47266</y><y>0.50391</y></points><label>6</label><labelname>sill</labelname><flag>1</flag></object><object><points><x>0.37012</x><x>0.40332</x><y>0.47135</y><y>0.50521</y></points><label>6</label><labelname>sill</labelname><flag>1</flag></object><object><points><x>0.62305</x><x>0.63281</x><y>0.52604</y><y>0.63932</y></points><label>6</label><labelname>sill</labelname><flag>1</flag></object><object><points><x>0.625</x><x>0.64453</x><y>0.47005</y><y>0.50521</y></points><label>6</label><labelname>sill</labelname><flag>1</flag></object><object><points><x>0.74609</x><x>0.75586</x><y>0.52474</y><y>0.63672</y></points><label>6</label><labelname>sill</labelname><flag>1</flag></object><object><points><x>0.74902</x><x>0.76367</x><y>0.47135</y><y>0.50391</y></points><label>6</label><labelname>sill</labelname><flag>1</flag></object><object><points><x>0.75781</x><x>0.7666</x><y>0.67188</y><y>0.8151</y></points><label>6</label><labelname>sill</labelname><flag>1</flag></object><object><points><x>0.63965</x><x>0.64941</x><y>0.67318</y><y>0.8099</y></points><label>6</label><labelname>sill</labelname><flag>1</flag></object><object><points><x>0.58398</x><x>0.60254</x><y>0.035156</y><y>0.16016</y></points><label>6</label><labelname>sill</labelname><flag>1</flag></object><object><points><x>0.70312</x><x>0.73145</x><y>0.085938</y><y>0.15885</y></points><label>7</label><labelname>balcony</labelname><flag>1</flag></object><object><points><x>0.74902</x><x>0.78711</x><y>0.21094</y><y>0.38021</y></points><label>7</label><labelname>balcony</labelname><flag>1</flag></object><object><points><x>0.62207</x><x>0.66699</x><y>0.21354</y><y>0.38151</y></points><label>7</label><labelname>balcony</labelname><flag>1</flag></object><object><points><x>0.50293</x><x>0.54785</x><y>0.21094</y><y>0.38021</y></points><label>7</label><labelname>balcony</labelname><flag>1</flag></object><object><points><x>0.38086</x><x>0.42578</x><y>0.21094</y><y>0.38021</y></points><label>7</label><labelname>balcony</labelname><flag>1</flag></object><object><points><x>0.4502</x><x>0.52637</x><y>0.41536</y><y>0.44531</y></points><label>9</label><labelname>deco</labelname><flag>1</flag></object><object><points><x>0.37598</x><x>0.38965</x><y>0.13802</y><y>0.15495</y></points><label>9</label><labelname>deco</labelname><flag>1</flag></object><object><points><x>0.375</x><x>0.38867</x><y>0.035156</y><y>0.050781</y></points><label>9</label><labelname>deco</labelname><flag>1</flag></object><object><points><x>0.76465</x><x>0.79492</x><y>0.1862</y><y>0.83984</y></points><label>10</label><labelname>molding</labelname><flag>1</flag></object><object><points><x>0.60547</x><x>0.62695</x><y>0.1849</y><y>0.83854</y></points><label>10</label><labelname>molding</labelname><flag>1</flag></object><object><points><x>0.8877</x><x>0.91016</x><y>0.18229</y><y>0.83594</y></points><label>10</label><labelname>molding</labelname><flag>1</flag></object><object><points><x>0.53516</x><x>0.58203</x><y>0.088542</y><y>0.10026</y></points><label>11</label><labelname>pillar</labelname><flag>1</flag></object><object><points><x>0.58203</x><x>0.58594</x><y>0.08724</y><y>0.10156</y></points><label>11</label><labelname>pillar</labelname><flag>1</flag></object><object><points><x>0.52246</x><x>0.53418</x><y>0.085938</y><y>0.10547</y></points><label>11</label><labelname>pillar</labelname><flag>1</flag></object>