<object><points><x>0.0039062</x><x>0.83105</x><y>0.14451</y><y>0.82428</y></points><label>2</label><labelname>facade</labelname><flag>1</flag></object><object><points><x>0.13867</x><x>0.19629</x><y>0.34682</y><y>0.40116</y></points><label>3</label><labelname>window</labelname><flag>1</flag></object><object><points><x>0.13867</x><x>0.19922</x><y>0.55145</y><y>0.60925</y></points><label>3</label><labelname>window</labelname><flag>1</flag></object><object><points><x>0.085938</x><x>0.15039</x><y>0.0069364</y><y>0.065896</y></points><label>3</label><labelname>window</labelname><flag>1</flag></object><object><points><x>0.24414</x><x>0.36426</x><y>0.0046243</y><y>0.068208</y></points><label>3</label><labelname>window</labelname><flag>1</flag></object><object><points><x>0.44629</x><x>0.56641</x><y>0.0046243</y><y>0.06474</y></points><label>3</label><labelname>window</labelname><flag>1</flag></object><object><points><x>0.52051</x><x>0.59766</x><y>0.21734</y><y>0.29595</y></points><label>3</label><labelname>window</labelname><flag>1</flag></object><object><points><x>0.51953</x><x>0.59766</x><y>0.43931</y><y>0.51792</y></points><label>3</label><labelname>window</labelname><flag>1</flag></object><object><points><x>0.52148</x><x>0.59863</x><y>0.67283</y><y>0.75145</y></points><label>3</label><labelname>window</labelname><flag>1</flag></object><object><points><x>0.29688</x><x>0.39746</x><y>0.22312</y><y>0.30173</y></points><label>3</label><labelname>window</labelname><flag>1</flag></object><object><points><x>0.29688</x><x>0.39844</x><y>0.44046</y><y>0.51792</y></points><label>3</label><labelname>window</labelname><flag>1</flag></object><object><points><x>0.29785</x><x>0.39941</x><y>0.66936</y><y>0.74798</y></points><label>3</label><labelname>window</labelname><flag>1</flag></object><object><points><x>0.47168</x><x>0.54785</x><y>0.8289</y><y>0.95376</y></points><label>3</label><labelname>window</labelname><flag>1</flag></object><object><points><x>0.6709</x><x>0.81152</x><y>0.0046243</y><y>0.091329</y></points><label>4</label><labelname>door</labelname><flag>1</flag></object><object><points><x>0.70117</x><x>0.82227</x><y>0.31329</y><y>0.38382</y></points><label>4</label><labelname>door</labelname><flag>1</flag></object><object><points><x>0.69824</x><x>0.81641</x><y>0.43468</y><y>0.50636</y></points><label>4</label><labelname>door</labelname><flag>1</flag></object><object><points><x>0.38379</x><x>0.44238</x><y>0.0046243</y><y>0.095954</y></points><label>5</label><labelname>cornice</labelname><flag>1</flag></object><object><points><x>0.40039</x><x>0.47266</x><y>0.19538</y><y>0.32948</y></points><label>6</label><labelname>sill</labelname><flag>1</flag></object><object><points><x>0.39941</x><x>0.47168</x><y>0.41272</y><y>0.54682</y></points><label>6</label><labelname>sill</labelname><flag>1</flag></object><object><points><x>0.40137</x><x>0.47363</x><y>0.64624</y><y>0.78035</y></points><label>6</label><labelname>sill</labelname><flag>1</flag></object><object><points><x>0.59961</x><x>0.64258</x><y>0.64509</y><y>0.78497</y></points><label>6</label><labelname>sill</labelname><flag>1</flag></object><object><points><x>0.59863</x><x>0.6416</x><y>0.41156</y><y>0.5526</y></points><label>6</label><labelname>sill</labelname><flag>1</flag></object><object><points><x>0.60059</x><x>0.64355</x><y>0.18728</y><y>0.32717</y></points><label>6</label><labelname>sill</labelname><flag>1</flag></object><object><points><x>0.56055</x><x>0.5957</x><y>0.0023121</y><y>0.086705</y></points><label>6</label><labelname>sill</labelname><flag>1</flag></object><object><points><x>0.35645</x><x>0.38086</x><y>0.0046243</y><y>0.087861</y></points><label>6</label><labelname>sill</labelname><flag>1</flag></object><object><points><x>0.13379</x><x>0.19727</x><y>0.31214</y><y>0.34566</y></points><label>8</label><labelname>blind</labelname><flag>1</flag></object><object><points><x>0.13281</x><x>0.19629</x><y>0.40694</y><y>0.44046</y></points><label>8</label><labelname>blind</labelname><flag>1</flag></object><object><points><x>0.13574</x><x>0.19922</x><y>0.51792</y><y>0.55145</y></points><label>8</label><labelname>blind</labelname><flag>1</flag></object><object><points><x>0.1377</x><x>0.20117</x><y>0.6104</y><y>0.64393</y></points><label>8</label><labelname>blind</labelname><flag>1</flag></object><object><points><x>0.28516</x><x>0.39844</x><y>0.1815</y><y>0.22081</y></points><label>8</label><labelname>blind</labelname><flag>1</flag></object><object><points><x>0.28516</x><x>0.39941</x><y>0.3052</y><y>0.34566</y></points><label>8</label><labelname>blind</labelname><flag>1</flag></object><object><points><x>0.28613</x><x>0.40039</x><y>0.4</y><y>0.43931</y></points><label>8</label><labelname>blind</labelname><flag>1</flag></object><object><points><x>0.28809</x><x>0.40137</x><y>0.52139</y><y>0.56763</y></points><label>8</label><labelname>blind</labelname><flag>1</flag></object><object><points><x>0.29199</x><x>0.40527</x><y>0.62659</y><y>0.66705</y></points><label>8</label><labelname>blind</labelname><flag>1</flag></object><object><points><x>0.29395</x><x>0.40332</x><y>0.75145</y><y>0.79769</y></points><label>8</label><labelname>blind</labelname><flag>1</flag></object><object><points><x>0.51562</x><x>0.59961</x><y>0.16879</y><y>0.21503</y></points><label>8</label><labelname>blind</labelname><flag>1</flag></object><object><points><x>0.51758</x><x>0.60059</x><y>0.29827</y><y>0.34451</y></points><label>8</label><labelname>blind</labelname><flag>1</flag></object><object><points><x>0.51562</x><x>0.59863</x><y>0.39306</y><y>0.43815</y></points><label>8</label><labelname>blind</labelname><flag>1</flag></object><object><points><x>0.51562</x><x>0.59961</x><y>0.52254</y><y>0.56879</y></points><label>8</label><labelname>blind</labelname><flag>1</flag></object><object><points><x>0.51758</x><x>0.60059</x><y>0.62775</y><y>0.67399</y></points><label>8</label><labelname>blind</labelname><flag>1</flag></object><object><points><x>0.51758</x><x>0.60059</x><y>0.75491</y><y>0.80116</y></points><label>8</label><labelname>blind</labelname><flag>1</flag></object><object><points><x>0.23438</x><x>0.27051</x><y>0.16532</y><y>0.81965</y></points><label>10</label><labelname>molding</labelname><flag>1</flag></object><object><points><x>0.4668</x><x>0.49023</x><y>0.16069</y><y>0.82428</y></points><label>10</label><labelname>molding</labelname><flag>1</flag></object><object><points><x>0.63477</x><x>0.69922</x><y>0.16301</y><y>0.82081</y></points><label>10</label><labelname>molding</labelname><flag>1</flag></object><object><points><x>0.27832</x><x>0.45703</x><y>0.35954</y><y>0.38266</y></points><label>11</label><labelname>pillar</labelname><flag>1</flag></object><object><points><x>0.28027</x><x>0.45996</x><y>0.58497</y><y>0.60809</y></points><label>11</label><labelname>pillar</labelname><flag>1</flag></object><object><points><x>0.28223</x><x>0.45996</x><y>0.80116</y><y>0.82197</y></points><label>11</label><labelname>pillar</labelname><flag>1</flag></object><object><points><x>0.5</x><x>0.62207</x><y>0.35838</y><y>0.3815</y></points><label>11</label><labelname>pillar</labelname><flag>1</flag></object><object><points><x>0.5</x><x>0.62207</x><y>0.58728</y><y>0.6104</y></points><label>11</label><labelname>pillar</labelname><flag>1</flag></object><object><points><x>0.5</x><x>0.62598</x><y>0.80694</y><y>0.82428</y></points><label>11</label><labelname>pillar</labelname><flag>1</flag></object><object><points><x>0.71191</x><x>0.81934</x><y>0.35376</y><y>0.38497</y></points><label>11</label><labelname>pillar</labelname><flag>1</flag></object><object><points><x>0.71289</x><x>0.82031</x><y>0.58613</y><y>0.61503</y></points><label>11</label><labelname>pillar</labelname><flag>1</flag></object><object><points><x>0.71289</x><x>0.82031</x><y>0.79769</y><y>0.82312</y></points><label>11</label><labelname>pillar</labelname><flag>1</flag></object><object><points><x>0.70801</x><x>0.81641</x><y>0.14451</y><y>0.16994</y></points><label>11</label><labelname>pillar</labelname><flag>1</flag></object><object><points><x>0.5</x><x>0.62109</x><y>0.14451</y><y>0.16416</y></points><label>11</label><labelname>pillar</labelname><flag>1</flag></object><object><points><x>0.27832</x><x>0.45801</x><y>0.14566</y><y>0.16879</y></points><label>11</label><labelname>pillar</labelname><flag>1</flag></object><object><points><x>0.45801</x><x>0.4707</x><y>0.14451</y><y>0.16994</y></points><label>11</label><labelname>pillar</labelname><flag>1</flag></object><object><points><x>0.45703</x><x>0.4707</x><y>0.35491</y><y>0.38613</y></points><label>11</label><labelname>pillar</labelname><flag>1</flag></object><object><points><x>0.45996</x><x>0.47363</x><y>0.58266</y><y>0.61387</y></points><label>11</label><labelname>pillar</labelname><flag>1</flag></object><object><points><x>0.45996</x><x>0.47266</x><y>0.80116</y><y>0.82428</y></points><label>11</label><labelname>pillar</labelname><flag>1</flag></object><object><points><x>0.62207</x><x>0.6377</x><y>0.14566</y><y>0.16647</y></points><label>11</label><labelname>pillar</labelname><flag>1</flag></object><object><points><x>0.62207</x><x>0.63672</x><y>0.35491</y><y>0.38382</y></points><label>11</label><labelname>pillar</labelname><flag>1</flag></object><object><points><x>0.62305</x><x>0.6377</x><y>0.58382</y><y>0.61387</y></points><label>11</label><labelname>pillar</labelname><flag>1</flag></object><object><points><x>0.62598</x><x>0.6416</x><y>0.80462</y><y>0.82428</y></points><label>11</label><labelname>pillar</labelname><flag>1</flag></object><object><points><x>0.2627</x><x>0.27832</x><y>0.35376</y><y>0.38728</y></points><label>11</label><labelname>pillar</labelname><flag>1</flag></object><object><points><x>0.2627</x><x>0.27832</x><y>0.14566</y><y>0.17225</y></points><label>11</label><labelname>pillar</labelname><flag>1</flag></object><object><points><x>0.26465</x><x>0.28125</x><y>0.57919</y><y>0.61272</y></points><label>11</label><labelname>pillar</labelname><flag>1</flag></object><object><points><x>0.26562</x><x>0.28125</x><y>0.79422</y><y>0.82197</y></points><label>11</label><labelname>pillar</labelname><flag>1</flag></object><object><points><x>0.48145</x><x>0.5</x><y>0.35376</y><y>0.38382</y></points><label>11</label><labelname>pillar</labelname><flag>1</flag></object><object><points><x>0.48145</x><x>0.49902</x><y>0.14451</y><y>0.16763</y></points><label>11</label><labelname>pillar</labelname><flag>1</flag></object><object><points><x>0.48242</x><x>0.50098</x><y>0.58266</y><y>0.61387</y></points><label>11</label><labelname>pillar</labelname><flag>1</flag></object><object><points><x>0.48242</x><x>0.50098</x><y>0.8</y><y>0.82428</y></points><label>11</label><labelname>pillar</labelname><flag>1</flag></object><object><points><x>0.69531</x><x>0.71191</x><y>0.35145</y><y>0.38613</y></points><label>11</label><labelname>pillar</labelname><flag>1</flag></object><object><points><x>0.69727</x><x>0.71289</x><y>0.58266</y><y>0.61734</y></points><label>11</label><labelname>pillar</labelname><flag>1</flag></object><object><points><x>0.69629</x><x>0.71289</x><y>0.79538</y><y>0.82428</y></points><label>11</label><labelname>pillar</labelname><flag>1</flag></object><object><points><x>0.69141</x><x>0.70801</x><y>0.14566</y><y>0.17457</y></points><label>11</label><labelname>pillar</labelname><flag>1</flag></object><object><points><x>0.63574</x><x>0.68945</x><y>0.42659</y><y>0.54566</y></points><label>12</label><labelname>shop</labelname><flag>1</flag></object><object><points><x>0.5332</x><x>0.60449</x><y>0.84393</y><y>0.99653</y></points><label>12</label><labelname>shop</labelname><flag>1</flag></object><object><points><x>0.69824</x><x>0.80859</x><y>0.63584</y><y>0.72832</y></points><label>12</label><labelname>shop</labelname><flag>1</flag></object><object><points><x>0.69922</x><x>0.80859</x><y>0.54451</y><y>0.58035</y></points><label>12</label><labelname>shop</labelname><flag>1</flag></object><object><points><x>0.69629</x><x>0.81152</x><y>0.17572</y><y>0.29827</y></points><label>12</label><labelname>shop</labelname><flag>1</flag></object>