<object><points><x>0.35547</x><x>0.42578</x><y>0.20312</y><y>0.24089</y></points><label>3</label><labelname>window</labelname><flag>1</flag></object><object><points><x>0.36426</x><x>0.44141</x><y>0.15104</y><y>0.17448</y></points><label>3</label><labelname>window</labelname><flag>1</flag></object><object><points><x>0.36523</x><x>0.43848</x><y>0.26693</y><y>0.28516</y></points><label>3</label><labelname>window</labelname><flag>1</flag></object><object><points><x>0.50195</x><x>0.57324</x><y>0.15234</y><y>0.17448</y></points><label>3</label><labelname>window</labelname><flag>1</flag></object><object><points><x>0.50195</x><x>0.57129</x><y>0.26693</y><y>0.28385</y></points><label>3</label><labelname>window</labelname><flag>1</flag></object><object><points><x>0.49512</x><x>0.56445</x><y>0.20312</y><y>0.23958</y></points><label>3</label><labelname>window</labelname><flag>1</flag></object><object><points><x>0.38574</x><x>0.4502</x><y>0.35547</y><y>0.40755</y></points><label>3</label><labelname>window</labelname><flag>1</flag></object><object><points><x>0.51855</x><x>0.58301</x><y>0.35547</y><y>0.40885</y></points><label>3</label><labelname>window</labelname><flag>1</flag></object><object><points><x>0.35742</x><x>0.42578</x><y>0.55469</y><y>0.59245</y></points><label>3</label><labelname>window</labelname><flag>1</flag></object><object><points><x>0.49707</x><x>0.56543</x><y>0.55469</y><y>0.59245</y></points><label>3</label><labelname>window</labelname><flag>1</flag></object><object><points><x>0.50293</x><x>0.57227</x><y>0.49219</y><y>0.52083</y></points><label>3</label><labelname>window</labelname><flag>1</flag></object><object><points><x>0.36426</x><x>0.44238</x><y>0.49089</y><y>0.52083</y></points><label>3</label><labelname>window</labelname><flag>1</flag></object><object><points><x>0.3877</x><x>0.46387</x><y>0.70052</y><y>0.73047</y></points><label>3</label><labelname>window</labelname><flag>1</flag></object><object><points><x>0.52148</x><x>0.5625</x><y>0.72135</y><y>0.75391</y></points><label>3</label><labelname>window</labelname><flag>1</flag></object><object><points><x>0.52148</x><x>0.56641</x><y>0.67839</y><y>0.71094</y></points><label>3</label><labelname>window</labelname><flag>1</flag></object><object><points><x>0.64844</x><x>0.71289</x><y>0.68229</y><y>0.71354</y></points><label>3</label><labelname>window</labelname><flag>1</flag></object><object><points><x>0.64844</x><x>0.71387</x><y>0.72656</y><y>0.75781</y></points><label>3</label><labelname>window</labelname><flag>1</flag></object><object><points><x>0.78027</x><x>0.8457</x><y>0.6875</y><y>0.75391</y></points><label>3</label><labelname>window</labelname><flag>1</flag></object><object><points><x>0.7832</x><x>0.84766</x><y>0.50911</y><y>0.52604</y></points><label>3</label><labelname>window</labelname><flag>1</flag></object><object><points><x>0.78027</x><x>0.84766</x><y>0.53385</y><y>0.5625</y></points><label>3</label><labelname>window</labelname><flag>1</flag></object><object><points><x>0.78223</x><x>0.84668</x><y>0.56901</y><y>0.58724</y></points><label>3</label><labelname>window</labelname><flag>1</flag></object><object><points><x>0.78125</x><x>0.83398</x><y>0.34766</y><y>0.3763</y></points><label>3</label><labelname>window</labelname><flag>1</flag></object><object><points><x>0.78223</x><x>0.83398</x><y>0.39062</y><y>0.41927</y></points><label>3</label><labelname>window</labelname><flag>1</flag></object><object><points><x>0.78418</x><x>0.84863</x><y>0.17578</y><y>0.19401</y></points><label>3</label><labelname>window</labelname><flag>1</flag></object><object><points><x>0.78516</x><x>0.84863</x><y>0.23698</y><y>0.25651</y></points><label>3</label><labelname>window</labelname><flag>1</flag></object><object><points><x>0.78223</x><x>0.84863</x><y>0.20052</y><y>0.23047</y></points><label>3</label><labelname>window</labelname><flag>1</flag></object><object><points><x>0.64941</x><x>0.73535</x><y>0.35547</y><y>0.41016</y></points><label>3</label><labelname>window</labelname><flag>1</flag></object><object><points><x>0.63574</x><x>0.70508</x><y>0.20443</y><y>0.24089</y></points><label>3</label><labelname>window</labelname><flag>1</flag></object><object><points><x>0.63965</x><x>0.71094</x><y>0.15104</y><y>0.17448</y></points><label>3</label><labelname>window</labelname><flag>1</flag></object><object><points><x>0.63965</x><x>0.70996</x><y>0.26693</y><y>0.28385</y></points><label>3</label><labelname>window</labelname><flag>1</flag></object><object><points><x>0.63867</x><x>0.70996</x><y>0.49349</y><y>0.52214</y></points><label>3</label><labelname>window</labelname><flag>1</flag></object><object><points><x>0.63477</x><x>0.70312</x><y>0.55469</y><y>0.59115</y></points><label>3</label><labelname>window</labelname><flag>1</flag></object><object><points><x>0.088867</x><x>0.98926</x><y>0.0039062</y><y>0.82552</y></points><label>2</label><labelname>facade</labelname><flag>1</flag></object><object><points><x>0.2168</x><x>0.28613</x><y>0.55339</y><y>0.59115</y></points><label>3</label><labelname>window</labelname><flag>1</flag></object><object><points><x>0.23633</x><x>0.30566</x><y>0.48958</y><y>0.52214</y></points><label>3</label><labelname>window</labelname><flag>1</flag></object><object><points><x>0.24707</x><x>0.31152</x><y>0.71745</y><y>0.73828</y></points><label>3</label><labelname>window</labelname><flag>1</flag></object><object><points><x>0.25293</x><x>0.31738</x><y>0.6849</y><y>0.70703</y></points><label>3</label><labelname>window</labelname><flag>1</flag></object><object><points><x>0.39258</x><x>0.45703</x><y>0.67578</y><y>0.69531</y></points><label>3</label><labelname>window</labelname><flag>1</flag></object><object><points><x>0.39258</x><x>0.45703</x><y>0.73698</y><y>0.75391</y></points><label>3</label><labelname>window</labelname><flag>1</flag></object><object><points><x>0.25781</x><x>0.27832</x><y>0.35677</y><y>0.40885</y></points><label>3</label><labelname>window</labelname><flag>1</flag></object><object><points><x>0.21484</x><x>0.28516</x><y>0.20182</y><y>0.23958</y></points><label>3</label><labelname>window</labelname><flag>1</flag></object><object><points><x>0.22949</x><x>0.30273</x><y>0.26562</y><y>0.28255</y></points><label>3</label><labelname>window</labelname><flag>1</flag></object><object><points><x>0.39062</x><x>0.46387</x><y>0.027344</y><y>0.057292</y></points><label>3</label><labelname>window</labelname><flag>1</flag></object><object><points><x>0.39258</x><x>0.45605</x><y>0.061198</y><y>0.079427</y></points><label>3</label><labelname>window</labelname><flag>1</flag></object><object><points><x>0.28223</x><x>0.3457</x><y>0.88151</y><y>0.94922</y></points><label>3</label><labelname>window</labelname><flag>1</flag></object><object><points><x>0.88574</x><x>0.98438</x><y>0.34635</y><y>0.41276</y></points><label>4</label><labelname>door</labelname><flag>1</flag></object><object><points><x>0.90039</x><x>0.9834</x><y>0.16536</y><y>0.26562</y></points><label>4</label><labelname>door</labelname><flag>1</flag></object><object><points><x>0.89941</x><x>0.9873</x><y>0.6888</y><y>0.7526</y></points><label>4</label><labelname>door</labelname><flag>1</flag></object><object><points><x>0.89648</x><x>0.95898</x><y>0.51693</y><y>0.58724</y></points><label>3</label><labelname>window</labelname><flag>1</flag></object><object><points><x>0.33105</x><x>0.40527</x><y>0.64844</y><y>0.79297</y></points><label>5</label><labelname>cornice</labelname><flag>1</flag></object><object><points><x>0.32812</x><x>0.40234</x><y>0.0078125</y><y>0.11328</y></points><label>5</label><labelname>cornice</labelname><flag>1</flag></object><object><points><x>0.21875</x><x>0.23633</x><y>0.71354</y><y>0.7513</y></points><label>5</label><labelname>cornice</labelname><flag>1</flag></object><object><points><x>0.2627</x><x>0.28125</x><y>0.8763</y><y>0.96094</y></points><label>5</label><labelname>cornice</labelname><flag>1</flag></object><object><points><x>0.38281</x><x>0.41113</x><y>0.86458</y><y>0.95833</y></points><label>5</label><labelname>cornice</labelname><flag>1</flag></object><object><points><x>0.44629</x><x>0.46094</x><y>0.35156</y><y>0.41536</y></points><label>6</label><labelname>sill</labelname><flag>1</flag></object><object><points><x>0.57617</x><x>0.5918</x><y>0.35026</y><y>0.41406</y></points><label>6</label><labelname>sill</labelname><flag>1</flag></object><object><points><x>0.84277</x><x>0.85352</x><y>0.67969</y><y>0.76042</y></points><label>6</label><labelname>sill</labelname><flag>1</flag></object><object><points><x>0.84375</x><x>0.85547</x><y>0.50521</y><y>0.59115</y></points><label>6</label><labelname>sill</labelname><flag>1</flag></object><object><points><x>0.84668</x><x>0.85742</x><y>0.17188</y><y>0.25911</y></points><label>6</label><labelname>sill</labelname><flag>1</flag></object><object><points><x>0.70312</x><x>0.71387</x><y>0.19922</y><y>0.24349</y></points><label>6</label><labelname>sill</labelname><flag>1</flag></object><object><points><x>0.70508</x><x>0.72168</x><y>0.14583</y><y>0.17448</y></points><label>6</label><labelname>sill</labelname><flag>1</flag></object><object><points><x>0.41895</x><x>0.43359</x><y>0.19792</y><y>0.2474</y></points><label>6</label><labelname>sill</labelname><flag>1</flag></object><object><points><x>0.42871</x><x>0.44922</x><y>0.26693</y><y>0.28906</y></points><label>6</label><labelname>sill</labelname><flag>1</flag></object><object><points><x>0.42871</x><x>0.44922</x><y>0.14974</y><y>0.17839</y></points><label>6</label><labelname>sill</labelname><flag>1</flag></object><object><points><x>0.3418</x><x>0.35254</x><y>0.875</y><y>0.95703</y></points><label>6</label><labelname>sill</labelname><flag>1</flag></object><object><points><x>0.29004</x><x>0.31445</x><y>0.61328</y><y>0.63021</y></points><label>6</label><labelname>sill</labelname><flag>1</flag></object><object><points><x>0.2793</x><x>0.29102</x><y>0.55078</y><y>0.59635</y></points><label>6</label><labelname>sill</labelname><flag>1</flag></object><object><points><x>0.41992</x><x>0.43359</x><y>0.55339</y><y>0.59635</y></points><label>6</label><labelname>sill</labelname><flag>1</flag></object><object><points><x>0.42969</x><x>0.44922</x><y>0.48698</y><y>0.52474</y></points><label>6</label><labelname>sill</labelname><flag>1</flag></object><object><points><x>0.42871</x><x>0.44824</x><y>0.61328</y><y>0.63151</y></points><label>6</label><labelname>sill</labelname><flag>1</flag></object><object><points><x>0.27734</x><x>0.29102</x><y>0.19922</y><y>0.24609</y></points><label>6</label><labelname>sill</labelname><flag>1</flag></object><object><points><x>0.28711</x><x>0.31348</x><y>0.14844</y><y>0.17839</y></points><label>6</label><labelname>sill</labelname><flag>1</flag></object><object><points><x>0.70215</x><x>0.71387</x><y>0.54948</y><y>0.59766</y></points><label>6</label><labelname>sill</labelname><flag>1</flag></object><object><points><x>0.70215</x><x>0.71875</x><y>0.61328</y><y>0.63021</y></points><label>6</label><labelname>sill</labelname><flag>1</flag></object><object><points><x>0.56641</x><x>0.58301</x><y>0.26562</y><y>0.29297</y></points><label>6</label><labelname>sill</labelname><flag>1</flag></object><object><points><x>0.56152</x><x>0.57422</x><y>0.19792</y><y>0.2474</y></points><label>6</label><labelname>sill</labelname><flag>1</flag></object><object><points><x>0.56641</x><x>0.58301</x><y>0.14714</y><y>0.18099</y></points><label>6</label><labelname>sill</labelname><flag>1</flag></object><object><points><x>0.55957</x><x>0.57422</x><y>0.55208</y><y>0.59635</y></points><label>6</label><labelname>sill</labelname><flag>1</flag></object><object><points><x>0.56836</x><x>0.58301</x><y>0.61068</y><y>0.63021</y></points><label>6</label><labelname>sill</labelname><flag>1</flag></object><object><points><x>0.56738</x><x>0.58398</x><y>0.48828</y><y>0.52734</y></points><label>6</label><labelname>sill</labelname><flag>1</flag></object><object><points><x>0.43359</x><x>0.49512</x><y>0.0052083</y><y>0.091146</y></points><label>7</label><labelname>balcony</labelname><flag>1</flag></object><object><points><x>0.69824</x><x>0.73926</x><y>0.26172</y><y>0.54167</y></points><label>7</label><labelname>balcony</labelname><flag>1</flag></object><object><points><x>0.27539</x><x>0.31836</x><y>0.26042</y><y>0.54036</y></points><label>7</label><labelname>balcony</labelname><flag>1</flag></object><object><points><x>0.43457</x><x>0.49609</x><y>0.66797</y><y>0.79818</y></points><label>7</label><labelname>balcony</labelname><flag>1</flag></object><object><points><x>0.55469</x><x>0.62109</x><y>0.66536</y><y>0.8112</y></points><label>7</label><labelname>balcony</labelname><flag>1</flag></object><object><points><x>0.16406</x><x>0.29883</x><y>0.76562</y><y>0.82552</y></points><label>9</label><labelname>deco</labelname><flag>1</flag></object><object><points><x>0.83691</x><x>0.86328</x><y>0.34505</y><y>0.42057</y></points><label>9</label><labelname>deco</labelname><flag>1</flag></object><object><points><x>0.7793</x><x>0.84082</x><y>0.42318</y><y>0.46094</y></points><label>9</label><labelname>deco</labelname><flag>1</flag></object><object><points><x>0.7793</x><x>0.84082</x><y>0.30599</y><y>0.34375</y></points><label>9</label><labelname>deco</labelname><flag>1</flag></object><object><points><x>0.75</x><x>0.78027</x><y>0.34635</y><y>0.42188</y></points><label>9</label><labelname>deco</labelname><flag>1</flag></object><object><points><x>0.75</x><x>0.78125</x><y>0.50521</y><y>0.59245</y></points><label>9</label><labelname>deco</labelname><flag>1</flag></object><object><points><x>0.75391</x><x>0.78223</x><y>0.17057</y><y>0.26432</y></points><label>9</label><labelname>deco</labelname><flag>1</flag></object><object><points><x>0.73633</x><x>0.75586</x><y>0.0065104</y><y>0.82161</y></points><label>10</label><labelname>molding</labelname><flag>1</flag></object><object><points><x>0.18066</x><x>0.28125</x><y>0.44141</y><y>0.45964</y></points><label>11</label><labelname>pillar</labelname><flag>1</flag></object><object><points><x>0.17871</x><x>0.2793</x><y>0.33854</y><y>0.35677</y></points><label>11</label><labelname>pillar</labelname><flag>1</flag></object><object><points><x>0.88086</x><x>0.89648</x><y>0.51562</y><y>0.58854</y></points><label>12</label><labelname>shop</labelname><flag>1</flag></object>