<object><points><x>0.10413</x><x>1</x><y>0.040047</y><y>1</y></points><label>2</label><labelname>facade</labelname><flag>1</flag></object><object><points><x>0.1939</x><x>0.35727</x><y>0.72438</y><y>0.83628</y></points><label>3</label><labelname>window</labelname><flag>1</flag></object><object><points><x>0.1939</x><x>0.35548</x><y>0.56537</y><y>0.67727</y></points><label>3</label><labelname>window</labelname><flag>1</flag></object><object><points><x>0.1921</x><x>0.35368</x><y>0.40872</y><y>0.52061</y></points><label>3</label><labelname>window</labelname><flag>1</flag></object><object><points><x>0.19031</x><x>0.35189</x><y>0.24971</y><y>0.3616</y></points><label>3</label><labelname>window</labelname><flag>1</flag></object><object><points><x>0.18671</x><x>0.34829</x><y>0.083628</y><y>0.19552</y></points><label>3</label><labelname>window</labelname><flag>1</flag></object><object><points><x>0.19928</x><x>0.36086</x><y>0.87868</y><y>0.99058</y></points><label>3</label><labelname>window</labelname><flag>1</flag></object><object><points><x>0.42549</x><x>0.58707</x><y>0.8775</y><y>0.9894</y></points><label>3</label><labelname>window</labelname><flag>1</flag></object><object><points><x>0.42729</x><x>0.58887</x><y>0.7232</y><y>0.8351</y></points><label>3</label><labelname>window</labelname><flag>1</flag></object><object><points><x>0.42729</x><x>0.58887</x><y>0.56537</y><y>0.67727</y></points><label>3</label><labelname>window</labelname><flag>1</flag></object><object><points><x>0.42549</x><x>0.58707</x><y>0.40872</y><y>0.52061</y></points><label>3</label><labelname>window</labelname><flag>1</flag></object><object><points><x>0.42549</x><x>0.58707</x><y>0.24971</y><y>0.3616</y></points><label>3</label><labelname>window</labelname><flag>1</flag></object><object><points><x>0.42011</x><x>0.58169</x><y>0.087161</y><y>0.19906</y></points><label>3</label><labelname>window</labelname><flag>1</flag></object><object><points><x>0.6535</x><x>0.81688</x><y>0.87633</y><y>0.98822</y></points><label>3</label><labelname>window</labelname><flag>1</flag></object><object><points><x>0.6553</x><x>0.81688</x><y>0.72203</y><y>0.83392</y></points><label>3</label><labelname>window</labelname><flag>1</flag></object><object><points><x>0.65709</x><x>0.81867</x><y>0.56419</y><y>0.67609</y></points><label>3</label><labelname>window</labelname><flag>1</flag></object><object><points><x>0.65709</x><x>0.81867</x><y>0.40872</y><y>0.52061</y></points><label>3</label><labelname>window</labelname><flag>1</flag></object><object><points><x>0.6535</x><x>0.81688</x><y>0.24971</y><y>0.3616</y></points><label>3</label><labelname>window</labelname><flag>1</flag></object><object><points><x>0.6535</x><x>0.81508</x><y>0.083628</y><y>0.1967</y></points><label>3</label><labelname>window</labelname><flag>1</flag></object><object><points><x>0.35907</x><x>0.41472</x><y>0.36749</y><y>0.40283</y></points><label>3</label><labelname>window</labelname><flag>1</flag></object><object><points><x>0.35727</x><x>0.41472</x><y>0.2073</y><y>0.24146</y></points><label>3</label><labelname>window</labelname><flag>1</flag></object><object><points><x>0.35548</x><x>0.41113</x><y>0.048292</y><y>0.08245</y></points><label>3</label><labelname>window</labelname><flag>1</flag></object><object><points><x>0.11311</x><x>0.17056</x><y>0.047114</y><y>0.08245</y></points><label>3</label><labelname>window</labelname><flag>1</flag></object><object><points><x>0.12208</x><x>0.17774</x><y>0.2073</y><y>0.24146</y></points><label>3</label><labelname>window</labelname><flag>1</flag></object><object><points><x>0.58707</x><x>0.64273</x><y>0.047114</y><y>0.08245</y></points><label>3</label><labelname>window</labelname><flag>1</flag></object><object><points><x>0.82406</x><x>0.87971</x><y>0.045936</y><y>0.081272</y></points><label>3</label><labelname>window</labelname><flag>1</flag></object><object><points><x>0.58887</x><x>0.64452</x><y>0.2073</y><y>0.24146</y></points><label>3</label><labelname>window</labelname><flag>1</flag></object><object><points><x>0.82406</x><x>0.87971</x><y>0.20612</y><y>0.24146</y></points><label>3</label><labelname>window</labelname><flag>1</flag></object><object><points><x>0.12747</x><x>0.18312</x><y>0.36749</y><y>0.40165</y></points><label>3</label><labelname>window</labelname><flag>1</flag></object><object><points><x>0.59066</x><x>0.64811</x><y>0.36631</y><y>0.40165</y></points><label>3</label><labelname>window</labelname><flag>1</flag></object><object><points><x>0.82406</x><x>0.87971</x><y>0.36396</y><y>0.39929</y></points><label>3</label><labelname>window</labelname><flag>1</flag></object><object><points><x>0.59425</x><x>0.65171</x><y>0.52415</y><y>0.55948</y></points><label>3</label><labelname>window</labelname><flag>1</flag></object><object><points><x>0.35907</x><x>0.41652</x><y>0.52768</y><y>0.56184</y></points><label>3</label><labelname>window</labelname><flag>1</flag></object><object><points><x>0.12747</x><x>0.18312</x><y>0.5265</y><y>0.56066</y></points><label>3</label><labelname>window</labelname><flag>1</flag></object><object><points><x>0.13106</x><x>0.18851</x><y>0.68433</y><y>0.71967</y></points><label>3</label><labelname>window</labelname><flag>1</flag></object><object><points><x>0.36445</x><x>0.42011</x><y>0.68198</y><y>0.71731</y></points><label>3</label><labelname>window</labelname><flag>1</flag></object><object><points><x>0.59246</x><x>0.64991</x><y>0.68198</y><y>0.71731</y></points><label>3</label><labelname>window</labelname><flag>1</flag></object><object><points><x>0.82226</x><x>0.87792</x><y>0.6808</y><y>0.71496</y></points><label>3</label><labelname>window</labelname><flag>1</flag></object><object><points><x>0.81688</x><x>0.87433</x><y>0.83863</y><y>0.87397</y></points><label>3</label><labelname>window</labelname><flag>1</flag></object><object><points><x>0.59246</x><x>0.64991</x><y>0.83863</y><y>0.87397</y></points><label>3</label><labelname>window</labelname><flag>1</flag></object><object><points><x>0.36266</x><x>0.41831</x><y>0.83863</y><y>0.87397</y></points><label>3</label><labelname>window</labelname><flag>1</flag></object><object><points><x>0.13645</x><x>0.1921</x><y>0.83863</y><y>0.87397</y></points><label>3</label><labelname>window</labelname><flag>1</flag></object><object><points><x>0.12388</x><x>0.18133</x><y>0.24853</y><y>0.36396</y></points><label>3</label><labelname>window</labelname><flag>1</flag></object><object><points><x>0.11849</x><x>0.17594</x><y>0.084806</y><y>0.20141</y></points><label>3</label><labelname>window</labelname><flag>1</flag></object><object><points><x>0.35368</x><x>0.41113</x><y>0.085984</y><y>0.20141</y></points><label>3</label><labelname>window</labelname><flag>1</flag></object><object><points><x>0.35907</x><x>0.41472</x><y>0.24617</y><y>0.3616</y></points><label>3</label><labelname>window</labelname><flag>1</flag></object><object><points><x>0.59066</x><x>0.64632</x><y>0.084806</y><y>0.20024</y></points><label>3</label><labelname>window</labelname><flag>1</flag></object><object><points><x>0.82406</x><x>0.87971</x><y>0.085984</y><y>0.20141</y></points><label>3</label><labelname>window</labelname><flag>1</flag></object><object><points><x>0.82226</x><x>0.87971</x><y>0.24617</y><y>0.36278</y></points><label>3</label><labelname>window</labelname><flag>1</flag></object><object><points><x>0.59066</x><x>0.64632</x><y>0.24617</y><y>0.3616</y></points><label>3</label><labelname>window</labelname><flag>1</flag></object><object><points><x>0.59246</x><x>0.64811</x><y>0.40518</y><y>0.52179</y></points><label>3</label><labelname>window</labelname><flag>1</flag></object><object><points><x>0.82585</x><x>0.88151</x><y>0.40518</y><y>0.52179</y></points><label>3</label><labelname>window</labelname><flag>1</flag></object><object><points><x>0.12567</x><x>0.18133</x><y>0.40518</y><y>0.52061</y></points><label>3</label><labelname>window</labelname><flag>1</flag></object><object><points><x>0.36086</x><x>0.41831</x><y>0.40754</y><y>0.52297</y></points><label>3</label><labelname>window</labelname><flag>1</flag></object><object><points><x>0.13106</x><x>0.18851</x><y>0.56302</y><y>0.67845</y></points><label>3</label><labelname>window</labelname><flag>1</flag></object><object><points><x>0.13465</x><x>0.1921</x><y>0.72085</y><y>0.83746</y></points><label>3</label><labelname>window</labelname><flag>1</flag></object><object><points><x>0.13645</x><x>0.1921</x><y>0.87868</y><y>0.99529</y></points><label>3</label><labelname>window</labelname><flag>1</flag></object><object><points><x>0.36445</x><x>0.4219</x><y>0.8775</y><y>0.99293</y></points><label>3</label><labelname>window</labelname><flag>1</flag></object><object><points><x>0.36445</x><x>0.42011</x><y>0.7232</y><y>0.8351</y></points><label>3</label><labelname>window</labelname><flag>1</flag></object><object><points><x>0.36266</x><x>0.41831</x><y>0.56655</y><y>0.67845</y></points><label>3</label><labelname>window</labelname><flag>1</flag></object><object><points><x>0.59246</x><x>0.64811</x><y>0.56537</y><y>0.67727</y></points><label>3</label><labelname>window</labelname><flag>1</flag></object><object><points><x>0.59425</x><x>0.65171</x><y>0.72085</y><y>0.83274</y></points><label>3</label><labelname>window</labelname><flag>1</flag></object><object><points><x>0.59246</x><x>0.64811</x><y>0.87868</y><y>0.99058</y></points><label>3</label><labelname>window</labelname><flag>1</flag></object><object><points><x>0.82585</x><x>0.88151</x><y>0.56302</y><y>0.67491</y></points><label>3</label><labelname>window</labelname><flag>1</flag></object><object><points><x>0.82406</x><x>0.87971</x><y>0.72085</y><y>0.83274</y></points><label>3</label><labelname>window</labelname><flag>1</flag></object><object><points><x>0.82047</x><x>0.87792</x><y>0.87868</y><y>0.99058</y></points><label>3</label><labelname>window</labelname><flag>1</flag></object><object><points><x>0.17953</x><x>0.3465</x><y>0.04947</y><y>0.081272</y></points><label>3</label><labelname>window</labelname><flag>1</flag></object><object><points><x>0.18133</x><x>0.34829</x><y>0.20966</y><y>0.24028</y></points><label>3</label><labelname>window</labelname><flag>1</flag></object><object><points><x>0.18851</x><x>0.35368</x><y>0.36749</y><y>0.40283</y></points><label>3</label><labelname>window</labelname><flag>1</flag></object><object><points><x>0.19031</x><x>0.35548</x><y>0.52532</y><y>0.56066</y></points><label>3</label><labelname>window</labelname><flag>1</flag></object><object><points><x>0.1921</x><x>0.35727</x><y>0.68316</y><y>0.71849</y></points><label>3</label><labelname>window</labelname><flag>1</flag></object><object><points><x>0.19749</x><x>0.35907</x><y>0.83981</y><y>0.87397</y></points><label>3</label><labelname>window</labelname><flag>1</flag></object><object><points><x>0.42729</x><x>0.58887</x><y>0.83981</y><y>0.87397</y></points><label>3</label><labelname>window</labelname><flag>1</flag></object><object><points><x>0.42729</x><x>0.58707</x><y>0.68316</y><y>0.71731</y></points><label>3</label><labelname>window</labelname><flag>1</flag></object><object><points><x>0.4219</x><x>0.58348</x><y>0.52415</y><y>0.5583</y></points><label>3</label><labelname>window</labelname><flag>1</flag></object><object><points><x>0.4219</x><x>0.58169</x><y>0.36631</y><y>0.40047</y></points><label>3</label><labelname>window</labelname><flag>1</flag></object><object><points><x>0.4219</x><x>0.58169</x><y>0.2073</y><y>0.24146</y></points><label>3</label><labelname>window</labelname><flag>1</flag></object><object><points><x>0.42011</x><x>0.57989</x><y>0.048292</y><y>0.081272</y></points><label>3</label><labelname>window</labelname><flag>1</flag></object><object><points><x>0.65171</x><x>0.81688</x><y>0.048292</y><y>0.078916</y></points><label>3</label><labelname>window</labelname><flag>1</flag></object><object><points><x>0.65171</x><x>0.81688</x><y>0.21084</y><y>0.24146</y></points><label>3</label><labelname>window</labelname><flag>1</flag></object><object><points><x>0.6535</x><x>0.81867</x><y>0.36985</y><y>0.40047</y></points><label>3</label><labelname>window</labelname><flag>1</flag></object><object><points><x>0.6553</x><x>0.82047</x><y>0.68433</y><y>0.71496</y></points><label>3</label><labelname>window</labelname><flag>1</flag></object><object><points><x>0.65709</x><x>0.81329</x><y>0.83981</y><y>0.87161</y></points><label>3</label><labelname>window</labelname><flag>1</flag></object><object><points><x>0.89767</x><x>1</x><y>0.68905</y><y>0.81743</y></points><label>3</label><labelname>window</labelname><flag>1</flag></object><object><points><x>0.89228</x><x>0.99282</x><y>0.5371</y><y>0.66549</y></points><label>3</label><labelname>window</labelname><flag>1</flag></object><object><points><x>0.89587</x><x>0.99641</x><y>0.83863</y><y>0.96702</y></points><label>3</label><labelname>window</labelname><flag>1</flag></object><object><points><x>0.89587</x><x>0.99461</x><y>0.37574</y><y>0.51119</y></points><label>3</label><labelname>window</labelname><flag>1</flag></object><object><points><x>0.89228</x><x>0.99282</x><y>0.22379</y><y>0.35807</y></points><label>3</label><labelname>window</labelname><flag>1</flag></object><object><points><x>0.88869</x><x>0.98923</x><y>0.057715</y><y>0.18963</y></points><label>12</label><labelname>shop</labelname><flag>1</flag></object><object><points><x>0.035907</x><x>0.10233</x><y>0.081272</y><y>0.16254</y></points><label>12</label><labelname>shop</labelname><flag>1</flag></object>