<object><points><x>0.050781</x><x>0.99316</x><y>0.0039894</y><y>1</y></points><label>2</label><labelname>facade</labelname><flag>1</flag></object><object><points><x>0.18262</x><x>0.26953</x><y>0.035904</y><y>0.10372</y></points><label>3</label><labelname>window</labelname><flag>1</flag></object><object><points><x>0.17969</x><x>0.2666</x><y>0.22606</y><y>0.29388</y></points><label>3</label><labelname>window</labelname><flag>1</flag></object><object><points><x>0.17773</x><x>0.26465</x><y>0.41755</y><y>0.48537</y></points><label>3</label><labelname>window</labelname><flag>1</flag></object><object><points><x>0.17969</x><x>0.2666</x><y>0.61436</y><y>0.68218</y></points><label>3</label><labelname>window</labelname><flag>1</flag></object><object><points><x>0.18359</x><x>0.26953</x><y>0.80851</y><y>0.87633</y></points><label>3</label><labelname>window</labelname><flag>1</flag></object><object><points><x>0.34082</x><x>0.43945</x><y>0.029255</y><y>0.10239</y></points><label>3</label><labelname>window</labelname><flag>1</flag></object><object><points><x>0.33887</x><x>0.4375</x><y>0.21941</y><y>0.29255</y></points><label>3</label><labelname>window</labelname><flag>1</flag></object><object><points><x>0.33887</x><x>0.4375</x><y>0.41489</y><y>0.4867</y></points><label>3</label><labelname>window</labelname><flag>1</flag></object><object><points><x>0.33887</x><x>0.4375</x><y>0.61037</y><y>0.68351</y></points><label>3</label><labelname>window</labelname><flag>1</flag></object><object><points><x>0.34082</x><x>0.43945</x><y>0.80585</y><y>0.87899</y></points><label>3</label><labelname>window</labelname><flag>1</flag></object><object><points><x>0.52246</x><x>0.625</x><y>0.80718</y><y>0.88032</y></points><label>3</label><labelname>window</labelname><flag>1</flag></object><object><points><x>0.52246</x><x>0.625</x><y>0.61436</y><y>0.6875</y></points><label>3</label><labelname>window</labelname><flag>1</flag></object><object><points><x>0.52148</x><x>0.62402</x><y>0.41622</y><y>0.48936</y></points><label>3</label><labelname>window</labelname><flag>1</flag></object><object><points><x>0.52148</x><x>0.62402</x><y>0.21941</y><y>0.29255</y></points><label>3</label><labelname>window</labelname><flag>1</flag></object><object><points><x>0.69922</x><x>0.80762</x><y>0.22207</y><y>0.29521</y></points><label>3</label><labelname>window</labelname><flag>1</flag></object><object><points><x>0.7002</x><x>0.80859</x><y>0.41489</y><y>0.48803</y></points><label>3</label><labelname>window</labelname><flag>1</flag></object><object><points><x>0.70215</x><x>0.81055</x><y>0.61037</y><y>0.68351</y></points><label>3</label><labelname>window</labelname><flag>1</flag></object><object><points><x>0.70117</x><x>0.80957</x><y>0.80319</y><y>0.87633</y></points><label>3</label><labelname>window</labelname><flag>1</flag></object><object><points><x>0.88086</x><x>0.99316</x><y>0.1875</y><y>0.34309</y></points><label>4</label><labelname>door</labelname><flag>1</flag></object><object><points><x>0.15527</x><x>0.18359</x><y>0.0093085</y><y>0.12899</y></points><label>5</label><labelname>cornice</labelname><flag>1</flag></object><object><points><x>0.14941</x><x>0.18066</x><y>0.19947</y><y>0.31915</y></points><label>5</label><labelname>cornice</labelname><flag>1</flag></object><object><points><x>0.14941</x><x>0.17969</x><y>0.39362</y><y>0.5133</y></points><label>5</label><labelname>cornice</labelname><flag>1</flag></object><object><points><x>0.15039</x><x>0.18164</x><y>0.5891</y><y>0.70878</y></points><label>5</label><labelname>cornice</labelname><flag>1</flag></object><object><points><x>0.15332</x><x>0.18359</x><y>0.7859</y><y>0.90426</y></points><label>5</label><labelname>cornice</labelname><flag>1</flag></object><object><points><x>0.30859</x><x>0.3418</x><y>0.77793</y><y>0.9109</y></points><label>5</label><labelname>cornice</labelname><flag>1</flag></object><object><points><x>0.30469</x><x>0.33887</x><y>0.58644</y><y>0.71941</y></points><label>5</label><labelname>cornice</labelname><flag>1</flag></object><object><points><x>0.30371</x><x>0.33789</x><y>0.39096</y><y>0.52394</y></points><label>5</label><labelname>cornice</labelname><flag>1</flag></object><object><points><x>0.30469</x><x>0.33887</x><y>0.18883</y><y>0.32181</y></points><label>5</label><labelname>cornice</labelname><flag>1</flag></object><object><points><x>0.30566</x><x>0.33984</x><y>0.0053191</y><y>0.1383</y></points><label>5</label><labelname>cornice</labelname><flag>1</flag></object><object><points><x>0.48047</x><x>0.52539</x><y>0.1875</y><y>0.32181</y></points><label>5</label><labelname>cornice</labelname><flag>1</flag></object><object><points><x>0.47852</x><x>0.52246</x><y>0.38298</y><y>0.51729</y></points><label>5</label><labelname>cornice</labelname><flag>1</flag></object><object><points><x>0.47949</x><x>0.52441</x><y>0.58644</y><y>0.72074</y></points><label>5</label><labelname>cornice</labelname><flag>1</flag></object><object><points><x>0.47949</x><x>0.52344</x><y>0.7766</y><y>0.9109</y></points><label>5</label><labelname>cornice</labelname><flag>1</flag></object><object><points><x>0.66113</x><x>0.70508</x><y>0.77394</y><y>0.90824</y></points><label>5</label><labelname>cornice</labelname><flag>1</flag></object><object><points><x>0.66309</x><x>0.70703</x><y>0.58245</y><y>0.71676</y></points><label>5</label><labelname>cornice</labelname><flag>1</flag></object><object><points><x>0.66211</x><x>0.70605</x><y>0.38165</y><y>0.51729</y></points><label>5</label><labelname>cornice</labelname><flag>1</flag></object><object><points><x>0.66211</x><x>0.70508</x><y>0.19149</y><y>0.32314</y></points><label>5</label><labelname>cornice</labelname><flag>1</flag></object><object><points><x>0.48047</x><x>0.52441</x><y>0.014628</y><y>0.13032</y></points><label>5</label><labelname>cornice</labelname><flag>1</flag></object><object><points><x>0.18262</x><x>0.26855</x><y>0.0053191</y><y>0.034574</y></points><label>8</label><labelname>blind</labelname><flag>1</flag></object><object><points><x>0.17871</x><x>0.26465</x><y>0.098404</y><y>0.12899</y></points><label>8</label><labelname>blind</labelname><flag>1</flag></object><object><points><x>0.17871</x><x>0.26367</x><y>0.19149</y><y>0.22872</y></points><label>8</label><labelname>blind</labelname><flag>1</flag></object><object><points><x>0.17383</x><x>0.25977</x><y>0.28856</y><y>0.3258</y></points><label>8</label><labelname>blind</labelname><flag>1</flag></object><object><points><x>0.17773</x><x>0.26367</x><y>0.38564</y><y>0.42154</y></points><label>8</label><labelname>blind</labelname><flag>1</flag></object><object><points><x>0.17773</x><x>0.2627</x><y>0.48271</y><y>0.51862</y></points><label>8</label><labelname>blind</labelname><flag>1</flag></object><object><points><x>0.18164</x><x>0.2666</x><y>0.58112</y><y>0.61835</y></points><label>8</label><labelname>blind</labelname><flag>1</flag></object><object><points><x>0.18164</x><x>0.26758</x><y>0.68218</y><y>0.71809</y></points><label>8</label><labelname>blind</labelname><flag>1</flag></object><object><points><x>0.18359</x><x>0.26855</x><y>0.77527</y><y>0.81117</y></points><label>8</label><labelname>blind</labelname><flag>1</flag></object><object><points><x>0.18555</x><x>0.26855</x><y>0.875</y><y>0.90957</y></points><label>8</label><labelname>blind</labelname><flag>1</flag></object><object><points><x>0.33984</x><x>0.43945</x><y>0.87633</y><y>0.91622</y></points><label>8</label><labelname>blind</labelname><flag>1</flag></object><object><points><x>0.33789</x><x>0.4375</x><y>0.77261</y><y>0.8125</y></points><label>8</label><labelname>blind</labelname><flag>1</flag></object><object><points><x>0.33887</x><x>0.43848</x><y>0.68085</y><y>0.72074</y></points><label>8</label><labelname>blind</labelname><flag>1</flag></object><object><points><x>0.33594</x><x>0.43555</x><y>0.57713</y><y>0.61569</y></points><label>8</label><labelname>blind</labelname><flag>1</flag></object><object><points><x>0.33887</x><x>0.43848</x><y>0.4867</y><y>0.5266</y></points><label>8</label><labelname>blind</labelname><flag>1</flag></object><object><points><x>0.33594</x><x>0.43555</x><y>0.37899</y><y>0.41888</y></points><label>8</label><labelname>blind</labelname><flag>1</flag></object><object><points><x>0.33887</x><x>0.43848</x><y>0.29122</y><y>0.33112</y></points><label>8</label><labelname>blind</labelname><flag>1</flag></object><object><points><x>0.33887</x><x>0.43848</x><y>0.18484</y><y>0.22473</y></points><label>8</label><labelname>blind</labelname><flag>1</flag></object><object><points><x>0.34082</x><x>0.44043</x><y>0.095745</y><y>0.13564</y></points><label>8</label><labelname>blind</labelname><flag>1</flag></object><object><points><x>0.51953</x><x>0.61914</x><y>0.097074</y><y>0.12766</y></points><label>8</label><labelname>blind</labelname><flag>1</flag></object><object><points><x>0.52246</x><x>0.62207</x><y>0.18218</y><y>0.22207</y></points><label>8</label><labelname>blind</labelname><flag>1</flag></object><object><points><x>0.52148</x><x>0.62109</x><y>0.28457</y><y>0.32447</y></points><label>8</label><labelname>blind</labelname><flag>1</flag></object><object><points><x>0.52246</x><x>0.62207</x><y>0.37766</y><y>0.41755</y></points><label>8</label><labelname>blind</labelname><flag>1</flag></object><object><points><x>0.52148</x><x>0.62109</x><y>0.48404</y><y>0.52394</y></points><label>8</label><labelname>blind</labelname><flag>1</flag></object><object><points><x>0.52344</x><x>0.62305</x><y>0.57846</y><y>0.61835</y></points><label>8</label><labelname>blind</labelname><flag>1</flag></object><object><points><x>0.52441</x><x>0.62402</x><y>0.68883</y><y>0.72606</y></points><label>8</label><labelname>blind</labelname><flag>1</flag></object><object><points><x>0.52148</x><x>0.62109</x><y>0.77128</y><y>0.80984</y></points><label>8</label><labelname>blind</labelname><flag>1</flag></object><object><points><x>0.52441</x><x>0.62402</x><y>0.88298</y><y>0.92553</y></points><label>8</label><labelname>blind</labelname><flag>1</flag></object><object><points><x>0.69629</x><x>0.80469</x><y>0.1875</y><y>0.22606</y></points><label>8</label><labelname>blind</labelname><flag>1</flag></object><object><points><x>0.70117</x><x>0.80957</x><y>0.29654</y><y>0.33378</y></points><label>8</label><labelname>blind</labelname><flag>1</flag></object><object><points><x>0.7002</x><x>0.80859</x><y>0.38032</y><y>0.41755</y></points><label>8</label><labelname>blind</labelname><flag>1</flag></object><object><points><x>0.7002</x><x>0.80859</x><y>0.4867</y><y>0.52527</y></points><label>8</label><labelname>blind</labelname><flag>1</flag></object><object><points><x>0.69922</x><x>0.80762</x><y>0.57314</y><y>0.61037</y></points><label>8</label><labelname>blind</labelname><flag>1</flag></object><object><points><x>0.7002</x><x>0.80859</x><y>0.67952</y><y>0.71809</y></points><label>8</label><labelname>blind</labelname><flag>1</flag></object><object><points><x>0.7002</x><x>0.80859</x><y>0.76729</y><y>0.80452</y></points><label>8</label><labelname>blind</labelname><flag>1</flag></object><object><points><x>0.70312</x><x>0.81055</x><y>0.86968</y><y>0.90824</y></points><label>8</label><labelname>blind</labelname><flag>1</flag></object><object><points><x>0.12109</x><x>0.14355</x><y>0.0093085</y><y>0.054521</y></points><label>9</label><labelname>deco</labelname><flag>1</flag></object><object><points><x>0.11816</x><x>0.14062</x><y>0.089096</y><y>0.24468</y></points><label>9</label><labelname>deco</labelname><flag>1</flag></object><object><points><x>0.11523</x><x>0.1377</x><y>0.28059</y><y>0.4375</y></points><label>9</label><labelname>deco</labelname><flag>1</flag></object><object><points><x>0.11523</x><x>0.1377</x><y>0.47074</y><y>0.62766</y></points><label>9</label><labelname>deco</labelname><flag>1</flag></object><object><points><x>0.11719</x><x>0.13965</x><y>0.66223</y><y>0.81915</y></points><label>9</label><labelname>deco</labelname><flag>1</flag></object><object><points><x>0.12012</x><x>0.14258</x><y>0.86037</y><y>0.92686</y></points><label>9</label><labelname>deco</labelname><flag>1</flag></object><object><points><x>0.12598</x><x>0.14941</x><y>0.94548</y><y>0.99734</y></points><label>9</label><labelname>deco</labelname><flag>1</flag></object><object><points><x>0.19238</x><x>0.27539</x><y>0.96277</y><y>0.99734</y></points><label>8</label><labelname>blind</labelname><flag>1</flag></object><object><points><x>0.34863</x><x>0.44336</x><y>0.96144</y><y>0.99601</y></points><label>8</label><labelname>blind</labelname><flag>1</flag></object><object><points><x>0.52637</x><x>0.62598</x><y>0.96144</y><y>0.99601</y></points><label>8</label><labelname>blind</labelname><flag>1</flag></object><object><points><x>0.063477</x><x>0.16016</x><y>0.0093085</y><y>0.99202</y></points><label>10</label><labelname>molding</labelname><flag>1</flag></object><object><points><x>0.26465</x><x>0.30469</x><y>0.010638</y><y>0.99601</y></points><label>10</label><labelname>molding</labelname><flag>1</flag></object><object><points><x>0.43457</x><x>0.46875</x><y>0.018617</y><y>0.99069</y></points><label>10</label><labelname>molding</labelname><flag>1</flag></object><object><points><x>0.62109</x><x>0.65625</x><y>0.018617</y><y>0.99069</y></points><label>10</label><labelname>molding</labelname><flag>1</flag></object><object><points><x>0.80273</x><x>0.8418</x><y>0.0093085</y><y>0.99202</y></points><label>10</label><labelname>molding</labelname><flag>1</flag></object><object><points><x>0.44922</x><x>0.49414</x><y>0.9508</y><y>0.99468</y></points><label>12</label><labelname>shop</labelname><flag>1</flag></object><object><points><x>0.87402</x><x>0.99121</x><y>0.34309</y><y>0.55053</y></points><label>12</label><labelname>shop</labelname><flag>1</flag></object><object><points><x>0.86719</x><x>0.99121</x><y>0.55319</y><y>0.74468</y></points><label>12</label><labelname>shop</labelname><flag>1</flag></object><object><points><x>0.86426</x><x>0.99023</x><y>0.74867</y><y>0.99202</y></points><label>12</label><labelname>shop</labelname><flag>1</flag></object>