<object><points><x>0.10841</x><x>0.96903</x><y>0.072934</y><y>0.98541</y></points><label>2</label><labelname>facade</labelname><flag>1</flag></object><object><points><x>0.62832</x><x>0.75221</x><y>0.34036</y><y>0.3906</y></points><label>3</label><labelname>window</labelname><flag>1</flag></object><object><points><x>0.63053</x><x>0.75221</x><y>0.43922</y><y>0.48947</y></points><label>3</label><labelname>window</labelname><flag>1</flag></object><object><points><x>0.62832</x><x>0.75221</x><y>0.56564</y><y>0.6175</y></points><label>3</label><labelname>window</labelname><flag>1</flag></object><object><points><x>0.63053</x><x>0.75221</x><y>0.66937</y><y>0.71961</y></points><label>3</label><labelname>window</labelname><flag>1</flag></object><object><points><x>0.63274</x><x>0.75442</x><y>0.79417</y><y>0.84441</y></points><label>3</label><labelname>window</labelname><flag>1</flag></object><object><points><x>0.63496</x><x>0.74779</x><y>0.88979</y><y>0.94003</y></points><label>3</label><labelname>window</labelname><flag>1</flag></object><object><points><x>0.63496</x><x>0.74779</x><y>0.21556</y><y>0.2658</y></points><label>3</label><labelname>window</labelname><flag>1</flag></object><object><points><x>0.63053</x><x>0.74336</x><y>0.12156</y><y>0.1718</y></points><label>3</label><labelname>window</labelname><flag>1</flag></object><object><points><x>0.36283</x><x>0.43363</x><y>0.67099</y><y>0.73258</y></points><label>3</label><labelname>window</labelname><flag>1</flag></object><object><points><x>0.38717</x><x>0.45796</x><y>0.47002</y><y>0.5316</y></points><label>3</label><labelname>window</labelname><flag>1</flag></object><object><points><x>0.39823</x><x>0.46903</x><y>0.34846</y><y>0.41005</y></points><label>3</label><labelname>window</labelname><flag>1</flag></object><object><points><x>0.39823</x><x>0.46903</x><y>0.24311</y><y>0.3047</y></points><label>3</label><labelname>window</labelname><flag>1</flag></object><object><points><x>0.25442</x><x>0.32522</x><y>0.24311</y><y>0.3047</y></points><label>3</label><labelname>window</labelname><flag>1</flag></object><object><points><x>0.25221</x><x>0.31195</x><y>0.50081</y><y>0.55754</y></points><label>3</label><labelname>window</labelname><flag>1</flag></object><object><points><x>0.36062</x><x>0.43584</x><y>0.82334</y><y>0.91248</y></points><label>3</label><labelname>window</labelname><flag>1</flag></object><object><points><x>0.2323</x><x>0.3208</x><y>0.61426</y><y>0.67585</y></points><label>3</label><labelname>window</labelname><flag>1</flag></object><object><points><x>0.2323</x><x>0.32301</x><y>0.72934</y><y>0.79741</y></points><label>3</label><labelname>window</labelname><flag>1</flag></object><object><points><x>0.24115</x><x>0.32743</x><y>0.85737</y><y>0.91896</y></points><label>3</label><labelname>window</labelname><flag>1</flag></object><object><points><x>0.16593</x><x>0.19912</x><y>0.37763</y><y>0.40194</y></points><label>3</label><labelname>window</labelname><flag>1</flag></object><object><points><x>0.16593</x><x>0.19912</x><y>0.75041</y><y>0.77634</y></points><label>3</label><labelname>window</labelname><flag>1</flag></object><object><points><x>0.24336</x><x>0.3031</x><y>0.35818</y><y>0.40681</y></points><label>3</label><labelname>window</labelname><flag>1</flag></object><object><points><x>0.49779</x><x>0.57522</x><y>0.82334</y><y>0.89141</y></points><label>3</label><labelname>window</labelname><flag>1</flag></object><object><points><x>0.49779</x><x>0.57743</x><y>0.64506</y><y>0.7342</y></points><label>3</label><labelname>window</labelname><flag>1</flag></object><object><points><x>0.5177</x><x>0.57301</x><y>0.42301</y><y>0.48947</y></points><label>3</label><labelname>window</labelname><flag>1</flag></object><object><points><x>0.51549</x><x>0.5708</x><y>0.32577</y><y>0.39384</y></points><label>3</label><labelname>window</labelname><flag>1</flag></object><object><points><x>0.5177</x><x>0.57301</x><y>0.23825</y><y>0.2966</y></points><label>3</label><labelname>window</labelname><flag>1</flag></object><object><points><x>0.22124</x><x>0.24558</x><y>0.33874</y><y>0.4295</y></points><label>5</label><labelname>cornice</labelname><flag>1</flag></object><object><points><x>0.50664</x><x>0.57743</x><y>0.074554</y><y>0.98055</y></points><label>7</label><labelname>balcony</labelname><flag>1</flag></object><object><points><x>0.25664</x><x>0.3208</x><y>0.21394</y><y>0.24149</y></points><label>8</label><labelname>blind</labelname><flag>1</flag></object><object><points><x>0.25221</x><x>0.31858</x><y>0.30308</y><y>0.33063</y></points><label>8</label><labelname>blind</labelname><flag>1</flag></object><object><points><x>0.25221</x><x>0.31637</x><y>0.46515</y><y>0.49271</y></points><label>8</label><labelname>blind</labelname><flag>1</flag></object><object><points><x>0.23673</x><x>0.31637</x><y>0.61588</y><y>0.64182</y></points><label>8</label><labelname>blind</labelname><flag>1</flag></object><object><points><x>0.23673</x><x>0.31637</x><y>0.64506</y><y>0.67261</y></points><label>8</label><labelname>blind</labelname><flag>1</flag></object><object><points><x>0.23451</x><x>0.3208</x><y>0.7342</y><y>0.76175</y></points><label>8</label><labelname>blind</labelname><flag>1</flag></object><object><points><x>0.23451</x><x>0.3208</x><y>0.76499</y><y>0.79254</y></points><label>8</label><labelname>blind</labelname><flag>1</flag></object><object><points><x>0.24115</x><x>0.32743</x><y>0.859</y><y>0.88655</y></points><label>8</label><labelname>blind</labelname><flag>1</flag></object><object><points><x>0.24115</x><x>0.32743</x><y>0.88979</y><y>0.91734</y></points><label>8</label><labelname>blind</labelname><flag>1</flag></object><object><points><x>0.36504</x><x>0.43584</x><y>0.91734</y><y>0.94652</y></points><label>8</label><labelname>blind</labelname><flag>1</flag></object><object><points><x>0.36062</x><x>0.43142</x><y>0.79254</y><y>0.82172</y></points><label>8</label><labelname>blind</labelname><flag>1</flag></object><object><points><x>0.36062</x><x>0.43805</x><y>0.73906</y><y>0.76823</y></points><label>8</label><labelname>blind</labelname><flag>1</flag></object><object><points><x>0.35619</x><x>0.43363</x><y>0.64182</y><y>0.67099</y></points><label>8</label><labelname>blind</labelname><flag>1</flag></object><object><points><x>0.38274</x><x>0.45796</x><y>0.53323</y><y>0.55592</y></points><label>8</label><labelname>blind</labelname><flag>1</flag></object><object><points><x>0.38496</x><x>0.46018</x><y>0.44084</y><y>0.47002</y></points><label>8</label><labelname>blind</labelname><flag>1</flag></object><object><points><x>0.38938</x><x>0.46681</x><y>0.41005</y><y>0.44084</y></points><label>8</label><labelname>blind</labelname><flag>1</flag></object><object><points><x>0.39602</x><x>0.46681</x><y>0.31929</y><y>0.34522</y></points><label>8</label><labelname>blind</labelname><flag>1</flag></object><object><points><x>0.39602</x><x>0.46903</x><y>0.30632</y><y>0.33387</y></points><label>8</label><labelname>blind</labelname><flag>1</flag></object><object><points><x>0.39381</x><x>0.46903</x><y>0.21718</y><y>0.24473</y></points><label>8</label><labelname>blind</labelname><flag>1</flag></object><object><points><x>0.50221</x><x>0.57522</x><y>0.89303</y><y>0.92058</y></points><label>8</label><labelname>blind</labelname><flag>1</flag></object><object><points><x>0.49779</x><x>0.57743</x><y>0.79417</y><y>0.82334</y></points><label>8</label><labelname>blind</labelname><flag>1</flag></object><object><points><x>0.5</x><x>0.57522</x><y>0.70827</y><y>0.73258</y></points><label>8</label><labelname>blind</labelname><flag>1</flag></object><object><points><x>0.50221</x><x>0.57522</x><y>0.67585</y><y>0.70502</y></points><label>8</label><labelname>blind</labelname><flag>1</flag></object><object><points><x>0.50221</x><x>0.57522</x><y>0.64668</y><y>0.67423</y></points><label>8</label><labelname>blind</labelname><flag>1</flag></object><object><points><x>0.5177</x><x>0.57301</x><y>0.38898</y><y>0.41167</y></points><label>8</label><labelname>blind</labelname><flag>1</flag></object><object><points><x>0.5177</x><x>0.57301</x><y>0.40032</y><y>0.42464</y></points><label>8</label><labelname>blind</labelname><flag>1</flag></object><object><points><x>0.5177</x><x>0.57301</x><y>0.49109</y><y>0.5154</y></points><label>8</label><labelname>blind</labelname><flag>1</flag></object><object><points><x>0.62832</x><x>0.74558</x><y>0.094003</y><y>0.11994</y></points><label>8</label><labelname>blind</labelname><flag>1</flag></object><object><points><x>0.62832</x><x>0.74558</x><y>0.16532</y><y>0.19125</y></points><label>8</label><labelname>blind</labelname><flag>1</flag></object><object><points><x>0.63274</x><x>0.74779</x><y>0.19287</y><y>0.21394</y></points><label>8</label><labelname>blind</labelname><flag>1</flag></object><object><points><x>0.63053</x><x>0.74779</x><y>0.26742</y><y>0.28849</y></points><label>8</label><labelname>blind</labelname><flag>1</flag></object><object><points><x>0.63274</x><x>0.74779</x><y>0.31442</y><y>0.33549</y></points><label>8</label><labelname>blind</labelname><flag>1</flag></object><object><points><x>0.63274</x><x>0.75</x><y>0.38898</y><y>0.41005</y></points><label>8</label><labelname>blind</labelname><flag>1</flag></object><object><points><x>0.63274</x><x>0.75</x><y>0.41491</y><y>0.43598</y></points><label>8</label><labelname>blind</labelname><flag>1</flag></object><object><points><x>0.63053</x><x>0.74779</x><y>0.49109</y><y>0.51216</y></points><label>8</label><labelname>blind</labelname><flag>1</flag></object><object><points><x>0.63496</x><x>0.75</x><y>0.54133</y><y>0.5624</y></points><label>8</label><labelname>blind</labelname><flag>1</flag></object><object><points><x>0.63274</x><x>0.74779</x><y>0.6175</y><y>0.64019</y></points><label>8</label><labelname>blind</labelname><flag>1</flag></object><object><points><x>0.63053</x><x>0.74779</x><y>0.64344</y><y>0.66451</y></points><label>8</label><labelname>blind</labelname><flag>1</flag></object><object><points><x>0.63274</x><x>0.75</x><y>0.72123</y><y>0.7423</y></points><label>8</label><labelname>blind</labelname><flag>1</flag></object><object><points><x>0.63274</x><x>0.75</x><y>0.77147</y><y>0.79254</y></points><label>8</label><labelname>blind</labelname><flag>1</flag></object><object><points><x>0.63053</x><x>0.74779</x><y>0.84279</y><y>0.86548</y></points><label>8</label><labelname>blind</labelname><flag>1</flag></object><object><points><x>0.63274</x><x>0.75</x><y>0.86872</y><y>0.89141</y></points><label>8</label><labelname>blind</labelname><flag>1</flag></object><object><points><x>0.63053</x><x>0.74779</x><y>0.94003</y><y>0.96272</y></points><label>8</label><labelname>blind</labelname><flag>1</flag></object><object><points><x>0.56637</x><x>0.61062</x><y>0.077796</y><y>0.98217</y></points><label>10</label><labelname>molding</labelname><flag>1</flag></object><object><points><x>0.76549</x><x>0.79425</x><y>0.084279</y><y>0.97569</y></points><label>10</label><labelname>molding</labelname><flag>1</flag></object><object><points><x>0.79204</x><x>0.93142</x><y>0.097245</y><y>0.1637</y></points><label>12</label><labelname>shop</labelname><flag>1</flag></object><object><points><x>0.79425</x><x>0.93363</x><y>0.22366</y><y>0.28849</y></points><label>12</label><labelname>shop</labelname><flag>1</flag></object><object><points><x>0.80088</x><x>0.93805</x><y>0.31605</y><y>0.3825</y></points><label>12</label><labelname>shop</labelname><flag>1</flag></object><object><points><x>0.79867</x><x>0.93805</x><y>0.44895</y><y>0.5154</y></points><label>12</label><labelname>shop</labelname><flag>1</flag></object><object><points><x>0.8031</x><x>0.94027</x><y>0.54295</y><y>0.6094</y></points><label>12</label><labelname>shop</labelname><flag>1</flag></object><object><points><x>0.80088</x><x>0.93805</x><y>0.67585</y><y>0.7423</y></points><label>12</label><labelname>shop</labelname><flag>1</flag></object><object><points><x>0.79425</x><x>0.9646</x><y>0.16856</y><y>0.21718</y></points><label>12</label><labelname>shop</labelname><flag>1</flag></object><object><points><x>0.79646</x><x>0.94248</x><y>0.38898</y><y>0.44246</y></points><label>12</label><labelname>shop</labelname><flag>1</flag></object><object><points><x>0.80088</x><x>0.96681</x><y>0.61588</y><y>0.66937</y></points><label>12</label><labelname>shop</labelname><flag>1</flag></object><object><points><x>0.79425</x><x>0.93805</x><y>0.76823</y><y>0.83793</y></points><label>12</label><labelname>shop</labelname><flag>1</flag></object><object><points><x>0.79425</x><x>0.93805</x><y>0.83955</y><y>0.89141</y></points><label>12</label><labelname>shop</labelname><flag>1</flag></object><object><points><x>0.79646</x><x>0.93584</x><y>0.89627</y><y>0.96272</y></points><label>12</label><labelname>shop</labelname><flag>1</flag></object>