<object><points><x>0.30664</x><x>0.37012</x><y>0.19531</y><y>0.23698</y></points><label>3</label><labelname>window</labelname><flag>1</flag></object><object><points><x>0.30762</x><x>0.37012</x><y>0.29036</y><y>0.33203</y></points><label>3</label><labelname>window</labelname><flag>1</flag></object><object><points><x>0.40527</x><x>0.46875</x><y>0.25911</y><y>0.29557</y></points><label>3</label><labelname>window</labelname><flag>1</flag></object><object><points><x>0.41406</x><x>0.48047</x><y>0.32031</y><y>0.33594</y></points><label>3</label><labelname>window</labelname><flag>1</flag></object><object><points><x>0.41309</x><x>0.48242</x><y>0.20443</y><y>0.23047</y></points><label>3</label><labelname>window</labelname><flag>1</flag></object><object><points><x>0.41504</x><x>0.48438</x><y>0.50781</y><y>0.53906</y></points><label>3</label><labelname>window</labelname><flag>1</flag></object><object><points><x>0.30859</x><x>0.36719</x><y>0.39062</y><y>0.4375</y></points><label>3</label><labelname>window</labelname><flag>1</flag></object><object><points><x>0.43164</x><x>0.49121</x><y>0.39062</y><y>0.4388</y></points><label>3</label><labelname>window</labelname><flag>1</flag></object><object><points><x>0.31055</x><x>0.39062</x><y>0.49349</y><y>0.53646</y></points><label>3</label><labelname>window</labelname><flag>1</flag></object><object><points><x>0.31055</x><x>0.37305</x><y>0.58854</y><y>0.63021</y></points><label>3</label><labelname>window</labelname><flag>1</flag></object><object><points><x>0.4082</x><x>0.47168</x><y>0.57292</y><y>0.61068</y></points><label>3</label><labelname>window</labelname><flag>1</flag></object><object><points><x>0.41504</x><x>0.47852</x><y>0.63021</y><y>0.63932</y></points><label>3</label><labelname>window</labelname><flag>1</flag></object><object><points><x>0.31348</x><x>0.37109</x><y>0.69661</y><y>0.75911</y></points><label>3</label><labelname>window</labelname><flag>1</flag></object><object><points><x>0.43359</x><x>0.52441</x><y>0.69792</y><y>0.76172</y></points><label>3</label><labelname>window</labelname><flag>1</flag></object><object><points><x>0.55469</x><x>0.64648</x><y>0.69922</y><y>0.76432</y></points><label>3</label><labelname>window</labelname><flag>1</flag></object><object><points><x>0.67773</x><x>0.73926</x><y>0.70312</y><y>0.76693</y></points><label>3</label><labelname>window</labelname><flag>1</flag></object><object><points><x>0.80078</x><x>0.8623</x><y>0.70312</y><y>0.76823</y></points><label>3</label><labelname>window</labelname><flag>1</flag></object><object><points><x>0.80176</x><x>0.86328</x><y>0.53516</y><y>0.60026</y></points><label>3</label><labelname>window</labelname><flag>1</flag></object><object><points><x>0.66602</x><x>0.72656</x><y>0.57682</y><y>0.61328</y></points><label>3</label><labelname>window</labelname><flag>1</flag></object><object><points><x>0.66797</x><x>0.7373</x><y>0.50911</y><y>0.54167</y></points><label>3</label><labelname>window</labelname><flag>1</flag></object><object><points><x>0.66992</x><x>0.73438</x><y>0.63411</y><y>0.64323</y></points><label>3</label><labelname>window</labelname><flag>1</flag></object><object><points><x>0.54199</x><x>0.61035</x><y>0.50781</y><y>0.53906</y></points><label>3</label><labelname>window</labelname><flag>1</flag></object><object><points><x>0.54297</x><x>0.60742</x><y>0.63281</y><y>0.64323</y></points><label>3</label><labelname>window</labelname><flag>1</flag></object><object><points><x>0.53613</x><x>0.60059</x><y>0.57552</y><y>0.61068</y></points><label>3</label><labelname>window</labelname><flag>1</flag></object><object><points><x>0.55469</x><x>0.61523</x><y>0.39062</y><y>0.4388</y></points><label>3</label><labelname>window</labelname><flag>1</flag></object><object><points><x>0.67773</x><x>0.74023</x><y>0.39062</y><y>0.4401</y></points><label>3</label><labelname>window</labelname><flag>1</flag></object><object><points><x>0.53613</x><x>0.60059</x><y>0.26042</y><y>0.29557</y></points><label>3</label><labelname>window</labelname><flag>1</flag></object><object><points><x>0.66602</x><x>0.73145</x><y>0.25911</y><y>0.29557</y></points><label>3</label><labelname>window</labelname><flag>1</flag></object><object><points><x>0.54004</x><x>0.60938</x><y>0.20312</y><y>0.22917</y></points><label>3</label><labelname>window</labelname><flag>1</flag></object><object><points><x>0.54102</x><x>0.60938</x><y>0.32161</y><y>0.33724</y></points><label>3</label><labelname>window</labelname><flag>1</flag></object><object><points><x>0.66895</x><x>0.73633</x><y>0.20182</y><y>0.22656</y></points><label>3</label><labelname>window</labelname><flag>1</flag></object><object><points><x>0.66895</x><x>0.73633</x><y>0.32161</y><y>0.33724</y></points><label>3</label><labelname>window</labelname><flag>1</flag></object><object><points><x>0.80176</x><x>0.86426</x><y>0.23047</y><y>0.29557</y></points><label>3</label><labelname>window</labelname><flag>1</flag></object><object><points><x>0.86426</x><x>0.97461</x><y>0.38281</y><y>0.44661</y></points><label>4</label><labelname>door</labelname><flag>1</flag></object><object><points><x>0.18164</x><x>0.97656</x><y>0.010417</y><y>0.81641</y></points><label>2</label><labelname>facade</labelname><flag>1</flag></object><object><points><x>0.30859</x><x>0.36621</x><y>0.0625</y><y>0.1263</y></points><label>3</label><labelname>window</labelname><flag>1</flag></object><object><points><x>0.42969</x><x>0.50098</x><y>0.061198</y><y>0.1237</y></points><label>3</label><labelname>window</labelname><flag>1</flag></object><object><points><x>0.55371</x><x>0.63867</x><y>0.061198</y><y>0.1224</y></points><label>3</label><labelname>window</labelname><flag>1</flag></object><object><points><x>0.67773</x><x>0.73926</x><y>0.059896</y><y>0.1237</y></points><label>3</label><labelname>window</labelname><flag>1</flag></object><object><points><x>0.34082</x><x>0.3584</x><y>0.875</y><y>0.89974</y></points><label>3</label><labelname>window</labelname><flag>1</flag></object><object><points><x>0.34082</x><x>0.3584</x><y>0.90234</y><y>0.93229</y></points><label>3</label><labelname>window</labelname><flag>1</flag></object><object><points><x>0.36133</x><x>0.39746</x><y>0.90365</y><y>0.9349</y></points><label>3</label><labelname>window</labelname><flag>1</flag></object><object><points><x>0.36133</x><x>0.39648</x><y>0.8776</y><y>0.89844</y></points><label>3</label><labelname>window</labelname><flag>1</flag></object><object><points><x>0.4541</x><x>0.47266</x><y>0.8776</y><y>0.89974</y></points><label>3</label><labelname>window</labelname><flag>1</flag></object><object><points><x>0.45508</x><x>0.47363</x><y>0.90495</y><y>0.92839</y></points><label>3</label><labelname>window</labelname><flag>1</flag></object><object><points><x>0.47559</x><x>0.51465</x><y>0.8776</y><y>0.90104</y></points><label>3</label><labelname>window</labelname><flag>1</flag></object><object><points><x>0.47656</x><x>0.51367</x><y>0.90495</y><y>0.92708</y></points><label>3</label><labelname>window</labelname><flag>1</flag></object><object><points><x>0.57422</x><x>0.5918</x><y>0.87891</y><y>0.90104</y></points><label>3</label><labelname>window</labelname><flag>1</flag></object><object><points><x>0.59473</x><x>0.62695</x><y>0.88021</y><y>0.89714</y></points><label>3</label><labelname>window</labelname><flag>1</flag></object><object><points><x>0.9043</x><x>0.97266</x><y>0.23047</y><y>0.29297</y></points><label>4</label><labelname>door</labelname><flag>1</flag></object><object><points><x>0.90332</x><x>0.9707</x><y>0.53516</y><y>0.59505</y></points><label>4</label><labelname>door</labelname><flag>1</flag></object><object><points><x>0.90234</x><x>0.96973</x><y>0.70312</y><y>0.76302</y></points><label>4</label><labelname>door</labelname><flag>1</flag></object><object><points><x>0.51367</x><x>0.55957</x><y>0.36198</y><y>0.47005</y></points><label>5</label><labelname>cornice</labelname><flag>1</flag></object><object><points><x>0.4043</x><x>0.4502</x><y>0.36589</y><y>0.46484</y></points><label>5</label><labelname>cornice</labelname><flag>1</flag></object><object><points><x>0.40234</x><x>0.43164</x><y>0.044271</y><y>0.14714</y></points><label>5</label><labelname>cornice</labelname><flag>1</flag></object><object><points><x>0.40723</x><x>0.43652</x><y>0.68099</y><y>0.78125</y></points><label>5</label><labelname>cornice</labelname><flag>1</flag></object><object><points><x>0.3623</x><x>0.40234</x><y>0.045573</y><y>0.14583</y></points><label>6</label><labelname>sill</labelname><flag>1</flag></object><object><points><x>0.36621</x><x>0.4043</x><y>0.3763</y><y>0.45833</y></points><label>6</label><labelname>sill</labelname><flag>1</flag></object><object><points><x>0.37012</x><x>0.40723</x><y>0.6849</y><y>0.77865</y></points><label>6</label><labelname>sill</labelname><flag>1</flag></object><object><points><x>0.48926</x><x>0.5127</x><y>0.38021</y><y>0.45312</y></points><label>6</label><labelname>sill</labelname><flag>1</flag></object><object><points><x>0.6123</x><x>0.66113</x><y>0.37891</y><y>0.45312</y></points><label>6</label><labelname>sill</labelname><flag>1</flag></object><object><points><x>0.73926</x><x>0.75684</x><y>0.38281</y><y>0.44531</y></points><label>6</label><labelname>sill</labelname><flag>1</flag></object><object><points><x>0.72363</x><x>0.75195</x><y>0.57161</y><y>0.61979</y></points><label>6</label><labelname>sill</labelname><flag>1</flag></object><object><points><x>0.73242</x><x>0.75488</x><y>0.50651</y><y>0.55078</y></points><label>6</label><labelname>sill</labelname><flag>1</flag></object><object><points><x>0.72852</x><x>0.75098</x><y>0.25521</y><y>0.30208</y></points><label>6</label><labelname>sill</labelname><flag>1</flag></object><object><points><x>0.73438</x><x>0.75391</x><y>0.19661</y><y>0.23047</y></points><label>6</label><labelname>sill</labelname><flag>1</flag></object><object><points><x>0.73242</x><x>0.75293</x><y>0.3151</y><y>0.34505</y></points><label>6</label><labelname>sill</labelname><flag>1</flag></object><object><points><x>0.7334</x><x>0.75586</x><y>0.63021</y><y>0.64844</y></points><label>6</label><labelname>sill</labelname><flag>1</flag></object><object><points><x>0.73535</x><x>0.75977</x><y>0.69531</y><y>0.77344</y></points><label>6</label><labelname>sill</labelname><flag>1</flag></object><object><points><x>0.73828</x><x>0.75684</x><y>0.053385</y><y>0.13151</y></points><label>6</label><labelname>sill</labelname><flag>1</flag></object><object><points><x>0.47363</x><x>0.49805</x><y>0.5013</y><y>0.55078</y></points><label>6</label><labelname>sill</labelname><flag>1</flag></object><object><points><x>0.46973</x><x>0.4834</x><y>0.5638</y><y>0.61979</y></points><label>6</label><labelname>sill</labelname><flag>1</flag></object><object><points><x>0.47363</x><x>0.49512</x><y>0.6263</y><y>0.64714</y></points><label>6</label><labelname>sill</labelname><flag>1</flag></object><object><points><x>0.4668</x><x>0.48145</x><y>0.2526</y><y>0.30469</y></points><label>6</label><labelname>sill</labelname><flag>1</flag></object><object><points><x>0.47266</x><x>0.49512</x><y>0.3151</y><y>0.34245</y></points><label>6</label><labelname>sill</labelname><flag>1</flag></object><object><points><x>0.47266</x><x>0.49512</x><y>0.19922</y><y>0.23698</y></points><label>6</label><labelname>sill</labelname><flag>1</flag></object><object><points><x>0.48145</x><x>0.54492</x><y>0.035156</y><y>0.15365</y></points><label>7</label><labelname>balcony</labelname><flag>1</flag></object><object><points><x>0.5459</x><x>0.55273</x><y>0.066406</y><y>0.12109</y></points><label>5</label><labelname>cornice</labelname><flag>1</flag></object><object><points><x>0.60645</x><x>0.67773</x><y>0.033854</y><y>0.15234</y></points><label>7</label><labelname>balcony</labelname><flag>1</flag></object><object><points><x>0.5957</x><x>0.68164</x><y>0.67188</y><y>0.79688</y></points><label>7</label><labelname>balcony</labelname><flag>1</flag></object><object><points><x>0.54785</x><x>0.55469</x><y>0.70443</y><y>0.75911</y></points><label>5</label><labelname>cornice</labelname><flag>1</flag></object><object><points><x>0.48242</x><x>0.54785</x><y>0.67188</y><y>0.79427</y></points><label>7</label><labelname>balcony</labelname><flag>1</flag></object><object><points><x>0.34766</x><x>0.41309</x><y>0.47786</y><y>0.65234</y></points><label>7</label><labelname>balcony</labelname><flag>1</flag></object><object><points><x>0.34473</x><x>0.41309</x><y>0.17708</y><y>0.35547</y></points><label>7</label><labelname>balcony</labelname><flag>1</flag></object><object><points><x>0.7666</x><x>0.86133</x><y>0.32682</y><y>0.50651</y></points><label>9</label><labelname>deco</labelname><flag>1</flag></object><object><points><x>0.18359</x><x>0.34082</x><y>0.17448</y><y>0.65495</y></points><label>9</label><labelname>deco</labelname><flag>1</flag></object><object><points><x>0.19336</x><x>0.22461</x><y>0.88802</y><y>0.91406</y></points><label>9</label><labelname>deco</labelname><flag>1</flag></object><object><points><x>0.13477</x><x>0.16602</x><y>0.92708</y><y>0.95443</y></points><label>9</label><labelname>deco</labelname><flag>1</flag></object><object><points><x>0.26465</x><x>0.2832</x><y>0.59635</y><y>0.61979</y></points><label>3</label><labelname>window</labelname><flag>1</flag></object><object><points><x>0.69336</x><x>0.70898</x><y>0.013021</y><y>0.8112</y></points><label>10</label><labelname>molding</labelname><flag>1</flag></object>