<object><points><x>0.44336</x><x>0.4873</x><y>0.22656</y><y>0.25391</y></points><label>3</label><labelname>window</labelname><flag>1</flag></object><object><points><x>0.44434</x><x>0.4873</x><y>0.26302</y><y>0.28906</y></points><label>3</label><labelname>window</labelname><flag>1</flag></object><object><points><x>0.52734</x><x>0.57129</x><y>0.22786</y><y>0.25391</y></points><label>3</label><labelname>window</labelname><flag>1</flag></object><object><points><x>0.52734</x><x>0.57129</x><y>0.26302</y><y>0.29036</y></points><label>3</label><labelname>window</labelname><flag>1</flag></object><object><points><x>0.43945</x><x>0.48047</x><y>0.3763</y><y>0.40885</y></points><label>3</label><labelname>window</labelname><flag>1</flag></object><object><points><x>0.52148</x><x>0.56738</x><y>0.37891</y><y>0.41016</y></points><label>3</label><labelname>window</labelname><flag>1</flag></object><object><points><x>0.4375</x><x>0.48535</x><y>0.35026</y><y>0.3724</y></points><label>3</label><labelname>window</labelname><flag>1</flag></object><object><points><x>0.43848</x><x>0.4834</x><y>0.41667</y><y>0.43229</y></points><label>3</label><labelname>window</labelname><flag>1</flag></object><object><points><x>0.52246</x><x>0.57129</x><y>0.41927</y><y>0.43229</y></points><label>3</label><labelname>window</labelname><flag>1</flag></object><object><points><x>0.52246</x><x>0.57129</x><y>0.34766</y><y>0.36849</y></points><label>3</label><labelname>window</labelname><flag>1</flag></object><object><points><x>0.60645</x><x>0.65625</x><y>0.34766</y><y>0.36849</y></points><label>3</label><labelname>window</labelname><flag>1</flag></object><object><points><x>0.69238</x><x>0.74121</x><y>0.34896</y><y>0.36979</y></points><label>3</label><labelname>window</labelname><flag>1</flag></object><object><points><x>0.60547</x><x>0.65723</x><y>0.41927</y><y>0.43359</y></points><label>3</label><labelname>window</labelname><flag>1</flag></object><object><points><x>0.69238</x><x>0.74121</x><y>0.41927</y><y>0.43229</y></points><label>3</label><labelname>window</labelname><flag>1</flag></object><object><points><x>0.69141</x><x>0.73926</x><y>0.37891</y><y>0.41146</y></points><label>3</label><labelname>window</labelname><flag>1</flag></object><object><points><x>0.60449</x><x>0.65332</x><y>0.37891</y><y>0.41146</y></points><label>3</label><labelname>window</labelname><flag>1</flag></object><object><points><x>0.60449</x><x>0.65234</x><y>0.51953</y><y>0.55078</y></points><label>3</label><labelname>window</labelname><flag>1</flag></object><object><points><x>0.69043</x><x>0.73926</x><y>0.51953</y><y>0.55208</y></points><label>3</label><labelname>window</labelname><flag>1</flag></object><object><points><x>0.69238</x><x>0.74121</x><y>0.48828</y><y>0.50911</y></points><label>3</label><labelname>window</labelname><flag>1</flag></object><object><points><x>0.60547</x><x>0.65527</x><y>0.48828</y><y>0.50911</y></points><label>3</label><labelname>window</labelname><flag>1</flag></object><object><points><x>0.60547</x><x>0.65625</x><y>0.5599</y><y>0.57292</y></points><label>3</label><labelname>window</labelname><flag>1</flag></object><object><points><x>0.52246</x><x>0.57129</x><y>0.48698</y><y>0.50911</y></points><label>3</label><labelname>window</labelname><flag>1</flag></object><object><points><x>0.52246</x><x>0.57031</x><y>0.5599</y><y>0.57161</y></points><label>3</label><labelname>window</labelname><flag>1</flag></object><object><points><x>0.43848</x><x>0.48535</x><y>0.48958</y><y>0.50911</y></points><label>3</label><labelname>window</labelname><flag>1</flag></object><object><points><x>0.4375</x><x>0.48242</x><y>0.55729</y><y>0.57031</y></points><label>3</label><labelname>window</labelname><flag>1</flag></object><object><points><x>0.52051</x><x>0.56641</x><y>0.51953</y><y>0.55078</y></points><label>3</label><labelname>window</labelname><flag>1</flag></object><object><points><x>0.43848</x><x>0.48047</x><y>0.51693</y><y>0.54948</y></points><label>3</label><labelname>window</labelname><flag>1</flag></object><object><points><x>0.52637</x><x>0.57129</x><y>0.63021</y><y>0.65625</y></points><label>3</label><labelname>window</labelname><flag>1</flag></object><object><points><x>0.52637</x><x>0.57031</x><y>0.66536</y><y>0.69141</y></points><label>3</label><labelname>window</labelname><flag>1</flag></object><object><points><x>0.44238</x><x>0.48633</x><y>0.63021</y><y>0.65625</y></points><label>3</label><labelname>window</labelname><flag>1</flag></object><object><points><x>0.44238</x><x>0.48633</x><y>0.66667</y><y>0.69271</y></points><label>3</label><labelname>window</labelname><flag>1</flag></object><object><points><x>0.6084</x><x>0.65625</x><y>0.66536</y><y>0.69141</y></points><label>3</label><labelname>window</labelname><flag>1</flag></object><object><points><x>0.60938</x><x>0.65625</x><y>0.62891</y><y>0.65625</y></points><label>3</label><labelname>window</labelname><flag>1</flag></object><object><points><x>0.69434</x><x>0.74219</x><y>0.62891</y><y>0.65625</y></points><label>3</label><labelname>window</labelname><flag>1</flag></object><object><points><x>0.69434</x><x>0.74219</x><y>0.66536</y><y>0.69141</y></points><label>3</label><labelname>window</labelname><flag>1</flag></object><object><points><x>0.69531</x><x>0.74219</x><y>0.26302</y><y>0.29036</y></points><label>3</label><labelname>window</labelname><flag>1</flag></object><object><points><x>0.60938</x><x>0.65625</x><y>0.26302</y><y>0.28906</y></points><label>3</label><labelname>window</labelname><flag>1</flag></object><object><points><x>0.60938</x><x>0.65625</x><y>0.22786</y><y>0.25391</y></points><label>3</label><labelname>window</labelname><flag>1</flag></object><object><points><x>0.69434</x><x>0.74316</x><y>0.22786</y><y>0.25521</y></points><label>3</label><labelname>window</labelname><flag>1</flag></object><object><points><x>0.77637</x><x>0.83105</x><y>0.22917</y><y>0.3099</y></points><label>3</label><labelname>window</labelname><flag>1</flag></object><object><points><x>0.77637</x><x>0.83008</x><y>0.33333</y><y>0.38021</y></points><label>3</label><labelname>window</labelname><flag>1</flag></object><object><points><x>0.77637</x><x>0.83105</x><y>0.40234</y><y>0.51432</y></points><label>3</label><labelname>window</labelname><flag>1</flag></object><object><points><x>0.77637</x><x>0.83105</x><y>0.54167</y><y>0.58464</y></points><label>3</label><labelname>window</labelname><flag>1</flag></object><object><points><x>0.77637</x><x>0.83203</x><y>0.60807</y><y>0.6901</y></points><label>3</label><labelname>window</labelname><flag>1</flag></object><object><points><x>0.34277</x><x>0.93066</x><y>0.20833</y><y>0.71354</y></points><label>2</label><labelname>facade</labelname><flag>1</flag></object><object><points><x>0.42773</x><x>0.4873</x><y>0.072917</y><y>0.16276</y></points><label>3</label><labelname>window</labelname><flag>1</flag></object><object><points><x>0.5127</x><x>0.57227</x><y>0.072917</y><y>0.16276</y></points><label>3</label><labelname>window</labelname><flag>1</flag></object><object><points><x>0.60059</x><x>0.65625</x><y>0.071615</y><y>0.16146</y></points><label>3</label><labelname>window</labelname><flag>1</flag></object><object><points><x>0.6875</x><x>0.74219</x><y>0.072917</y><y>0.16276</y></points><label>3</label><labelname>window</labelname><flag>1</flag></object><object><points><x>0.7793</x><x>0.82715</x><y>0.089844</y><y>0.16797</y></points><label>3</label><labelname>window</labelname><flag>1</flag></object><object><points><x>0.43457</x><x>0.48438</x><y>0.75</y><y>0.81901</y></points><label>3</label><labelname>window</labelname><flag>1</flag></object><object><points><x>0.5166</x><x>0.56641</x><y>0.7487</y><y>0.81641</y></points><label>3</label><labelname>window</labelname><flag>1</flag></object><object><points><x>0.60352</x><x>0.65234</x><y>0.7487</y><y>0.81771</y></points><label>3</label><labelname>window</labelname><flag>1</flag></object><object><points><x>0.68848</x><x>0.73828</x><y>0.7487</y><y>0.81771</y></points><label>3</label><labelname>window</labelname><flag>1</flag></object><object><points><x>0.37109</x><x>0.38965</x><y>0.49219</y><y>0.51302</y></points><label>3</label><labelname>window</labelname><flag>1</flag></object><object><points><x>0.37109</x><x>0.38965</x><y>0.52214</y><y>0.54167</y></points><label>3</label><labelname>window</labelname><flag>1</flag></object><object><points><x>0.37109</x><x>0.38867</x><y>0.55078</y><y>0.57031</y></points><label>3</label><labelname>window</labelname><flag>1</flag></object><object><points><x>0.37207</x><x>0.38965</x><y>0.35286</y><y>0.3724</y></points><label>3</label><labelname>window</labelname><flag>1</flag></object><object><points><x>0.37109</x><x>0.38965</x><y>0.38151</y><y>0.40104</y></points><label>3</label><labelname>window</labelname><flag>1</flag></object><object><points><x>0.37109</x><x>0.38965</x><y>0.40885</y><y>0.42969</y></points><label>3</label><labelname>window</labelname><flag>1</flag></object><object><points><x>0.37793</x><x>0.40039</x><y>0.23698</y><y>0.27734</y></points><label>3</label><labelname>window</labelname><flag>1</flag></object><object><points><x>0.37598</x><x>0.39844</x><y>0.63672</y><y>0.67839</y></points><label>3</label><labelname>window</labelname><flag>1</flag></object><object><points><x>0.3418</x><x>0.37988</x><y>0.85938</y><y>0.91406</y></points><label>3</label><labelname>window</labelname><flag>1</flag></object><object><points><x>0.36523</x><x>0.37891</x><y>0.75521</y><y>0.80078</y></points><label>3</label><labelname>window</labelname><flag>1</flag></object><object><points><x>0.41797</x><x>0.47754</x><y>0.85807</y><y>0.91276</y></points><label>3</label><labelname>window</labelname><flag>1</flag></object><object><points><x>0.50391</x><x>0.56348</x><y>0.85807</y><y>0.91276</y></points><label>3</label><labelname>window</labelname><flag>1</flag></object><object><points><x>0.5957</x><x>0.6543</x><y>0.85807</y><y>0.91146</y></points><label>3</label><labelname>window</labelname><flag>1</flag></object><object><points><x>0.77051</x><x>0.8291</x><y>0.7487</y><y>0.85677</y></points><label>3</label><labelname>window</labelname><flag>1</flag></object><object><points><x>0.3584</x><x>0.38867</x><y>0.076823</y><y>0.15365</y></points><label>3</label><labelname>window</labelname><flag>1</flag></object><object><points><x>0.85449</x><x>0.92969</x><y>0.33203</y><y>0.38021</y></points><label>4</label><labelname>door</labelname><flag>1</flag></object><object><points><x>0.56934</x><x>0.60742</x><y>0.61979</y><y>0.70573</y></points><label>6</label><labelname>sill</labelname><flag>1</flag></object><object><points><x>0.6543</x><x>0.69238</x><y>0.61979</y><y>0.70573</y></points><label>6</label><labelname>sill</labelname><flag>1</flag></object><object><points><x>0.6543</x><x>0.69238</x><y>0.21745</y><y>0.30339</y></points><label>6</label><labelname>sill</labelname><flag>1</flag></object><object><points><x>0.56934</x><x>0.60742</x><y>0.21745</y><y>0.30339</y></points><label>6</label><labelname>sill</labelname><flag>1</flag></object><object><points><x>0.58203</x><x>0.59375</x><y>0.52865</y><y>0.54427</y></points><label>9</label><labelname>deco</labelname><flag>1</flag></object><object><points><x>0.66895</x><x>0.68066</x><y>0.52995</y><y>0.54427</y></points><label>9</label><labelname>deco</labelname><flag>1</flag></object><object><points><x>0.58203</x><x>0.59473</x><y>0.38932</y><y>0.40365</y></points><label>9</label><labelname>deco</labelname><flag>1</flag></object><object><points><x>0.66797</x><x>0.68066</x><y>0.38802</y><y>0.40234</y></points><label>9</label><labelname>deco</labelname><flag>1</flag></object><object><points><x>0.34375</x><x>0.37012</x><y>0.3737</y><y>0.40885</y></points><label>9</label><labelname>deco</labelname><flag>1</flag></object><object><points><x>0.34375</x><x>0.37012</x><y>0.51562</y><y>0.54948</y></points><label>9</label><labelname>deco</labelname><flag>1</flag></object><object><points><x>0.42969</x><x>0.4873</x><y>0.30208</y><y>0.34375</y></points><label>9</label><labelname>deco</labelname><flag>1</flag></object><object><points><x>0.43066</x><x>0.4873</x><y>0.4401</y><y>0.48177</y></points><label>9</label><labelname>deco</labelname><flag>1</flag></object><object><points><x>0.42969</x><x>0.4873</x><y>0.57943</y><y>0.62109</y></points><label>9</label><labelname>deco</labelname><flag>1</flag></object><object><points><x>0.74219</x><x>0.77246</x><y>0.21094</y><y>0.71094</y></points><label>10</label><labelname>molding</labelname><flag>1</flag></object><object><points><x>0.79785</x><x>0.83301</x><y>0.30859</y><y>0.33594</y></points><label>9</label><labelname>deco</labelname><flag>1</flag></object><object><points><x>0.79785</x><x>0.83105</x><y>0.38151</y><y>0.41536</y></points><label>9</label><labelname>deco</labelname><flag>1</flag></object><object><points><x>0.79785</x><x>0.83105</x><y>0.59375</y><y>0.6276</y></points><label>9</label><labelname>deco</labelname><flag>1</flag></object><object><points><x>0.79785</x><x>0.83203</x><y>0.52214</y><y>0.54557</y></points><label>9</label><labelname>deco</labelname><flag>1</flag></object><object><points><x>0.55957</x><x>0.59082</x><y>0.86458</y><y>0.90365</y></points><label>9</label><labelname>deco</labelname><flag>1</flag></object><object><points><x>0.48535</x><x>0.50781</x><y>0.21484</y><y>0.71354</y></points><label>10</label><labelname>molding</labelname><flag>1</flag></object><object><points><x>0.53906</x><x>0.72461</x><y>0.30729</y><y>0.33724</y></points><label>11</label><labelname>pillar</labelname><flag>1</flag></object><object><points><x>0.53906</x><x>0.72461</x><y>0.44661</y><y>0.47656</y></points><label>11</label><labelname>pillar</labelname><flag>1</flag></object><object><points><x>0.53906</x><x>0.72461</x><y>0.58724</y><y>0.61719</y></points><label>11</label><labelname>pillar</labelname><flag>1</flag></object><object><points><x>0.86133</x><x>0.91895</x><y>0.52083</y><y>0.53906</y></points><label>11</label><labelname>pillar</labelname><flag>1</flag></object><object><points><x>0.86328</x><x>0.91992</x><y>0.59896</y><y>0.61458</y></points><label>11</label><labelname>pillar</labelname><flag>1</flag></object><object><points><x>0.86133</x><x>0.91895</x><y>0.39062</y><y>0.40495</y></points><label>11</label><labelname>pillar</labelname><flag>1</flag></object><object><points><x>0.8623</x><x>0.91895</x><y>0.3125</y><y>0.32682</y></points><label>11</label><labelname>pillar</labelname><flag>1</flag></object><object><points><x>0.83203</x><x>0.86133</x><y>0.30339</y><y>0.33724</y></points><label>11</label><labelname>pillar</labelname><flag>1</flag></object><object><points><x>0.83105</x><x>0.86133</x><y>0.37891</y><y>0.41406</y></points><label>11</label><labelname>pillar</labelname><flag>1</flag></object><object><points><x>0.83301</x><x>0.8623</x><y>0.59115</y><y>0.625</y></points><label>11</label><labelname>pillar</labelname><flag>1</flag></object><object><points><x>0.83203</x><x>0.86133</x><y>0.51302</y><y>0.54688</y></points><label>11</label><labelname>pillar</labelname><flag>1</flag></object><object><points><x>0.51758</x><x>0.53906</x><y>0.29818</y><y>0.34635</y></points><label>11</label><labelname>pillar</labelname><flag>1</flag></object><object><points><x>0.5166</x><x>0.53906</x><y>0.4375</y><y>0.48568</y></points><label>11</label><labelname>pillar</labelname><flag>1</flag></object><object><points><x>0.5166</x><x>0.53906</x><y>0.58073</y><y>0.62891</y></points><label>11</label><labelname>pillar</labelname><flag>1</flag></object><object><points><x>0.72461</x><x>0.74512</x><y>0.44141</y><y>0.48307</y></points><label>11</label><labelname>pillar</labelname><flag>1</flag></object><object><points><x>0.72363</x><x>0.74512</x><y>0.58203</y><y>0.6224</y></points><label>11</label><labelname>pillar</labelname><flag>1</flag></object><object><points><x>0.72461</x><x>0.74512</x><y>0.30208</y><y>0.34245</y></points><label>11</label><labelname>pillar</labelname><flag>1</flag></object><object><points><x>0.83691</x><x>0.87402</x><y>0.23177</y><y>0.30859</y></points><label>12</label><labelname>shop</labelname><flag>1</flag></object><object><points><x>0.87402</x><x>0.91895</x><y>0.20964</y><y>0.23307</y></points><label>12</label><labelname>shop</labelname><flag>1</flag></object><object><points><x>0.87402</x><x>0.91797</x><y>0.3099</y><y>0.32943</y></points><label>12</label><labelname>shop</labelname><flag>1</flag></object><object><points><x>0.87402</x><x>0.91992</x><y>0.25781</y><y>0.30859</y></points><label>12</label><labelname>shop</labelname><flag>1</flag></object><object><points><x>0.875</x><x>0.92871</x><y>0.23307</y><y>0.25781</y></points><label>12</label><labelname>shop</labelname><flag>1</flag></object><object><points><x>0.83691</x><x>0.85449</x><y>0.40755</y><y>0.51562</y></points><label>12</label><labelname>shop</labelname><flag>1</flag></object><object><points><x>0.85742</x><x>0.87012</x><y>0.4349</y><y>0.48177</y></points><label>12</label><labelname>shop</labelname><flag>1</flag></object><object><points><x>0.85742</x><x>0.87012</x><y>0.48438</y><y>0.51302</y></points><label>12</label><labelname>shop</labelname><flag>1</flag></object><object><points><x>0.85742</x><x>0.87012</x><y>0.40365</y><y>0.43099</y></points><label>12</label><labelname>shop</labelname><flag>1</flag></object><object><points><x>0.87012</x><x>0.91992</x><y>0.48438</y><y>0.51432</y></points><label>12</label><labelname>shop</labelname><flag>1</flag></object><object><points><x>0.87109</x><x>0.91992</x><y>0.40495</y><y>0.43099</y></points><label>12</label><labelname>shop</labelname><flag>1</flag></object><object><points><x>0.875</x><x>0.91895</x><y>0.43229</y><y>0.48307</y></points><label>12</label><labelname>shop</labelname><flag>1</flag></object><object><points><x>0.85547</x><x>0.91895</x><y>0.54036</y><y>0.58854</y></points><label>12</label><labelname>shop</labelname><flag>1</flag></object><object><points><x>0.83789</x><x>0.85742</x><y>0.61849</y><y>0.6862</y></points><label>12</label><labelname>shop</labelname><flag>1</flag></object><object><points><x>0.85938</x><x>0.86914</x><y>0.70312</y><y>0.71354</y></points><label>12</label><labelname>shop</labelname><flag>1</flag></object><object><points><x>0.87207</x><x>0.91797</x><y>0.6901</y><y>0.71354</y></points><label>12</label><labelname>shop</labelname><flag>1</flag></object><object><points><x>0.85742</x><x>0.91895</x><y>0.61589</y><y>0.6875</y></points><label>12</label><labelname>shop</labelname><flag>1</flag></object><object><points><x>0.77148</x><x>0.82715</x><y>0.7513</y><y>0.76693</y></points><label>12</label><labelname>shop</labelname><flag>1</flag></object><object><points><x>0.8418</x><x>0.8623</x><y>0.72656</y><y>0.85938</y></points><label>12</label><labelname>shop</labelname><flag>1</flag></object><object><points><x>0.875</x><x>0.91699</x><y>0.72526</y><y>0.7474</y></points><label>12</label><labelname>shop</labelname><flag>1</flag></object><object><points><x>0.86523</x><x>0.91699</x><y>0.7487</y><y>0.85286</y></points><label>12</label><labelname>shop</labelname><flag>1</flag></object>