<object><points><x>0.29492</x><x>0.36133</x><y>0.23568</y><y>0.29427</y></points><label>3</label><labelname>window</labelname><flag>1</flag></object><object><points><x>0.41992</x><x>0.4873</x><y>0.23698</y><y>0.29427</y></points><label>3</label><labelname>window</labelname><flag>1</flag></object><object><points><x>0.29883</x><x>0.37598</x><y>0.20182</y><y>0.22396</y></points><label>3</label><labelname>window</labelname><flag>1</flag></object><object><points><x>0.42285</x><x>0.49805</x><y>0.20182</y><y>0.22396</y></points><label>3</label><labelname>window</labelname><flag>1</flag></object><object><points><x>0.42285</x><x>0.49707</x><y>0.30469</y><y>0.32161</y></points><label>3</label><labelname>window</labelname><flag>1</flag></object><object><points><x>0.29883</x><x>0.37305</x><y>0.30599</y><y>0.32292</y></points><label>3</label><labelname>window</labelname><flag>1</flag></object><object><points><x>0.31445</x><x>0.37891</x><y>0.39193</y><y>0.46875</y></points><label>3</label><labelname>window</labelname><flag>1</flag></object><object><points><x>0.43457</x><x>0.5</x><y>0.39062</y><y>0.47005</y></points><label>3</label><labelname>window</labelname><flag>1</flag></object><object><points><x>0.30078</x><x>0.37695</x><y>0.54167</y><y>0.57031</y></points><label>3</label><labelname>window</labelname><flag>1</flag></object><object><points><x>0.42285</x><x>0.49707</x><y>0.54036</y><y>0.57031</y></points><label>3</label><labelname>window</labelname><flag>1</flag></object><object><points><x>0.42188</x><x>0.49414</x><y>0.64974</y><y>0.66146</y></points><label>3</label><labelname>window</labelname><flag>1</flag></object><object><points><x>0.2998</x><x>0.37305</x><y>0.65104</y><y>0.66016</y></points><label>3</label><labelname>window</labelname><flag>1</flag></object><object><points><x>0.2959</x><x>0.3623</x><y>0.58464</y><y>0.63932</y></points><label>3</label><labelname>window</labelname><flag>1</flag></object><object><points><x>0.41992</x><x>0.48633</x><y>0.58464</y><y>0.64062</y></points><label>3</label><labelname>window</labelname><flag>1</flag></object><object><points><x>0.54492</x><x>0.61133</x><y>0.58333</y><y>0.64062</y></points><label>3</label><labelname>window</labelname><flag>1</flag></object><object><points><x>0.66895</x><x>0.73535</x><y>0.58203</y><y>0.63932</y></points><label>3</label><labelname>window</labelname><flag>1</flag></object><object><points><x>0.54688</x><x>0.62012</x><y>0.54036</y><y>0.57031</y></points><label>3</label><labelname>window</labelname><flag>1</flag></object><object><points><x>0.54688</x><x>0.61719</x><y>0.64974</y><y>0.66016</y></points><label>3</label><labelname>window</labelname><flag>1</flag></object><object><points><x>0.66992</x><x>0.74219</x><y>0.54036</y><y>0.57031</y></points><label>3</label><labelname>window</labelname><flag>1</flag></object><object><points><x>0.66992</x><x>0.73926</x><y>0.64844</y><y>0.65885</y></points><label>3</label><labelname>window</labelname><flag>1</flag></object><object><points><x>0.80078</x><x>0.86621</x><y>0.55208</y><y>0.63672</y></points><label>3</label><labelname>window</labelname><flag>1</flag></object><object><points><x>0.88965</x><x>0.98438</x><y>0.37891</y><y>0.44661</y></points><label>4</label><labelname>door</labelname><flag>1</flag></object><object><points><x>0.83789</x><x>0.86914</x><y>0.37891</y><y>0.44531</y></points><label>3</label><labelname>window</labelname><flag>1</flag></object><object><points><x>0.80176</x><x>0.86816</x><y>0.21745</y><y>0.30469</y></points><label>3</label><labelname>window</labelname><flag>1</flag></object><object><points><x>0.67188</x><x>0.74219</x><y>0.20182</y><y>0.22526</y></points><label>3</label><labelname>window</labelname><flag>1</flag></object><object><points><x>0.6709</x><x>0.74121</x><y>0.30469</y><y>0.32161</y></points><label>3</label><labelname>window</labelname><flag>1</flag></object><object><points><x>0.66992</x><x>0.7373</x><y>0.23698</y><y>0.29427</y></points><label>3</label><labelname>window</labelname><flag>1</flag></object><object><points><x>0.54492</x><x>0.6123</x><y>0.23698</y><y>0.29427</y></points><label>3</label><labelname>window</labelname><flag>1</flag></object><object><points><x>0.54785</x><x>0.61914</x><y>0.20182</y><y>0.22396</y></points><label>3</label><labelname>window</labelname><flag>1</flag></object><object><points><x>0.54785</x><x>0.62012</x><y>0.30599</y><y>0.32161</y></points><label>3</label><labelname>window</labelname><flag>1</flag></object><object><points><x>0.55664</x><x>0.62207</x><y>0.39062</y><y>0.46875</y></points><label>3</label><labelname>window</labelname><flag>1</flag></object><object><points><x>0.67773</x><x>0.74316</x><y>0.39062</y><y>0.46745</y></points><label>3</label><labelname>window</labelname><flag>1</flag></object><object><points><x>0.18848</x><x>1</x><y>0.0013021</y><y>0.86589</y></points><label>2</label><labelname>facade</labelname><flag>1</flag></object><object><points><x>0.31641</x><x>0.38086</x><y>0.03776</y><y>0.1224</y></points><label>3</label><labelname>window</labelname><flag>1</flag></object><object><points><x>0.43457</x><x>0.49902</x><y>0.039062</y><y>0.1237</y></points><label>3</label><labelname>window</labelname><flag>1</flag></object><object><points><x>0.55859</x><x>0.62305</x><y>0.03776</y><y>0.1224</y></points><label>3</label><labelname>window</labelname><flag>1</flag></object><object><points><x>0.31641</x><x>0.38086</x><y>0.73568</y><y>0.82031</y></points><label>3</label><labelname>window</labelname><flag>1</flag></object><object><points><x>0.43652</x><x>0.50098</x><y>0.73698</y><y>0.82161</y></points><label>3</label><labelname>window</labelname><flag>1</flag></object><object><points><x>0.55762</x><x>0.62207</x><y>0.73568</y><y>0.82031</y></points><label>3</label><labelname>window</labelname><flag>1</flag></object><object><points><x>0.67871</x><x>0.74219</x><y>0.73177</y><y>0.81771</y></points><label>3</label><labelname>window</labelname><flag>1</flag></object><object><points><x>0.80273</x><x>0.86719</x><y>0.73047</y><y>0.81641</y></points><label>3</label><labelname>window</labelname><flag>1</flag></object><object><points><x>0.22754</x><x>0.27246</x><y>0.74219</y><y>0.77604</y></points><label>3</label><labelname>window</labelname><flag>1</flag></object><object><points><x>0.22852</x><x>0.27344</x><y>0.68099</y><y>0.71484</y></points><label>3</label><labelname>window</labelname><flag>1</flag></object><object><points><x>0.22754</x><x>0.25977</x><y>0.6224</y><y>0.65625</y></points><label>3</label><labelname>window</labelname><flag>1</flag></object><object><points><x>0.22656</x><x>0.25879</x><y>0.5612</y><y>0.59505</y></points><label>3</label><labelname>window</labelname><flag>1</flag></object><object><points><x>0.22656</x><x>0.25879</x><y>0.5013</y><y>0.53516</y></points><label>3</label><labelname>window</labelname><flag>1</flag></object><object><points><x>0.22656</x><x>0.25879</x><y>0.44141</y><y>0.47526</y></points><label>3</label><labelname>window</labelname><flag>1</flag></object><object><points><x>0.22656</x><x>0.25879</x><y>0.38021</y><y>0.41406</y></points><label>3</label><labelname>window</labelname><flag>1</flag></object><object><points><x>0.22461</x><x>0.25781</x><y>0.32031</y><y>0.35417</y></points><label>3</label><labelname>window</labelname><flag>1</flag></object><object><points><x>0.22461</x><x>0.25781</x><y>0.25781</y><y>0.29167</y></points><label>3</label><labelname>window</labelname><flag>1</flag></object><object><points><x>0.37598</x><x>0.39355</x><y>0.02474</y><y>0.12891</y></points><label>6</label><labelname>sill</labelname><flag>1</flag></object><object><points><x>0.49512</x><x>0.5127</x><y>0.026042</y><y>0.13021</y></points><label>6</label><labelname>sill</labelname><flag>1</flag></object><object><points><x>0.61914</x><x>0.63672</x><y>0.02474</y><y>0.12891</y></points><label>6</label><labelname>sill</labelname><flag>1</flag></object><object><points><x>0.35938</x><x>0.37305</x><y>0.23177</y><y>0.30208</y></points><label>6</label><labelname>sill</labelname><flag>1</flag></object><object><points><x>0.48633</x><x>0.50391</x><y>0.23047</y><y>0.30078</y></points><label>6</label><labelname>sill</labelname><flag>1</flag></object><object><points><x>0.36035</x><x>0.37402</x><y>0.57943</y><y>0.64974</y></points><label>6</label><labelname>sill</labelname><flag>1</flag></object><object><points><x>0.48535</x><x>0.49902</x><y>0.57812</y><y>0.64844</y></points><label>6</label><labelname>sill</labelname><flag>1</flag></object><object><points><x>0.60938</x><x>0.62305</x><y>0.57422</y><y>0.64583</y></points><label>6</label><labelname>sill</labelname><flag>1</flag></object><object><points><x>0.60742</x><x>0.62109</x><y>0.22786</y><y>0.29948</y></points><label>6</label><labelname>sill</labelname><flag>1</flag></object><object><points><x>0.73242</x><x>0.75</x><y>0.23307</y><y>0.30469</y></points><label>6</label><labelname>sill</labelname><flag>1</flag></object><object><points><x>0.73535</x><x>0.75</x><y>0.57682</y><y>0.64714</y></points><label>6</label><labelname>sill</labelname><flag>1</flag></object><object><points><x>0.36328</x><x>0.38672</x><y>0.19792</y><y>0.22786</y></points><label>6</label><labelname>sill</labelname><flag>1</flag></object><object><points><x>0.4873</x><x>0.51172</x><y>0.19792</y><y>0.22786</y></points><label>6</label><labelname>sill</labelname><flag>1</flag></object><object><points><x>0.3623</x><x>0.38379</x><y>0.30339</y><y>0.32943</y></points><label>6</label><labelname>sill</labelname><flag>1</flag></object><object><points><x>0.48633</x><x>0.50781</x><y>0.30339</y><y>0.32943</y></points><label>6</label><labelname>sill</labelname><flag>1</flag></object><object><points><x>0.60938</x><x>0.63379</x><y>0.19792</y><y>0.22656</y></points><label>6</label><labelname>sill</labelname><flag>1</flag></object><object><points><x>0.7373</x><x>0.75098</x><y>0.19792</y><y>0.22786</y></points><label>6</label><labelname>sill</labelname><flag>1</flag></object><object><points><x>0.73633</x><x>0.75098</x><y>0.30339</y><y>0.32812</y></points><label>6</label><labelname>sill</labelname><flag>1</flag></object><object><points><x>0.61426</x><x>0.62891</x><y>0.30469</y><y>0.32943</y></points><label>6</label><labelname>sill</labelname><flag>1</flag></object><object><points><x>0.37793</x><x>0.39551</x><y>0.38411</y><y>0.47917</y></points><label>6</label><labelname>sill</labelname><flag>1</flag></object><object><points><x>0.49609</x><x>0.51367</x><y>0.38281</y><y>0.47786</y></points><label>6</label><labelname>sill</labelname><flag>1</flag></object><object><points><x>0.61621</x><x>0.63379</x><y>0.38411</y><y>0.47917</y></points><label>6</label><labelname>sill</labelname><flag>1</flag></object><object><points><x>0.73926</x><x>0.80371</x><y>0.36849</y><y>0.48828</y></points><label>6</label><labelname>sill</labelname><flag>1</flag></object><object><points><x>0.74023</x><x>0.80273</x><y>0.70703</y><y>0.82422</y></points><label>6</label><labelname>sill</labelname><flag>1</flag></object><object><points><x>0.61523</x><x>0.63281</x><y>0.73047</y><y>0.82552</y></points><label>6</label><labelname>sill</labelname><flag>1</flag></object><object><points><x>0.49805</x><x>0.51562</x><y>0.73568</y><y>0.83073</y></points><label>6</label><labelname>sill</labelname><flag>1</flag></object><object><points><x>0.375</x><x>0.39258</x><y>0.73698</y><y>0.83203</y></points><label>6</label><labelname>sill</labelname><flag>1</flag></object><object><points><x>0.36523</x><x>0.38574</x><y>0.53906</y><y>0.57422</y></points><label>6</label><labelname>sill</labelname><flag>1</flag></object><object><points><x>0.3623</x><x>0.38379</x><y>0.65104</y><y>0.66797</y></points><label>6</label><labelname>sill</labelname><flag>1</flag></object><object><points><x>0.4873</x><x>0.50586</x><y>0.64974</y><y>0.66536</y></points><label>6</label><labelname>sill</labelname><flag>1</flag></object><object><points><x>0.48828</x><x>0.50781</x><y>0.53776</y><y>0.57422</y></points><label>6</label><labelname>sill</labelname><flag>1</flag></object><object><points><x>0.6123</x><x>0.63086</x><y>0.53776</y><y>0.57422</y></points><label>6</label><labelname>sill</labelname><flag>1</flag></object><object><points><x>0.73438</x><x>0.74902</x><y>0.53906</y><y>0.57292</y></points><label>6</label><labelname>sill</labelname><flag>1</flag></object><object><points><x>0.73535</x><x>0.75195</x><y>0.64974</y><y>0.66276</y></points><label>6</label><labelname>sill</labelname><flag>1</flag></object><object><points><x>0.61328</x><x>0.62891</x><y>0.64844</y><y>0.66146</y></points><label>6</label><labelname>sill</labelname><flag>1</flag></object><object><points><x>0.25879</x><x>0.31055</x><y>0.010417</y><y>0.85026</y></points><label>10</label><labelname>molding</labelname><flag>1</flag></object><object><points><x>0.76074</x><x>0.78613</x><y>0.0078125</y><y>0.86589</y></points><label>10</label><labelname>molding</labelname><flag>1</flag></object><object><points><x>0.89453</x><x>0.9707</x><y>0.20833</y><y>0.3125</y></points><label>12</label><labelname>shop</labelname><flag>1</flag></object><object><points><x>0.88867</x><x>0.96582</x><y>0.54427</y><y>0.64844</y></points><label>12</label><labelname>shop</labelname><flag>1</flag></object><object><points><x>0.88965</x><x>0.9668</x><y>0.72005</y><y>0.82422</y></points><label>12</label><labelname>shop</labelname><flag>1</flag></object><object><points><x>0.84766</x><x>0.88477</x><y>0.51562</y><y>0.54818</y></points><label>12</label><labelname>shop</labelname><flag>1</flag></object>