<object><points><x>0.033932</x><x>0.96806</x><y>0.062663</y><y>0.94256</y></points><label>2</label><labelname>facade</labelname><flag>1</flag></object><object><points><x>0.15569</x><x>0.2475</x><y>0.48303</y><y>0.53525</y></points><label>3</label><labelname>window</labelname><flag>1</flag></object><object><points><x>0.15768</x><x>0.2475</x><y>0.5483</y><y>0.60052</y></points><label>3</label><labelname>window</labelname><flag>1</flag></object><object><points><x>0.31936</x><x>0.41317</x><y>0.55091</y><y>0.60313</y></points><label>3</label><labelname>window</labelname><flag>1</flag></object><object><points><x>0.31936</x><x>0.41118</x><y>0.48564</y><y>0.54047</y></points><label>3</label><labelname>window</labelname><flag>1</flag></object><object><points><x>0.48902</x><x>0.58084</x><y>0.55091</y><y>0.60574</y></points><label>3</label><labelname>window</labelname><flag>1</flag></object><object><points><x>0.48503</x><x>0.57884</x><y>0.48303</y><y>0.53786</y></points><label>3</label><labelname>window</labelname><flag>1</flag></object><object><points><x>0.6507</x><x>0.74451</x><y>0.55352</y><y>0.60836</y></points><label>3</label><labelname>window</labelname><flag>1</flag></object><object><points><x>0.6487</x><x>0.74251</x><y>0.48825</y><y>0.54047</y></points><label>3</label><labelname>window</labelname><flag>1</flag></object><object><points><x>0.18164</x><x>0.26148</x><y>0.19321</y><y>0.2611</y></points><label>3</label><labelname>window</labelname><flag>1</flag></object><object><points><x>0.33932</x><x>0.41517</x><y>0.18538</y><y>0.26371</y></points><label>3</label><labelname>window</labelname><flag>1</flag></object><object><points><x>0.49701</x><x>0.58084</x><y>0.18538</y><y>0.27154</y></points><label>3</label><labelname>window</labelname><flag>1</flag></object><object><points><x>0.65269</x><x>0.7485</x><y>0.18538</y><y>0.27154</y></points><label>3</label><labelname>window</labelname><flag>1</flag></object><object><points><x>0.18363</x><x>0.26747</x><y>0.70235</y><y>0.75196</y></points><label>3</label><labelname>window</labelname><flag>1</flag></object><object><points><x>0.18164</x><x>0.25549</x><y>0.77023</y><y>0.81723</y></points><label>3</label><labelname>window</labelname><flag>1</flag></object><object><points><x>0.33932</x><x>0.42914</x><y>0.68407</y><y>0.86684</y></points><label>3</label><labelname>window</labelname><flag>1</flag></object><object><points><x>0.499</x><x>0.58882</x><y>0.68668</y><y>0.86423</y></points><label>3</label><labelname>window</labelname><flag>1</flag></object><object><points><x>0.65669</x><x>0.7485</x><y>0.68668</y><y>0.86423</y></points><label>3</label><labelname>window</labelname><flag>1</flag></object><object><points><x>0.13573</x><x>0.17365</x><y>0.16971</y><y>0.30287</y></points><label>5</label><labelname>cornice</labelname><flag>1</flag></object><object><points><x>0.14571</x><x>0.17964</x><y>0.67885</y><y>0.86945</y></points><label>5</label><labelname>cornice</labelname><flag>1</flag></object><object><points><x>0.74651</x><x>0.76248</x><y>0.67885</y><y>0.88251</y></points><label>6</label><labelname>sill</labelname><flag>1</flag></object><object><points><x>0.42515</x><x>0.44112</x><y>0.67363</y><y>0.87467</y></points><label>6</label><labelname>sill</labelname><flag>1</flag></object><object><points><x>0.58483</x><x>0.60279</x><y>0.67885</y><y>0.88251</y></points><label>6</label><labelname>sill</labelname><flag>1</flag></object><object><points><x>0.39721</x><x>0.49701</x><y>0.10183</y><y>0.44125</y></points><label>7</label><labelname>balcony</labelname><flag>1</flag></object><object><points><x>0.56088</x><x>0.66068</x><y>0.10183</y><y>0.43342</y></points><label>7</label><labelname>balcony</labelname><flag>1</flag></object><object><points><x>0.72854</x><x>0.82036</x><y>0.10705</y><y>0.43342</y></points><label>7</label><labelname>balcony</labelname><flag>1</flag></object><object><points><x>0.24351</x><x>0.2994</x><y>0.70496</y><y>0.88773</y></points><label>7</label><labelname>balcony</labelname><flag>1</flag></object><object><points><x>0.07984</x><x>0.11377</x><y>0.52742</y><y>0.55614</y></points><label>3</label><labelname>window</labelname><flag>1</flag></object><object><points><x>0.60679</x><x>0.63872</x><y>0.078329</y><y>0.93734</y></points><label>10</label><labelname>molding</labelname><flag>1</flag></object><object><points><x>0.77645</x><x>0.80838</x><y>0.075718</y><y>0.93211</y></points><label>10</label><labelname>molding</labelname><flag>1</flag></object><object><points><x>0.82635</x><x>0.93413</x><y>0.16188</y><y>0.30287</y></points><label>12</label><labelname>shop</labelname><flag>1</flag></object><object><points><x>0.82635</x><x>0.93413</x><y>0.71018</y><y>0.85117</y></points><label>12</label><labelname>shop</labelname><flag>1</flag></object><object><points><x>0.83034</x><x>0.96407</x><y>0.43864</y><y>0.57963</y></points><label>12</label><labelname>shop</labelname><flag>1</flag></object>