<object><points><x>0.56641</x><x>0.68262</x><y>0.21224</y><y>0.30859</y></points><label>3</label><labelname>window</labelname><flag>1</flag></object><object><points><x>0.47949</x><x>0.59082</x><y>0.15885</y><y>0.375</y></points><label>5</label><labelname>cornice</labelname><flag>1</flag></object><object><points><x>0.47949</x><x>0.59082</x><y>0.38542</y><y>0.61068</y></points><label>5</label><labelname>cornice</labelname><flag>1</flag></object><object><points><x>0.56641</x><x>0.68262</x><y>0.44271</y><y>0.53646</y></points><label>3</label><labelname>window</labelname><flag>1</flag></object><object><points><x>0.56641</x><x>0.68164</x><y>0.66016</y><y>0.75781</y></points><label>3</label><labelname>window</labelname><flag>1</flag></object><object><points><x>0.47852</x><x>0.5918</x><y>0.61589</y><y>0.83984</y></points><label>5</label><labelname>cornice</labelname><flag>1</flag></object><object><points><x>0.76855</x><x>0.80078</x><y>0.6276</y><y>0.8099</y></points><label>5</label><labelname>cornice</labelname><flag>1</flag></object><object><points><x>0.81055</x><x>0.90527</x><y>0.66927</y><y>0.73958</y></points><label>3</label><labelname>window</labelname><flag>1</flag></object><object><points><x>0.80957</x><x>0.9043</x><y>0.44792</y><y>0.52344</y></points><label>3</label><labelname>window</labelname><flag>1</flag></object><object><points><x>0.76855</x><x>0.79492</x><y>0.40885</y><y>0.58594</y></points><label>5</label><labelname>cornice</labelname><flag>1</flag></object><object><points><x>0.77637</x><x>0.96875</x><y>0.16536</y><y>0.35156</y></points><label>4</label><labelname>door</labelname><flag>1</flag></object><object><points><x>0.34766</x><x>0.43848</x><y>0.21224</y><y>0.30599</y></points><label>3</label><labelname>window</labelname><flag>1</flag></object><object><points><x>0.34668</x><x>0.43848</x><y>0.4388</y><y>0.53255</y></points><label>3</label><labelname>window</labelname><flag>1</flag></object><object><points><x>0.34668</x><x>0.4375</x><y>0.66016</y><y>0.75391</y></points><label>3</label><labelname>window</labelname><flag>1</flag></object><object><points><x>0.15332</x><x>0.97168</x><y>0.0026042</y><y>0.99609</y></points><label>2</label><labelname>facade</labelname><flag>1</flag></object><object><points><x>0.47852</x><x>0.59375</x><y>0.0039062</y><y>0.14193</y></points><label>5</label><labelname>cornice</labelname><flag>1</flag></object><object><points><x>0.47852</x><x>0.5918</x><y>0.84635</y><y>0.99349</y></points><label>5</label><labelname>cornice</labelname><flag>1</flag></object><object><points><x>0.56641</x><x>0.68164</x><y>0.8763</y><y>0.97396</y></points><label>3</label><labelname>window</labelname><flag>1</flag></object><object><points><x>0.43262</x><x>0.45703</x><y>0.18359</y><y>0.33594</y></points><label>6</label><labelname>sill</labelname><flag>1</flag></object><object><points><x>0.43164</x><x>0.45605</x><y>0.41406</y><y>0.56641</y></points><label>6</label><labelname>sill</labelname><flag>1</flag></object><object><points><x>0.43164</x><x>0.45605</x><y>0.64062</y><y>0.79167</y></points><label>6</label><labelname>sill</labelname><flag>1</flag></object><object><points><x>0.43164</x><x>0.45605</x><y>0.83984</y><y>0.99219</y></points><label>6</label><labelname>sill</labelname><flag>1</flag></object><object><points><x>0.34082</x><x>0.43848</x><y>0.87109</y><y>0.97005</y></points><label>3</label><labelname>window</labelname><flag>1</flag></object><object><points><x>0.43555</x><x>0.45801</x><y>0.0039062</y><y>0.10807</y></points><label>6</label><labelname>sill</labelname><flag>1</flag></object><object><points><x>0.90723</x><x>0.92676</x><y>0.41406</y><y>0.56641</y></points><label>6</label><labelname>sill</labelname><flag>1</flag></object><object><points><x>0.90918</x><x>0.92969</x><y>0.63542</y><y>0.78776</y></points><label>6</label><labelname>sill</labelname><flag>1</flag></object><object><points><x>0.67676</x><x>0.69824</x><y>0.41797</y><y>0.58073</y></points><label>6</label><labelname>sill</labelname><flag>1</flag></object><object><points><x>0.67773</x><x>0.69922</x><y>0.63411</y><y>0.79688</y></points><label>6</label><labelname>sill</labelname><flag>1</flag></object><object><points><x>0.67969</x><x>0.69531</x><y>0.17448</y><y>0.34896</y></points><label>6</label><labelname>sill</labelname><flag>1</flag></object><object><points><x>0.22559</x><x>0.25684</x><y>0.4987</y><y>0.52083</y></points><label>9</label><labelname>deco</labelname><flag>1</flag></object><object><points><x>0.22363</x><x>0.25488</x><y>0.54557</y><y>0.56771</y></points><label>9</label><labelname>deco</labelname><flag>1</flag></object><object><points><x>0.22363</x><x>0.25488</x><y>0.59375</y><y>0.61719</y></points><label>9</label><labelname>deco</labelname><flag>1</flag></object><object><points><x>0.22266</x><x>0.25391</x><y>0.63802</y><y>0.66016</y></points><label>9</label><labelname>deco</labelname><flag>1</flag></object><object><points><x>0.22461</x><x>0.25684</x><y>0.68359</y><y>0.70573</y></points><label>9</label><labelname>deco</labelname><flag>1</flag></object><object><points><x>0.22363</x><x>0.25488</x><y>0.73047</y><y>0.7526</y></points><label>9</label><labelname>deco</labelname><flag>1</flag></object><object><points><x>0.22363</x><x>0.25488</x><y>0.77604</y><y>0.79818</y></points><label>9</label><labelname>deco</labelname><flag>1</flag></object><object><points><x>0.22363</x><x>0.25488</x><y>0.82031</y><y>0.84245</y></points><label>9</label><labelname>deco</labelname><flag>1</flag></object><object><points><x>0.22168</x><x>0.25293</x><y>0.86328</y><y>0.88542</y></points><label>9</label><labelname>deco</labelname><flag>1</flag></object><object><points><x>0.22168</x><x>0.25293</x><y>0.91016</y><y>0.93359</y></points><label>9</label><labelname>deco</labelname><flag>1</flag></object><object><points><x>0.22363</x><x>0.25488</x><y>0.95573</y><y>0.97786</y></points><label>9</label><labelname>deco</labelname><flag>1</flag></object><object><points><x>0.22461</x><x>0.25586</x><y>0.45182</y><y>0.47396</y></points><label>9</label><labelname>deco</labelname><flag>1</flag></object><object><points><x>0.22656</x><x>0.24219</x><y>0.47656</y><y>0.49479</y></points><label>9</label><labelname>deco</labelname><flag>1</flag></object><object><points><x>0.22852</x><x>0.24316</x><y>0.52344</y><y>0.54297</y></points><label>9</label><labelname>deco</labelname><flag>1</flag></object><object><points><x>0.22754</x><x>0.24316</x><y>0.57161</y><y>0.58984</y></points><label>9</label><labelname>deco</labelname><flag>1</flag></object><object><points><x>0.22656</x><x>0.24219</x><y>0.61849</y><y>0.63802</y></points><label>9</label><labelname>deco</labelname><flag>1</flag></object><object><points><x>0.22559</x><x>0.24121</x><y>0.66016</y><y>0.67969</y></points><label>9</label><labelname>deco</labelname><flag>1</flag></object><object><points><x>0.22852</x><x>0.24316</x><y>0.70833</y><y>0.72656</y></points><label>9</label><labelname>deco</labelname><flag>1</flag></object><object><points><x>0.22656</x><x>0.24219</x><y>0.75521</y><y>0.77344</y></points><label>9</label><labelname>deco</labelname><flag>1</flag></object><object><points><x>0.22656</x><x>0.24121</x><y>0.79948</y><y>0.81901</y></points><label>9</label><labelname>deco</labelname><flag>1</flag></object><object><points><x>0.22559</x><x>0.24121</x><y>0.84375</y><y>0.86198</y></points><label>9</label><labelname>deco</labelname><flag>1</flag></object><object><points><x>0.22559</x><x>0.24121</x><y>0.88932</y><y>0.90755</y></points><label>9</label><labelname>deco</labelname><flag>1</flag></object><object><points><x>0.22559</x><x>0.24023</x><y>0.93229</y><y>0.95182</y></points><label>9</label><labelname>deco</labelname><flag>1</flag></object><object><points><x>0.1582</x><x>0.31934</x><y>0.0078125</y><y>0.98438</y></points><label>10</label><labelname>molding</labelname><flag>1</flag></object><object><points><x>0.68066</x><x>0.76074</x><y>0.0065104</y><y>0.98958</y></points><label>10</label><labelname>molding</labelname><flag>1</flag></object><object><points><x>0.69629</x><x>0.72754</x><y>0.41016</y><y>0.94792</y></points><label>12</label><labelname>shop</labelname><flag>1</flag></object><object><points><x>0.81641</x><x>0.90039</x><y>0.78255</y><y>0.84896</y></points><label>12</label><labelname>shop</labelname><flag>1</flag></object><object><points><x>0.81543</x><x>0.84082</x><y>0.57552</y><y>0.62109</y></points><label>12</label><labelname>shop</labelname><flag>1</flag></object><object><points><x>0.84961</x><x>0.86133</x><y>0.13411</y><y>0.15625</y></points><label>12</label><labelname>shop</labelname><flag>1</flag></object><object><points><x>0.8623</x><x>0.87012</x><y>0.13672</y><y>0.15234</y></points><label>12</label><labelname>shop</labelname><flag>1</flag></object>