<object><points><x>0.16894</x><x>0.92321</x><y>0.23145</y><y>0.91016</y></points><label>2</label><labelname>facade</labelname><flag>1</flag></object><object><points><x>0.27986</x><x>0.42833</x><y>0.30859</y><y>0.35938</y></points><label>3</label><labelname>window</labelname><flag>1</flag></object><object><points><x>0.25597</x><x>0.41468</x><y>0.49023</y><y>0.54785</y></points><label>3</label><labelname>window</labelname><flag>1</flag></object><object><points><x>0.25597</x><x>0.41468</x><y>0.63477</y><y>0.69238</y></points><label>3</label><labelname>window</labelname><flag>1</flag></object><object><points><x>0.25085</x><x>0.41468</x><y>0.78027</y><y>0.83691</y></points><label>3</label><labelname>window</labelname><flag>1</flag></object><object><points><x>0.095563</x><x>0.24915</x><y>0.11133</y><y>0.16406</y></points><label>3</label><labelname>window</labelname><flag>1</flag></object><object><points><x>0.41638</x><x>0.57167</x><y>0.10449</y><y>0.15723</y></points><label>3</label><labelname>window</labelname><flag>1</flag></object><object><points><x>0.64676</x><x>0.81741</x><y>0.2998</y><y>0.35938</y></points><label>3</label><labelname>window</labelname><flag>1</flag></object><object><points><x>0.65188</x><x>0.82253</x><y>0.52246</y><y>0.58105</y></points><label>3</label><labelname>window</labelname><flag>1</flag></object><object><points><x>0.65188</x><x>0.82594</x><y>0.7998</y><y>0.86328</y></points><label>3</label><labelname>window</labelname><flag>1</flag></object><object><points><x>0.64846</x><x>0.84983</x><y>0.66211</y><y>0.72656</y></points><label>4</label><labelname>door</labelname><flag>1</flag></object><object><points><x>0.6041</x><x>0.63652</x><y>0.76465</y><y>0.89844</y></points><label>5</label><labelname>cornice</labelname><flag>1</flag></object><object><points><x>0.6041</x><x>0.63823</x><y>0.62207</y><y>0.75293</y></points><label>5</label><labelname>cornice</labelname><flag>1</flag></object><object><points><x>0.6058</x><x>0.63311</x><y>0.48438</y><y>0.60938</y></points><label>5</label><labelname>cornice</labelname><flag>1</flag></object><object><points><x>0.040956</x><x>0.093857</x><y>0.10059</y><y>0.17871</y></points><label>5</label><labelname>cornice</labelname><flag>1</flag></object><object><points><x>0.25085</x><x>0.29181</x><y>0.087891</y><y>0.17285</y></points><label>6</label><labelname>sill</labelname><flag>1</flag></object><object><points><x>0.42321</x><x>0.45392</x><y>0.27637</y><y>0.38672</y></points><label>6</label><labelname>sill</labelname><flag>1</flag></object><object><points><x>0.5785</x><x>0.60239</x><y>0.072266</y><y>0.1709</y></points><label>6</label><labelname>sill</labelname><flag>1</flag></object><object><points><x>0.17577</x><x>0.23038</x><y>0.42285</y><y>0.90527</y></points><label>10</label><labelname>molding</labelname><flag>1</flag></object><object><points><x>0.40444</x><x>0.43857</x><y>0.4248</y><y>0.90234</y></points><label>10</label><labelname>molding</labelname><flag>1</flag></object><object><points><x>0.6587</x><x>0.82082</x><y>0.93555</y><y>0.99316</y></points><label>3</label><labelname>window</labelname><flag>1</flag></object>