<object><points><x>0.0092308</x><x>0.96923</x><y>0.48089</y><y>0.97988</y></points><label>2</label><labelname>facade</labelname><flag>1</flag></object><object><points><x>0.41538</x><x>0.95385</x><y>0.0040241</y><y>0.47887</y></points><label>2</label><labelname>facade</labelname><flag>1</flag></object><object><points><x>0.18462</x><x>0.31077</x><y>0.69819</y><y>0.7505</y></points><label>3</label><labelname>window</labelname><flag>1</flag></object><object><points><x>0.18462</x><x>0.31385</x><y>0.55936</y><y>0.61167</y></points><label>3</label><labelname>window</labelname><flag>1</flag></object><object><points><x>0.18154</x><x>0.30769</x><y>0.83903</y><y>0.88934</y></points><label>3</label><labelname>window</labelname><flag>1</flag></object><object><points><x>0.42462</x><x>0.55077</x><y>0.83903</y><y>0.89135</y></points><label>3</label><labelname>window</labelname><flag>1</flag></object><object><points><x>0.42154</x><x>0.54769</x><y>0.69819</y><y>0.7505</y></points><label>3</label><labelname>window</labelname><flag>1</flag></object><object><points><x>0.42462</x><x>0.55077</x><y>0.55936</y><y>0.61167</y></points><label>3</label><labelname>window</labelname><flag>1</flag></object><object><points><x>0.66462</x><x>0.79077</x><y>0.55936</y><y>0.61167</y></points><label>3</label><labelname>window</labelname><flag>1</flag></object><object><points><x>0.66462</x><x>0.79077</x><y>0.69618</y><y>0.74849</y></points><label>3</label><labelname>window</labelname><flag>1</flag></object><object><points><x>0.66462</x><x>0.79077</x><y>0.83702</y><y>0.88934</y></points><label>3</label><labelname>window</labelname><flag>1</flag></object><object><points><x>0.48615</x><x>0.56923</x><y>0.41247</y><y>0.44064</y></points><label>3</label><labelname>window</labelname><flag>1</flag></object><object><points><x>0.48615</x><x>0.56615</x><y>0.36419</y><y>0.39235</y></points><label>3</label><labelname>window</labelname><flag>1</flag></object><object><points><x>0.48615</x><x>0.56615</x><y>0.31791</y><y>0.34809</y></points><label>3</label><labelname>window</labelname><flag>1</flag></object><object><points><x>0.48615</x><x>0.56615</x><y>0.27163</y><y>0.30181</y></points><label>3</label><labelname>window</labelname><flag>1</flag></object><object><points><x>0.48308</x><x>0.56615</x><y>0.22736</y><y>0.25755</y></points><label>3</label><labelname>window</labelname><flag>1</flag></object><object><points><x>0.48615</x><x>0.56923</x><y>0.45875</y><y>0.47485</y></points><label>3</label><labelname>window</labelname><flag>1</flag></object><object><points><x>0.67385</x><x>0.75692</x><y>0.41247</y><y>0.44064</y></points><label>3</label><labelname>window</labelname><flag>1</flag></object><object><points><x>0.67385</x><x>0.75692</x><y>0.3662</y><y>0.39437</y></points><label>3</label><labelname>window</labelname><flag>1</flag></object><object><points><x>0.67077</x><x>0.75385</x><y>0.31791</y><y>0.34809</y></points><label>3</label><labelname>window</labelname><flag>1</flag></object><object><points><x>0.67077</x><x>0.75077</x><y>0.27364</y><y>0.30181</y></points><label>3</label><labelname>window</labelname><flag>1</flag></object><object><points><x>0.66769</x><x>0.75077</x><y>0.22535</y><y>0.25352</y></points><label>3</label><labelname>window</labelname><flag>1</flag></object><object><points><x>0.48923</x><x>0.57231</x><y>0.1831</y><y>0.21127</y></points><label>3</label><labelname>window</labelname><flag>1</flag></object><object><points><x>0.66769</x><x>0.74769</x><y>0.1831</y><y>0.21127</y></points><label>3</label><labelname>window</labelname><flag>1</flag></object><object><points><x>0.66769</x><x>0.74769</x><y>0.05835</y><y>0.088531</y></points><label>3</label><labelname>window</labelname><flag>1</flag></object><object><points><x>0.66462</x><x>0.74462</x><y>0.01006</y><y>0.038229</y></points><label>3</label><labelname>window</labelname><flag>1</flag></object><object><points><x>0.84923</x><x>0.91077</x><y>0.018109</y><y>0.046278</y></points><label>3</label><labelname>window</labelname><flag>1</flag></object><object><points><x>0.84615</x><x>0.91077</x><y>0.054326</y><y>0.082495</y></points><label>3</label><labelname>window</labelname><flag>1</flag></object><object><points><x>0.67692</x><x>0.75692</x><y>0.46076</y><y>0.47485</y></points><label>3</label><labelname>window</labelname><flag>1</flag></object><object><points><x>0.2</x><x>0.29538</x><y>0.37425</y><y>0.41449</y></points><label>3</label><labelname>window</labelname><flag>1</flag></object><object><points><x>0.19692</x><x>0.29231</x><y>0.42656</y><y>0.4668</y></points><label>3</label><labelname>window</labelname><flag>1</flag></object><object><points><x>0.2</x><x>0.29538</x><y>0.31388</y><y>0.35412</y></points><label>3</label><labelname>window</labelname><flag>1</flag></object><object><points><x>0.20308</x><x>0.29846</x><y>0.26157</y><y>0.30181</y></points><label>3</label><labelname>window</labelname><flag>1</flag></object><object><points><x>0.20615</x><x>0.30154</x><y>0.20322</y><y>0.24547</y></points><label>3</label><labelname>window</labelname><flag>1</flag></object><object><points><x>0.20923</x><x>0.30462</x><y>0.15694</y><y>0.19517</y></points><label>3</label><labelname>window</labelname><flag>1</flag></object><object><points><x>0.20923</x><x>0.30462</x><y>0.1006</y><y>0.13883</y></points><label>3</label><labelname>window</labelname><flag>1</flag></object><object><points><x>0.21231</x><x>0.30769</x><y>0.04829</y><y>0.086519</y></points><label>3</label><labelname>window</labelname><flag>1</flag></object><object><points><x>0.33538</x><x>0.40923</x><y>0.32596</y><y>0.35614</y></points><label>3</label><labelname>window</labelname><flag>1</flag></object><object><points><x>0.33846</x><x>0.41231</x><y>0.37827</y><y>0.40845</y></points><label>3</label><labelname>window</labelname><flag>1</flag></object><object><points><x>0.33538</x><x>0.40923</x><y>0.43662</y><y>0.46881</y></points><label>3</label><labelname>window</labelname><flag>1</flag></object><object><points><x>0.33846</x><x>0.41231</x><y>0.26962</y><y>0.2998</y></points><label>3</label><labelname>window</labelname><flag>1</flag></object><object><points><x>0.34154</x><x>0.41538</x><y>0.21328</y><y>0.24346</y></points><label>3</label><labelname>window</labelname><flag>1</flag></object><object><points><x>0.34154</x><x>0.41538</x><y>0.15895</y><y>0.19115</y></points><label>3</label><labelname>window</labelname><flag>1</flag></object><object><points><x>0.37846</x><x>0.42462</x><y>0.53722</y><y>0.62978</y></points><label>5</label><labelname>cornice</labelname><flag>1</flag></object><object><points><x>0.37538</x><x>0.42154</x><y>0.67606</y><y>0.76861</y></points><label>5</label><labelname>cornice</labelname><flag>1</flag></object><object><points><x>0.37846</x><x>0.42154</x><y>0.81891</y><y>0.91147</y></points><label>5</label><labelname>cornice</labelname><flag>1</flag></object><object><points><x>0.30769</x><x>0.33231</x><y>0.54728</y><y>0.62374</y></points><label>6</label><labelname>sill</labelname><flag>1</flag></object><object><points><x>0.30462</x><x>0.32923</x><y>0.6841</y><y>0.76056</y></points><label>6</label><labelname>sill</labelname><flag>1</flag></object><object><points><x>0.30462</x><x>0.32923</x><y>0.82495</y><y>0.90141</y></points><label>6</label><labelname>sill</labelname><flag>1</flag></object><object><points><x>0.79077</x><x>0.81231</x><y>0.82696</y><y>0.90342</y></points><label>6</label><labelname>sill</labelname><flag>1</flag></object><object><points><x>0.78769</x><x>0.80923</x><y>0.68612</y><y>0.76258</y></points><label>6</label><labelname>sill</labelname><flag>1</flag></object><object><points><x>0.78462</x><x>0.80923</x><y>0.55332</y><y>0.62978</y></points><label>6</label><labelname>sill</labelname><flag>1</flag></object><object><points><x>0.18462</x><x>0.31385</x><y>0.52716</y><y>0.55533</y></points><label>8</label><labelname>blind</labelname><flag>1</flag></object><object><points><x>0.18154</x><x>0.31385</x><y>0.58551</y><y>0.61368</y></points><label>8</label><labelname>blind</labelname><flag>1</flag></object><object><points><x>0.18154</x><x>0.31077</x><y>0.66398</y><y>0.69215</y></points><label>8</label><labelname>blind</labelname><flag>1</flag></object><object><points><x>0.17846</x><x>0.31077</x><y>0.7505</y><y>0.77867</y></points><label>8</label><labelname>blind</labelname><flag>1</flag></object><object><points><x>0.17846</x><x>0.31077</x><y>0.80282</y><y>0.83099</y></points><label>8</label><labelname>blind</labelname><flag>1</flag></object><object><points><x>0.17846</x><x>0.30769</x><y>0.88934</y><y>0.91751</y></points><label>8</label><labelname>blind</labelname><flag>1</flag></object><object><points><x>0.41846</x><x>0.54769</x><y>0.52716</y><y>0.55533</y></points><label>8</label><labelname>blind</labelname><flag>1</flag></object><object><points><x>0.42154</x><x>0.55385</x><y>0.61569</y><y>0.64386</y></points><label>8</label><labelname>blind</labelname><flag>1</flag></object><object><points><x>0.41846</x><x>0.54769</x><y>0.66398</y><y>0.69215</y></points><label>8</label><labelname>blind</labelname><flag>1</flag></object><object><points><x>0.41846</x><x>0.55077</x><y>0.7505</y><y>0.77867</y></points><label>8</label><labelname>blind</labelname><flag>1</flag></object><object><points><x>0.41846</x><x>0.55077</x><y>0.80483</y><y>0.833</y></points><label>8</label><labelname>blind</labelname><flag>1</flag></object><object><points><x>0.41846</x><x>0.54769</x><y>0.89135</y><y>0.91952</y></points><label>8</label><labelname>blind</labelname><flag>1</flag></object><object><points><x>0.66154</x><x>0.79385</x><y>0.52716</y><y>0.55533</y></points><label>8</label><labelname>blind</labelname><flag>1</flag></object><object><points><x>0.66154</x><x>0.79077</x><y>0.61368</y><y>0.64185</y></points><label>8</label><labelname>blind</labelname><flag>1</flag></object><object><points><x>0.65846</x><x>0.79077</x><y>0.666</y><y>0.69416</y></points><label>8</label><labelname>blind</labelname><flag>1</flag></object><object><points><x>0.66154</x><x>0.79077</x><y>0.75252</y><y>0.78068</y></points><label>8</label><labelname>blind</labelname><flag>1</flag></object><object><points><x>0.66154</x><x>0.79077</x><y>0.80282</y><y>0.83099</y></points><label>8</label><labelname>blind</labelname><flag>1</flag></object><object><points><x>0.66154</x><x>0.79385</x><y>0.88934</y><y>0.91751</y></points><label>8</label><labelname>blind</labelname><flag>1</flag></object><object><points><x>0.012308</x><x>0.14154</x><y>0.49095</y><y>0.97586</y></points><label>10</label><labelname>molding</labelname><flag>1</flag></object><object><points><x>0.54154</x><x>0.57538</x><y>0.48893</y><y>0.96982</y></points><label>10</label><labelname>molding</labelname><flag>1</flag></object><object><points><x>0.80615</x><x>0.86769</x><y>0.0080483</y><y>0.47284</y></points><label>10</label><labelname>molding</labelname><flag>1</flag></object><object><points><x>0.43077</x><x>0.46154</x><y>0.0060362</y><y>0.47686</y></points><label>10</label><labelname>molding</labelname><flag>1</flag></object>