<object><points><x>0.62842</x><x>0.72678</x><y>0.080279</y><y>0.14485</y></points><label>3</label><labelname>window</labelname><flag>1</flag></object><object><points><x>0.62842</x><x>0.72678</x><y>0.23211</y><y>0.29668</y></points><label>3</label><labelname>window</labelname><flag>1</flag></object><object><points><x>0.62842</x><x>0.72678</x><y>0.3822</y><y>0.44677</y></points><label>3</label><labelname>window</labelname><flag>1</flag></object><object><points><x>0.44262</x><x>0.54098</x><y>0.22513</y><y>0.2897</y></points><label>3</label><labelname>window</labelname><flag>1</flag></object><object><points><x>0.44262</x><x>0.54098</x><y>0.38394</y><y>0.44852</y></points><label>3</label><labelname>window</labelname><flag>1</flag></object><object><points><x>0.43989</x><x>0.53552</x><y>0.076789</y><y>0.14136</y></points><label>3</label><labelname>window</labelname><flag>1</flag></object><object><points><x>0.25956</x><x>0.35792</x><y>0.078534</y><y>0.14311</y></points><label>3</label><labelname>window</labelname><flag>1</flag></object><object><points><x>0.2541</x><x>0.35246</x><y>0.23211</y><y>0.29668</y></points><label>3</label><labelname>window</labelname><flag>1</flag></object><object><points><x>0.25956</x><x>0.35792</x><y>0.3822</y><y>0.44677</y></points><label>3</label><labelname>window</labelname><flag>1</flag></object><object><points><x>0.26503</x><x>0.35519</x><y>0.089005</y><y>0.14136</y></points><label>8</label><labelname>blind</labelname><flag>1</flag></object><object><points><x>0.2623</x><x>0.29781</x><y>0.23735</y><y>0.29494</y></points><label>8</label><labelname>blind</labelname><flag>1</flag></object><object><points><x>0.2623</x><x>0.32787</x><y>0.39267</y><y>0.44503</y></points><label>8</label><labelname>blind</labelname><flag>1</flag></object><object><points><x>0.2623</x><x>0.34699</x><y>0.54799</y><y>0.57941</y></points><label>8</label><labelname>blind</labelname><flag>1</flag></object><object><points><x>0.25956</x><x>0.27869</x><y>0.61955</y><y>0.66143</y></points><label>8</label><labelname>blind</labelname><flag>1</flag></object><object><points><x>0.34699</x><x>0.38525</x><y>0.0069808</y><y>0.99476</y></points><label>10</label><labelname>molding</labelname><flag>1</flag></object><object><points><x>0.065574</x><x>1</x><y>0.0069808</y><y>0.99825</y></points><label>2</label><labelname>facade</labelname><flag>1</flag></object><object><points><x>0.52459</x><x>0.56284</x><y>0.010471</y><y>0.99651</y></points><label>10</label><labelname>molding</labelname><flag>1</flag></object><object><points><x>0.71311</x><x>0.76776</x><y>0.012216</y><y>0.99651</y></points><label>10</label><labelname>molding</labelname><flag>1</flag></object><object><points><x>0.76503</x><x>0.80055</x><y>0.34206</y><y>0.51134</y></points><label>12</label><labelname>shop</labelname><flag>1</flag></object><object><points><x>0.80055</x><x>0.85246</x><y>0.38394</y><y>0.91274</y></points><label>12</label><labelname>shop</labelname><flag>1</flag></object><object><points><x>0.81967</x><x>0.95902</x><y>0.027923</y><y>0.14834</y></points><label>12</label><labelname>shop</labelname><flag>1</flag></object><object><points><x>0.82514</x><x>0.96721</x><y>0.21117</y><y>0.31588</y></points><label>12</label><labelname>shop</labelname><flag>1</flag></object><object><points><x>0.84699</x><x>0.97814</x><y>0.94066</y><y>0.99127</y></points><label>12</label><labelname>shop</labelname><flag>1</flag></object><object><points><x>0.63115</x><x>0.72678</x><y>0.5445</y><y>0.57941</y></points><label>3</label><labelname>window</labelname><flag>1</flag></object><object><points><x>0.44809</x><x>0.53825</x><y>0.54276</y><y>0.58115</y></points><label>3</label><labelname>window</labelname><flag>1</flag></object><object><points><x>0.25683</x><x>0.34699</x><y>0.54625</y><y>0.58464</y></points><label>3</label><labelname>window</labelname><flag>1</flag></object><object><points><x>0.63115</x><x>0.72951</x><y>0.61257</y><y>0.66143</y></points><label>3</label><labelname>window</labelname><flag>1</flag></object><object><points><x>0.44536</x><x>0.54372</x><y>0.61431</y><y>0.66143</y></points><label>3</label><labelname>window</labelname><flag>1</flag></object><object><points><x>0.25683</x><x>0.35519</x><y>0.61606</y><y>0.66492</y></points><label>3</label><labelname>window</labelname><flag>1</flag></object><object><points><x>0.63661</x><x>0.72951</x><y>0.70157</y><y>0.76789</y></points><label>3</label><labelname>window</labelname><flag>1</flag></object><object><points><x>0.45082</x><x>0.54645</x><y>0.69808</y><y>0.7644</y></points><label>3</label><labelname>window</labelname><flag>1</flag></object><object><points><x>0.2623</x><x>0.35792</x><y>0.70506</y><y>0.76789</y></points><label>3</label><labelname>window</labelname><flag>1</flag></object><object><points><x>0.29235</x><x>0.39617</x><y>0.89878</y><y>0.97208</y></points><label>3</label><labelname>window</labelname><flag>1</flag></object><object><points><x>0.46721</x><x>0.56831</x><y>0.8918</y><y>0.9651</y></points><label>3</label><labelname>window</labelname><flag>1</flag></object><object><points><x>0.65301</x><x>0.74863</x><y>0.89354</y><y>0.96684</y></points><label>3</label><labelname>window</labelname><flag>1</flag></object><object><points><x>0.13934</x><x>0.21585</x><y>0.88831</y><y>0.95637</y></points><label>3</label><labelname>window</labelname><flag>1</flag></object><object><points><x>0.12295</x><x>0.1694</x><y>0.74869</y><y>0.7993</y></points><label>3</label><labelname>window</labelname><flag>1</flag></object>