<object><points><x>0.0091116</x><x>1</x><y>0.18457</y><y>0.5459</y></points><label>2</label><labelname>facade</labelname><flag>1</flag></object><object><points><x>0.01139</x><x>0.99544</x><y>0.55176</y><y>0.99316</y></points><label>2</label><labelname>facade</labelname><flag>1</flag></object><object><points><x>0.2164</x><x>0.32802</x><y>0.61328</y><y>0.66309</y></points><label>3</label><labelname>window</labelname><flag>1</flag></object><object><points><x>0.40774</x><x>0.51708</x><y>0.6123</y><y>0.66211</y></points><label>3</label><labelname>window</labelname><flag>1</flag></object><object><points><x>0.6082</x><x>0.71982</x><y>0.6123</y><y>0.66113</y></points><label>3</label><labelname>window</labelname><flag>1</flag></object><object><points><x>0.42825</x><x>0.53986</x><y>0.47266</y><y>0.51074</y></points><label>3</label><labelname>window</labelname><flag>1</flag></object><object><points><x>0.62187</x><x>0.73121</x><y>0.47168</y><y>0.51074</y></points><label>3</label><labelname>window</labelname><flag>1</flag></object><object><points><x>0.24374</x><x>0.35535</x><y>0.47559</y><y>0.51465</y></points><label>3</label><labelname>window</labelname><flag>1</flag></object><object><points><x>0.038724</x><x>0.1344</x><y>0.63867</y><y>0.66992</y></points><label>3</label><labelname>window</labelname><flag>1</flag></object><object><points><x>0.038724</x><x>0.13212</x><y>0.67773</y><y>0.71094</y></points><label>3</label><labelname>window</labelname><flag>1</flag></object><object><points><x>0.018223</x><x>0.10478</x><y>0.72461</y><y>0.75488</y></points><label>3</label><labelname>window</labelname><flag>1</flag></object><object><points><x>0.038724</x><x>0.12073</x><y>0.76855</y><y>0.8125</y></points><label>3</label><labelname>window</labelname><flag>1</flag></object><object><points><x>0.42825</x><x>0.53531</x><y>0.36035</y><y>0.38281</y></points><label>3</label><labelname>window</labelname><flag>1</flag></object><object><points><x>0.62642</x><x>0.73349</x><y>0.35352</y><y>0.38184</y></points><label>3</label><labelname>window</labelname><flag>1</flag></object><object><points><x>0.42141</x><x>0.52847</x><y>0.29785</y><y>0.32129</y></points><label>3</label><labelname>window</labelname><flag>1</flag></object><object><points><x>0.42369</x><x>0.52847</x><y>0.2666</y><y>0.29004</y></points><label>3</label><labelname>window</labelname><flag>1</flag></object><object><points><x>0.62415</x><x>0.72893</x><y>0.29395</y><y>0.31738</y></points><label>3</label><labelname>window</labelname><flag>1</flag></object><object><points><x>0.43964</x><x>0.5467</x><y>0.22266</y><y>0.24414</y></points><label>3</label><labelname>window</labelname><flag>1</flag></object><object><points><x>0.62642</x><x>0.73349</x><y>0.21484</y><y>0.23633</y></points><label>3</label><labelname>window</labelname><flag>1</flag></object><object><points><x>0.23235</x><x>0.33941</x><y>0.1084</y><y>0.13965</y></points><label>3</label><labelname>window</labelname><flag>1</flag></object><object><points><x>0.43052</x><x>0.53531</x><y>0.10449</y><y>0.13574</y></points><label>3</label><labelname>window</labelname><flag>1</flag></object><object><points><x>0.63326</x><x>0.73804</x><y>0.09668</y><y>0.12793</y></points><label>3</label><labelname>window</labelname><flag>1</flag></object><object><points><x>0.26424</x><x>0.34852</x><y>0.22852</y><y>0.26172</y></points><label>3</label><labelname>window</labelname><flag>1</flag></object><object><points><x>0.068337</x><x>0.17312</x><y>0.37207</y><y>0.39551</y></points><label>3</label><labelname>window</labelname><flag>1</flag></object><object><points><x>0.070615</x><x>0.1754</x><y>0.34473</y><y>0.36816</y></points><label>3</label><labelname>window</labelname><flag>1</flag></object><object><points><x>0.10478</x><x>0.14806</x><y>0.49414</y><y>0.51562</y></points><label>3</label><labelname>window</labelname><flag>1</flag></object><object><points><x>0.10251</x><x>0.15945</x><y>0.24805</y><y>0.26758</y></points><label>3</label><labelname>window</labelname><flag>1</flag></object><object><points><x>0.070615</x><x>0.14123</x><y>0.11523</y><y>0.1416</y></points><label>3</label><labelname>window</labelname><flag>1</flag></object><object><points><x>0.2164</x><x>0.32802</x><y>0.88379</y><y>0.93066</y></points><label>3</label><labelname>window</labelname><flag>1</flag></object><object><points><x>0.41002</x><x>0.52164</x><y>0.88379</y><y>0.93066</y></points><label>3</label><labelname>window</labelname><flag>1</flag></object><object><points><x>0.60592</x><x>0.71526</x><y>0.88379</y><y>0.93262</y></points><label>3</label><labelname>window</labelname><flag>1</flag></object><object><points><x>0.60137</x><x>0.7221</x><y>0.76074</y><y>0.81934</y></points><label>3</label><labelname>window</labelname><flag>1</flag></object><object><points><x>0.39636</x><x>0.51708</x><y>0.76074</y><y>0.81934</y></points><label>3</label><labelname>window</labelname><flag>1</flag></object><object><points><x>0.19818</x><x>0.31891</x><y>0.76172</y><y>0.82031</y></points><label>3</label><labelname>window</labelname><flag>1</flag></object><object><points><x>0.18223</x><x>0.30296</x><y>0.70996</y><y>0.74414</y></points><label>3</label><labelname>window</labelname><flag>1</flag></object><object><points><x>0.38724</x><x>0.50797</x><y>0.70801</y><y>0.74219</y></points><label>3</label><labelname>window</labelname><flag>1</flag></object><object><points><x>0.59453</x><x>0.71526</x><y>0.70703</y><y>0.74121</y></points><label>3</label><labelname>window</labelname><flag>1</flag></object><object><points><x>0.029613</x><x>0.13212</x><y>0.85156</y><y>0.88379</y></points><label>3</label><labelname>window</labelname><flag>1</flag></object><object><points><x>0.029613</x><x>0.13667</x><y>0.88965</y><y>0.91992</y></points><label>3</label><labelname>window</labelname><flag>1</flag></object><object><points><x>0.82005</x><x>0.93166</x><y>0.33984</y><y>0.38965</y></points><label>3</label><labelname>window</labelname><flag>1</flag></object><object><points><x>0.81321</x><x>0.99544</x><y>0.21289</y><y>0.26074</y></points><label>4</label><labelname>door</labelname><flag>1</flag></object><object><points><x>0.82916</x><x>0.99544</x><y>0.084961</y><y>0.13281</y></points><label>4</label><labelname>door</labelname><flag>1</flag></object><object><points><x>0.5467</x><x>0.61503</x><y>0.0625</y><y>0.15039</y></points><label>5</label><labelname>cornice</labelname><flag>1</flag></object><object><points><x>0.55581</x><x>0.62415</x><y>0.44141</y><y>0.5293</y></points><label>5</label><labelname>cornice</labelname><flag>1</flag></object><object><points><x>0.3508</x><x>0.41686</x><y>0.083984</y><y>0.15332</y></points><label>5</label><labelname>cornice</labelname><flag>1</flag></object><object><points><x>0.3918</x><x>0.43052</x><y>0.44922</y><y>0.52734</y></points><label>5</label><labelname>cornice</labelname><flag>1</flag></object><object><points><x>0.54897</x><x>0.62415</x><y>0.18457</y><y>0.24121</y></points><label>5</label><labelname>cornice</labelname><flag>1</flag></object><object><points><x>0.015945</x><x>0.10023</x><y>0.21191</y><y>0.27441</y></points><label>5</label><labelname>cornice</labelname><flag>1</flag></object><object><points><x>0.015945</x><x>0.10023</x><y>0.45801</y><y>0.52148</y></points><label>5</label><labelname>cornice</labelname><flag>1</flag></object><object><points><x>0.025057</x><x>0.070615</x><y>0.089844</y><y>0.1543</y></points><label>5</label><labelname>cornice</labelname><flag>1</flag></object><object><points><x>0.73349</x><x>0.78588</x><y>0.44629</y><y>0.52344</y></points><label>6</label><labelname>sill</labelname><flag>1</flag></object><object><points><x>0.73349</x><x>0.77904</x><y>0.19531</y><y>0.24707</y></points><label>6</label><labelname>sill</labelname><flag>1</flag></object><object><points><x>0.73121</x><x>0.79043</x><y>0.082031</y><y>0.14844</y></points><label>6</label><labelname>sill</labelname><flag>1</flag></object><object><points><x>0.34624</x><x>0.38041</x><y>0.46289</y><y>0.52051</y></points><label>6</label><labelname>sill</labelname><flag>1</flag></object><object><points><x>0.53075</x><x>0.5672</x><y>0.46094</y><y>0.51855</y></points><label>6</label><labelname>sill</labelname><flag>1</flag></object><object><points><x>0.5262</x><x>0.56036</x><y>0.091797</y><y>0.14941</y></points><label>6</label><labelname>sill</labelname><flag>1</flag></object><object><points><x>0.61276</x><x>0.72665</x><y>0.25781</y><y>0.28516</y></points><label>3</label><labelname>window</labelname><flag>1</flag></object><object><points><x>0.29157</x><x>0.40091</x><y>0.22559</y><y>0.41504</y></points><label>7</label><labelname>balcony</labelname><flag>1</flag></object><object><points><x>0.69476</x><x>0.77449</x><y>0.55469</y><y>0.7002</y></points><label>7</label><labelname>balcony</labelname><flag>1</flag></object><object><points><x>0.69704</x><x>0.77449</x><y>0.74609</y><y>0.9668</y></points><label>7</label><labelname>balcony</labelname><flag>1</flag></object><object><points><x>0.30068</x><x>0.4328</x><y>0.0058594</y><y>0.0625</y></points><label>7</label><labelname>balcony</labelname><flag>1</flag></object><object><points><x>0.51253</x><x>0.64465</x><y>0.00097656</y><y>0.057617</y></points><label>7</label><labelname>balcony</labelname><flag>1</flag></object><object><points><x>0.71298</x><x>0.8451</x><y>0.0068359</y><y>0.064453</y></points><label>7</label><labelname>balcony</labelname><flag>1</flag></object><object><points><x>0.61731</x><x>0.71526</x><y>0.26074</y><y>0.2832</y></points><label>8</label><labelname>blind</labelname><flag>1</flag></object><object><points><x>0.41002</x><x>0.44191</x><y>0.62207</y><y>0.66113</y></points><label>8</label><labelname>blind</labelname><flag>1</flag></object><object><points><x>0.3918</x><x>0.44191</x><y>0.71387</y><y>0.74023</y></points><label>8</label><labelname>blind</labelname><flag>1</flag></object><object><points><x>0.41458</x><x>0.51936</x><y>0.89062</y><y>0.92969</y></points><label>8</label><labelname>blind</labelname><flag>1</flag></object><object><points><x>0.038724</x><x>0.11617</x><y>0.77148</y><y>0.81055</y></points><label>8</label><labelname>blind</labelname><flag>1</flag></object><object><points><x>0.075171</x><x>0.12301</x><y>0.12109</y><y>0.14062</y></points><label>8</label><labelname>blind</labelname><flag>1</flag></object><object><points><x>0.54897</x><x>0.57631</x><y>0.89551</y><y>0.92188</y></points><label>9</label><labelname>deco</labelname><flag>1</flag></object><object><points><x>0.5467</x><x>0.57631</x><y>0.62207</y><y>0.64941</y></points><label>9</label><labelname>deco</labelname><flag>1</flag></object><object><points><x>0.52164</x><x>0.58542</x><y>0.70117</y><y>0.74414</y></points><label>9</label><labelname>deco</labelname><flag>1</flag></object><object><points><x>0.54214</x><x>0.58542</x><y>0.77344</y><y>0.80859</y></points><label>9</label><labelname>deco</labelname><flag>1</flag></object><object><points><x>0.37585</x><x>0.40774</x><y>0.62598</y><y>0.6416</y></points><label>9</label><labelname>deco</labelname><flag>1</flag></object><object><points><x>0.35763</x><x>0.38952</x><y>0.71387</y><y>0.72949</y></points><label>9</label><labelname>deco</labelname><flag>1</flag></object><object><points><x>0.38041</x><x>0.4123</x><y>0.89746</y><y>0.91309</y></points><label>9</label><labelname>deco</labelname><flag>1</flag></object><object><points><x>0.36902</x><x>0.40319</x><y>0.77832</y><y>0.80176</y></points><label>9</label><labelname>deco</labelname><flag>1</flag></object><object><points><x>0.027335</x><x>0.066059</x><y>0.33105</y><y>0.40918</y></points><label>5</label><labelname>cornice</labelname><flag>1</flag></object><object><points><x>0.15945</x><x>0.24829</x><y>0.18945</y><y>0.53809</y></points><label>10</label><labelname>molding</labelname><flag>1</flag></object><object><points><x>0.34396</x><x>0.3713</x><y>0.1875</y><y>0.54102</y></points><label>10</label><labelname>molding</labelname><flag>1</flag></object><object><points><x>0.77677</x><x>0.8041</x><y>0.18848</y><y>0.54199</y></points><label>10</label><labelname>molding</labelname><flag>1</flag></object><object><points><x>0.13895</x><x>0.21185</x><y>0.55859</y><y>0.99219</y></points><label>10</label><labelname>molding</labelname><flag>1</flag></object><object><points><x>0.31435</x><x>0.3508</x><y>0.55762</y><y>0.99219</y></points><label>10</label><labelname>molding</labelname><flag>1</flag></object><object><points><x>0.7631</x><x>0.79271</x><y>0.55469</y><y>0.98828</y></points><label>10</label><labelname>molding</labelname><flag>1</flag></object><object><points><x>0.73576</x><x>0.76538</x><y>0.71191</y><y>0.73535</y></points><label>9</label><labelname>deco</labelname><flag>1</flag></object><object><points><x>0.79954</x><x>0.96128</x><y>0.41016</y><y>0.53711</y></points><label>12</label><labelname>shop</labelname><flag>1</flag></object><object><points><x>0.7836</x><x>0.81549</x><y>0.57227</y><y>0.6875</y></points><label>12</label><labelname>shop</labelname><flag>1</flag></object><object><points><x>0.8246</x><x>0.96355</x><y>0.59473</y><y>0.67188</y></points><label>12</label><labelname>shop</labelname><flag>1</flag></object><object><points><x>0.78588</x><x>0.81549</x><y>0.71094</y><y>0.8252</y></points><label>12</label><labelname>shop</labelname><flag>1</flag></object><object><points><x>0.78815</x><x>0.81549</x><y>0.85254</y><y>0.96582</y></points><label>12</label><labelname>shop</labelname><flag>1</flag></object><object><points><x>0.81777</x><x>0.95672</x><y>0.77344</y><y>0.8252</y></points><label>12</label><labelname>shop</labelname><flag>1</flag></object><object><points><x>0.82232</x><x>0.95444</x><y>0.86621</y><y>0.96777</y></points><label>12</label><labelname>shop</labelname><flag>1</flag></object><object><points><x>0.082005</x><x>0.15034</x><y>0.010742</y><y>0.02832</y></points><label>3</label><labelname>window</labelname><flag>1</flag></object>