<object><points><x>0.18164</x><x>0.91309</x><y>0.038945</y><y>0.99874</y></points><label>2</label><labelname>facade</labelname><flag>1</flag></object><object><points><x>0.54688</x><x>0.68262</x><y>0.1407</y><y>0.21231</y></points><label>3</label><labelname>window</labelname><flag>1</flag></object><object><points><x>0.5459</x><x>0.68262</x><y>0.32286</y><y>0.39573</y></points><label>3</label><labelname>window</labelname><flag>1</flag></object><object><points><x>0.54688</x><x>0.68262</x><y>0.50503</y><y>0.57789</y></points><label>3</label><labelname>window</labelname><flag>1</flag></object><object><points><x>0.62988</x><x>0.70508</x><y>0.71231</y><y>0.76131</y></points><label>3</label><labelname>window</labelname><flag>1</flag></object><object><points><x>0.62988</x><x>0.70508</x><y>0.82412</y><y>0.87312</y></points><label>3</label><labelname>window</labelname><flag>1</flag></object><object><points><x>0.46094</x><x>0.47266</x><y>0.15327</y><y>0.18342</y></points><label>3</label><labelname>window</labelname><flag>1</flag></object><object><points><x>0.46094</x><x>0.47266</x><y>0.33794</y><y>0.36935</y></points><label>3</label><labelname>window</labelname><flag>1</flag></object><object><points><x>0.46094</x><x>0.47266</x><y>0.52387</y><y>0.55402</y></points><label>3</label><labelname>window</labelname><flag>1</flag></object><object><points><x>0.50977</x><x>0.51953</x><y>0.72362</y><y>0.75251</y></points><label>3</label><labelname>window</labelname><flag>1</flag></object><object><points><x>0.50977</x><x>0.51953</x><y>0.83668</y><y>0.86558</y></points><label>3</label><labelname>window</labelname><flag>1</flag></object><object><points><x>0.54688</x><x>0.56934</x><y>0.72236</y><y>0.75126</y></points><label>3</label><labelname>window</labelname><flag>1</flag></object><object><points><x>0.54688</x><x>0.56934</x><y>0.83417</y><y>0.86307</y></points><label>3</label><labelname>window</labelname><flag>1</flag></object><object><points><x>0.092773</x><x>0.10938</x><y>0.53141</y><y>0.54523</y></points><label>3</label><labelname>window</labelname><flag>1</flag></object><object><points><x>0.092773</x><x>0.10938</x><y>0.54899</y><y>0.56281</y></points><label>3</label><labelname>window</labelname><flag>1</flag></object><object><points><x>0.092773</x><x>0.10938</x><y>0.56784</y><y>0.5804</y></points><label>3</label><labelname>window</labelname><flag>1</flag></object><object><points><x>0.092773</x><x>0.1084</x><y>0.58668</y><y>0.59925</y></points><label>3</label><labelname>window</labelname><flag>1</flag></object><object><points><x>0.092773</x><x>0.1084</x><y>0.60427</y><y>0.61683</y></points><label>3</label><labelname>window</labelname><flag>1</flag></object><object><points><x>0.092773</x><x>0.10938</x><y>0.62186</y><y>0.63568</y></points><label>3</label><labelname>window</labelname><flag>1</flag></object><object><points><x>0.092773</x><x>0.1084</x><y>0.6407</y><y>0.65327</y></points><label>3</label><labelname>window</labelname><flag>1</flag></object><object><points><x>0.1123</x><x>0.12793</x><y>0.53141</y><y>0.54523</y></points><label>3</label><labelname>window</labelname><flag>1</flag></object><object><points><x>0.1123</x><x>0.12793</x><y>0.55025</y><y>0.56281</y></points><label>3</label><labelname>window</labelname><flag>1</flag></object><object><points><x>0.1123</x><x>0.12793</x><y>0.56784</y><y>0.58166</y></points><label>3</label><labelname>window</labelname><flag>1</flag></object><object><points><x>0.1123</x><x>0.12793</x><y>0.58668</y><y>0.59925</y></points><label>3</label><labelname>window</labelname><flag>1</flag></object><object><points><x>0.11133</x><x>0.12793</x><y>0.60427</y><y>0.61809</y></points><label>3</label><labelname>window</labelname><flag>1</flag></object><object><points><x>0.1123</x><x>0.12793</x><y>0.62186</y><y>0.63568</y></points><label>3</label><labelname>window</labelname><flag>1</flag></object><object><points><x>0.1123</x><x>0.12793</x><y>0.6407</y><y>0.65452</y></points><label>3</label><labelname>window</labelname><flag>1</flag></object><object><points><x>0.13086</x><x>0.14746</x><y>0.53141</y><y>0.54523</y></points><label>3</label><labelname>window</labelname><flag>1</flag></object><object><points><x>0.13086</x><x>0.14746</x><y>0.55025</y><y>0.56281</y></points><label>3</label><labelname>window</labelname><flag>1</flag></object><object><points><x>0.13086</x><x>0.14746</x><y>0.56784</y><y>0.58166</y></points><label>3</label><labelname>window</labelname><flag>1</flag></object><object><points><x>0.13086</x><x>0.14746</x><y>0.58543</y><y>0.59925</y></points><label>3</label><labelname>window</labelname><flag>1</flag></object><object><points><x>0.13086</x><x>0.14746</x><y>0.60427</y><y>0.61683</y></points><label>3</label><labelname>window</labelname><flag>1</flag></object><object><points><x>0.13086</x><x>0.14746</x><y>0.62186</y><y>0.63568</y></points><label>3</label><labelname>window</labelname><flag>1</flag></object><object><points><x>0.13086</x><x>0.14746</x><y>0.6407</y><y>0.65452</y></points><label>3</label><labelname>window</labelname><flag>1</flag></object><object><points><x>0.15039</x><x>0.16602</x><y>0.53141</y><y>0.54523</y></points><label>3</label><labelname>window</labelname><flag>1</flag></object><object><points><x>0.15039</x><x>0.16602</x><y>0.55025</y><y>0.56281</y></points><label>3</label><labelname>window</labelname><flag>1</flag></object><object><points><x>0.15039</x><x>0.16602</x><y>0.56784</y><y>0.5804</y></points><label>3</label><labelname>window</labelname><flag>1</flag></object><object><points><x>0.14941</x><x>0.16602</x><y>0.58668</y><y>0.59925</y></points><label>3</label><labelname>window</labelname><flag>1</flag></object><object><points><x>0.14941</x><x>0.16602</x><y>0.60427</y><y>0.61809</y></points><label>3</label><labelname>window</labelname><flag>1</flag></object><object><points><x>0.15039</x><x>0.16602</x><y>0.62186</y><y>0.63568</y></points><label>3</label><labelname>window</labelname><flag>1</flag></object><object><points><x>0.15039</x><x>0.16602</x><y>0.6407</y><y>0.65452</y></points><label>3</label><labelname>window</labelname><flag>1</flag></object><object><points><x>0.16895</x><x>0.18555</x><y>0.53141</y><y>0.54523</y></points><label>3</label><labelname>window</labelname><flag>1</flag></object><object><points><x>0.16895</x><x>0.18555</x><y>0.55025</y><y>0.56281</y></points><label>3</label><labelname>window</labelname><flag>1</flag></object><object><points><x>0.16895</x><x>0.18457</x><y>0.56784</y><y>0.58166</y></points><label>3</label><labelname>window</labelname><flag>1</flag></object><object><points><x>0.16895</x><x>0.18457</x><y>0.58543</y><y>0.59925</y></points><label>3</label><labelname>window</labelname><flag>1</flag></object><object><points><x>0.16895</x><x>0.18555</x><y>0.60427</y><y>0.61683</y></points><label>3</label><labelname>window</labelname><flag>1</flag></object><object><points><x>0.16895</x><x>0.18555</x><y>0.62186</y><y>0.63568</y></points><label>3</label><labelname>window</labelname><flag>1</flag></object><object><points><x>0.16895</x><x>0.18555</x><y>0.6407</y><y>0.65452</y></points><label>3</label><labelname>window</labelname><flag>1</flag></object><object><points><x>0.18848</x><x>0.20508</x><y>0.53141</y><y>0.54523</y></points><label>3</label><labelname>window</labelname><flag>1</flag></object><object><points><x>0.18848</x><x>0.2041</x><y>0.55025</y><y>0.56281</y></points><label>3</label><labelname>window</labelname><flag>1</flag></object><object><points><x>0.18848</x><x>0.2041</x><y>0.56784</y><y>0.58166</y></points><label>3</label><labelname>window</labelname><flag>1</flag></object><object><points><x>0.18848</x><x>0.20508</x><y>0.58543</y><y>0.59925</y></points><label>3</label><labelname>window</labelname><flag>1</flag></object><object><points><x>0.18848</x><x>0.20508</x><y>0.60427</y><y>0.61683</y></points><label>3</label><labelname>window</labelname><flag>1</flag></object><object><points><x>0.18848</x><x>0.20508</x><y>0.62186</y><y>0.63568</y></points><label>3</label><labelname>window</labelname><flag>1</flag></object><object><points><x>0.18848</x><x>0.20508</x><y>0.6407</y><y>0.65452</y></points><label>3</label><labelname>window</labelname><flag>1</flag></object><object><points><x>0.20801</x><x>0.22363</x><y>0.6407</y><y>0.65452</y></points><label>3</label><labelname>window</labelname><flag>1</flag></object><object><points><x>0.20801</x><x>0.22363</x><y>0.58543</y><y>0.59925</y></points><label>3</label><labelname>window</labelname><flag>1</flag></object><object><points><x>0.20801</x><x>0.22363</x><y>0.56784</y><y>0.58166</y></points><label>3</label><labelname>window</labelname><flag>1</flag></object><object><points><x>0.20801</x><x>0.22363</x><y>0.55025</y><y>0.56281</y></points><label>3</label><labelname>window</labelname><flag>1</flag></object><object><points><x>0.20801</x><x>0.22363</x><y>0.53141</y><y>0.54523</y></points><label>3</label><labelname>window</labelname><flag>1</flag></object><object><points><x>0.051758</x><x>0.068359</x><y>0.53141</y><y>0.54523</y></points><label>3</label><labelname>window</labelname><flag>1</flag></object><object><points><x>0.073242</x><x>0.088867</x><y>0.53141</y><y>0.54523</y></points><label>3</label><labelname>window</labelname><flag>1</flag></object><object><points><x>0.051758</x><x>0.067383</x><y>0.54899</y><y>0.56281</y></points><label>3</label><labelname>window</labelname><flag>1</flag></object><object><points><x>0.073242</x><x>0.088867</x><y>0.54899</y><y>0.56281</y></points><label>3</label><labelname>window</labelname><flag>1</flag></object><object><points><x>0.073242</x><x>0.088867</x><y>0.56658</y><y>0.5804</y></points><label>3</label><labelname>window</labelname><flag>1</flag></object><object><points><x>0.073242</x><x>0.088867</x><y>0.58668</y><y>0.59925</y></points><label>3</label><labelname>window</labelname><flag>1</flag></object><object><points><x>0.073242</x><x>0.089844</x><y>0.60427</y><y>0.61683</y></points><label>3</label><labelname>window</labelname><flag>1</flag></object><object><points><x>0.073242</x><x>0.089844</x><y>0.62186</y><y>0.63568</y></points><label>3</label><labelname>window</labelname><flag>1</flag></object><object><points><x>0.073242</x><x>0.089844</x><y>0.6407</y><y>0.65327</y></points><label>3</label><labelname>window</labelname><flag>1</flag></object><object><points><x>0.050781</x><x>0.066406</x><y>0.63945</y><y>0.65327</y></points><label>3</label><labelname>window</labelname><flag>1</flag></object><object><points><x>0.050781</x><x>0.066406</x><y>0.62312</y><y>0.63568</y></points><label>3</label><labelname>window</labelname><flag>1</flag></object><object><points><x>0.049805</x><x>0.066406</x><y>0.60427</y><y>0.61809</y></points><label>3</label><labelname>window</labelname><flag>1</flag></object><object><points><x>0.049805</x><x>0.066406</x><y>0.58543</y><y>0.59925</y></points><label>3</label><labelname>window</labelname><flag>1</flag></object><object><points><x>0.050781</x><x>0.066406</x><y>0.56784</y><y>0.5804</y></points><label>3</label><labelname>window</labelname><flag>1</flag></object><object><points><x>0.026367</x><x>0.042969</x><y>0.6407</y><y>0.65327</y></points><label>3</label><labelname>window</labelname><flag>1</flag></object><object><points><x>0.027344</x><x>0.042969</x><y>0.62186</y><y>0.63568</y></points><label>3</label><labelname>window</labelname><flag>1</flag></object><object><points><x>0.026367</x><x>0.042969</x><y>0.60427</y><y>0.61683</y></points><label>3</label><labelname>window</labelname><flag>1</flag></object><object><points><x>0.026367</x><x>0.042969</x><y>0.58543</y><y>0.59925</y></points><label>3</label><labelname>window</labelname><flag>1</flag></object><object><points><x>0.026367</x><x>0.042969</x><y>0.56784</y><y>0.58166</y></points><label>3</label><labelname>window</labelname><flag>1</flag></object><object><points><x>0.026367</x><x>0.042969</x><y>0.54899</y><y>0.56281</y></points><label>3</label><labelname>window</labelname><flag>1</flag></object><object><points><x>0.026367</x><x>0.042969</x><y>0.53141</y><y>0.54397</y></points><label>3</label><labelname>window</labelname><flag>1</flag></object><object><points><x>0.026367</x><x>0.042969</x><y>0.45101</y><y>0.46482</y></points><label>3</label><labelname>window</labelname><flag>1</flag></object><object><points><x>0.026367</x><x>0.042969</x><y>0.43342</y><y>0.44724</y></points><label>3</label><labelname>window</labelname><flag>1</flag></object><object><points><x>0.026367</x><x>0.042969</x><y>0.41457</y><y>0.42839</y></points><label>3</label><labelname>window</labelname><flag>1</flag></object><object><points><x>0.027344</x><x>0.042969</x><y>0.39573</y><y>0.40955</y></points><label>3</label><labelname>window</labelname><flag>1</flag></object><object><points><x>0.026367</x><x>0.042969</x><y>0.37814</y><y>0.39196</y></points><label>3</label><labelname>window</labelname><flag>1</flag></object><object><points><x>0.026367</x><x>0.042969</x><y>0.3593</y><y>0.37312</y></points><label>3</label><labelname>window</labelname><flag>1</flag></object><object><points><x>0.050781</x><x>0.066406</x><y>0.45226</y><y>0.46482</y></points><label>3</label><labelname>window</labelname><flag>1</flag></object><object><points><x>0.026367</x><x>0.041992</x><y>0.34171</y><y>0.35553</y></points><label>3</label><labelname>window</labelname><flag>1</flag></object><object><points><x>0.050781</x><x>0.066406</x><y>0.43342</y><y>0.44724</y></points><label>3</label><labelname>window</labelname><flag>1</flag></object><object><points><x>0.050781</x><x>0.066406</x><y>0.41457</y><y>0.42839</y></points><label>3</label><labelname>window</labelname><flag>1</flag></object><object><points><x>0.050781</x><x>0.066406</x><y>0.39698</y><y>0.4108</y></points><label>3</label><labelname>window</labelname><flag>1</flag></object><object><points><x>0.050781</x><x>0.067383</x><y>0.37814</y><y>0.39196</y></points><label>3</label><labelname>window</labelname><flag>1</flag></object><object><points><x>0.050781</x><x>0.067383</x><y>0.36055</y><y>0.37437</y></points><label>3</label><labelname>window</labelname><flag>1</flag></object><object><points><x>0.050781</x><x>0.067383</x><y>0.34171</y><y>0.35553</y></points><label>3</label><labelname>window</labelname><flag>1</flag></object><object><points><x>0.072266</x><x>0.089844</x><y>0.45101</y><y>0.46482</y></points><label>3</label><labelname>window</labelname><flag>1</flag></object><object><points><x>0.073242</x><x>0.088867</x><y>0.43342</y><y>0.44724</y></points><label>3</label><labelname>window</labelname><flag>1</flag></object><object><points><x>0.073242</x><x>0.088867</x><y>0.41583</y><y>0.42839</y></points><label>3</label><labelname>window</labelname><flag>1</flag></object><object><points><x>0.073242</x><x>0.088867</x><y>0.39824</y><y>0.4108</y></points><label>3</label><labelname>window</labelname><flag>1</flag></object><object><points><x>0.072266</x><x>0.088867</x><y>0.37814</y><y>0.39196</y></points><label>3</label><labelname>window</labelname><flag>1</flag></object><object><points><x>0.073242</x><x>0.088867</x><y>0.36055</y><y>0.37437</y></points><label>3</label><labelname>window</labelname><flag>1</flag></object><object><points><x>0.072266</x><x>0.088867</x><y>0.34296</y><y>0.35553</y></points><label>3</label><labelname>window</labelname><flag>1</flag></object><object><points><x>0.092773</x><x>0.10938</x><y>0.45101</y><y>0.46482</y></points><label>3</label><labelname>window</labelname><flag>1</flag></object><object><points><x>0.092773</x><x>0.1084</x><y>0.43342</y><y>0.44598</y></points><label>3</label><labelname>window</labelname><flag>1</flag></object><object><points><x>0.092773</x><x>0.10938</x><y>0.41583</y><y>0.42839</y></points><label>3</label><labelname>window</labelname><flag>1</flag></object><object><points><x>0.092773</x><x>0.1084</x><y>0.39698</y><y>0.40955</y></points><label>3</label><labelname>window</labelname><flag>1</flag></object><object><points><x>0.092773</x><x>0.10938</x><y>0.37814</y><y>0.39196</y></points><label>3</label><labelname>window</labelname><flag>1</flag></object><object><points><x>0.092773</x><x>0.1084</x><y>0.36055</y><y>0.37437</y></points><label>3</label><labelname>window</labelname><flag>1</flag></object><object><points><x>0.092773</x><x>0.10938</x><y>0.34296</y><y>0.35678</y></points><label>3</label><labelname>window</labelname><flag>1</flag></object><object><points><x>0.1123</x><x>0.12793</x><y>0.34171</y><y>0.35553</y></points><label>3</label><labelname>window</labelname><flag>1</flag></object><object><points><x>0.11133</x><x>0.12793</x><y>0.36055</y><y>0.37437</y></points><label>3</label><labelname>window</labelname><flag>1</flag></object><object><points><x>0.1123</x><x>0.12793</x><y>0.3794</y><y>0.39196</y></points><label>3</label><labelname>window</labelname><flag>1</flag></object><object><points><x>0.1123</x><x>0.12793</x><y>0.39698</y><y>0.4108</y></points><label>3</label><labelname>window</labelname><flag>1</flag></object><object><points><x>0.1123</x><x>0.12793</x><y>0.41583</y><y>0.42839</y></points><label>3</label><labelname>window</labelname><flag>1</flag></object><object><points><x>0.1123</x><x>0.12793</x><y>0.43342</y><y>0.44724</y></points><label>3</label><labelname>window</labelname><flag>1</flag></object><object><points><x>0.1123</x><x>0.12793</x><y>0.45226</y><y>0.46482</y></points><label>3</label><labelname>window</labelname><flag>1</flag></object><object><points><x>0.13184</x><x>0.14746</x><y>0.34296</y><y>0.35553</y></points><label>3</label><labelname>window</labelname><flag>1</flag></object><object><points><x>0.13184</x><x>0.14746</x><y>0.36055</y><y>0.37437</y></points><label>3</label><labelname>window</labelname><flag>1</flag></object><object><points><x>0.13184</x><x>0.14746</x><y>0.3794</y><y>0.39322</y></points><label>3</label><labelname>window</labelname><flag>1</flag></object><object><points><x>0.13184</x><x>0.14746</x><y>0.39698</y><y>0.4108</y></points><label>3</label><labelname>window</labelname><flag>1</flag></object><object><points><x>0.13184</x><x>0.14746</x><y>0.41583</y><y>0.42839</y></points><label>3</label><labelname>window</labelname><flag>1</flag></object><object><points><x>0.13086</x><x>0.14746</x><y>0.43342</y><y>0.44724</y></points><label>3</label><labelname>window</labelname><flag>1</flag></object><object><points><x>0.13184</x><x>0.14746</x><y>0.45226</y><y>0.46482</y></points><label>3</label><labelname>window</labelname><flag>1</flag></object><object><points><x>0.15039</x><x>0.16602</x><y>0.34296</y><y>0.35678</y></points><label>3</label><labelname>window</labelname><flag>1</flag></object><object><points><x>0.15039</x><x>0.16699</x><y>0.36181</y><y>0.37437</y></points><label>3</label><labelname>window</labelname><flag>1</flag></object><object><points><x>0.15039</x><x>0.16602</x><y>0.3794</y><y>0.39196</y></points><label>3</label><labelname>window</labelname><flag>1</flag></object><object><points><x>0.15039</x><x>0.16602</x><y>0.39698</y><y>0.4108</y></points><label>3</label><labelname>window</labelname><flag>1</flag></object><object><points><x>0.15039</x><x>0.16699</x><y>0.41583</y><y>0.42839</y></points><label>3</label><labelname>window</labelname><flag>1</flag></object><object><points><x>0.15039</x><x>0.16699</x><y>0.43342</y><y>0.44724</y></points><label>3</label><labelname>window</labelname><flag>1</flag></object><object><points><x>0.15039</x><x>0.16602</x><y>0.45226</y><y>0.46482</y></points><label>3</label><labelname>window</labelname><flag>1</flag></object><object><points><x>0.16992</x><x>0.18555</x><y>0.34296</y><y>0.35678</y></points><label>3</label><labelname>window</labelname><flag>1</flag></object><object><points><x>0.16992</x><x>0.18555</x><y>0.36055</y><y>0.37437</y></points><label>3</label><labelname>window</labelname><flag>1</flag></object><object><points><x>0.16992</x><x>0.18555</x><y>0.3794</y><y>0.39196</y></points><label>3</label><labelname>window</labelname><flag>1</flag></object><object><points><x>0.16992</x><x>0.18555</x><y>0.39698</y><y>0.4108</y></points><label>3</label><labelname>window</labelname><flag>1</flag></object><object><points><x>0.16895</x><x>0.18555</x><y>0.41583</y><y>0.42965</y></points><label>3</label><labelname>window</labelname><flag>1</flag></object><object><points><x>0.16895</x><x>0.18555</x><y>0.43342</y><y>0.44724</y></points><label>3</label><labelname>window</labelname><flag>1</flag></object><object><points><x>0.16992</x><x>0.18555</x><y>0.45101</y><y>0.46482</y></points><label>3</label><labelname>window</labelname><flag>1</flag></object><object><points><x>0.18848</x><x>0.20508</x><y>0.34296</y><y>0.35678</y></points><label>3</label><labelname>window</labelname><flag>1</flag></object><object><points><x>0.18848</x><x>0.2041</x><y>0.36181</y><y>0.37437</y></points><label>3</label><labelname>window</labelname><flag>1</flag></object><object><points><x>0.18848</x><x>0.20508</x><y>0.3794</y><y>0.39322</y></points><label>3</label><labelname>window</labelname><flag>1</flag></object><object><points><x>0.18848</x><x>0.20508</x><y>0.39698</y><y>0.4108</y></points><label>3</label><labelname>window</labelname><flag>1</flag></object><object><points><x>0.18848</x><x>0.20508</x><y>0.41583</y><y>0.42839</y></points><label>3</label><labelname>window</labelname><flag>1</flag></object><object><points><x>0.18945</x><x>0.20508</x><y>0.43342</y><y>0.44724</y></points><label>3</label><labelname>window</labelname><flag>1</flag></object><object><points><x>0.18848</x><x>0.20508</x><y>0.45226</y><y>0.46482</y></points><label>3</label><labelname>window</labelname><flag>1</flag></object><object><points><x>0.20801</x><x>0.22363</x><y>0.34296</y><y>0.35678</y></points><label>3</label><labelname>window</labelname><flag>1</flag></object><object><points><x>0.20801</x><x>0.22363</x><y>0.36055</y><y>0.37437</y></points><label>3</label><labelname>window</labelname><flag>1</flag></object><object><points><x>0.20801</x><x>0.22363</x><y>0.3794</y><y>0.39196</y></points><label>3</label><labelname>window</labelname><flag>1</flag></object><object><points><x>0.20801</x><x>0.22363</x><y>0.39824</y><y>0.4108</y></points><label>3</label><labelname>window</labelname><flag>1</flag></object><object><points><x>0.20801</x><x>0.22363</x><y>0.41583</y><y>0.42839</y></points><label>3</label><labelname>window</labelname><flag>1</flag></object><object><points><x>0.20801</x><x>0.22363</x><y>0.43342</y><y>0.44724</y></points><label>3</label><labelname>window</labelname><flag>1</flag></object><object><points><x>0.20801</x><x>0.22363</x><y>0.45226</y><y>0.46482</y></points><label>3</label><labelname>window</labelname><flag>1</flag></object><object><points><x>0.055664</x><x>0.079102</x><y>0.48869</y><y>0.51131</y></points><label>3</label><labelname>window</labelname><flag>1</flag></object><object><points><x>0.11426</x><x>0.16211</x><y>0.48869</y><y>0.51256</y></points><label>3</label><labelname>window</labelname><flag>1</flag></object><object><points><x>0.16211</x><x>0.2373</x><y>0.48869</y><y>0.51131</y></points><label>3</label><labelname>window</labelname><flag>1</flag></object><object><points><x>0.75879</x><x>0.89258</x><y>0.13191</y><y>0.20729</y></points><label>4</label><labelname>door</labelname><flag>1</flag></object><object><points><x>0.75879</x><x>0.89258</x><y>0.31407</y><y>0.38945</y></points><label>4</label><labelname>door</labelname><flag>1</flag></object><object><points><x>0.75586</x><x>0.88965</x><y>0.50126</y><y>0.57538</y></points><label>4</label><labelname>door</labelname><flag>1</flag></object><object><points><x>0.75879</x><x>0.78125</x><y>0.72613</y><y>0.75126</y></points><label>3</label><labelname>window</labelname><flag>1</flag></object><object><points><x>0.75781</x><x>0.78125</x><y>0.8392</y><y>0.86558</y></points><label>3</label><labelname>window</labelname><flag>1</flag></object><object><points><x>0.8125</x><x>0.8457</x><y>0.72613</y><y>0.75126</y></points><label>3</label><labelname>window</labelname><flag>1</flag></object><object><points><x>0.8125</x><x>0.8457</x><y>0.8392</y><y>0.86558</y></points><label>3</label><labelname>window</labelname><flag>1</flag></object><object><points><x>0.31934</x><x>0.34668</x><y>0.90829</y><y>0.94598</y></points><label>3</label><labelname>window</labelname><flag>1</flag></object><object><points><x>0.31836</x><x>0.3457</x><y>0.75251</y><y>0.7902</y></points><label>3</label><labelname>window</labelname><flag>1</flag></object><object><points><x>0.57129</x><x>0.6123</x><y>0.69095</y><y>0.78392</y></points><label>5</label><labelname>cornice</labelname><flag>1</flag></object><object><points><x>0.56836</x><x>0.61035</x><y>0.80276</y><y>0.89573</y></points><label>5</label><labelname>cornice</labelname><flag>1</flag></object><object><points><x>0.3877</x><x>0.4209</x><y>0.45729</y><y>0.62186</y></points><label>7</label><labelname>balcony</labelname><flag>1</flag></object><object><points><x>0.3877</x><x>0.4209</x><y>0.27136</y><y>0.44095</y></points><label>7</label><labelname>balcony</labelname><flag>1</flag></object><object><points><x>0.38574</x><x>0.4209</x><y>0.08794</y><y>0.25251</y></points><label>7</label><labelname>balcony</labelname><flag>1</flag></object><object><points><x>0.44531</x><x>0.47852</x><y>0.69221</y><y>0.98869</y></points><label>7</label><labelname>balcony</labelname><flag>1</flag></object><object><points><x>0.30371</x><x>0.36035</x><y>0.24749</y><y>0.57915</y></points><label>9</label><labelname>deco</labelname><flag>1</flag></object><object><points><x>0.30957</x><x>0.36133</x><y>0.60427</y><y>0.63819</y></points><label>9</label><labelname>deco</labelname><flag>1</flag></object><object><points><x>0.30859</x><x>0.35938</x><y>0.1809</y><y>0.21482</y></points><label>9</label><labelname>deco</labelname><flag>1</flag></object><object><points><x>0.30566</x><x>0.35742</x><y>0.66834</y><y>0.72111</y></points><label>9</label><labelname>deco</labelname><flag>1</flag></object><object><points><x>0.30469</x><x>0.35645</x><y>0.74497</y><y>0.79899</y></points><label>9</label><labelname>deco</labelname><flag>1</flag></object><object><points><x>0.30566</x><x>0.35742</x><y>0.82286</y><y>0.87688</y></points><label>9</label><labelname>deco</labelname><flag>1</flag></object><object><points><x>0.30566</x><x>0.3584</x><y>0.8995</y><y>0.95352</y></points><label>9</label><labelname>deco</labelname><flag>1</flag></object><object><points><x>0.18262</x><x>0.22754</x><y>0.17839</y><y>0.23367</y></points><label>9</label><labelname>deco</labelname><flag>1</flag></object><object><points><x>0.18457</x><x>0.22852</x><y>0.59045</y><y>0.64573</y></points><label>9</label><labelname>deco</labelname><flag>1</flag></object><object><points><x>0.49902</x><x>0.54785</x><y>0.48869</y><y>0.59171</y></points><label>9</label><labelname>deco</labelname><flag>1</flag></object><object><points><x>0.49902</x><x>0.54883</x><y>0.30653</y><y>0.40955</y></points><label>9</label><labelname>deco</labelname><flag>1</flag></object><object><points><x>0.50195</x><x>0.55078</x><y>0.12186</y><y>0.22487</y></points><label>9</label><labelname>deco</labelname><flag>1</flag></object><object><points><x>0.5</x><x>0.67188</x><y>0.067839</y><y>0.094221</y></points><label>9</label><labelname>deco</labelname><flag>1</flag></object><object><points><x>0.50195</x><x>0.67383</x><y>0.25377</y><y>0.28015</y></points><label>9</label><labelname>deco</labelname><flag>1</flag></object><object><points><x>0.50098</x><x>0.67285</x><y>0.43467</y><y>0.46106</y></points><label>9</label><labelname>deco</labelname><flag>1</flag></object><object><points><x>0.50098</x><x>0.67285</x><y>0.61935</y><y>0.64573</y></points><label>9</label><labelname>deco</labelname><flag>1</flag></object><object><points><x>0.54297</x><x>0.58398</x><y>0.69221</y><y>0.78015</y></points><label>9</label><labelname>deco</labelname><flag>1</flag></object><object><points><x>0.54395</x><x>0.58496</x><y>0.80402</y><y>0.89196</y></points><label>9</label><labelname>deco</labelname><flag>1</flag></object><object><points><x>0.36133</x><x>0.38867</x><y>0.45854</y><y>0.49246</y></points><label>9</label><labelname>deco</labelname><flag>1</flag></object><object><points><x>0.36035</x><x>0.3877</x><y>0.40452</y><y>0.43844</y></points><label>9</label><labelname>deco</labelname><flag>1</flag></object><object><points><x>0.36133</x><x>0.38867</x><y>0.27638</y><y>0.3103</y></points><label>9</label><labelname>deco</labelname><flag>1</flag></object><object><points><x>0.36035</x><x>0.3877</x><y>0.22111</y><y>0.25503</y></points><label>9</label><labelname>deco</labelname><flag>1</flag></object><object><points><x>0.41992</x><x>0.44629</x><y>0.8907</y><y>0.92211</y></points><label>9</label><labelname>deco</labelname><flag>1</flag></object><object><points><x>0.41992</x><x>0.44531</x><y>0.77889</y><y>0.8103</y></points><label>9</label><labelname>deco</labelname><flag>1</flag></object><object><points><x>0.23438</x><x>0.30566</x><y>0.13442</y><y>0.99246</y></points><label>10</label><labelname>molding</labelname><flag>1</flag></object><object><points><x>0.41406</x><x>0.50391</x><y>0.045226</y><y>0.69724</y></points><label>10</label><labelname>molding</labelname><flag>1</flag></object><object><points><x>0.47949</x><x>0.54785</x><y>0.66583</y><y>0.98241</y></points><label>10</label><labelname>molding</labelname><flag>1</flag></object><object><points><x>0.69531</x><x>0.73047</x><y>0.045226</y><y>0.6897</y></points><label>10</label><labelname>molding</labelname><flag>1</flag></object><object><points><x>0.71484</x><x>0.74219</x><y>0.67337</y><y>0.99121</y></points><label>10</label><labelname>molding</labelname><flag>1</flag></object><object><points><x>0.29492</x><x>0.35547</x><y>0.16206</y><y>0.17337</y></points><label>11</label><labelname>pillar</labelname><flag>1</flag></object><object><points><x>0.29492</x><x>0.35547</x><y>0.21985</y><y>0.23116</y></points><label>11</label><labelname>pillar</labelname><flag>1</flag></object><object><points><x>0.2959</x><x>0.35645</x><y>0.23241</y><y>0.23995</y></points><label>11</label><labelname>pillar</labelname><flag>1</flag></object><object><points><x>0.29492</x><x>0.35547</x><y>0.58417</y><y>0.59548</y></points><label>11</label><labelname>pillar</labelname><flag>1</flag></object><object><points><x>0.2959</x><x>0.35645</x><y>0.64322</y><y>0.65452</y></points><label>11</label><labelname>pillar</labelname><flag>1</flag></object><object><points><x>0.29688</x><x>0.35742</x><y>0.72864</y><y>0.73995</y></points><label>11</label><labelname>pillar</labelname><flag>1</flag></object><object><points><x>0.29785</x><x>0.3584</x><y>0.80653</y><y>0.81784</y></points><label>11</label><labelname>pillar</labelname><flag>1</flag></object><object><points><x>0.29785</x><x>0.3584</x><y>0.88442</y><y>0.89573</y></points><label>11</label><labelname>pillar</labelname><flag>1</flag></object><object><points><x>0.29785</x><x>0.3584</x><y>0.96231</y><y>0.97362</y></points><label>11</label><labelname>pillar</labelname><flag>1</flag></object><object><points><x>0.51465</x><x>0.67188</x><y>0.092965</y><y>0.11683</y></points><label>11</label><labelname>pillar</labelname><flag>1</flag></object><object><points><x>0.5166</x><x>0.67285</x><y>0.040201</y><y>0.061558</y></points><label>11</label><labelname>pillar</labelname><flag>1</flag></object><object><points><x>0.51562</x><x>0.67285</x><y>0.22362</y><y>0.24749</y></points><label>11</label><labelname>pillar</labelname><flag>1</flag></object><object><points><x>0.51465</x><x>0.67188</x><y>0.27764</y><y>0.30151</y></points><label>11</label><labelname>pillar</labelname><flag>1</flag></object><object><points><x>0.51465</x><x>0.67188</x><y>0.40829</y><y>0.43216</y></points><label>11</label><labelname>pillar</labelname><flag>1</flag></object><object><points><x>0.5166</x><x>0.67383</x><y>0.46357</y><y>0.48744</y></points><label>11</label><labelname>pillar</labelname><flag>1</flag></object><object><points><x>0.5166</x><x>0.67383</x><y>0.59296</y><y>0.61683</y></points><label>11</label><labelname>pillar</labelname><flag>1</flag></object><object><points><x>0.5166</x><x>0.67383</x><y>0.64698</y><y>0.67085</y></points><label>11</label><labelname>pillar</labelname><flag>1</flag></object><object><points><x>0.55859</x><x>0.7041</x><y>0.67337</y><y>0.6897</y></points><label>11</label><labelname>pillar</labelname><flag>1</flag></object><object><points><x>0.55859</x><x>0.7041</x><y>0.78392</y><y>0.80528</y></points><label>11</label><labelname>pillar</labelname><flag>1</flag></object><object><points><x>0.55859</x><x>0.7041</x><y>0.89698</y><y>0.91709</y></points><label>11</label><labelname>pillar</labelname><flag>1</flag></object><object><points><x>0.62012</x><x>0.7041</x><y>0.77136</y><y>0.78392</y></points><label>11</label><labelname>pillar</labelname><flag>1</flag></object><object><points><x>0.62012</x><x>0.7041</x><y>0.69095</y><y>0.70352</y></points><label>11</label><labelname>pillar</labelname><flag>1</flag></object><object><points><x>0.62012</x><x>0.7041</x><y>0.80528</y><y>0.81658</y></points><label>11</label><labelname>pillar</labelname><flag>1</flag></object><object><points><x>0.62109</x><x>0.70508</x><y>0.88317</y><y>0.89573</y></points><label>11</label><labelname>pillar</labelname><flag>1</flag></object><object><points><x>0.62012</x><x>0.7041</x><y>0.91709</y><y>0.92839</y></points><label>11</label><labelname>pillar</labelname><flag>1</flag></object><object><points><x>0.35449</x><x>0.36426</x><y>0.1608</y><y>0.17462</y></points><label>11</label><labelname>pillar</labelname><flag>1</flag></object><object><points><x>0.35547</x><x>0.36523</x><y>0.21859</y><y>0.23241</y></points><label>11</label><labelname>pillar</labelname><flag>1</flag></object><object><points><x>0.35645</x><x>0.36621</x><y>0.23241</y><y>0.24121</y></points><label>11</label><labelname>pillar</labelname><flag>1</flag></object><object><points><x>0.35547</x><x>0.36523</x><y>0.58166</y><y>0.59799</y></points><label>11</label><labelname>pillar</labelname><flag>1</flag></object><object><points><x>0.35547</x><x>0.36523</x><y>0.6407</y><y>0.65829</y></points><label>11</label><labelname>pillar</labelname><flag>1</flag></object><object><points><x>0.35742</x><x>0.36719</x><y>0.72487</y><y>0.74246</y></points><label>11</label><labelname>pillar</labelname><flag>1</flag></object><object><points><x>0.35742</x><x>0.36523</x><y>0.65704</y><y>0.66457</y></points><label>11</label><labelname>pillar</labelname><flag>1</flag></object><object><points><x>0.29688</x><x>0.35742</x><y>0.65578</y><y>0.66332</y></points><label>11</label><labelname>pillar</labelname><flag>1</flag></object><object><points><x>0.3584</x><x>0.36816</x><y>0.80402</y><y>0.82035</y></points><label>11</label><labelname>pillar</labelname><flag>1</flag></object><object><points><x>0.3584</x><x>0.36816</x><y>0.88191</y><y>0.89824</y></points><label>11</label><labelname>pillar</labelname><flag>1</flag></object><object><points><x>0.3584</x><x>0.36816</x><y>0.9598</y><y>0.97739</y></points><label>11</label><labelname>pillar</labelname><flag>1</flag></object><object><points><x>0.67188</x><x>0.70605</x><y>0.090452</y><y>0.11809</y></points><label>11</label><labelname>pillar</labelname><flag>1</flag></object><object><points><x>0.67676</x><x>0.70605</x><y>0.1206</y><y>0.13568</y></points><label>11</label><labelname>pillar</labelname><flag>1</flag></object><object><points><x>0.67285</x><x>0.70703</x><y>0.040201</y><y>0.062814</y></points><label>11</label><labelname>pillar</labelname><flag>1</flag></object><object><points><x>0.58691</x><x>0.67578</x><y>0.11935</y><y>0.13317</y></points><label>11</label><labelname>pillar</labelname><flag>1</flag></object><object><points><x>0.58691</x><x>0.67578</x><y>0.21231</y><y>0.22487</y></points><label>11</label><labelname>pillar</labelname><flag>1</flag></object><object><points><x>0.58691</x><x>0.67578</x><y>0.30276</y><y>0.31658</y></points><label>11</label><labelname>pillar</labelname><flag>1</flag></object><object><points><x>0.58594</x><x>0.6748</x><y>0.39698</y><y>0.40955</y></points><label>11</label><labelname>pillar</labelname><flag>1</flag></object><object><points><x>0.67383</x><x>0.7041</x><y>0.64447</y><y>0.67337</y></points><label>11</label><labelname>pillar</labelname><flag>1</flag></object><object><points><x>0.70508</x><x>0.72363</x><y>0.6897</y><y>0.70603</y></points><label>11</label><labelname>pillar</labelname><flag>1</flag></object><object><points><x>0.7041</x><x>0.72461</x><y>0.78392</y><y>0.80653</y></points><label>11</label><labelname>pillar</labelname><flag>1</flag></object><object><points><x>0.7041</x><x>0.72363</x><y>0.7701</y><y>0.78266</y></points><label>11</label><labelname>pillar</labelname><flag>1</flag></object><object><points><x>0.7041</x><x>0.72363</x><y>0.80653</y><y>0.82035</y></points><label>11</label><labelname>pillar</labelname><flag>1</flag></object><object><points><x>0.7041</x><x>0.72363</x><y>0.89698</y><y>0.9196</y></points><label>11</label><labelname>pillar</labelname><flag>1</flag></object><object><points><x>0.70508</x><x>0.72266</x><y>0.88191</y><y>0.89698</y></points><label>11</label><labelname>pillar</labelname><flag>1</flag></object><object><points><x>0.49219</x><x>0.51465</x><y>0.090452</y><y>0.11935</y></points><label>11</label><labelname>pillar</labelname><flag>1</flag></object><object><points><x>0.49219</x><x>0.51562</x><y>0.22111</y><y>0.25</y></points><label>11</label><labelname>pillar</labelname><flag>1</flag></object><object><points><x>0.49219</x><x>0.51465</x><y>0.27513</y><y>0.30402</y></points><label>11</label><labelname>pillar</labelname><flag>1</flag></object><object><points><x>0.49316</x><x>0.51562</x><y>0.040201</y><y>0.06407</y></points><label>11</label><labelname>pillar</labelname><flag>1</flag></object><object><points><x>0.49316</x><x>0.51562</x><y>0.40704</y><y>0.43719</y></points><label>11</label><labelname>pillar</labelname><flag>1</flag></object><object><points><x>0.49414</x><x>0.5166</x><y>0.46106</y><y>0.48995</y></points><label>11</label><labelname>pillar</labelname><flag>1</flag></object><object><points><x>0.49316</x><x>0.51562</x><y>0.59045</y><y>0.61935</y></points><label>11</label><labelname>pillar</labelname><flag>1</flag></object><object><points><x>0.49316</x><x>0.51562</x><y>0.64447</y><y>0.67462</y></points><label>11</label><labelname>pillar</labelname><flag>1</flag></object><object><points><x>0.53516</x><x>0.55859</x><y>0.78015</y><y>0.8103</y></points><label>11</label><labelname>pillar</labelname><flag>1</flag></object><object><points><x>0.53516</x><x>0.55762</x><y>0.89196</y><y>0.92085</y></points><label>11</label><labelname>pillar</labelname><flag>1</flag></object><object><points><x>0.53516</x><x>0.55762</x><y>0.67337</y><y>0.69724</y></points><label>11</label><labelname>pillar</labelname><flag>1</flag></object><object><points><x>0.60938</x><x>0.62012</x><y>0.69095</y><y>0.70477</y></points><label>11</label><labelname>pillar</labelname><flag>1</flag></object><object><points><x>0.60938</x><x>0.62012</x><y>0.7701</y><y>0.78392</y></points><label>11</label><labelname>pillar</labelname><flag>1</flag></object><object><points><x>0.60938</x><x>0.62012</x><y>0.80402</y><y>0.8191</y></points><label>11</label><labelname>pillar</labelname><flag>1</flag></object><object><points><x>0.61035</x><x>0.62109</x><y>0.88191</y><y>0.89573</y></points><label>11</label><labelname>pillar</labelname><flag>1</flag></object><object><points><x>0.6084</x><x>0.61914</x><y>0.91709</y><y>0.93216</y></points><label>11</label><labelname>pillar</labelname><flag>1</flag></object><object><points><x>0.28613</x><x>0.29492</x><y>0.21734</y><y>0.23367</y></points><label>11</label><labelname>pillar</labelname><flag>1</flag></object><object><points><x>0.28613</x><x>0.29492</x><y>0.15955</y><y>0.17588</y></points><label>11</label><labelname>pillar</labelname><flag>1</flag></object><object><points><x>0.28711</x><x>0.2959</x><y>0.23241</y><y>0.24121</y></points><label>11</label><labelname>pillar</labelname><flag>1</flag></object><object><points><x>0.28613</x><x>0.2959</x><y>0.6407</y><y>0.65704</y></points><label>11</label><labelname>pillar</labelname><flag>1</flag></object><object><points><x>0.28809</x><x>0.29688</x><y>0.72613</y><y>0.74246</y></points><label>11</label><labelname>pillar</labelname><flag>1</flag></object><object><points><x>0.28906</x><x>0.29785</x><y>0.80402</y><y>0.82035</y></points><label>11</label><labelname>pillar</labelname><flag>1</flag></object><object><points><x>0.28906</x><x>0.29785</x><y>0.88191</y><y>0.89824</y></points><label>11</label><labelname>pillar</labelname><flag>1</flag></object><object><points><x>0.28906</x><x>0.29785</x><y>0.96106</y><y>0.97613</y></points><label>11</label><labelname>pillar</labelname><flag>1</flag></object><object><points><x>0.28613</x><x>0.29492</x><y>0.58291</y><y>0.59925</y></points><label>11</label><labelname>pillar</labelname><flag>1</flag></object><object><points><x>0.28809</x><x>0.29688</x><y>0.57663</y><y>0.58417</y></points><label>11</label><labelname>pillar</labelname><flag>1</flag></object><object><points><x>0.29785</x><x>0.3584</x><y>0.57663</y><y>0.58543</y></points><label>11</label><labelname>pillar</labelname><flag>1</flag></object><object><points><x>0.3584</x><x>0.36621</x><y>0.57538</y><y>0.58291</y></points><label>11</label><labelname>pillar</labelname><flag>1</flag></object><object><points><x>0.28809</x><x>0.29688</x><y>0.65578</y><y>0.66332</y></points><label>11</label><labelname>pillar</labelname><flag>1</flag></object><object><points><x>0.67285</x><x>0.70215</x><y>0.21985</y><y>0.24874</y></points><label>11</label><labelname>pillar</labelname><flag>1</flag></object><object><points><x>0.67578</x><x>0.70215</x><y>0.2098</y><y>0.21985</y></points><label>11</label><labelname>pillar</labelname><flag>1</flag></object><object><points><x>0.027344</x><x>0.046875</x><y>0.53266</y><y>0.54397</y></points><label>8</label><labelname>blind</labelname><flag>1</flag></object><object><points><x>0.027344</x><x>0.046875</x><y>0.55025</y><y>0.56281</y></points><label>8</label><labelname>blind</labelname><flag>1</flag></object><object><points><x>0.027344</x><x>0.046875</x><y>0.56784</y><y>0.5804</y></points><label>8</label><labelname>blind</labelname><flag>1</flag></object><object><points><x>0.027344</x><x>0.046875</x><y>0.58668</y><y>0.59799</y></points><label>8</label><labelname>blind</labelname><flag>1</flag></object><object><points><x>0.026367</x><x>0.046875</x><y>0.60427</y><y>0.61683</y></points><label>8</label><labelname>blind</labelname><flag>1</flag></object><object><points><x>0.027344</x><x>0.047852</x><y>0.62312</y><y>0.63442</y></points><label>8</label><labelname>blind</labelname><flag>1</flag></object><object><points><x>0.027344</x><x>0.046875</x><y>0.6407</y><y>0.65327</y></points><label>8</label><labelname>blind</labelname><flag>1</flag></object><object><points><x>0.026367</x><x>0.046875</x><y>0.34296</y><y>0.35553</y></points><label>8</label><labelname>blind</labelname><flag>1</flag></object><object><points><x>0.027344</x><x>0.047852</x><y>0.36055</y><y>0.37312</y></points><label>8</label><labelname>blind</labelname><flag>1</flag></object><object><points><x>0.027344</x><x>0.047852</x><y>0.3794</y><y>0.39196</y></points><label>8</label><labelname>blind</labelname><flag>1</flag></object><object><points><x>0.027344</x><x>0.047852</x><y>0.39698</y><y>0.40955</y></points><label>8</label><labelname>blind</labelname><flag>1</flag></object><object><points><x>0.027344</x><x>0.046875</x><y>0.41583</y><y>0.42839</y></points><label>8</label><labelname>blind</labelname><flag>1</flag></object><object><points><x>0.027344</x><x>0.047852</x><y>0.43467</y><y>0.44598</y></points><label>8</label><labelname>blind</labelname><flag>1</flag></object><object><points><x>0.027344</x><x>0.046875</x><y>0.45226</y><y>0.46357</y></points><label>8</label><labelname>blind</labelname><flag>1</flag></object><object><points><x>0.051758</x><x>0.071289</x><y>0.34296</y><y>0.35553</y></points><label>8</label><labelname>blind</labelname><flag>1</flag></object><object><points><x>0.051758</x><x>0.071289</x><y>0.36055</y><y>0.37312</y></points><label>8</label><labelname>blind</labelname><flag>1</flag></object><object><points><x>0.051758</x><x>0.071289</x><y>0.3794</y><y>0.39196</y></points><label>8</label><labelname>blind</labelname><flag>1</flag></object><object><points><x>0.051758</x><x>0.071289</x><y>0.39698</y><y>0.40955</y></points><label>8</label><labelname>blind</labelname><flag>1</flag></object><object><points><x>0.051758</x><x>0.071289</x><y>0.41583</y><y>0.42714</y></points><label>8</label><labelname>blind</labelname><flag>1</flag></object><object><points><x>0.050781</x><x>0.071289</x><y>0.43467</y><y>0.44598</y></points><label>8</label><labelname>blind</labelname><flag>1</flag></object><object><points><x>0.051758</x><x>0.071289</x><y>0.45226</y><y>0.46482</y></points><label>8</label><labelname>blind</labelname><flag>1</flag></object><object><points><x>0.073242</x><x>0.087891</x><y>0.45226</y><y>0.46482</y></points><label>8</label><labelname>blind</labelname><flag>1</flag></object><object><points><x>0.073242</x><x>0.087891</x><y>0.43467</y><y>0.44598</y></points><label>8</label><labelname>blind</labelname><flag>1</flag></object><object><points><x>0.073242</x><x>0.087891</x><y>0.41583</y><y>0.42839</y></points><label>8</label><labelname>blind</labelname><flag>1</flag></object><object><points><x>0.073242</x><x>0.087891</x><y>0.39824</y><y>0.4108</y></points><label>8</label><labelname>blind</labelname><flag>1</flag></object><object><points><x>0.073242</x><x>0.087891</x><y>0.36181</y><y>0.37312</y></points><label>8</label><labelname>blind</labelname><flag>1</flag></object><object><points><x>0.073242</x><x>0.087891</x><y>0.3794</y><y>0.39196</y></points><label>8</label><labelname>blind</labelname><flag>1</flag></object><object><points><x>0.073242</x><x>0.087891</x><y>0.34296</y><y>0.35553</y></points><label>8</label><labelname>blind</labelname><flag>1</flag></object><object><points><x>0.073242</x><x>0.088867</x><y>0.53266</y><y>0.54523</y></points><label>8</label><labelname>blind</labelname><flag>1</flag></object><object><points><x>0.073242</x><x>0.088867</x><y>0.55025</y><y>0.56281</y></points><label>8</label><labelname>blind</labelname><flag>1</flag></object><object><points><x>0.073242</x><x>0.087891</x><y>0.56784</y><y>0.5804</y></points><label>8</label><labelname>blind</labelname><flag>1</flag></object><object><points><x>0.074219</x><x>0.088867</x><y>0.58668</y><y>0.59925</y></points><label>8</label><labelname>blind</labelname><flag>1</flag></object><object><points><x>0.073242</x><x>0.088867</x><y>0.60427</y><y>0.61683</y></points><label>8</label><labelname>blind</labelname><flag>1</flag></object><object><points><x>0.073242</x><x>0.088867</x><y>0.62312</y><y>0.63442</y></points><label>8</label><labelname>blind</labelname><flag>1</flag></object><object><points><x>0.074219</x><x>0.088867</x><y>0.6407</y><y>0.65327</y></points><label>8</label><labelname>blind</labelname><flag>1</flag></object><object><points><x>0.050781</x><x>0.071289</x><y>0.6407</y><y>0.65327</y></points><label>8</label><labelname>blind</labelname><flag>1</flag></object><object><points><x>0.050781</x><x>0.071289</x><y>0.62312</y><y>0.63442</y></points><label>8</label><labelname>blind</labelname><flag>1</flag></object><object><points><x>0.050781</x><x>0.071289</x><y>0.60427</y><y>0.61683</y></points><label>8</label><labelname>blind</labelname><flag>1</flag></object><object><points><x>0.051758</x><x>0.072266</x><y>0.58668</y><y>0.59925</y></points><label>8</label><labelname>blind</labelname><flag>1</flag></object><object><points><x>0.051758</x><x>0.071289</x><y>0.56784</y><y>0.5804</y></points><label>8</label><labelname>blind</labelname><flag>1</flag></object><object><points><x>0.052734</x><x>0.072266</x><y>0.55025</y><y>0.56156</y></points><label>8</label><labelname>blind</labelname><flag>1</flag></object><object><points><x>0.052734</x><x>0.072266</x><y>0.53266</y><y>0.54397</y></points><label>8</label><labelname>blind</labelname><flag>1</flag></object>