<object><points><x>0.75879</x><x>0.79297</x><y>0.77604</y><y>0.82031</y></points><label>3</label><labelname>window</labelname><flag>1</flag></object><object><points><x>0.014648</x><x>0.99512</x><y>0.17318</y><y>0.89323</y></points><label>2</label><labelname>facade</labelname><flag>1</flag></object><object><points><x>0.87988</x><x>0.98535</x><y>0.25521</y><y>0.36198</y></points><label>4</label><labelname>door</labelname><flag>1</flag></object><object><points><x>0.89062</x><x>0.97461</x><y>0.46224</y><y>0.51042</y></points><label>4</label><labelname>door</labelname><flag>1</flag></object><object><points><x>0.15137</x><x>0.1709</x><y>0.22917</y><y>0.38802</y></points><label>6</label><labelname>sill</labelname><flag>1</flag></object><object><points><x>0.15234</x><x>0.17188</x><y>0.45052</y><y>0.60938</y></points><label>6</label><labelname>sill</labelname><flag>1</flag></object><object><points><x>0.15234</x><x>0.17188</x><y>0.67708</y><y>0.83594</y></points><label>6</label><labelname>sill</labelname><flag>1</flag></object><object><points><x>0.32227</x><x>0.33984</x><y>0.46094</y><y>0.60026</y></points><label>6</label><labelname>sill</labelname><flag>1</flag></object><object><points><x>0.32031</x><x>0.33398</x><y>0.30859</y><y>0.37891</y></points><label>6</label><labelname>sill</labelname><flag>1</flag></object><object><points><x>0.32129</x><x>0.33496</x><y>0.23828</y><y>0.30729</y></points><label>6</label><labelname>sill</labelname><flag>1</flag></object><object><points><x>0.32129</x><x>0.33594</x><y>0.6849</y><y>0.75521</y></points><label>6</label><labelname>sill</labelname><flag>1</flag></object><object><points><x>0.32129</x><x>0.33594</x><y>0.75521</y><y>0.82682</y></points><label>6</label><labelname>sill</labelname><flag>1</flag></object><object><points><x>0.49023</x><x>0.53516</x><y>0.23828</y><y>0.37891</y></points><label>6</label><labelname>sill</labelname><flag>1</flag></object><object><points><x>0.49121</x><x>0.53516</x><y>0.6862</y><y>0.82682</y></points><label>6</label><labelname>sill</labelname><flag>1</flag></object><object><points><x>0.65918</x><x>0.67578</x><y>0.76432</y><y>0.83724</y></points><label>6</label><labelname>sill</labelname><flag>1</flag></object><object><points><x>0.65918</x><x>0.67578</x><y>0.67578</y><y>0.7487</y></points><label>6</label><labelname>sill</labelname><flag>1</flag></object><object><points><x>0.6582</x><x>0.6748</x><y>0.31771</y><y>0.38932</y></points><label>6</label><labelname>sill</labelname><flag>1</flag></object><object><points><x>0.65723</x><x>0.67383</x><y>0.22917</y><y>0.30078</y></points><label>6</label><labelname>sill</labelname><flag>1</flag></object><object><points><x>0.83105</x><x>0.85547</x><y>0.24609</y><y>0.3776</y></points><label>6</label><labelname>sill</labelname><flag>1</flag></object><object><points><x>0.82617</x><x>0.83691</x><y>0.45312</y><y>0.51953</y></points><label>6</label><labelname>sill</labelname><flag>1</flag></object><object><points><x>0.82715</x><x>0.83789</x><y>0.54688</y><y>0.61458</y></points><label>6</label><labelname>sill</labelname><flag>1</flag></object><object><points><x>0.80469</x><x>0.81836</x><y>0.69922</y><y>0.84766</y></points><label>6</label><labelname>sill</labelname><flag>1</flag></object><object><points><x>0.48145</x><x>0.54004</x><y>0.50781</y><y>0.5625</y></points><label>9</label><labelname>deco</labelname><flag>1</flag></object><object><points><x>0.50391</x><x>0.55859</x><y>0.45312</y><y>0.48828</y></points><label>9</label><labelname>deco</labelname><flag>1</flag></object><object><points><x>0.50293</x><x>0.55859</x><y>0.58203</y><y>0.61719</y></points><label>9</label><labelname>deco</labelname><flag>1</flag></object><object><points><x>0.49023</x><x>0.59375</x><y>0.40885</y><y>0.44271</y></points><label>9</label><labelname>deco</labelname><flag>1</flag></object><object><points><x>0.48828</x><x>0.59082</x><y>0.62109</y><y>0.65365</y></points><label>9</label><labelname>deco</labelname><flag>1</flag></object><object><points><x>0.66602</x><x>0.69629</x><y>0.45833</y><y>0.61979</y></points><label>9</label><labelname>deco</labelname><flag>1</flag></object><object><points><x>0.041992</x><x>0.082031</x><y>0.61849</y><y>0.66667</y></points><label>9</label><labelname>deco</labelname><flag>1</flag></object><object><points><x>0.77441</x><x>0.81934</x><y>0.51953</y><y>0.54818</y></points><label>9</label><labelname>deco</labelname><flag>1</flag></object><object><points><x>0.65918</x><x>0.72656</x><y>0.6276</y><y>0.6849</y></points><label>9</label><labelname>deco</labelname><flag>1</flag></object><object><points><x>0.65918</x><x>0.72656</x><y>0.83594</y><y>0.88411</y></points><label>9</label><labelname>deco</labelname><flag>1</flag></object><object><points><x>0.6582</x><x>0.72559</x><y>0.39193</y><y>0.44141</y></points><label>9</label><labelname>deco</labelname><flag>1</flag></object><object><points><x>0.6582</x><x>0.72559</x><y>0.18229</y><y>0.23047</y></points><label>9</label><labelname>deco</labelname><flag>1</flag></object><object><points><x>0.71387</x><x>0.75098</x><y>0.29167</y><y>0.33333</y></points><label>9</label><labelname>deco</labelname><flag>1</flag></object><object><points><x>0.21191</x><x>0.23242</x><y>0.51302</y><y>0.54688</y></points><label>9</label><labelname>deco</labelname><flag>1</flag></object><object><points><x>0.21094</x><x>0.23242</x><y>0.73698</y><y>0.76953</y></points><label>9</label><labelname>deco</labelname><flag>1</flag></object><object><points><x>0.21289</x><x>0.23438</x><y>0.29036</y><y>0.32422</y></points><label>9</label><labelname>deco</labelname><flag>1</flag></object><object><points><x>0.17773</x><x>0.21289</x><y>0.17969</y><y>0.88802</y></points><label>10</label><labelname>molding</labelname><flag>1</flag></object><object><points><x>0.66797</x><x>0.70996</x><y>0.17839</y><y>0.89062</y></points><label>10</label><labelname>molding</labelname><flag>1</flag></object><object><points><x>0.86719</x><x>0.93945</x><y>0.55859</y><y>0.60807</y></points><label>12</label><labelname>shop</labelname><flag>1</flag></object><object><points><x>0.86621</x><x>0.88965</x><y>0.45964</y><y>0.51172</y></points><label>12</label><labelname>shop</labelname><flag>1</flag></object><object><points><x>0.86621</x><x>0.87988</x><y>0.26302</y><y>0.35417</y></points><label>12</label><labelname>shop</labelname><flag>1</flag></object><object><points><x>0.23242</x><x>0.25977</x><y>0.019531</y><y>0.11198</y></points><label>5</label><labelname>cornice</labelname><flag>1</flag></object><object><points><x>0.33789</x><x>0.34961</x><y>0.022135</y><y>0.10286</y></points><label>6</label><labelname>sill</labelname><flag>1</flag></object><object><points><x>0.1123</x><x>0.1748</x><y>0.041667</y><y>0.088542</y></points><label>3</label><labelname>window</labelname><flag>1</flag></object><object><points><x>0.25977</x><x>0.33887</x><y>0.046875</y><y>0.091146</y></points><label>3</label><labelname>window</labelname><flag>1</flag></object><object><points><x>0.081055</x><x>0.15625</x><y>0.25391</y><y>0.30078</y></points><label>3</label><labelname>window</labelname><flag>1</flag></object><object><points><x>0.082031</x><x>0.15723</x><y>0.31641</y><y>0.36589</y></points><label>3</label><labelname>window</labelname><flag>1</flag></object><object><points><x>0.077148</x><x>0.15723</x><y>0.47266</y><y>0.51953</y></points><label>3</label><labelname>window</labelname><flag>1</flag></object><object><points><x>0.076172</x><x>0.15625</x><y>0.53906</y><y>0.58594</y></points><label>3</label><labelname>window</labelname><flag>1</flag></object><object><points><x>0.077148</x><x>0.15625</x><y>0.69792</y><y>0.74479</y></points><label>3</label><labelname>window</labelname><flag>1</flag></object><object><points><x>0.079102</x><x>0.1582</x><y>0.76432</y><y>0.8112</y></points><label>3</label><labelname>window</labelname><flag>1</flag></object><object><points><x>0.24414</x><x>0.32324</x><y>0.76432</y><y>0.8151</y></points><label>3</label><labelname>window</labelname><flag>1</flag></object><object><points><x>0.24512</x><x>0.32227</x><y>0.69792</y><y>0.7474</y></points><label>3</label><labelname>window</labelname><flag>1</flag></object><object><points><x>0.24414</x><x>0.32324</x><y>0.53906</y><y>0.58854</y></points><label>3</label><labelname>window</labelname><flag>1</flag></object><object><points><x>0.24512</x><x>0.3252</x><y>0.47266</y><y>0.52083</y></points><label>3</label><labelname>window</labelname><flag>1</flag></object><object><points><x>0.24414</x><x>0.32324</x><y>0.31641</y><y>0.36458</y></points><label>3</label><labelname>window</labelname><flag>1</flag></object><object><points><x>0.24414</x><x>0.32324</x><y>0.2526</y><y>0.30078</y></points><label>3</label><labelname>window</labelname><flag>1</flag></object><object><points><x>0.41406</x><x>0.49414</x><y>0.76562</y><y>0.8138</y></points><label>3</label><labelname>window</labelname><flag>1</flag></object><object><points><x>0.41406</x><x>0.49414</x><y>0.69661</y><y>0.74609</y></points><label>3</label><labelname>window</labelname><flag>1</flag></object><object><points><x>0.38379</x><x>0.4707</x><y>0.51432</y><y>0.5625</y></points><label>3</label><labelname>window</labelname><flag>1</flag></object><object><points><x>0.41309</x><x>0.49219</x><y>0.31771</y><y>0.36458</y></points><label>3</label><labelname>window</labelname><flag>1</flag></object><object><points><x>0.41406</x><x>0.49316</x><y>0.25391</y><y>0.30078</y></points><label>3</label><labelname>window</labelname><flag>1</flag></object><object><points><x>0.5625</x><x>0.64941</x><y>0.51562</y><y>0.5638</y></points><label>3</label><labelname>window</labelname><flag>1</flag></object><object><points><x>0.58203</x><x>0.66113</x><y>0.6888</y><y>0.73307</y></points><label>3</label><labelname>window</labelname><flag>1</flag></object><object><points><x>0.58105</x><x>0.66211</x><y>0.77474</y><y>0.82552</y></points><label>3</label><labelname>window</labelname><flag>1</flag></object><object><points><x>0.58105</x><x>0.66211</x><y>0.32943</y><y>0.38021</y></points><label>3</label><labelname>window</labelname><flag>1</flag></object><object><points><x>0.58203</x><x>0.66211</x><y>0.24219</y><y>0.29297</y></points><label>3</label><labelname>window</labelname><flag>1</flag></object><object><points><x>0.75195</x><x>0.83008</x><y>0.32031</y><y>0.36849</y></points><label>3</label><labelname>window</labelname><flag>1</flag></object><object><points><x>0.75098</x><x>0.8291</x><y>0.25391</y><y>0.30208</y></points><label>3</label><labelname>window</labelname><flag>1</flag></object><object><points><x>0.75098</x><x>0.8291</x><y>0.46224</y><y>0.51042</y></points><label>3</label><labelname>window</labelname><flag>1</flag></object><object><points><x>0.75098</x><x>0.8291</x><y>0.55599</y><y>0.60417</y></points><label>3</label><labelname>window</labelname><flag>1</flag></object><object><points><x>0.39062</x><x>0.48145</x><y>0.46224</y><y>0.49349</y></points><label>3</label><labelname>window</labelname><flag>1</flag></object><object><points><x>0.38867</x><x>0.48047</x><y>0.58464</y><y>0.60938</y></points><label>3</label><labelname>window</labelname><flag>1</flag></object><object><points><x>0.56738</x><x>0.6582</x><y>0.58464</y><y>0.60938</y></points><label>3</label><labelname>window</labelname><flag>1</flag></object><object><points><x>0.56836</x><x>0.65723</x><y>0.46484</y><y>0.49349</y></points><label>3</label><labelname>window</labelname><flag>1</flag></object><object><points><x>0.3252</x><x>0.40527</x><y>0.42318</y><y>0.64323</y></points><label>5</label><labelname>cornice</labelname><flag>1</flag></object><object><points><x>0.8252</x><x>0.98145</x><y>0.70964</y><y>0.83203</y></points><label>4</label><labelname>door</labelname><flag>1</flag></object>