<object><points><x>0.010025</x><x>0.8396</x><y>0.25</y><y>0.99682</y></points><label>2</label><labelname>facade</labelname><flag>1</flag></object><object><points><x>0.45865</x><x>0.61404</x><y>0.33917</y><y>0.41879</y></points><label>3</label><labelname>window</labelname><flag>1</flag></object><object><points><x>0.53885</x><x>0.68421</x><y>0.0031847</y><y>0.068471</y></points><label>3</label><labelname>window</labelname><flag>1</flag></object><object><points><x>0.27068</x><x>0.401</x><y>0.93312</y><y>0.99522</y></points><label>3</label><labelname>window</labelname><flag>1</flag></object><object><points><x>0.4787</x><x>0.60902</x><y>0.26911</y><y>0.3121</y></points><label>3</label><labelname>window</labelname><flag>1</flag></object><object><points><x>0.44612</x><x>0.61654</x><y>0.48248</y><y>0.59554</y></points><label>3</label><labelname>window</labelname><flag>1</flag></object><object><points><x>0.14035</x><x>0.28822</x><y>0.52389</y><y>0.57803</y></points><label>3</label><labelname>window</labelname><flag>1</flag></object><object><points><x>0.3183</x><x>0.35589</x><y>0.19586</y><y>0.22611</y></points><label>3</label><labelname>window</labelname><flag>1</flag></object><object><points><x>0.61654</x><x>0.64912</x><y>0.47452</y><y>0.61624</y></points><label>6</label><labelname>sill</labelname><flag>1</flag></object><object><points><x>0.14035</x><x>0.28571</x><y>0.52548</y><y>0.55255</y></points><label>8</label><labelname>blind</labelname><flag>1</flag></object><object><points><x>0.14035</x><x>0.28571</x><y>0.55255</y><y>0.57803</y></points><label>8</label><labelname>blind</labelname><flag>1</flag></object><object><points><x>0.5614</x><x>0.70175</x><y>0.08758</y><y>0.23089</y></points><label>12</label><labelname>shop</labelname><flag>1</flag></object><object><points><x>0.45113</x><x>0.53885</x><y>0.79299</y><y>0.85987</y></points><label>3</label><labelname>window</labelname><flag>1</flag></object><object><points><x>0.44862</x><x>0.61153</x><y>0.59713</y><y>0.61146</y></points><label>3</label><labelname>window</labelname><flag>1</flag></object>