<object><points><x>0.019108</x><x>1</x><y>0.041667</y><y>0.98667</y></points><label>2</label><labelname>facade</labelname><flag>1</flag></object><object><points><x>0.15711</x><x>0.26327</x><y>0.13833</y><y>0.19333</y></points><label>3</label><labelname>window</labelname><flag>1</flag></object><object><points><x>0.35669</x><x>0.46072</x><y>0.14</y><y>0.19667</y></points><label>3</label><labelname>window</labelname><flag>1</flag></object><object><points><x>0.54989</x><x>0.65605</x><y>0.14333</y><y>0.19833</y></points><label>3</label><labelname>window</labelname><flag>1</flag></object><object><points><x>0.74522</x><x>0.85138</x><y>0.14167</y><y>0.19667</y></points><label>3</label><labelname>window</labelname><flag>1</flag></object><object><points><x>0.1465</x><x>0.25265</x><y>0.67</y><y>0.725</y></points><label>3</label><labelname>window</labelname><flag>1</flag></object><object><points><x>0.35032</x><x>0.45648</x><y>0.66833</y><y>0.72333</y></points><label>3</label><labelname>window</labelname><flag>1</flag></object><object><points><x>0.54352</x><x>0.64968</x><y>0.675</y><y>0.73</y></points><label>3</label><labelname>window</labelname><flag>1</flag></object><object><points><x>0.7431</x><x>0.84713</x><y>0.67</y><y>0.725</y></points><label>3</label><labelname>window</labelname><flag>1</flag></object><object><points><x>0.7707</x><x>0.85775</x><y>0.40833</y><y>0.445</y></points><label>3</label><labelname>window</labelname><flag>1</flag></object><object><points><x>0.7707</x><x>0.85775</x><y>0.36</y><y>0.39667</y></points><label>3</label><labelname>window</labelname><flag>1</flag></object><object><points><x>0.7707</x><x>0.85987</x><y>0.49833</y><y>0.53667</y></points><label>3</label><labelname>window</labelname><flag>1</flag></object><object><points><x>0.7707</x><x>0.85775</x><y>0.55333</y><y>0.59</y></points><label>3</label><labelname>window</labelname><flag>1</flag></object><object><points><x>0.5966</x><x>0.66879</x><y>0.49833</y><y>0.54</y></points><label>3</label><labelname>window</labelname><flag>1</flag></object><object><points><x>0.59448</x><x>0.66879</x><y>0.54833</y><y>0.59</y></points><label>3</label><labelname>window</labelname><flag>1</flag></object><object><points><x>0.59448</x><x>0.67091</x><y>0.41</y><y>0.44333</y></points><label>3</label><labelname>window</labelname><flag>1</flag></object><object><points><x>0.59236</x><x>0.66879</x><y>0.35833</y><y>0.39833</y></points><label>3</label><labelname>window</labelname><flag>1</flag></object><object><points><x>0.42038</x><x>0.48408</x><y>0.49667</y><y>0.53833</y></points><label>3</label><labelname>window</labelname><flag>1</flag></object><object><points><x>0.41614</x><x>0.47983</x><y>0.545</y><y>0.585</y></points><label>3</label><labelname>window</labelname><flag>1</flag></object><object><points><x>0.42251</x><x>0.4862</x><y>0.40667</y><y>0.44333</y></points><label>3</label><labelname>window</labelname><flag>1</flag></object><object><points><x>0.42038</x><x>0.48408</x><y>0.35833</y><y>0.39667</y></points><label>3</label><labelname>window</labelname><flag>1</flag></object><object><points><x>0.36943</x><x>0.47134</x><y>0.88</y><y>0.915</y></points><label>3</label><labelname>window</labelname><flag>1</flag></object><object><points><x>0.36943</x><x>0.47134</x><y>0.83833</y><y>0.87333</y></points><label>3</label><labelname>window</labelname><flag>1</flag></object><object><points><x>0.55626</x><x>0.65817</x><y>0.88167</y><y>0.915</y></points><label>3</label><labelname>window</labelname><flag>1</flag></object><object><points><x>0.55626</x><x>0.65817</x><y>0.84</y><y>0.875</y></points><label>3</label><labelname>window</labelname><flag>1</flag></object><object><points><x>0.74735</x><x>0.84713</x><y>0.88167</y><y>0.91667</y></points><label>3</label><labelname>window</labelname><flag>1</flag></object><object><points><x>0.74947</x><x>0.84926</x><y>0.84</y><y>0.875</y></points><label>3</label><labelname>window</labelname><flag>1</flag></object><object><points><x>0.36518</x><x>0.46709</x><y>0.21667</y><y>0.25167</y></points><label>3</label><labelname>window</labelname><flag>1</flag></object><object><points><x>0.55626</x><x>0.65817</x><y>0.22</y><y>0.25333</y></points><label>3</label><labelname>window</labelname><flag>1</flag></object><object><points><x>0.74735</x><x>0.84926</x><y>0.21833</y><y>0.25167</y></points><label>3</label><labelname>window</labelname><flag>1</flag></object><object><points><x>0.36093</x><x>0.46285</x><y>0.61833</y><y>0.65167</y></points><label>3</label><labelname>window</labelname><flag>1</flag></object><object><points><x>0.35669</x><x>0.4586</x><y>0.74333</y><y>0.77667</y></points><label>3</label><labelname>window</labelname><flag>1</flag></object><object><points><x>0.55202</x><x>0.65393</x><y>0.61833</y><y>0.65167</y></points><label>3</label><labelname>window</labelname><flag>1</flag></object><object><points><x>0.74735</x><x>0.84713</x><y>0.615</y><y>0.65</y></points><label>3</label><labelname>window</labelname><flag>1</flag></object><object><points><x>0.74522</x><x>0.85138</x><y>0.74833</y><y>0.78333</y></points><label>3</label><labelname>window</labelname><flag>1</flag></object><object><points><x>0.54989</x><x>0.66242</x><y>0.74833</y><y>0.785</y></points><label>3</label><labelname>window</labelname><flag>1</flag></object><object><points><x>0.35669</x><x>0.47771</x><y>0.096667</y><y>0.12</y></points><label>3</label><labelname>window</labelname><flag>1</flag></object><object><points><x>0.55202</x><x>0.66454</x><y>0.095</y><y>0.12167</y></points><label>3</label><labelname>window</labelname><flag>1</flag></object><object><points><x>0.74735</x><x>0.8535</x><y>0.1</y><y>0.12333</y></points><label>3</label><labelname>window</labelname><flag>1</flag></object><object><points><x>0.1741</x><x>0.27601</x><y>0.87833</y><y>0.91333</y></points><label>3</label><labelname>window</labelname><flag>1</flag></object><object><points><x>0.17197</x><x>0.27389</x><y>0.835</y><y>0.87</y></points><label>3</label><labelname>window</labelname><flag>1</flag></object><object><points><x>0.15499</x><x>0.27176</x><y>0.75</y><y>0.77833</y></points><label>3</label><labelname>window</labelname><flag>1</flag></object><object><points><x>0.15711</x><x>0.27389</x><y>0.61833</y><y>0.64333</y></points><label>3</label><labelname>window</labelname><flag>1</flag></object><object><points><x>0.19321</x><x>0.28662</x><y>0.48833</y><y>0.57333</y></points><label>3</label><labelname>window</labelname><flag>1</flag></object><object><points><x>0.19321</x><x>0.28875</x><y>0.33167</y><y>0.43167</y></points><label>3</label><labelname>window</labelname><flag>1</flag></object><object><points><x>0.16136</x><x>0.27813</x><y>0.22</y><y>0.255</y></points><label>3</label><labelname>window</labelname><flag>1</flag></object><object><points><x>0.16561</x><x>0.2845</x><y>0.098333</y><y>0.11833</y></points><label>3</label><labelname>window</labelname><flag>1</flag></object><object><points><x>0.091295</x><x>0.14225</x><y>0.34</y><y>0.38833</y></points><label>3</label><labelname>window</labelname><flag>1</flag></object><object><points><x>0.091295</x><x>0.14225</x><y>0.39333</y><y>0.44</y></points><label>3</label><labelname>window</labelname><flag>1</flag></object><object><points><x>0.089172</x><x>0.14225</x><y>0.49833</y><y>0.54667</y></points><label>3</label><labelname>window</labelname><flag>1</flag></object><object><points><x>0.089172</x><x>0.14013</x><y>0.555</y><y>0.60333</y></points><label>3</label><labelname>window</labelname><flag>1</flag></object><object><points><x>0.042463</x><x>0.067941</x><y>0.665</y><y>0.72333</y></points><label>3</label><labelname>window</labelname><flag>1</flag></object><object><points><x>0.048832</x><x>0.07431</x><y>0.145</y><y>0.20333</y></points><label>3</label><labelname>window</labelname><flag>1</flag></object><object><points><x>0.53715</x><x>0.55414</x><y>0.82667</y><y>0.92833</y></points><label>5</label><labelname>cornice</labelname><flag>1</flag></object><object><points><x>0.34183</x><x>0.37155</x><y>0.825</y><y>0.92833</y></points><label>5</label><labelname>cornice</labelname><flag>1</flag></object><object><points><x>0.73248</x><x>0.74947</x><y>0.82833</y><y>0.93167</y></points><label>5</label><labelname>cornice</labelname><flag>1</flag></object><object><points><x>0.46497</x><x>0.49045</x><y>0.82833</y><y>0.92167</y></points><label>6</label><labelname>sill</labelname><flag>1</flag></object><object><points><x>0.65393</x><x>0.67516</x><y>0.83333</y><y>0.92333</y></points><label>6</label><labelname>sill</labelname><flag>1</flag></object><object><points><x>0.84501</x><x>0.86624</x><y>0.83333</y><y>0.92333</y></points><label>6</label><labelname>sill</labelname><flag>1</flag></object><object><points><x>0.45223</x><x>0.53503</x><y>0.665</y><y>0.73833</y></points><label>6</label><labelname>sill</labelname><flag>1</flag></object><object><points><x>0.45648</x><x>0.54352</x><y>0.60833</y><y>0.65667</y></points><label>6</label><labelname>sill</labelname><flag>1</flag></object><object><points><x>0.4586</x><x>0.54777</x><y>0.745</y><y>0.79333</y></points><label>6</label><labelname>sill</labelname><flag>1</flag></object><object><points><x>0.46072</x><x>0.53079</x><y>0.12667</y><y>0.2</y></points><label>6</label><labelname>sill</labelname><flag>1</flag></object><object><points><x>0.46072</x><x>0.54777</x><y>0.21333</y><y>0.27167</y></points><label>6</label><labelname>sill</labelname><flag>1</flag></object><object><points><x>0.47558</x><x>0.54565</x><y>0.093333</y><y>0.12167</y></points><label>6</label><labelname>sill</labelname><flag>1</flag></object><object><points><x>0.46497</x><x>0.52866</x><y>0.32833</y><y>0.45</y></points><label>7</label><labelname>balcony</labelname><flag>1</flag></object><object><points><x>0.46497</x><x>0.52229</x><y>0.46667</y><y>0.595</y></points><label>7</label><labelname>balcony</labelname><flag>1</flag></object><object><points><x>0.65605</x><x>0.71338</x><y>0.465</y><y>0.59333</y></points><label>7</label><labelname>balcony</labelname><flag>1</flag></object><object><points><x>0.65605</x><x>0.7155</x><y>0.32833</y><y>0.45333</y></points><label>7</label><labelname>balcony</labelname><flag>1</flag></object><object><points><x>0.84076</x><x>0.89809</x><y>0.465</y><y>0.59333</y></points><label>7</label><labelname>balcony</labelname><flag>1</flag></object><object><points><x>0.84076</x><x>0.90021</x><y>0.32833</y><y>0.45667</y></points><label>7</label><labelname>balcony</labelname><flag>1</flag></object><object><points><x>0.36518</x><x>0.47134</x><y>0.91333</y><y>0.95333</y></points><label>8</label><labelname>blind</labelname><flag>1</flag></object><object><points><x>0.36518</x><x>0.47134</x><y>0.8</y><y>0.84</y></points><label>8</label><labelname>blind</labelname><flag>1</flag></object><object><points><x>0.55414</x><x>0.6603</x><y>0.91667</y><y>0.95667</y></points><label>8</label><labelname>blind</labelname><flag>1</flag></object><object><points><x>0.55414</x><x>0.6603</x><y>0.80167</y><y>0.84</y></points><label>8</label><labelname>blind</labelname><flag>1</flag></object><object><points><x>0.74522</x><x>0.85138</x><y>0.91833</y><y>0.95833</y></points><label>8</label><labelname>blind</labelname><flag>1</flag></object><object><points><x>0.74735</x><x>0.8535</x><y>0.80333</y><y>0.84167</y></points><label>8</label><labelname>blind</labelname><flag>1</flag></object><object><points><x>0.087049</x><x>0.1465</x><y>0.12167</y><y>0.20667</y></points><label>5</label><labelname>cornice</labelname><flag>1</flag></object><object><points><x>0.080679</x><x>0.138</x><y>0.65</y><y>0.74667</y></points><label>5</label><labelname>cornice</labelname><flag>1</flag></object><object><points><x>0.30998</x><x>0.36306</x><y>0.046667</y><y>0.98167</y></points><label>10</label><labelname>molding</labelname><flag>1</flag></object><object><points><x>0.51592</x><x>0.54352</x><y>0.045</y><y>0.97833</y></points><label>10</label><labelname>molding</labelname><flag>1</flag></object><object><points><x>0.70064</x><x>0.72824</x><y>0.046667</y><y>0.98167</y></points><label>10</label><labelname>molding</labelname><flag>1</flag></object><object><points><x>0.89172</x><x>0.91932</x><y>0.048333</y><y>0.98333</y></points><label>10</label><labelname>molding</labelname><flag>1</flag></object><object><points><x>0.93206</x><x>0.98938</x><y>0.10167</y><y>0.12</y></points><label>12</label><labelname>shop</labelname><flag>1</flag></object><object><points><x>0.93206</x><x>0.98938</x><y>0.14333</y><y>0.19167</y></points><label>12</label><labelname>shop</labelname><flag>1</flag></object><object><points><x>0.93206</x><x>0.98938</x><y>0.22333</y><y>0.25833</y></points><label>12</label><labelname>shop</labelname><flag>1</flag></object><object><points><x>0.89809</x><x>0.9172</x><y>0.11667</y><y>0.20833</y></points><label>12</label><labelname>shop</labelname><flag>1</flag></object><object><points><x>0.92994</x><x>0.99363</x><y>0.35</y><y>0.44167</y></points><label>12</label><labelname>shop</labelname><flag>1</flag></object><object><points><x>0.91295</x><x>0.99363</x><y>0.475</y><y>0.57667</y></points><label>12</label><labelname>shop</labelname><flag>1</flag></object><object><points><x>0.90234</x><x>0.99575</x><y>0.80333</y><y>0.96167</y></points><label>12</label><labelname>shop</labelname><flag>1</flag></object><object><points><x>0.89809</x><x>0.92357</x><y>0.655</y><y>0.75</y></points><label>12</label><labelname>shop</labelname><flag>1</flag></object><object><points><x>0.93631</x><x>0.99363</x><y>0.75167</y><y>0.77667</y></points><label>12</label><labelname>shop</labelname><flag>1</flag></object><object><points><x>0.93418</x><x>1</x><y>0.62</y><y>0.64833</y></points><label>12</label><labelname>shop</labelname><flag>1</flag></object><object><points><x>0.92994</x><x>0.99575</x><y>0.67667</y><y>0.72667</y></points><label>12</label><labelname>shop</labelname><flag>1</flag></object><object><points><x>0.055202</x><x>0.093418</x><y>0.21</y><y>0.245</y></points><label>3</label><labelname>window</labelname><flag>1</flag></object><object><points><x>0.055202</x><x>0.089172</x><y>0.12333</y><y>0.14333</y></points><label>3</label><labelname>window</labelname><flag>1</flag></object><object><points><x>0.050955</x><x>0.080679</x><y>0.72833</y><y>0.75333</y></points><label>3</label><labelname>window</labelname><flag>1</flag></object><object><points><x>0.053079</x><x>0.084926</x><y>0.63333</y><y>0.66167</y></points><label>3</label><labelname>window</labelname><flag>1</flag></object>