<object><points><x>0.076744</x><x>0.97326</x><y>0.0029297</y><y>0.99805</y></points><label>2</label><labelname>facade</labelname><flag>1</flag></object><object><points><x>0.2093</x><x>0.54186</x><y>0.22168</y><y>0.33789</y></points><label>3</label><labelname>window</labelname><flag>1</flag></object><object><points><x>0.20698</x><x>0.4186</x><y>0.44922</y><y>0.54199</y></points><label>3</label><labelname>window</labelname><flag>1</flag></object><object><points><x>0.20698</x><x>0.4186</x><y>0.67773</y><y>0.7666</y></points><label>3</label><labelname>window</labelname><flag>1</flag></object><object><points><x>0.61047</x><x>0.84535</x><y>0.64551</y><y>0.80859</y></points><label>3</label><labelname>window</labelname><flag>1</flag></object><object><points><x>0.61628</x><x>0.85349</x><y>0.20996</y><y>0.3418</y></points><label>3</label><labelname>window</labelname><flag>1</flag></object><object><points><x>0.6407</x><x>0.77209</x><y>0.015625</y><y>0.086914</y></points><label>3</label><labelname>window</labelname><flag>1</flag></object><object><points><x>0.21047</x><x>0.43721</x><y>0.0048828</y><y>0.077148</y></points><label>3</label><labelname>window</labelname><flag>1</flag></object><object><points><x>0.41744</x><x>0.53953</x><y>0.22754</y><y>0.33691</y></points><label>7</label><labelname>balcony</labelname><flag>1</flag></object><object><points><x>0.22093</x><x>0.46744</x><y>0.22754</y><y>0.33203</y></points><label>8</label><labelname>blind</labelname><flag>1</flag></object><object><points><x>0.22093</x><x>0.41279</x><y>0.45215</y><y>0.53711</y></points><label>8</label><labelname>blind</labelname><flag>1</flag></object><object><points><x>0.21512</x><x>0.41395</x><y>0.68555</y><y>0.7627</y></points><label>8</label><labelname>blind</labelname><flag>1</flag></object><object><points><x>0.21744</x><x>0.42209</x><y>0.0087891</y><y>0.06543</y></points><label>8</label><labelname>blind</labelname><flag>1</flag></object><object><points><x>0.64419</x><x>0.76744</x><y>0.018555</y><y>0.081055</y></points><label>8</label><labelname>blind</labelname><flag>1</flag></object><object><points><x>0.63721</x><x>0.84535</x><y>0.21973</y><y>0.33594</y></points><label>8</label><labelname>blind</labelname><flag>1</flag></object><object><points><x>0.63605</x><x>0.83023</x><y>0.65625</y><y>0.7793</y></points><label>8</label><labelname>blind</labelname><flag>1</flag></object><object><points><x>0.07907</x><x>0.15698</x><y>0.0097656</y><y>0.99609</y></points><label>10</label><labelname>molding</labelname><flag>1</flag></object><object><points><x>0.52209</x><x>0.57326</x><y>0.0068359</y><y>0.99414</y></points><label>10</label><labelname>molding</labelname><flag>1</flag></object>