<object><points><x>0.0061881</x><x>0.99629</x><y>0.0058594</y><y>0.99512</y></points><label>2</label><labelname>facade</labelname><flag>1</flag></object><object><points><x>0.69183</x><x>0.90594</x><y>0.40039</y><y>0.54883</y></points><label>3</label><labelname>window</labelname><flag>1</flag></object><object><points><x>0.69307</x><x>0.90223</x><y>0.64355</y><y>0.79199</y></points><label>3</label><labelname>window</labelname><flag>1</flag></object><object><points><x>0.69802</x><x>0.91213</x><y>0.14746</y><y>0.2959</y></points><label>3</label><labelname>window</labelname><flag>1</flag></object><object><points><x>0.39728</x><x>0.63243</x><y>0.14355</y><y>0.29688</y></points><label>3</label><labelname>window</labelname><flag>1</flag></object><object><points><x>0.39728</x><x>0.63243</x><y>0.39551</y><y>0.54492</y></points><label>3</label><labelname>window</labelname><flag>1</flag></object><object><points><x>0.40347</x><x>0.63861</x><y>0.63965</y><y>0.78906</y></points><label>3</label><labelname>window</labelname><flag>1</flag></object><object><points><x>0.40347</x><x>0.64109</x><y>0.87891</y><y>0.99316</y></points><label>3</label><labelname>window</labelname><flag>1</flag></object><object><points><x>0.16708</x><x>0.30569</x><y>0.63867</y><y>0.79297</y></points><label>3</label><labelname>window</labelname><flag>1</flag></object><object><points><x>0.16832</x><x>0.30693</x><y>0.39355</y><y>0.54785</y></points><label>3</label><labelname>window</labelname><flag>1</flag></object><object><points><x>0.16337</x><x>0.30198</x><y>0.14062</y><y>0.2959</y></points><label>3</label><labelname>window</labelname><flag>1</flag></object><object><points><x>0.29084</x><x>0.41584</x><y>0.016602</y><y>0.98438</y></points><label>10</label><labelname>molding</labelname><flag>1</flag></object><object><points><x>0.61757</x><x>0.71163</x><y>0.013672</y><y>0.99316</y></points><label>10</label><labelname>molding</labelname><flag>1</flag></object><object><points><x>0.89233</x><x>0.96782</x><y>0.010742</y><y>0.98926</y></points><label>10</label><labelname>molding</labelname><flag>1</flag></object><object><points><x>0.10396</x><x>0.91213</x><y>0.042969</y><y>0.13867</y></points><label>11</label><labelname>pillar</labelname><flag>1</flag></object><object><points><x>0.11757</x><x>0.91089</x><y>0.29492</y><y>0.39062</y></points><label>11</label><labelname>pillar</labelname><flag>1</flag></object><object><points><x>0.12376</x><x>0.90718</x><y>0.54785</y><y>0.64355</y></points><label>11</label><labelname>pillar</labelname><flag>1</flag></object><object><points><x>0.125</x><x>0.9047</x><y>0.79297</y><y>0.88184</y></points><label>11</label><labelname>pillar</labelname><flag>1</flag></object>