<object><points><x>0.0031024</x><x>1</x><y>0.0019531</y><y>0.99902</y></points><label>2</label><labelname>facade</labelname><flag>1</flag></object><object><points><x>0.17787</x><x>0.32265</x><y>0.042969</y><y>0.087891</y></points><label>3</label><labelname>window</labelname><flag>1</flag></object><object><points><x>0.1758</x><x>0.31954</x><y>0.098633</y><y>0.14355</y></points><label>3</label><labelname>window</labelname><flag>1</flag></object><object><points><x>0.17477</x><x>0.31954</x><y>0.17969</y><y>0.22461</y></points><label>3</label><labelname>window</labelname><flag>1</flag></object><object><points><x>0.17373</x><x>0.31748</x><y>0.23535</y><y>0.28027</y></points><label>3</label><labelname>window</labelname><flag>1</flag></object><object><points><x>0.17477</x><x>0.31954</x><y>0.31836</y><y>0.36328</y></points><label>3</label><labelname>window</labelname><flag>1</flag></object><object><points><x>0.17373</x><x>0.31748</x><y>0.37598</y><y>0.4209</y></points><label>3</label><labelname>window</labelname><flag>1</flag></object><object><points><x>0.17373</x><x>0.31851</x><y>0.45801</y><y>0.50293</y></points><label>3</label><labelname>window</labelname><flag>1</flag></object><object><points><x>0.1758</x><x>0.31954</x><y>0.51465</y><y>0.55957</y></points><label>3</label><labelname>window</labelname><flag>1</flag></object><object><points><x>0.17684</x><x>0.32058</x><y>0.59668</y><y>0.6416</y></points><label>3</label><labelname>window</labelname><flag>1</flag></object><object><points><x>0.1789</x><x>0.32265</x><y>0.65039</y><y>0.69531</y></points><label>3</label><labelname>window</labelname><flag>1</flag></object><object><points><x>0.17994</x><x>0.32368</x><y>0.73145</y><y>0.77637</y></points><label>3</label><labelname>window</labelname><flag>1</flag></object><object><points><x>0.18304</x><x>0.32472</x><y>0.7832</y><y>0.82812</y></points><label>3</label><labelname>window</labelname><flag>1</flag></object><object><points><x>0.38056</x><x>0.49121</x><y>0.042969</y><y>0.087891</y></points><label>3</label><labelname>window</labelname><flag>1</flag></object><object><points><x>0.37952</x><x>0.49121</x><y>0.097656</y><y>0.14258</y></points><label>3</label><labelname>window</labelname><flag>1</flag></object><object><points><x>0.37849</x><x>0.49018</x><y>0.18066</y><y>0.22559</y></points><label>3</label><labelname>window</labelname><flag>1</flag></object><object><points><x>0.37849</x><x>0.48914</x><y>0.23535</y><y>0.28027</y></points><label>3</label><labelname>window</labelname><flag>1</flag></object><object><points><x>0.38056</x><x>0.49224</x><y>0.31934</y><y>0.36426</y></points><label>3</label><labelname>window</labelname><flag>1</flag></object><object><points><x>0.37952</x><x>0.49121</x><y>0.37695</y><y>0.42188</y></points><label>3</label><labelname>window</labelname><flag>1</flag></object><object><points><x>0.37952</x><x>0.49121</x><y>0.45703</y><y>0.50195</y></points><label>3</label><labelname>window</labelname><flag>1</flag></object><object><points><x>0.37952</x><x>0.49121</x><y>0.51367</y><y>0.55859</y></points><label>3</label><labelname>window</labelname><flag>1</flag></object><object><points><x>0.38159</x><x>0.49328</x><y>0.59668</y><y>0.6416</y></points><label>3</label><labelname>window</labelname><flag>1</flag></object><object><points><x>0.38056</x><x>0.49224</x><y>0.65137</y><y>0.69629</y></points><label>3</label><labelname>window</labelname><flag>1</flag></object><object><points><x>0.38159</x><x>0.49328</x><y>0.73047</y><y>0.77539</y></points><label>3</label><labelname>window</labelname><flag>1</flag></object><object><points><x>0.38366</x><x>0.49535</x><y>0.78418</y><y>0.8291</y></points><label>3</label><labelname>window</labelname><flag>1</flag></object><object><points><x>0.38366</x><x>0.49535</x><y>0.8623</y><y>0.90723</y></points><label>3</label><labelname>window</labelname><flag>1</flag></object><object><points><x>0.38469</x><x>0.49638</x><y>0.91309</y><y>0.95801</y></points><label>3</label><labelname>window</labelname><flag>1</flag></object><object><points><x>0.18407</x><x>0.32885</x><y>0.86133</y><y>0.90625</y></points><label>3</label><labelname>window</labelname><flag>1</flag></object><object><points><x>0.55119</x><x>0.67011</x><y>0.043945</y><y>0.089844</y></points><label>3</label><labelname>window</labelname><flag>1</flag></object><object><points><x>0.55016</x><x>0.66908</x><y>0.097656</y><y>0.14453</y></points><label>3</label><labelname>window</labelname><flag>1</flag></object><object><points><x>0.55119</x><x>0.67011</x><y>0.17969</y><y>0.22656</y></points><label>3</label><labelname>window</labelname><flag>1</flag></object><object><points><x>0.55119</x><x>0.67115</x><y>0.23633</y><y>0.2832</y></points><label>3</label><labelname>window</labelname><flag>1</flag></object><object><points><x>0.55119</x><x>0.67011</x><y>0.32227</y><y>0.36816</y></points><label>3</label><labelname>window</labelname><flag>1</flag></object><object><points><x>0.55119</x><x>0.67115</x><y>0.37695</y><y>0.42285</y></points><label>3</label><labelname>window</labelname><flag>1</flag></object><object><points><x>0.55016</x><x>0.66908</x><y>0.45898</y><y>0.50488</y></points><label>3</label><labelname>window</labelname><flag>1</flag></object><object><points><x>0.55119</x><x>0.67011</x><y>0.51465</y><y>0.56152</y></points><label>3</label><labelname>window</labelname><flag>1</flag></object><object><points><x>0.55119</x><x>0.67115</x><y>0.59668</y><y>0.64258</y></points><label>3</label><labelname>window</labelname><flag>1</flag></object><object><points><x>0.55119</x><x>0.67115</x><y>0.64941</y><y>0.69531</y></points><label>3</label><labelname>window</labelname><flag>1</flag></object><object><points><x>0.55016</x><x>0.66908</x><y>0.73047</y><y>0.77734</y></points><label>3</label><labelname>window</labelname><flag>1</flag></object><object><points><x>0.54912</x><x>0.66908</x><y>0.78223</y><y>0.82812</y></points><label>3</label><labelname>window</labelname><flag>1</flag></object><object><points><x>0.55016</x><x>0.67011</x><y>0.8623</y><y>0.9082</y></points><label>3</label><labelname>window</labelname><flag>1</flag></object><object><points><x>0.54912</x><x>0.66908</x><y>0.91602</y><y>0.96191</y></points><label>3</label><labelname>window</labelname><flag>1</flag></object><object><points><x>0.73526</x><x>0.84798</x><y>0.31055</y><y>0.43555</y></points><label>3</label><labelname>window</labelname><flag>1</flag></object><object><points><x>0.73113</x><x>0.84385</x><y>0.44922</y><y>0.5752</y></points><label>3</label><labelname>window</labelname><flag>1</flag></object><object><points><x>0.74147</x><x>0.84592</x><y>0.58789</y><y>0.70215</y></points><label>3</label><labelname>window</labelname><flag>1</flag></object><object><points><x>0.73526</x><x>0.84902</x><y>0.16992</y><y>0.29297</y></points><label>3</label><labelname>window</labelname><flag>1</flag></object><object><points><x>0.77249</x><x>0.88418</x><y>0.044922</y><y>0.13184</y></points><label>3</label><labelname>window</labelname><flag>1</flag></object><object><points><x>0.73837</x><x>0.84281</x><y>0.72168</y><y>0.83301</y></points><label>3</label><labelname>window</labelname><flag>1</flag></object><object><points><x>0.7332</x><x>0.83661</x><y>0.84766</y><y>0.95898</y></points><label>3</label><labelname>window</labelname><flag>1</flag></object><object><points><x>0.88831</x><x>0.98759</x><y>0.061523</y><y>0.11914</y></points><label>3</label><labelname>window</labelname><flag>1</flag></object><object><points><x>0.49224</x><x>0.54912</x><y>0.039062</y><y>0.088867</y></points><label>6</label><labelname>sill</labelname><flag>1</flag></object><object><points><x>0.49224</x><x>0.54912</x><y>0.09668</y><y>0.14551</y></points><label>6</label><labelname>sill</labelname><flag>1</flag></object><object><points><x>0.49121</x><x>0.54809</x><y>0.17871</y><y>0.22754</y></points><label>6</label><labelname>sill</labelname><flag>1</flag></object><object><points><x>0.49121</x><x>0.54809</x><y>0.23438</y><y>0.28418</y></points><label>6</label><labelname>sill</labelname><flag>1</flag></object><object><points><x>0.49018</x><x>0.54705</x><y>0.31641</y><y>0.36523</y></points><label>6</label><labelname>sill</labelname><flag>1</flag></object><object><points><x>0.49018</x><x>0.54705</x><y>0.37305</y><y>0.42285</y></points><label>6</label><labelname>sill</labelname><flag>1</flag></object><object><points><x>0.49018</x><x>0.54705</x><y>0.45703</y><y>0.50586</y></points><label>6</label><labelname>sill</labelname><flag>1</flag></object><object><points><x>0.49328</x><x>0.54912</x><y>0.51074</y><y>0.56055</y></points><label>6</label><labelname>sill</labelname><flag>1</flag></object><object><points><x>0.49018</x><x>0.54705</x><y>0.5918</y><y>0.6416</y></points><label>6</label><labelname>sill</labelname><flag>1</flag></object><object><points><x>0.49121</x><x>0.54809</x><y>0.64941</y><y>0.69922</y></points><label>6</label><labelname>sill</labelname><flag>1</flag></object><object><points><x>0.49121</x><x>0.54705</x><y>0.72754</y><y>0.77734</y></points><label>6</label><labelname>sill</labelname><flag>1</flag></object><object><points><x>0.49121</x><x>0.54705</x><y>0.78223</y><y>0.83203</y></points><label>6</label><labelname>sill</labelname><flag>1</flag></object><object><points><x>0.49121</x><x>0.54809</x><y>0.8584</y><y>0.9082</y></points><label>6</label><labelname>sill</labelname><flag>1</flag></object><object><points><x>0.49224</x><x>0.54809</x><y>0.91113</y><y>0.96094</y></points><label>6</label><labelname>sill</labelname><flag>1</flag></object><object><points><x>0.67735</x><x>0.74871</x><y>0.23633</y><y>0.29102</y></points><label>6</label><labelname>sill</labelname><flag>1</flag></object><object><points><x>0.67735</x><x>0.74767</x><y>0.17578</y><y>0.23047</y></points><label>6</label><labelname>sill</labelname><flag>1</flag></object><object><points><x>0.67942</x><x>0.74974</x><y>0.31738</y><y>0.37207</y></points><label>6</label><labelname>sill</labelname><flag>1</flag></object><object><points><x>0.68046</x><x>0.75078</x><y>0.37402</y><y>0.42969</y></points><label>6</label><labelname>sill</labelname><flag>1</flag></object><object><points><x>0.67735</x><x>0.74767</x><y>0.45508</y><y>0.50977</y></points><label>6</label><labelname>sill</labelname><flag>1</flag></object><object><points><x>0.67942</x><x>0.75078</x><y>0.5127</y><y>0.56738</y></points><label>6</label><labelname>sill</labelname><flag>1</flag></object><object><points><x>0.67839</x><x>0.74871</x><y>0.59473</y><y>0.65039</y></points><label>6</label><labelname>sill</labelname><flag>1</flag></object><object><points><x>0.67735</x><x>0.74767</x><y>0.65137</y><y>0.7041</y></points><label>6</label><labelname>sill</labelname><flag>1</flag></object><object><points><x>0.67942</x><x>0.74974</x><y>0.72949</y><y>0.78223</y></points><label>6</label><labelname>sill</labelname><flag>1</flag></object><object><points><x>0.0062048</x><x>0.080662</x><y>0.0078125</y><y>0.99414</y></points><label>7</label><labelname>balcony</labelname><flag>1</flag></object><object><points><x>0.55739</x><x>0.64529</x><y>0.18262</y><y>0.21973</y></points><label>8</label><labelname>blind</labelname><flag>1</flag></object><object><points><x>0.55533</x><x>0.65047</x><y>0.2373</y><y>0.27539</y></points><label>8</label><labelname>blind</labelname><flag>1</flag></object><object><points><x>0.55636</x><x>0.65874</x><y>0.098633</y><y>0.13965</y></points><label>8</label><labelname>blind</labelname><flag>1</flag></object><object><points><x>0.55533</x><x>0.65874</x><y>0.044922</y><y>0.085938</y></points><label>8</label><labelname>blind</labelname><flag>1</flag></object><object><points><x>0.55429</x><x>0.6577</x><y>0.32227</y><y>0.36328</y></points><label>8</label><labelname>blind</labelname><flag>1</flag></object><object><points><x>0.55429</x><x>0.65564</x><y>0.73242</y><y>0.76465</y></points><label>8</label><labelname>blind</labelname><flag>1</flag></object><object><points><x>0.55533</x><x>0.65667</x><y>0.7832</y><y>0.81543</y></points><label>8</label><labelname>blind</labelname><flag>1</flag></object><object><points><x>0.55326</x><x>0.6546</x><y>0.86328</y><y>0.89453</y></points><label>8</label><labelname>blind</labelname><flag>1</flag></object><object><points><x>0.55222</x><x>0.63289</x><y>0.51562</y><y>0.55176</y></points><label>8</label><labelname>blind</labelname><flag>1</flag></object><object><points><x>0.55222</x><x>0.59462</x><y>0.45898</y><y>0.49707</y></points><label>8</label><labelname>blind</labelname><flag>1</flag></object><object><points><x>0.32368</x><x>0.38056</x><y>0.041992</y><y>0.087891</y></points><label>6</label><labelname>sill</labelname><flag>1</flag></object><object><points><x>0.32265</x><x>0.37952</x><y>0.09668</y><y>0.14258</y></points><label>6</label><labelname>sill</labelname><flag>1</flag></object><object><points><x>0.32161</x><x>0.37849</x><y>0.17969</y><y>0.22559</y></points><label>6</label><labelname>sill</labelname><flag>1</flag></object><object><points><x>0.32161</x><x>0.37746</x><y>0.23535</y><y>0.28223</y></points><label>6</label><labelname>sill</labelname><flag>1</flag></object><object><points><x>0.32265</x><x>0.37952</x><y>0.31738</y><y>0.36328</y></points><label>6</label><labelname>sill</labelname><flag>1</flag></object><object><points><x>0.32265</x><x>0.37952</x><y>0.375</y><y>0.42188</y></points><label>6</label><labelname>sill</labelname><flag>1</flag></object><object><points><x>0.32265</x><x>0.37849</x><y>0.45703</y><y>0.50391</y></points><label>6</label><labelname>sill</labelname><flag>1</flag></object><object><points><x>0.32265</x><x>0.37849</x><y>0.51465</y><y>0.56055</y></points><label>6</label><labelname>sill</labelname><flag>1</flag></object><object><points><x>0.32575</x><x>0.38159</x><y>0.5918</y><y>0.63867</y></points><label>6</label><labelname>sill</labelname><flag>1</flag></object><object><points><x>0.32265</x><x>0.37849</x><y>0.64844</y><y>0.69434</y></points><label>6</label><labelname>sill</labelname><flag>1</flag></object><object><points><x>0.32575</x><x>0.38159</x><y>0.72949</y><y>0.77539</y></points><label>6</label><labelname>sill</labelname><flag>1</flag></object><object><points><x>0.32575</x><x>0.38159</x><y>0.7832</y><y>0.8291</y></points><label>6</label><labelname>sill</labelname><flag>1</flag></object><object><points><x>0.32782</x><x>0.38366</x><y>0.8584</y><y>0.9043</y></points><label>6</label><labelname>sill</labelname><flag>1</flag></object><object><points><x>0.32885</x><x>0.38573</x><y>0.91309</y><y>0.95898</y></points><label>6</label><labelname>sill</labelname><flag>1</flag></object><object><points><x>0.068252</x><x>0.11996</x><y>0.011719</y><y>0.99023</y></points><label>10</label><labelname>molding</labelname><flag>1</flag></object><object><points><x>0.86556</x><x>0.99483</x><y>0.17773</y><y>0.29492</y></points><label>12</label><labelname>shop</labelname><flag>1</flag></object><object><points><x>0.8666</x><x>0.99793</x><y>0.31348</y><y>0.43359</y></points><label>12</label><labelname>shop</labelname><flag>1</flag></object><object><points><x>0.84798</x><x>0.99793</x><y>0.58789</y><y>0.70117</y></points><label>12</label><labelname>shop</labelname><flag>1</flag></object><object><points><x>0.86246</x><x>1</x><y>0.45215</y><y>0.57227</y></points><label>12</label><labelname>shop</labelname><flag>1</flag></object><object><points><x>0.85626</x><x>0.99897</x><y>0.72266</y><y>0.83008</y></points><label>12</label><labelname>shop</labelname><flag>1</flag></object><object><points><x>0.83971</x><x>0.98242</x><y>0.85156</y><y>0.95898</y></points><label>12</label><labelname>shop</labelname><flag>1</flag></object>