<object><points><x>0.13939</x><x>0.97879</x><y>0.01</y><y>0.99857</y></points><label>2</label><labelname>facade</labelname><flag>1</flag></object><object><points><x>0.4697</x><x>0.64545</x><y>0.055714</y><y>0.10571</y></points><label>3</label><labelname>window</labelname><flag>1</flag></object><object><points><x>0.2697</x><x>0.44242</x><y>0.06</y><y>0.11</y></points><label>3</label><labelname>window</labelname><flag>1</flag></object><object><points><x>0.27576</x><x>0.44848</x><y>0.20143</y><y>0.25143</y></points><label>3</label><labelname>window</labelname><flag>1</flag></object><object><points><x>0.48182</x><x>0.65455</x><y>0.20286</y><y>0.25286</y></points><label>3</label><labelname>window</labelname><flag>1</flag></object><object><points><x>0.46667</x><x>0.63939</x><y>0.62143</y><y>0.67143</y></points><label>3</label><labelname>window</labelname><flag>1</flag></object><object><points><x>0.49697</x><x>0.6697</x><y>0.78857</y><y>0.84286</y></points><label>3</label><labelname>window</labelname><flag>1</flag></object><object><points><x>0.28182</x><x>0.45455</x><y>0.78714</y><y>0.84143</y></points><label>3</label><labelname>window</labelname><flag>1</flag></object><object><points><x>0.23939</x><x>0.41212</x><y>0.62286</y><y>0.67714</y></points><label>3</label><labelname>window</labelname><flag>1</flag></object><object><points><x>0.47879</x><x>0.65152</x><y>0.69143</y><y>0.71286</y></points><label>3</label><labelname>window</labelname><flag>1</flag></object><object><points><x>0.24242</x><x>0.41818</x><y>0.68857</y><y>0.71286</y></points><label>3</label><labelname>window</labelname><flag>1</flag></object><object><points><x>0.4697</x><x>0.63333</x><y>0.33857</y><y>0.38</y></points><label>3</label><labelname>window</labelname><flag>1</flag></object><object><points><x>0.2303</x><x>0.39394</x><y>0.34286</y><y>0.38429</y></points><label>3</label><labelname>window</labelname><flag>1</flag></object><object><points><x>0.48182</x><x>0.64848</x><y>0.30143</y><y>0.34286</y></points><label>3</label><labelname>window</labelname><flag>1</flag></object><object><points><x>0.27273</x><x>0.43939</x><y>0.30286</y><y>0.34429</y></points><label>3</label><labelname>window</labelname><flag>1</flag></object><object><points><x>0.69091</x><x>0.87273</x><y>0.085714</y><y>0.12</y></points><label>3</label><labelname>window</labelname><flag>1</flag></object><object><points><x>0.69091</x><x>0.87273</x><y>0.04</y><y>0.075714</y></points><label>3</label><labelname>window</labelname><flag>1</flag></object><object><points><x>0.69697</x><x>0.87576</x><y>0.13429</y><y>0.17</y></points><label>3</label><labelname>window</labelname><flag>1</flag></object><object><points><x>0.69697</x><x>0.87879</x><y>0.18286</y><y>0.21857</y></points><label>3</label><labelname>window</labelname><flag>1</flag></object><object><points><x>0.7</x><x>0.88182</x><y>0.23</y><y>0.26571</y></points><label>3</label><labelname>window</labelname><flag>1</flag></object><object><points><x>0.70606</x><x>0.88485</x><y>0.28143</y><y>0.31714</y></points><label>3</label><labelname>window</labelname><flag>1</flag></object><object><points><x>0.70303</x><x>0.88182</x><y>0.33429</y><y>0.36857</y></points><label>3</label><labelname>window</labelname><flag>1</flag></object><object><points><x>0.72727</x><x>0.91818</x><y>0.93143</y><y>0.96857</y></points><label>3</label><labelname>window</labelname><flag>1</flag></object><object><points><x>0.72727</x><x>0.91818</x><y>0.88</y><y>0.91857</y></points><label>3</label><labelname>window</labelname><flag>1</flag></object><object><points><x>0.72424</x><x>0.91515</x><y>0.82286</y><y>0.86</y></points><label>3</label><labelname>window</labelname><flag>1</flag></object><object><points><x>0.72727</x><x>0.91818</x><y>0.77143</y><y>0.80857</y></points><label>3</label><labelname>window</labelname><flag>1</flag></object><object><points><x>0.74242</x><x>0.9303</x><y>0.52857</y><y>0.67714</y></points><label>4</label><labelname>door</labelname><flag>1</flag></object><object><points><x>0.31515</x><x>0.40303</x><y>0.32143</y><y>0.38286</y></points><label>7</label><labelname>balcony</labelname><flag>1</flag></object><object><points><x>0.54848</x><x>0.63636</x><y>0.31857</y><y>0.37857</y></points><label>7</label><labelname>balcony</labelname><flag>1</flag></object><object><points><x>0.29697</x><x>0.43333</x><y>0.064286</y><y>0.10857</y></points><label>8</label><labelname>blind</labelname><flag>1</flag></object><object><points><x>0.29697</x><x>0.43636</x><y>0.20571</y><y>0.25</y></points><label>8</label><labelname>blind</labelname><flag>1</flag></object><object><points><x>0.23939</x><x>0.4</x><y>0.34714</y><y>0.38143</y></points><label>8</label><labelname>blind</labelname><flag>1</flag></object><object><points><x>0.30303</x><x>0.43333</x><y>0.30571</y><y>0.34286</y></points><label>8</label><labelname>blind</labelname><flag>1</flag></object><object><points><x>0.24242</x><x>0.40303</x><y>0.62571</y><y>0.67286</y></points><label>8</label><labelname>blind</labelname><flag>1</flag></object><object><points><x>0.3</x><x>0.45152</x><y>0.79</y><y>0.84</y></points><label>8</label><labelname>blind</labelname><flag>1</flag></object><object><points><x>0.25152</x><x>0.41212</x><y>0.69143</y><y>0.71143</y></points><label>8</label><labelname>blind</labelname><flag>1</flag></object><object><points><x>0.17576</x><x>0.23939</x><y>0.022857</y><y>0.99429</y></points><label>10</label><labelname>molding</labelname><flag>1</flag></object><object><points><x>0.62727</x><x>0.67879</x><y>0.11429</y><y>0.18</y></points><label>12</label><labelname>shop</labelname><flag>1</flag></object><object><points><x>0.32121</x><x>0.43939</x><y>0.61429</y><y>0.71714</y></points><label>7</label><labelname>balcony</labelname><flag>1</flag></object><object><points><x>0.55758</x><x>0.67576</x><y>0.61571</y><y>0.71857</y></points><label>7</label><labelname>balcony</labelname><flag>1</flag></object><object><points><x>0.59394</x><x>0.66667</x><y>0.79</y><y>0.84143</y></points><label>7</label><labelname>balcony</labelname><flag>1</flag></object><object><points><x>0.37879</x><x>0.45152</x><y>0.78857</y><y>0.84</y></points><label>7</label><labelname>balcony</labelname><flag>1</flag></object><object><points><x>0.3697</x><x>0.44242</x><y>0.062857</y><y>0.10714</y></points><label>7</label><labelname>balcony</labelname><flag>1</flag></object><object><points><x>0.3697</x><x>0.44242</x><y>0.20286</y><y>0.24714</y></points><label>7</label><labelname>balcony</labelname><flag>1</flag></object><object><points><x>0.57273</x><x>0.64545</x><y>0.20429</y><y>0.25</y></points><label>7</label><labelname>balcony</labelname><flag>1</flag></object><object><points><x>0.5697</x><x>0.64242</x><y>0.06</y><y>0.10429</y></points><label>7</label><labelname>balcony</labelname><flag>1</flag></object><object><points><x>0.36364</x><x>0.4303</x><y>0.30286</y><y>0.33857</y></points><label>7</label><labelname>balcony</labelname><flag>1</flag></object><object><points><x>0.57576</x><x>0.64242</x><y>0.30429</y><y>0.34</y></points><label>7</label><labelname>balcony</labelname><flag>1</flag></object>