<object><points><x>0.0031299</x><x>1</x><y>0.00097656</y><y>1</y></points><label>2</label><labelname>facade</labelname><flag>1</flag></object><object><points><x>0.13302</x><x>0.17214</x><y>0.12793</y><y>0.15234</y></points><label>3</label><labelname>window</labelname><flag>1</flag></object><object><points><x>0.13459</x><x>0.17371</x><y>0.23535</y><y>0.25977</y></points><label>3</label><labelname>window</labelname><flag>1</flag></object><object><points><x>0.13459</x><x>0.17371</x><y>0.3418</y><y>0.36621</y></points><label>3</label><labelname>window</labelname><flag>1</flag></object><object><points><x>0.13615</x><x>0.17527</x><y>0.44824</y><y>0.47266</y></points><label>3</label><labelname>window</labelname><flag>1</flag></object><object><points><x>0.13459</x><x>0.17214</x><y>0.55566</y><y>0.58008</y></points><label>3</label><labelname>window</labelname><flag>1</flag></object><object><points><x>0.31142</x><x>0.32707</x><y>0.90918</y><y>0.93164</y></points><label>3</label><labelname>window</labelname><flag>1</flag></object><object><points><x>0.3975</x><x>0.41002</x><y>0.66016</y><y>0.67773</y></points><label>3</label><labelname>window</labelname><flag>1</flag></object><object><points><x>0.3975</x><x>0.41002</x><y>0.58105</y><y>0.59863</y></points><label>3</label><labelname>window</labelname><flag>1</flag></object><object><points><x>0.3975</x><x>0.41002</x><y>0.50195</y><y>0.51953</y></points><label>3</label><labelname>window</labelname><flag>1</flag></object><object><points><x>0.3975</x><x>0.41158</x><y>0.42285</y><y>0.44043</y></points><label>3</label><labelname>window</labelname><flag>1</flag></object><object><points><x>0.3975</x><x>0.41158</x><y>0.34277</y><y>0.36035</y></points><label>3</label><labelname>window</labelname><flag>1</flag></object><object><points><x>0.3975</x><x>0.41158</x><y>0.26465</y><y>0.28223</y></points><label>3</label><labelname>window</labelname><flag>1</flag></object><object><points><x>0.39593</x><x>0.40845</x><y>0.10547</y><y>0.12305</y></points><label>3</label><labelname>window</labelname><flag>1</flag></object><object><points><x>0.39593</x><x>0.41002</x><y>0.18359</y><y>0.20215</y></points><label>3</label><labelname>window</labelname><flag>1</flag></object><object><points><x>0.45227</x><x>0.482</x><y>0.10449</y><y>0.12305</y></points><label>3</label><labelname>window</labelname><flag>1</flag></object><object><points><x>0.45227</x><x>0.482</x><y>0.18262</y><y>0.20215</y></points><label>3</label><labelname>window</labelname><flag>1</flag></object><object><points><x>0.45383</x><x>0.48357</x><y>0.26172</y><y>0.28125</y></points><label>3</label><labelname>window</labelname><flag>1</flag></object><object><points><x>0.45227</x><x>0.482</x><y>0.33984</y><y>0.3584</y></points><label>3</label><labelname>window</labelname><flag>1</flag></object><object><points><x>0.45383</x><x>0.48357</x><y>0.41699</y><y>0.43652</y></points><label>3</label><labelname>window</labelname><flag>1</flag></object><object><points><x>0.45383</x><x>0.48357</x><y>0.49609</y><y>0.51562</y></points><label>3</label><labelname>window</labelname><flag>1</flag></object><object><points><x>0.45227</x><x>0.482</x><y>0.57617</y><y>0.59473</y></points><label>3</label><labelname>window</labelname><flag>1</flag></object><object><points><x>0.45383</x><x>0.48357</x><y>0.65332</y><y>0.67285</y></points><label>3</label><labelname>window</labelname><flag>1</flag></object><object><points><x>0.57277</x><x>0.67919</x><y>0.097656</y><y>0.13184</y></points><label>3</label><labelname>window</labelname><flag>1</flag></object><object><points><x>0.57277</x><x>0.67919</x><y>0.17578</y><y>0.20996</y></points><label>3</label><labelname>window</labelname><flag>1</flag></object><object><points><x>0.57277</x><x>0.67919</x><y>0.25391</y><y>0.28809</y></points><label>3</label><labelname>window</labelname><flag>1</flag></object><object><points><x>0.57277</x><x>0.67919</x><y>0.33105</y><y>0.36523</y></points><label>3</label><labelname>window</labelname><flag>1</flag></object><object><points><x>0.57277</x><x>0.67919</x><y>0.40918</y><y>0.44336</y></points><label>3</label><labelname>window</labelname><flag>1</flag></object><object><points><x>0.57277</x><x>0.67919</x><y>0.4873</y><y>0.52148</y></points><label>3</label><labelname>window</labelname><flag>1</flag></object><object><points><x>0.57277</x><x>0.67919</x><y>0.56445</y><y>0.59863</y></points><label>3</label><labelname>window</labelname><flag>1</flag></object><object><points><x>0.57277</x><x>0.67919</x><y>0.64258</y><y>0.67676</y></points><label>3</label><labelname>window</labelname><flag>1</flag></object><object><points><x>0.75743</x><x>0.7903</x><y>0.10645</y><y>0.125</y></points><label>3</label><labelname>window</labelname><flag>1</flag></object><object><points><x>0.75743</x><x>0.7903</x><y>0.18652</y><y>0.2041</y></points><label>3</label><labelname>window</labelname><flag>1</flag></object><object><points><x>0.75743</x><x>0.7903</x><y>0.26562</y><y>0.28418</y></points><label>3</label><labelname>window</labelname><flag>1</flag></object><object><points><x>0.75587</x><x>0.78873</x><y>0.34375</y><y>0.3623</y></points><label>3</label><labelname>window</labelname><flag>1</flag></object><object><points><x>0.75743</x><x>0.78873</x><y>0.42285</y><y>0.44141</y></points><label>3</label><labelname>window</labelname><flag>1</flag></object><object><points><x>0.83725</x><x>0.88419</x><y>0.10645</y><y>0.125</y></points><label>3</label><labelname>window</labelname><flag>1</flag></object><object><points><x>0.83568</x><x>0.88419</x><y>0.18652</y><y>0.2041</y></points><label>3</label><labelname>window</labelname><flag>1</flag></object><object><points><x>0.83568</x><x>0.88263</x><y>0.34473</y><y>0.36328</y></points><label>3</label><labelname>window</labelname><flag>1</flag></object><object><points><x>0.83568</x><x>0.88419</x><y>0.42383</y><y>0.44141</y></points><label>3</label><labelname>window</labelname><flag>1</flag></object><object><points><x>0.83568</x><x>0.88419</x><y>0.58105</y><y>0.59961</y></points><label>3</label><labelname>window</labelname><flag>1</flag></object><object><points><x>0.83568</x><x>0.88419</x><y>0.65918</y><y>0.67676</y></points><label>3</label><labelname>window</labelname><flag>1</flag></object><object><points><x>0.84038</x><x>0.94366</x><y>0.25684</y><y>0.2959</y></points><label>4</label><labelname>door</labelname><flag>1</flag></object><object><points><x>0.48513</x><x>0.54304</x><y>0.081055</y><y>0.14746</y></points><label>5</label><labelname>cornice</labelname><flag>1</flag></object><object><points><x>0.4867</x><x>0.5446</x><y>0.16211</y><y>0.22852</y></points><label>5</label><labelname>cornice</labelname><flag>1</flag></object><object><points><x>0.4867</x><x>0.5446</x><y>0.23828</y><y>0.30566</y></points><label>5</label><labelname>cornice</labelname><flag>1</flag></object><object><points><x>0.4867</x><x>0.5446</x><y>0.31934</y><y>0.38379</y></points><label>5</label><labelname>cornice</labelname><flag>1</flag></object><object><points><x>0.48513</x><x>0.54304</x><y>0.39844</y><y>0.46289</y></points><label>5</label><labelname>cornice</labelname><flag>1</flag></object><object><points><x>0.48826</x><x>0.5446</x><y>0.47852</y><y>0.54297</y></points><label>5</label><labelname>cornice</labelname><flag>1</flag></object><object><points><x>0.4867</x><x>0.5446</x><y>0.55469</y><y>0.61914</y></points><label>5</label><labelname>cornice</labelname><flag>1</flag></object><object><points><x>0.48826</x><x>0.54617</x><y>0.63574</y><y>0.69727</y></points><label>5</label><labelname>cornice</labelname><flag>1</flag></object><object><points><x>0.29108</x><x>0.35055</x><y>0.078125</y><y>0.71875</y></points><label>7</label><labelname>balcony</labelname><flag>1</flag></object><object><points><x>0.1831</x><x>0.25822</x><y>0.82129</y><y>0.99023</y></points><label>7</label><labelname>balcony</labelname><flag>1</flag></object><object><points><x>0.11111</x><x>0.18936</x><y>0.021484</y><y>0.044922</y></points><label>9</label><labelname>deco</labelname><flag>1</flag></object><object><points><x>0.11268</x><x>0.18779</x><y>0.066406</y><y>0.10645</y></points><label>9</label><labelname>deco</labelname><flag>1</flag></object><object><points><x>0.11424</x><x>0.18936</x><y>0.12012</y><y>0.15918</y></points><label>9</label><labelname>deco</labelname><flag>1</flag></object><object><points><x>0.11424</x><x>0.18936</x><y>0.17383</y><y>0.21289</y></points><label>9</label><labelname>deco</labelname><flag>1</flag></object><object><points><x>0.11581</x><x>0.19092</x><y>0.22754</y><y>0.2666</y></points><label>9</label><labelname>deco</labelname><flag>1</flag></object><object><points><x>0.11581</x><x>0.19092</x><y>0.28125</y><y>0.32031</y></points><label>9</label><labelname>deco</labelname><flag>1</flag></object><object><points><x>0.11581</x><x>0.19092</x><y>0.33398</y><y>0.37305</y></points><label>9</label><labelname>deco</labelname><flag>1</flag></object><object><points><x>0.11581</x><x>0.19092</x><y>0.3877</y><y>0.42676</y></points><label>9</label><labelname>deco</labelname><flag>1</flag></object><object><points><x>0.11581</x><x>0.19092</x><y>0.44238</y><y>0.48242</y></points><label>9</label><labelname>deco</labelname><flag>1</flag></object><object><points><x>0.11424</x><x>0.18936</x><y>0.49609</y><y>0.53516</y></points><label>9</label><labelname>deco</labelname><flag>1</flag></object><object><points><x>0.11581</x><x>0.19092</x><y>0.54883</y><y>0.58789</y></points><label>9</label><labelname>deco</labelname><flag>1</flag></object><object><points><x>0.11737</x><x>0.19249</x><y>0.60156</y><y>0.64062</y></points><label>9</label><labelname>deco</labelname><flag>1</flag></object><object><points><x>0.11737</x><x>0.19405</x><y>0.66406</y><y>0.6875</y></points><label>9</label><labelname>deco</labelname><flag>1</flag></object><object><points><x>0.11894</x><x>0.18936</x><y>0.7041</y><y>0.92773</y></points><label>9</label><labelname>deco</labelname><flag>1</flag></object><object><points><x>0.15962</x><x>0.20188</x><y>0.93848</y><y>0.97559</y></points><label>9</label><labelname>deco</labelname><flag>1</flag></object><object><points><x>0.11424</x><x>0.18779</x><y>0.95508</y><y>0.97852</y></points><label>9</label><labelname>deco</labelname><flag>1</flag></object><object><points><x>0.36933</x><x>0.62285</x><y>0.020508</y><y>0.039062</y></points><label>9</label><labelname>deco</labelname><flag>1</flag></object><object><points><x>0.37402</x><x>0.43662</x><y>0.87695</y><y>0.9502</y></points><label>9</label><labelname>deco</labelname><flag>1</flag></object><object><points><x>0.0046948</x><x>0.10172</x><y>0.0058594</y><y>0.99316</y></points><label>10</label><labelname>molding</labelname><flag>1</flag></object><object><points><x>0.34898</x><x>0.39437</x><y>0.060547</y><y>0.71973</y></points><label>10</label><labelname>molding</labelname><flag>1</flag></object><object><points><x>0.41158</x><x>0.44914</x><y>0.061523</y><y>0.71875</y></points><label>10</label><labelname>molding</labelname><flag>1</flag></object><object><points><x>0.6698</x><x>0.72926</x><y>0.068359</y><y>0.7168</y></points><label>10</label><labelname>molding</labelname><flag>1</flag></object><object><points><x>0.88889</x><x>0.91862</x><y>0.068359</y><y>0.72266</y></points><label>10</label><labelname>molding</labelname><flag>1</flag></object><object><points><x>0.38967</x><x>0.62128</x><y>0.041016</y><y>0.05957</y></points><label>11</label><labelname>pillar</labelname><flag>1</flag></object><object><points><x>0.46635</x><x>0.66354</x><y>0.067383</y><y>0.081055</y></points><label>11</label><labelname>pillar</labelname><flag>1</flag></object><object><points><x>0.46635</x><x>0.6651</x><y>0.14844</y><y>0.16113</y></points><label>11</label><labelname>pillar</labelname><flag>1</flag></object><object><points><x>0.46792</x><x>0.6651</x><y>0.22754</y><y>0.24023</y></points><label>11</label><labelname>pillar</labelname><flag>1</flag></object><object><points><x>0.46948</x><x>0.6651</x><y>0.30664</y><y>0.32031</y></points><label>11</label><labelname>pillar</labelname><flag>1</flag></object><object><points><x>0.46635</x><x>0.66354</x><y>0.38574</y><y>0.39844</y></points><label>11</label><labelname>pillar</labelname><flag>1</flag></object><object><points><x>0.46792</x><x>0.66354</x><y>0.46484</y><y>0.47754</y></points><label>11</label><labelname>pillar</labelname><flag>1</flag></object><object><points><x>0.46635</x><x>0.66354</x><y>0.54297</y><y>0.55566</y></points><label>11</label><labelname>pillar</labelname><flag>1</flag></object><object><points><x>0.46792</x><x>0.6651</x><y>0.70117</y><y>0.71387</y></points><label>11</label><labelname>pillar</labelname><flag>1</flag></object><object><points><x>0.46792</x><x>0.6651</x><y>0.62305</y><y>0.63574</y></points><label>11</label><labelname>pillar</labelname><flag>1</flag></object><object><points><x>0.45853</x><x>0.65571</x><y>0.72363</y><y>0.7373</y></points><label>11</label><labelname>pillar</labelname><flag>1</flag></object><object><points><x>0.3928</x><x>0.64476</x><y>0.82129</y><y>0.83789</y></points><label>11</label><labelname>pillar</labelname><flag>1</flag></object><object><points><x>0.39593</x><x>0.64789</x><y>0.86133</y><y>0.87793</y></points><label>11</label><labelname>pillar</labelname><flag>1</flag></object><object><points><x>0.10172</x><x>0.18779</x><y>0.10938</y><y>0.11816</y></points><label>11</label><labelname>pillar</labelname><flag>1</flag></object><object><points><x>0.10329</x><x>0.18936</x><y>0.16309</y><y>0.17188</y></points><label>11</label><labelname>pillar</labelname><flag>1</flag></object><object><points><x>0.097027</x><x>0.1831</x><y>0.049805</y><y>0.058594</y></points><label>11</label><labelname>pillar</labelname><flag>1</flag></object><object><points><x>0.097027</x><x>0.1831</x><y>0.0078125</y><y>0.016602</y></points><label>11</label><labelname>pillar</labelname><flag>1</flag></object><object><points><x>0.10016</x><x>0.18623</x><y>0.058594</y><y>0.063477</y></points><label>11</label><labelname>pillar</labelname><flag>1</flag></object><object><points><x>0.10485</x><x>0.19092</x><y>0.21777</y><y>0.22656</y></points><label>11</label><labelname>pillar</labelname><flag>1</flag></object><object><points><x>0.10329</x><x>0.18936</x><y>0.27148</y><y>0.28027</y></points><label>11</label><labelname>pillar</labelname><flag>1</flag></object><object><points><x>0.10329</x><x>0.19092</x><y>0.3252</y><y>0.33398</y></points><label>11</label><labelname>pillar</labelname><flag>1</flag></object><object><points><x>0.10485</x><x>0.19249</x><y>0.37988</y><y>0.38867</y></points><label>11</label><labelname>pillar</labelname><flag>1</flag></object><object><points><x>0.10642</x><x>0.19249</x><y>0.43262</y><y>0.44141</y></points><label>11</label><labelname>pillar</labelname><flag>1</flag></object><object><points><x>0.10329</x><x>0.19092</x><y>0.4873</y><y>0.49609</y></points><label>11</label><labelname>pillar</labelname><flag>1</flag></object><object><points><x>0.10485</x><x>0.19092</x><y>0.54102</y><y>0.5498</y></points><label>11</label><labelname>pillar</labelname><flag>1</flag></object><object><points><x>0.10329</x><x>0.18936</x><y>0.59473</y><y>0.60352</y></points><label>11</label><labelname>pillar</labelname><flag>1</flag></object><object><points><x>0.10172</x><x>0.18936</x><y>0.6543</y><y>0.66309</y></points><label>11</label><labelname>pillar</labelname><flag>1</flag></object><object><points><x>0.10172</x><x>0.18779</x><y>0.69531</y><y>0.7041</y></points><label>11</label><labelname>pillar</labelname><flag>1</flag></object><object><points><x>0.10485</x><x>0.19092</x><y>0.64844</y><y>0.65234</y></points><label>11</label><labelname>pillar</labelname><flag>1</flag></object><object><points><x>0.10329</x><x>0.18936</x><y>0.94531</y><y>0.9541</y></points><label>11</label><labelname>pillar</labelname><flag>1</flag></object><object><points><x>0.10485</x><x>0.19249</x><y>0.93848</y><y>0.94238</y></points><label>11</label><labelname>pillar</labelname><flag>1</flag></object><object><points><x>0.62285</x><x>0.67293</x><y>0.040039</y><y>0.0625</y></points><label>11</label><labelname>pillar</labelname><flag>1</flag></object><object><points><x>0.66354</x><x>0.70736</x><y>0.066406</y><y>0.083984</y></points><label>11</label><labelname>pillar</labelname><flag>1</flag></object><object><points><x>0.6651</x><x>0.70892</x><y>0.14648</y><y>0.16504</y></points><label>11</label><labelname>pillar</labelname><flag>1</flag></object><object><points><x>0.55712</x><x>0.6698</x><y>0.081055</y><y>0.089844</y></points><label>11</label><labelname>pillar</labelname><flag>1</flag></object><object><points><x>0.55712</x><x>0.67136</x><y>0.13867</y><y>0.14746</y></points><label>11</label><labelname>pillar</labelname><flag>1</flag></object><object><points><x>0.55712</x><x>0.6698</x><y>0.16016</y><y>0.16895</y></points><label>11</label><labelname>pillar</labelname><flag>1</flag></object><object><points><x>0.55712</x><x>0.67136</x><y>0.21777</y><y>0.22656</y></points><label>11</label><labelname>pillar</labelname><flag>1</flag></object><object><points><x>0.55712</x><x>0.67136</x><y>0.24023</y><y>0.24902</y></points><label>11</label><labelname>pillar</labelname><flag>1</flag></object><object><points><x>0.55712</x><x>0.67136</x><y>0.2959</y><y>0.30469</y></points><label>11</label><labelname>pillar</labelname><flag>1</flag></object><object><points><x>0.55712</x><x>0.67136</x><y>0.32031</y><y>0.32617</y></points><label>11</label><labelname>pillar</labelname><flag>1</flag></object><object><points><x>0.55712</x><x>0.67136</x><y>0.375</y><y>0.38379</y></points><label>11</label><labelname>pillar</labelname><flag>1</flag></object><object><points><x>0.55712</x><x>0.67136</x><y>0.39941</y><y>0.4043</y></points><label>11</label><labelname>pillar</labelname><flag>1</flag></object><object><points><x>0.55869</x><x>0.67136</x><y>0.45215</y><y>0.46094</y></points><label>11</label><labelname>pillar</labelname><flag>1</flag></object><object><points><x>0.55869</x><x>0.67136</x><y>0.47754</y><y>0.4834</y></points><label>11</label><labelname>pillar</labelname><flag>1</flag></object><object><points><x>0.55869</x><x>0.67136</x><y>0.53125</y><y>0.54004</y></points><label>11</label><labelname>pillar</labelname><flag>1</flag></object><object><points><x>0.55712</x><x>0.6698</x><y>0.61035</y><y>0.61914</y></points><label>11</label><labelname>pillar</labelname><flag>1</flag></object><object><points><x>0.55869</x><x>0.67136</x><y>0.6875</y><y>0.69629</y></points><label>11</label><labelname>pillar</labelname><flag>1</flag></object><object><points><x>0.55712</x><x>0.67136</x><y>0.55664</y><y>0.5625</y></points><label>11</label><labelname>pillar</labelname><flag>1</flag></object><object><points><x>0.55712</x><x>0.6698</x><y>0.63574</y><y>0.6416</y></points><label>11</label><labelname>pillar</labelname><flag>1</flag></object><object><points><x>0.6651</x><x>0.70892</x><y>0.22559</y><y>0.24316</y></points><label>11</label><labelname>pillar</labelname><flag>1</flag></object><object><points><x>0.6651</x><x>0.70892</x><y>0.30469</y><y>0.32227</y></points><label>11</label><labelname>pillar</labelname><flag>1</flag></object><object><points><x>0.66354</x><x>0.70736</x><y>0.38379</y><y>0.40137</y></points><label>11</label><labelname>pillar</labelname><flag>1</flag></object><object><points><x>0.66354</x><x>0.70736</x><y>0.54102</y><y>0.55859</y></points><label>11</label><labelname>pillar</labelname><flag>1</flag></object><object><points><x>0.6651</x><x>0.70892</x><y>0.46191</y><y>0.47949</y></points><label>11</label><labelname>pillar</labelname><flag>1</flag></object><object><points><x>0.6651</x><x>0.70892</x><y>0.62207</y><y>0.64062</y></points><label>11</label><labelname>pillar</labelname><flag>1</flag></object><object><points><x>0.6698</x><x>0.70736</x><y>0.081055</y><y>0.092773</y></points><label>11</label><labelname>pillar</labelname><flag>1</flag></object><object><points><x>0.67136</x><x>0.70892</x><y>0.13672</y><y>0.14844</y></points><label>11</label><labelname>pillar</labelname><flag>1</flag></object><object><points><x>0.67136</x><x>0.70892</x><y>0.16113</y><y>0.17285</y></points><label>11</label><labelname>pillar</labelname><flag>1</flag></object><object><points><x>0.67136</x><x>0.70892</x><y>0.21582</y><y>0.22754</y></points><label>11</label><labelname>pillar</labelname><flag>1</flag></object><object><points><x>0.67136</x><x>0.70892</x><y>0.23926</y><y>0.25098</y></points><label>11</label><labelname>pillar</labelname><flag>1</flag></object><object><points><x>0.67136</x><x>0.70892</x><y>0.29492</y><y>0.30566</y></points><label>11</label><labelname>pillar</labelname><flag>1</flag></object><object><points><x>0.67136</x><x>0.70892</x><y>0.31934</y><y>0.3291</y></points><label>11</label><labelname>pillar</labelname><flag>1</flag></object><object><points><x>0.6698</x><x>0.70736</x><y>0.37402</y><y>0.38379</y></points><label>11</label><labelname>pillar</labelname><flag>1</flag></object><object><points><x>0.67136</x><x>0.70892</x><y>0.40039</y><y>0.4082</y></points><label>11</label><labelname>pillar</labelname><flag>1</flag></object><object><points><x>0.67136</x><x>0.70736</x><y>0.45215</y><y>0.46094</y></points><label>11</label><labelname>pillar</labelname><flag>1</flag></object><object><points><x>0.1831</x><x>0.19718</x><y>0.0068359</y><y>0.017578</y></points><label>11</label><labelname>pillar</labelname><flag>1</flag></object><object><points><x>0.1831</x><x>0.19718</x><y>0.047852</y><y>0.058594</y></points><label>11</label><labelname>pillar</labelname><flag>1</flag></object><object><points><x>0.18623</x><x>0.19718</x><y>0.058594</y><y>0.06543</y></points><label>11</label><labelname>pillar</labelname><flag>1</flag></object><object><points><x>0.18936</x><x>0.20188</x><y>0.10742</y><y>0.12012</y></points><label>11</label><labelname>pillar</labelname><flag>1</flag></object><object><points><x>0.18936</x><x>0.20188</x><y>0.16211</y><y>0.17383</y></points><label>11</label><labelname>pillar</labelname><flag>1</flag></object><object><points><x>0.19092</x><x>0.20344</x><y>0.21582</y><y>0.22852</y></points><label>11</label><labelname>pillar</labelname><flag>1</flag></object><object><points><x>0.19092</x><x>0.20344</x><y>0.26953</y><y>0.28223</y></points><label>11</label><labelname>pillar</labelname><flag>1</flag></object><object><points><x>0.19092</x><x>0.20344</x><y>0.32324</y><y>0.33496</y></points><label>11</label><labelname>pillar</labelname><flag>1</flag></object><object><points><x>0.19092</x><x>0.20501</x><y>0.37793</y><y>0.38965</y></points><label>11</label><labelname>pillar</labelname><flag>1</flag></object><object><points><x>0.19249</x><x>0.20501</x><y>0.43164</y><y>0.44336</y></points><label>11</label><labelname>pillar</labelname><flag>1</flag></object><object><points><x>0.19092</x><x>0.20344</x><y>0.48535</y><y>0.49707</y></points><label>11</label><labelname>pillar</labelname><flag>1</flag></object><object><points><x>0.19092</x><x>0.20344</x><y>0.53906</y><y>0.55176</y></points><label>11</label><labelname>pillar</labelname><flag>1</flag></object><object><points><x>0.18936</x><x>0.20344</x><y>0.59277</y><y>0.60449</y></points><label>11</label><labelname>pillar</labelname><flag>1</flag></object><object><points><x>0.18779</x><x>0.20031</x><y>0.6543</y><y>0.66602</y></points><label>11</label><labelname>pillar</labelname><flag>1</flag></object><object><points><x>0.19092</x><x>0.20344</x><y>0.64746</y><y>0.65234</y></points><label>11</label><labelname>pillar</labelname><flag>1</flag></object><object><points><x>0.18936</x><x>0.20188</x><y>0.69336</y><y>0.70605</y></points><label>11</label><labelname>pillar</labelname><flag>1</flag></object><object><points><x>0.19249</x><x>0.20344</x><y>0.93652</y><y>0.94336</y></points><label>11</label><labelname>pillar</labelname><flag>1</flag></object><object><points><x>0.35211</x><x>0.39124</x><y>0.038086</y><y>0.063477</y></points><label>11</label><labelname>pillar</labelname><flag>1</flag></object><object><points><x>0.43505</x><x>0.46635</x><y>0.064453</y><y>0.084961</y></points><label>11</label><labelname>pillar</labelname><flag>1</flag></object><object><points><x>0.43505</x><x>0.46635</x><y>0.14453</y><y>0.16504</y></points><label>11</label><labelname>pillar</labelname><flag>1</flag></object><object><points><x>0.43662</x><x>0.46792</x><y>0.22363</y><y>0.24414</y></points><label>11</label><labelname>pillar</labelname><flag>1</flag></object><object><points><x>0.43818</x><x>0.46948</x><y>0.30273</y><y>0.32324</y></points><label>11</label><labelname>pillar</labelname><flag>1</flag></object><object><points><x>0.43505</x><x>0.46635</x><y>0.38184</y><y>0.40234</y></points><label>11</label><labelname>pillar</labelname><flag>1</flag></object><object><points><x>0.43662</x><x>0.46792</x><y>0.46094</y><y>0.48145</y></points><label>11</label><labelname>pillar</labelname><flag>1</flag></object><object><points><x>0.43505</x><x>0.46635</x><y>0.54004</y><y>0.56055</y></points><label>11</label><labelname>pillar</labelname><flag>1</flag></object><object><points><x>0.43505</x><x>0.46635</x><y>0.62012</y><y>0.64062</y></points><label>11</label><labelname>pillar</labelname><flag>1</flag></object><object><points><x>0.43505</x><x>0.46792</x><y>0.69824</y><y>0.71875</y></points><label>11</label><labelname>pillar</labelname><flag>1</flag></object><object><points><x>0.42723</x><x>0.45853</x><y>0.72168</y><y>0.74219</y></points><label>11</label><labelname>pillar</labelname><flag>1</flag></object><object><points><x>0.35994</x><x>0.39124</x><y>0.82227</y><y>0.8418</y></points><label>11</label><labelname>pillar</labelname><flag>1</flag></object><object><points><x>0.35681</x><x>0.39437</x><y>0.8584</y><y>0.88086</y></points><label>11</label><labelname>pillar</labelname><flag>1</flag></object><object><points><x>0.5446</x><x>0.55712</x><y>0.081055</y><y>0.091797</y></points><label>11</label><labelname>pillar</labelname><flag>1</flag></object><object><points><x>0.5446</x><x>0.55712</x><y>0.13672</y><y>0.14746</y></points><label>11</label><labelname>pillar</labelname><flag>1</flag></object><object><points><x>0.5446</x><x>0.55712</x><y>0.16016</y><y>0.17188</y></points><label>11</label><labelname>pillar</labelname><flag>1</flag></object><object><points><x>0.5446</x><x>0.55712</x><y>0.21582</y><y>0.22656</y></points><label>11</label><labelname>pillar</labelname><flag>1</flag></object><object><points><x>0.5446</x><x>0.55712</x><y>0.24023</y><y>0.25098</y></points><label>11</label><labelname>pillar</labelname><flag>1</flag></object><object><points><x>0.5446</x><x>0.55712</x><y>0.29492</y><y>0.30566</y></points><label>11</label><labelname>pillar</labelname><flag>1</flag></object><object><points><x>0.5446</x><x>0.55712</x><y>0.32031</y><y>0.32812</y></points><label>11</label><labelname>pillar</labelname><flag>1</flag></object><object><points><x>0.5446</x><x>0.55712</x><y>0.37305</y><y>0.38477</y></points><label>11</label><labelname>pillar</labelname><flag>1</flag></object><object><points><x>0.54617</x><x>0.55869</x><y>0.39941</y><y>0.40625</y></points><label>11</label><labelname>pillar</labelname><flag>1</flag></object><object><points><x>0.54617</x><x>0.55869</x><y>0.45117</y><y>0.46191</y></points><label>11</label><labelname>pillar</labelname><flag>1</flag></object><object><points><x>0.54617</x><x>0.55869</x><y>0.5293</y><y>0.54004</y></points><label>11</label><labelname>pillar</labelname><flag>1</flag></object><object><points><x>0.54617</x><x>0.55869</x><y>0.47852</y><y>0.48535</y></points><label>11</label><labelname>pillar</labelname><flag>1</flag></object><object><points><x>0.5446</x><x>0.55712</x><y>0.55566</y><y>0.5625</y></points><label>11</label><labelname>pillar</labelname><flag>1</flag></object><object><points><x>0.5446</x><x>0.55556</x><y>0.63574</y><y>0.64258</y></points><label>11</label><labelname>pillar</labelname><flag>1</flag></object><object><points><x>0.5446</x><x>0.55556</x><y>0.60938</y><y>0.62012</y></points><label>11</label><labelname>pillar</labelname><flag>1</flag></object><object><points><x>0.54617</x><x>0.55712</x><y>0.68555</y><y>0.69727</y></points><label>11</label><labelname>pillar</labelname><flag>1</flag></object><object><points><x>0.087637</x><x>0.10172</x><y>0.10742</y><y>0.11914</y></points><label>11</label><labelname>pillar</labelname><flag>1</flag></object><object><points><x>0.087637</x><x>0.10329</x><y>0.16211</y><y>0.17285</y></points><label>11</label><labelname>pillar</labelname><flag>1</flag></object><object><points><x>0.089202</x><x>0.10485</x><y>0.2168</y><y>0.22754</y></points><label>11</label><labelname>pillar</labelname><flag>1</flag></object><object><points><x>0.089202</x><x>0.10485</x><y>0.26953</y><y>0.28125</y></points><label>11</label><labelname>pillar</labelname><flag>1</flag></object><object><points><x>0.089202</x><x>0.10485</x><y>0.32422</y><y>0.33594</y></points><label>11</label><labelname>pillar</labelname><flag>1</flag></object><object><points><x>0.090767</x><x>0.10485</x><y>0.37793</y><y>0.38965</y></points><label>11</label><labelname>pillar</labelname><flag>1</flag></object><object><points><x>0.090767</x><x>0.10642</x><y>0.43164</y><y>0.44336</y></points><label>11</label><labelname>pillar</labelname><flag>1</flag></object><object><points><x>0.089202</x><x>0.10329</x><y>0.48633</y><y>0.49805</y></points><label>11</label><labelname>pillar</labelname><flag>1</flag></object><object><points><x>0.090767</x><x>0.10485</x><y>0.54004</y><y>0.55176</y></points><label>11</label><labelname>pillar</labelname><flag>1</flag></object><object><points><x>0.089202</x><x>0.10329</x><y>0.59375</y><y>0.60547</y></points><label>11</label><labelname>pillar</labelname><flag>1</flag></object><object><points><x>0.087637</x><x>0.10172</x><y>0.6543</y><y>0.66504</y></points><label>11</label><labelname>pillar</labelname><flag>1</flag></object><object><points><x>0.087637</x><x>0.10172</x><y>0.69434</y><y>0.70605</y></points><label>11</label><labelname>pillar</labelname><flag>1</flag></object><object><points><x>0.090767</x><x>0.10329</x><y>0.64648</y><y>0.6543</y></points><label>11</label><labelname>pillar</labelname><flag>1</flag></object>