<object><points><x>0.0039062</x><x>0.99707</x><y>0.0010823</y><y>0.99892</y></points><label>2</label><labelname>facade</labelname><flag>1</flag></object><object><points><x>0.11035</x><x>0.1582</x><y>0.47294</y><y>0.52706</y></points><label>3</label><labelname>window</labelname><flag>1</flag></object><object><points><x>0.11133</x><x>0.15918</x><y>0.53247</y><y>0.5855</y></points><label>3</label><labelname>window</labelname><flag>1</flag></object><object><points><x>0.11133</x><x>0.15918</x><y>0.41234</y><y>0.46537</y></points><label>3</label><labelname>window</labelname><flag>1</flag></object><object><points><x>0.21191</x><x>0.25977</x><y>0.53463</y><y>0.58766</y></points><label>3</label><labelname>window</labelname><flag>1</flag></object><object><points><x>0.21094</x><x>0.25879</x><y>0.47403</y><y>0.52706</y></points><label>3</label><labelname>window</labelname><flag>1</flag></object><object><points><x>0.21094</x><x>0.25977</x><y>0.41558</y><y>0.4632</y></points><label>3</label><labelname>window</labelname><flag>1</flag></object><object><points><x>0.3125</x><x>0.35547</x><y>0.53788</y><y>0.59091</y></points><label>3</label><labelname>window</labelname><flag>1</flag></object><object><points><x>0.31152</x><x>0.35449</x><y>0.47727</y><y>0.5303</y></points><label>3</label><labelname>window</labelname><flag>1</flag></object><object><points><x>0.31055</x><x>0.35352</x><y>0.41234</y><y>0.46429</y></points><label>3</label><labelname>window</labelname><flag>1</flag></object><object><points><x>0.40723</x><x>0.46387</x><y>0.41017</y><y>0.4632</y></points><label>3</label><labelname>window</labelname><flag>1</flag></object><object><points><x>0.40723</x><x>0.46387</x><y>0.47403</y><y>0.52706</y></points><label>3</label><labelname>window</labelname><flag>1</flag></object><object><points><x>0.4082</x><x>0.46387</x><y>0.53571</y><y>0.58874</y></points><label>3</label><labelname>window</labelname><flag>1</flag></object><object><points><x>0.51758</x><x>0.5791</x><y>0.5368</y><y>0.58874</y></points><label>3</label><labelname>window</labelname><flag>1</flag></object><object><points><x>0.51855</x><x>0.5791</x><y>0.47403</y><y>0.52489</y></points><label>3</label><labelname>window</labelname><flag>1</flag></object><object><points><x>0.51758</x><x>0.5791</x><y>0.41126</y><y>0.4632</y></points><label>3</label><labelname>window</labelname><flag>1</flag></object><object><points><x>0.63477</x><x>0.69922</x><y>0.53788</y><y>0.58766</y></points><label>3</label><labelname>window</labelname><flag>1</flag></object><object><points><x>0.63477</x><x>0.69922</x><y>0.47403</y><y>0.52381</y></points><label>3</label><labelname>window</labelname><flag>1</flag></object><object><points><x>0.63477</x><x>0.69922</x><y>0.41126</y><y>0.46104</y></points><label>3</label><labelname>window</labelname><flag>1</flag></object><object><points><x>0.20801</x><x>0.26562</x><y>0.68182</y><y>0.77706</y></points><label>3</label><labelname>window</labelname><flag>1</flag></object><object><points><x>0.11035</x><x>0.16211</x><y>0.6829</y><y>0.77489</y></points><label>3</label><labelname>window</labelname><flag>1</flag></object><object><points><x>0.10938</x><x>0.16016</x><y>0.22727</y><y>0.31926</y></points><label>3</label><labelname>window</labelname><flag>1</flag></object><object><points><x>0.20898</x><x>0.2666</x><y>0.22835</y><y>0.31602</y></points><label>3</label><labelname>window</labelname><flag>1</flag></object><object><points><x>0.31348</x><x>0.375</x><y>0.24784</y><y>0.29978</y></points><label>3</label><labelname>window</labelname><flag>1</flag></object><object><points><x>0.31348</x><x>0.375</x><y>0.70022</y><y>0.75216</y></points><label>3</label><labelname>window</labelname><flag>1</flag></object><object><points><x>0.41016</x><x>0.48438</x><y>0.70346</y><y>0.75866</y></points><label>3</label><labelname>window</labelname><flag>1</flag></object><object><points><x>0.40918</x><x>0.48438</x><y>0.24242</y><y>0.29762</y></points><label>3</label><labelname>window</labelname><flag>1</flag></object><object><points><x>0.51855</x><x>0.60352</x><y>0.24351</y><y>0.2987</y></points><label>3</label><labelname>window</labelname><flag>1</flag></object><object><points><x>0.5166</x><x>0.60156</x><y>0.70238</y><y>0.75758</y></points><label>3</label><labelname>window</labelname><flag>1</flag></object><object><points><x>0.63379</x><x>0.72266</x><y>0.69913</y><y>0.75541</y></points><label>3</label><labelname>window</labelname><flag>1</flag></object><object><points><x>0.63477</x><x>0.72363</x><y>0.23918</y><y>0.29545</y></points><label>3</label><labelname>window</labelname><flag>1</flag></object><object><points><x>0.75781</x><x>0.82324</x><y>0.24675</y><y>0.29329</y></points><label>3</label><labelname>window</labelname><flag>1</flag></object><object><points><x>0.75586</x><x>0.82129</x><y>0.70455</y><y>0.75216</y></points><label>3</label><labelname>window</labelname><flag>1</flag></object><object><points><x>0.76074</x><x>0.82324</x><y>0.90801</y><y>0.9329</y></points><label>3</label><labelname>window</labelname><flag>1</flag></object><object><points><x>0.7627</x><x>0.8252</x><y>0.069264</y><y>0.095238</y></points><label>3</label><labelname>window</labelname><flag>1</flag></object><object><points><x>0.026367</x><x>0.054688</x><y>0.31169</y><y>0.35281</y></points><label>3</label><labelname>window</labelname><flag>1</flag></object><object><points><x>0.025391</x><x>0.053711</x><y>0.35931</y><y>0.40043</y></points><label>3</label><labelname>window</labelname><flag>1</flag></object><object><points><x>0.026367</x><x>0.054688</x><y>0.40909</y><y>0.4513</y></points><label>3</label><labelname>window</labelname><flag>1</flag></object><object><points><x>0.025391</x><x>0.053711</x><y>0.45563</y><y>0.49892</y></points><label>3</label><labelname>window</labelname><flag>1</flag></object><object><points><x>0.025391</x><x>0.053711</x><y>0.50541</y><y>0.54978</y></points><label>3</label><labelname>window</labelname><flag>1</flag></object><object><points><x>0.024414</x><x>0.053711</x><y>0.55195</y><y>0.59524</y></points><label>3</label><labelname>window</labelname><flag>1</flag></object><object><points><x>0.044922</x><x>0.13965</x><y>0.046537</y><y>0.082251</y></points><label>3</label><labelname>window</labelname><flag>1</flag></object><object><points><x>0.14746</x><x>0.24219</x><y>0.046537</y><y>0.081169</y></points><label>3</label><labelname>window</labelname><flag>1</flag></object><object><points><x>0.055664</x><x>0.15039</x><y>0.088745</y><y>0.12338</y></points><label>3</label><labelname>window</labelname><flag>1</flag></object><object><points><x>0.16016</x><x>0.25488</x><y>0.087662</y><y>0.12229</y></points><label>3</label><labelname>window</labelname><flag>1</flag></object><object><points><x>0.074219</x><x>0.16113</x><y>0.12879</y><y>0.15043</y></points><label>3</label><labelname>window</labelname><flag>1</flag></object><object><points><x>0.17578</x><x>0.2666</x><y>0.12771</y><y>0.14719</y></points><label>3</label><labelname>window</labelname><flag>1</flag></object><object><points><x>0.048828</x><x>0.14355</x><y>0.015152</y><y>0.041126</y></points><label>3</label><labelname>window</labelname><flag>1</flag></object><object><points><x>0.15039</x><x>0.24414</x><y>0.012987</y><y>0.038961</y></points><label>3</label><labelname>window</labelname><flag>1</flag></object><object><points><x>0.047852</x><x>0.14062</x><y>0.90909</y><y>0.94481</y></points><label>3</label><labelname>window</labelname><flag>1</flag></object><object><points><x>0.048828</x><x>0.1416</x><y>0.95022</y><y>0.98052</y></points><label>3</label><labelname>window</labelname><flag>1</flag></object><object><points><x>0.15137</x><x>0.24414</x><y>0.9513</y><y>0.9816</y></points><label>3</label><labelname>window</labelname><flag>1</flag></object><object><points><x>0.15332</x><x>0.24707</x><y>0.91234</y><y>0.94913</y></points><label>3</label><labelname>window</labelname><flag>1</flag></object><object><points><x>0.15625</x><x>0.25879</x><y>0.87662</y><y>0.90584</y></points><label>3</label><labelname>window</labelname><flag>1</flag></object><object><points><x>0.060547</x><x>0.15137</x><y>0.87446</y><y>0.90368</y></points><label>3</label><labelname>window</labelname><flag>1</flag></object><object><points><x>0.075195</x><x>0.17188</x><y>0.85498</y><y>0.87013</y></points><label>3</label><labelname>window</labelname><flag>1</flag></object><object><points><x>0.18066</x><x>0.27148</x><y>0.85498</y><y>0.87121</y></points><label>3</label><labelname>window</labelname><flag>1</flag></object><object><points><x>0.28223</x><x>0.3457</x><y>0.046537</y><y>0.082251</y></points><label>3</label><labelname>window</labelname><flag>1</flag></object><object><points><x>0.28711</x><x>0.35938</x><y>0.087662</y><y>0.11905</y></points><label>3</label><labelname>window</labelname><flag>1</flag></object><object><points><x>0.28613</x><x>0.34668</x><y>0.017316</y><y>0.044372</y></points><label>3</label><labelname>window</labelname><flag>1</flag></object><object><points><x>0.30371</x><x>0.37207</x><y>0.12446</y><y>0.14394</y></points><label>3</label><labelname>window</labelname><flag>1</flag></object><object><points><x>0.40332</x><x>0.48145</x><y>0.12229</y><y>0.14069</y></points><label>3</label><labelname>window</labelname><flag>1</flag></object><object><points><x>0.39551</x><x>0.46777</x><y>0.085498</y><y>0.11688</y></points><label>3</label><labelname>window</labelname><flag>1</flag></object><object><points><x>0.38379</x><x>0.46191</x><y>0.045455</y><y>0.080087</y></points><label>3</label><labelname>window</labelname><flag>1</flag></object><object><points><x>0.38867</x><x>0.46582</x><y>0.014069</y><y>0.042208</y></points><label>3</label><labelname>window</labelname><flag>1</flag></object><object><points><x>0.49902</x><x>0.58105</x><y>0.04329</y><y>0.077922</y></points><label>3</label><labelname>window</labelname><flag>1</flag></object><object><points><x>0.50293</x><x>0.58887</x><y>0.083333</y><y>0.11797</y></points><label>3</label><labelname>window</labelname><flag>1</flag></object><object><points><x>0.5166</x><x>0.59473</x><y>0.12013</y><y>0.13961</y></points><label>3</label><labelname>window</labelname><flag>1</flag></object><object><points><x>0.50293</x><x>0.58008</x><y>0.010823</y><y>0.038961</y></points><label>3</label><labelname>window</labelname><flag>1</flag></object><object><points><x>0.61914</x><x>0.71191</x><y>0.040043</y><y>0.079004</y></points><label>3</label><labelname>window</labelname><flag>1</flag></object><object><points><x>0.62012</x><x>0.70996</x><y>0.011905</y><y>0.036797</y></points><label>3</label><labelname>window</labelname><flag>1</flag></object><object><points><x>0.62305</x><x>0.71582</x><y>0.083333</y><y>0.11797</y></points><label>3</label><labelname>window</labelname><flag>1</flag></object><object><points><x>0.62891</x><x>0.71973</x><y>0.11905</y><y>0.13853</y></points><label>3</label><labelname>window</labelname><flag>1</flag></object><object><points><x>0.2793</x><x>0.34766</x><y>0.91667</y><y>0.94913</y></points><label>3</label><labelname>window</labelname><flag>1</flag></object><object><points><x>0.28418</x><x>0.35156</x><y>0.95346</y><y>0.9816</y></points><label>3</label><labelname>window</labelname><flag>1</flag></object><object><points><x>0.28613</x><x>0.35742</x><y>0.87771</y><y>0.91017</y></points><label>3</label><labelname>window</labelname><flag>1</flag></object><object><points><x>0.30176</x><x>0.37207</x><y>0.85714</y><y>0.87446</y></points><label>3</label><labelname>window</labelname><flag>1</flag></object><object><points><x>0.38477</x><x>0.46289</x><y>0.95455</y><y>0.9816</y></points><label>3</label><labelname>window</labelname><flag>1</flag></object><object><points><x>0.38379</x><x>0.45996</x><y>0.91667</y><y>0.9513</y></points><label>3</label><labelname>window</labelname><flag>1</flag></object><object><points><x>0.38965</x><x>0.46875</x><y>0.88095</y><y>0.91234</y></points><label>3</label><labelname>window</labelname><flag>1</flag></object><object><points><x>0.4043</x><x>0.47461</x><y>0.85823</y><y>0.87662</y></points><label>3</label><labelname>window</labelname><flag>1</flag></object><object><points><x>0.50879</x><x>0.5957</x><y>0.86255</y><y>0.87879</y></points><label>3</label><labelname>window</labelname><flag>1</flag></object><object><points><x>0.50293</x><x>0.58203</x><y>0.88095</y><y>0.91234</y></points><label>3</label><labelname>window</labelname><flag>1</flag></object><object><points><x>0.49902</x><x>0.58105</x><y>0.91883</y><y>0.95455</y></points><label>3</label><labelname>window</labelname><flag>1</flag></object><object><points><x>0.49902</x><x>0.58398</x><y>0.95887</y><y>0.98377</y></points><label>3</label><labelname>window</labelname><flag>1</flag></object><object><points><x>0.61719</x><x>0.70605</x><y>0.91883</y><y>0.95563</y></points><label>3</label><labelname>window</labelname><flag>1</flag></object><object><points><x>0.62207</x><x>0.71191</x><y>0.8842</y><y>0.91342</y></points><label>3</label><labelname>window</labelname><flag>1</flag></object><object><points><x>0.63184</x><x>0.71875</x><y>0.86364</y><y>0.87879</y></points><label>3</label><labelname>window</labelname><flag>1</flag></object><object><points><x>0.61719</x><x>0.70898</x><y>0.95996</y><y>0.98377</y></points><label>3</label><labelname>window</labelname><flag>1</flag></object><object><points><x>0.87207</x><x>0.99023</x><y>0.44697</y><y>0.55519</y></points><label>4</label><labelname>door</labelname><flag>1</flag></object><object><points><x>0.35352</x><x>0.38477</x><y>0.40909</y><y>0.4632</y></points><label>6</label><labelname>sill</labelname><flag>1</flag></object><object><points><x>0.35449</x><x>0.38574</x><y>0.47403</y><y>0.52814</y></points><label>6</label><labelname>sill</labelname><flag>1</flag></object><object><points><x>0.35547</x><x>0.38672</x><y>0.5368</y><y>0.58983</y></points><label>6</label><labelname>sill</labelname><flag>1</flag></object><object><points><x>0.46387</x><x>0.49609</x><y>0.53571</y><y>0.58874</y></points><label>6</label><labelname>sill</labelname><flag>1</flag></object><object><points><x>0.46484</x><x>0.49609</x><y>0.47294</y><y>0.52597</y></points><label>6</label><labelname>sill</labelname><flag>1</flag></object><object><points><x>0.46484</x><x>0.49609</x><y>0.40909</y><y>0.4632</y></points><label>6</label><labelname>sill</labelname><flag>1</flag></object><object><points><x>0.58008</x><x>0.61133</x><y>0.53571</y><y>0.58874</y></points><label>6</label><labelname>sill</labelname><flag>1</flag></object><object><points><x>0.58008</x><x>0.61133</x><y>0.47294</y><y>0.52706</y></points><label>6</label><labelname>sill</labelname><flag>1</flag></object><object><points><x>0.58008</x><x>0.61133</x><y>0.40909</y><y>0.46212</y></points><label>6</label><labelname>sill</labelname><flag>1</flag></object><object><points><x>0.70215</x><x>0.7334</x><y>0.53571</y><y>0.58983</y></points><label>6</label><labelname>sill</labelname><flag>1</flag></object><object><points><x>0.70215</x><x>0.7334</x><y>0.47186</y><y>0.52597</y></points><label>6</label><labelname>sill</labelname><flag>1</flag></object><object><points><x>0.70215</x><x>0.7334</x><y>0.40909</y><y>0.46212</y></points><label>6</label><labelname>sill</labelname><flag>1</flag></object><object><points><x>0.75684</x><x>0.81348</x><y>0.54762</y><y>0.58009</y></points><label>3</label><labelname>window</labelname><flag>1</flag></object><object><points><x>0.75586</x><x>0.81543</x><y>0.421</y><y>0.45455</y></points><label>3</label><labelname>window</labelname><flag>1</flag></object><object><points><x>0.12793</x><x>0.19336</x><y>0.20238</y><y>0.34524</y></points><label>7</label><labelname>balcony</labelname><flag>1</flag></object><object><points><x>0.12793</x><x>0.19336</x><y>0.65909</y><y>0.80195</y></points><label>7</label><labelname>balcony</labelname><flag>1</flag></object><object><points><x>0.22754</x><x>0.29297</x><y>0.66126</y><y>0.80411</y></points><label>7</label><labelname>balcony</labelname><flag>1</flag></object><object><points><x>0.22949</x><x>0.2959</x><y>0.19913</y><y>0.34199</y></points><label>7</label><labelname>balcony</labelname><flag>1</flag></object><object><points><x>0.33789</x><x>0.39844</x><y>0.19913</y><y>0.34199</y></points><label>7</label><labelname>balcony</labelname><flag>1</flag></object><object><points><x>0.44531</x><x>0.50586</x><y>0.19589</y><y>0.33874</y></points><label>7</label><labelname>balcony</labelname><flag>1</flag></object><object><points><x>0.33594</x><x>0.39746</x><y>0.65584</y><y>0.7987</y></points><label>7</label><labelname>balcony</labelname><flag>1</flag></object><object><points><x>0.44336</x><x>0.50488</x><y>0.65801</y><y>0.80087</y></points><label>7</label><labelname>balcony</labelname><flag>1</flag></object><object><points><x>0.56055</x><x>0.62207</x><y>0.19264</y><y>0.3355</y></points><label>7</label><labelname>balcony</labelname><flag>1</flag></object><object><points><x>0.68457</x><x>0.74512</x><y>0.19264</y><y>0.3355</y></points><label>7</label><labelname>balcony</labelname><flag>1</flag></object><object><points><x>0.56055</x><x>0.62207</x><y>0.66234</y><y>0.80519</y></points><label>7</label><labelname>balcony</labelname><flag>1</flag></object><object><points><x>0.67969</x><x>0.74023</x><y>0.66017</y><y>0.80303</y></points><label>7</label><labelname>balcony</labelname><flag>1</flag></object><object><points><x>0.025391</x><x>0.072266</x><y>0.16558</y><y>0.30195</y></points><label>7</label><labelname>balcony</labelname><flag>1</flag></object><object><points><x>0.030273</x><x>0.075195</x><y>0.60823</y><y>0.84632</y></points><label>7</label><labelname>balcony</labelname><flag>1</flag></object><object><points><x>0.0058594</x><x>0.033203</x><y>0.017316</y><y>0.11797</y></points><label>7</label><labelname>balcony</labelname><flag>1</flag></object><object><points><x>0.0058594</x><x>0.033203</x><y>0.88745</y><y>0.9881</y></points><label>7</label><labelname>balcony</labelname><flag>1</flag></object><object><points><x>0.41309</x><x>0.46191</x><y>0.50108</y><y>0.52489</y></points><label>8</label><labelname>blind</labelname><flag>1</flag></object><object><points><x>0.41309</x><x>0.46191</x><y>0.47511</y><y>0.5</y></points><label>8</label><labelname>blind</labelname><flag>1</flag></object><object><points><x>0.52051</x><x>0.57812</x><y>0.47619</y><y>0.5</y></points><label>8</label><labelname>blind</labelname><flag>1</flag></object><object><points><x>0.52051</x><x>0.57812</x><y>0.5</y><y>0.52381</y></points><label>8</label><labelname>blind</labelname><flag>1</flag></object><object><points><x>0.63672</x><x>0.69824</x><y>0.47619</y><y>0.5</y></points><label>8</label><labelname>blind</labelname><flag>1</flag></object><object><points><x>0.63672</x><x>0.69824</x><y>0.50108</y><y>0.52273</y></points><label>8</label><labelname>blind</labelname><flag>1</flag></object><object><points><x>0.63672</x><x>0.69922</x><y>0.53896</y><y>0.56169</y></points><label>8</label><labelname>blind</labelname><flag>1</flag></object><object><points><x>0.63672</x><x>0.69824</x><y>0.56385</y><y>0.5855</y></points><label>8</label><labelname>blind</labelname><flag>1</flag></object><object><points><x>0.31543</x><x>0.35352</x><y>0.50108</y><y>0.52597</y></points><label>8</label><labelname>blind</labelname><flag>1</flag></object><object><points><x>0.31543</x><x>0.35352</x><y>0.47944</y><y>0.50108</y></points><label>8</label><labelname>blind</labelname><flag>1</flag></object><object><points><x>0.11328</x><x>0.1582</x><y>0.27706</y><y>0.31818</y></points><label>8</label><labelname>blind</labelname><flag>1</flag></object><object><points><x>0.11328</x><x>0.1582</x><y>0.23377</y><y>0.27489</y></points><label>8</label><labelname>blind</labelname><flag>1</flag></object><object><points><x>0.1123</x><x>0.16113</x><y>0.68506</y><y>0.72727</y></points><label>8</label><labelname>blind</labelname><flag>1</flag></object><object><points><x>0.1123</x><x>0.16016</x><y>0.72944</y><y>0.77056</y></points><label>8</label><labelname>blind</labelname><flag>1</flag></object><object><points><x>0.19434</x><x>0.26367</x><y>0.30952</y><y>0.33442</y></points><label>8</label><labelname>blind</labelname><flag>1</flag></object><object><points><x>0.21387</x><x>0.26562</x><y>0.23052</y><y>0.27489</y></points><label>8</label><labelname>blind</labelname><flag>1</flag></object><object><points><x>0.2002</x><x>0.26367</x><y>0.76948</y><y>0.79221</y></points><label>8</label><labelname>blind</labelname><flag>1</flag></object><object><points><x>0.19727</x><x>0.26562</x><y>0.68506</y><y>0.72294</y></points><label>8</label><labelname>blind</labelname><flag>1</flag></object><object><points><x>0.30957</x><x>0.375</x><y>0.22944</y><y>0.24459</y></points><label>8</label><labelname>blind</labelname><flag>1</flag></object><object><points><x>0.31348</x><x>0.37402</x><y>0.27706</y><y>0.29762</y></points><label>8</label><labelname>blind</labelname><flag>1</flag></object><object><points><x>0.30859</x><x>0.37402</x><y>0.75433</y><y>0.7684</y></points><label>8</label><labelname>blind</labelname><flag>1</flag></object><object><points><x>0.30859</x><x>0.37207</x><y>0.68831</y><y>0.69913</y></points><label>8</label><labelname>blind</labelname><flag>1</flag></object><object><points><x>0.40723</x><x>0.45898</x><y>0.40909</y><y>0.41883</y></points><label>8</label><labelname>blind</labelname><flag>1</flag></object><object><points><x>0.40723</x><x>0.48145</x><y>0.75974</y><y>0.77165</y></points><label>8</label><labelname>blind</labelname><flag>1</flag></object><object><points><x>0.40723</x><x>0.48145</x><y>0.69048</y><y>0.70238</y></points><label>8</label><labelname>blind</labelname><flag>1</flag></object><object><points><x>0.51562</x><x>0.59473</x><y>0.69048</y><y>0.70022</y></points><label>8</label><labelname>blind</labelname><flag>1</flag></object><object><points><x>0.5166</x><x>0.59668</x><y>0.75866</y><y>0.77165</y></points><label>8</label><labelname>blind</labelname><flag>1</flag></object><object><points><x>0.52051</x><x>0.60059</x><y>0.24567</y><y>0.25541</y></points><label>8</label><labelname>blind</labelname><flag>1</flag></object><object><points><x>0.51953</x><x>0.60059</x><y>0.2868</y><y>0.29654</y></points><label>8</label><labelname>blind</labelname><flag>1</flag></object><object><points><x>0.63184</x><x>0.72266</x><y>0.22511</y><y>0.23701</y></points><label>8</label><labelname>blind</labelname><flag>1</flag></object><object><points><x>0.63379</x><x>0.72363</x><y>0.2987</y><y>0.31061</y></points><label>8</label><labelname>blind</labelname><flag>1</flag></object><object><points><x>0.63086</x><x>0.72266</x><y>0.68831</y><y>0.70022</y></points><label>8</label><labelname>blind</labelname><flag>1</flag></object><object><points><x>0.63379</x><x>0.72168</x><y>0.73377</y><y>0.75433</y></points><label>8</label><labelname>blind</labelname><flag>1</flag></object><object><points><x>0.76465</x><x>0.8252</x><y>0.045455</y><y>0.066017</y></points><label>8</label><labelname>blind</labelname><flag>1</flag></object><object><points><x>0.76172</x><x>0.82324</x><y>0.095238</y><y>0.10823</y></points><label>8</label><labelname>blind</labelname><flag>1</flag></object><object><points><x>0.75781</x><x>0.82422</x><y>0.23377</y><y>0.25</y></points><label>8</label><labelname>blind</labelname><flag>1</flag></object><object><points><x>0.75684</x><x>0.82031</x><y>0.29113</y><y>0.30736</y></points><label>8</label><labelname>blind</labelname><flag>1</flag></object><object><points><x>0.75586</x><x>0.82227</x><y>0.68723</y><y>0.70346</y></points><label>8</label><labelname>blind</labelname><flag>1</flag></object><object><points><x>0.75586</x><x>0.81934</x><y>0.75325</y><y>0.77273</y></points><label>8</label><labelname>blind</labelname><flag>1</flag></object><object><points><x>0.75879</x><x>0.81836</x><y>0.89177</y><y>0.90693</y></points><label>8</label><labelname>blind</labelname><flag>1</flag></object><object><points><x>0.76172</x><x>0.82031</x><y>0.9329</y><y>0.95779</y></points><label>8</label><labelname>blind</labelname><flag>1</flag></object><object><points><x>0.29102</x><x>0.32324</x><y>0.16342</y><y>0.21645</y></points><label>9</label><labelname>deco</labelname><flag>1</flag></object><object><points><x>0.29004</x><x>0.32324</x><y>0.329</y><y>0.38312</y></points><label>9</label><labelname>deco</labelname><flag>1</flag></object><object><points><x>0.28906</x><x>0.32129</x><y>0.78463</y><y>0.83766</y></points><label>9</label><labelname>deco</labelname><flag>1</flag></object><object><points><x>0.29004</x><x>0.32129</x><y>0.62013</y><y>0.67208</y></points><label>9</label><labelname>deco</labelname><flag>1</flag></object><object><points><x>0.81836</x><x>0.87891</x><y>0.0064935</y><y>0.34632</y></points><label>7</label><labelname>balcony</labelname><flag>1</flag></object><object><points><x>0.81836</x><x>0.87598</x><y>0.66234</y><y>0.99675</y></points><label>7</label><labelname>balcony</labelname><flag>1</flag></object><object><points><x>0.75879</x><x>0.84277</x><y>0.45455</y><y>0.5487</y></points><label>9</label><labelname>deco</labelname><flag>1</flag></object><object><points><x>0.27344</x><x>0.30859</x><y>0.1526</y><y>0.85498</y></points><label>10</label><labelname>molding</labelname><flag>1</flag></object><object><points><x>0.066406</x><x>0.10156</x><y>0.15801</y><y>0.86039</y></points><label>10</label><labelname>molding</labelname><flag>1</flag></object><object><points><x>0.88379</x><x>0.99219</x><y>0.051948</y><y>0.1158</y></points><label>12</label><labelname>shop</labelname><flag>1</flag></object><object><points><x>0.88379</x><x>0.99414</x><y>0.22403</y><y>0.30844</y></points><label>12</label><labelname>shop</labelname><flag>1</flag></object><object><points><x>0.88379</x><x>0.99121</x><y>0.67965</y><y>0.77706</y></points><label>12</label><labelname>shop</labelname><flag>1</flag></object><object><points><x>0.88184</x><x>0.98633</x><y>0.87662</y><y>0.95455</y></points><label>12</label><labelname>shop</labelname><flag>1</flag></object>