<object><points><x>0.0045351</x><x>0.99773</x><y>0.022059</y><y>0.76961</y></points><label>2</label><labelname>facade</labelname><flag>1</flag></object><object><points><x>0.2449</x><x>0.4059</x><y>0.33456</y><y>0.39093</y></points><label>3</label><labelname>window</labelname><flag>1</flag></object><object><points><x>0.24943</x><x>0.41043</x><y>0.65196</y><y>0.70956</y></points><label>3</label><labelname>window</labelname><flag>1</flag></object><object><points><x>0.50794</x><x>0.66667</x><y>0.65074</y><y>0.70833</y></points><label>3</label><labelname>window</labelname><flag>1</flag></object><object><points><x>0.50794</x><x>0.66893</x><y>0.33088</y><y>0.38848</y></points><label>3</label><labelname>window</labelname><flag>1</flag></object><object><points><x>0.77098</x><x>0.93197</x><y>0.32966</y><y>0.38725</y></points><label>3</label><labelname>window</labelname><flag>1</flag></object><object><points><x>0.76871</x><x>0.94104</x><y>0.65196</y><y>0.70711</y></points><label>3</label><labelname>window</labelname><flag>1</flag></object><object><points><x>0.28571</x><x>0.43537</x><y>0.82108</y><y>0.875</y></points><label>3</label><labelname>window</labelname><flag>1</flag></object><object><points><x>0.52834</x><x>0.68027</x><y>0.82108</y><y>0.875</y></points><label>3</label><labelname>window</labelname><flag>1</flag></object><object><points><x>0.77324</x><x>0.9229</x><y>0.81985</y><y>0.87377</y></points><label>3</label><labelname>window</labelname><flag>1</flag></object><object><points><x>0.031746</x><x>0.161</x><y>0.50123</y><y>0.54412</y></points><label>3</label><labelname>window</labelname><flag>1</flag></object><object><points><x>0.058957</x><x>0.14512</x><y>0.34926</y><y>0.38235</y></points><label>3</label><labelname>window</labelname><flag>1</flag></object><object><points><x>0.031746</x><x>0.161</x><y>0.16054</y><y>0.19975</y></points><label>3</label><labelname>window</labelname><flag>1</flag></object><object><points><x>0.22449</x><x>0.39002</x><y>0.18505</y><y>0.21569</y></points><label>3</label><labelname>window</labelname><flag>1</flag></object><object><points><x>0.49433</x><x>0.65986</x><y>0.18137</y><y>0.21078</y></points><label>3</label><labelname>window</labelname><flag>1</flag></object><object><points><x>0.76417</x><x>0.92971</x><y>0.1826</y><y>0.21201</y></points><label>3</label><labelname>window</labelname><flag>1</flag></object><object><points><x>0.21542</x><x>0.35374</x><y>0.082108</y><y>0.12255</y></points><label>3</label><labelname>window</labelname><flag>1</flag></object><object><points><x>0.47392</x><x>0.63946</x><y>0.098039</y><y>0.13725</y></points><label>3</label><labelname>window</labelname><flag>1</flag></object><object><points><x>0.47619</x><x>0.64172</x><y>0.052696</y><y>0.091912</y></points><label>3</label><labelname>window</labelname><flag>1</flag></object><object><points><x>0.7619</x><x>0.92971</x><y>0.098039</y><y>0.13725</y></points><label>3</label><labelname>window</labelname><flag>1</flag></object><object><points><x>0.7619</x><x>0.92744</x><y>0.050245</y><y>0.089461</y></points><label>3</label><labelname>window</labelname><flag>1</flag></object><object><points><x>0.24717</x><x>0.41043</x><y>0.47426</y><y>0.51961</y></points><label>3</label><labelname>window</labelname><flag>1</flag></object><object><points><x>0.24717</x><x>0.43084</x><y>0.52574</y><y>0.56618</y></points><label>3</label><labelname>window</labelname><flag>1</flag></object><object><points><x>0.50794</x><x>0.66893</x><y>0.48039</y><y>0.52083</y></points><label>3</label><labelname>window</labelname><flag>1</flag></object><object><points><x>0.51474</x><x>0.70975</x><y>0.53064</y><y>0.56863</y></points><label>3</label><labelname>window</labelname><flag>1</flag></object><object><points><x>0.77098</x><x>0.94104</x><y>0.47426</y><y>0.52206</y></points><label>3</label><labelname>window</labelname><flag>1</flag></object><object><points><x>0.77098</x><x>0.97052</x><y>0.52574</y><y>0.57353</y></points><label>3</label><labelname>window</labelname><flag>1</flag></object><object><points><x>0.07483</x><x>0.1542</x><y>0.66667</y><y>0.70221</y></points><label>3</label><labelname>window</labelname><flag>1</flag></object><object><points><x>0.48073</x><x>0.55556</x><y>0.79289</y><y>0.89338</y></points><label>5</label><labelname>cornice</labelname><flag>1</flag></object><object><points><x>0.20862</x><x>0.26304</x><y>0.63113</y><y>0.72059</y></points><label>5</label><labelname>cornice</labelname><flag>1</flag></object><object><points><x>0.20862</x><x>0.26304</x><y>0.32108</y><y>0.40196</y></points><label>5</label><labelname>cornice</labelname><flag>1</flag></object><object><points><x>0.46485</x><x>0.51927</x><y>0.31127</y><y>0.40686</y></points><label>5</label><labelname>cornice</labelname><flag>1</flag></object><object><points><x>0.20635</x><x>0.2449</x><y>0.45343</y><y>0.58456</y></points><label>5</label><labelname>cornice</labelname><flag>1</flag></object><object><points><x>0.68027</x><x>0.7619</x><y>0.30147</y><y>0.40319</y></points><label>5</label><labelname>cornice</labelname><flag>1</flag></object><object><points><x>0.68481</x><x>0.76871</x><y>0.625</y><y>0.72549</y></points><label>5</label><labelname>cornice</labelname><flag>1</flag></object><object><points><x>0.68934</x><x>0.78685</x><y>0.79044</y><y>0.90441</y></points><label>5</label><labelname>cornice</labelname><flag>1</flag></object><object><points><x>0.46939</x><x>0.51701</x><y>0.63603</y><y>0.72672</y></points><label>5</label><labelname>cornice</labelname><flag>1</flag></object><object><points><x>0.64853</x><x>0.72336</x><y>0.02451</y><y>0.14093</y></points><label>5</label><labelname>cornice</labelname><flag>1</flag></object><object><points><x>0.6576</x><x>0.68934</x><y>0.31005</y><y>0.40441</y></points><label>6</label><labelname>sill</labelname><flag>1</flag></object><object><points><x>0.6644</x><x>0.69615</x><y>0.6299</y><y>0.72549</y></points><label>6</label><labelname>sill</labelname><flag>1</flag></object><object><points><x>0.66667</x><x>0.70068</x><y>0.80392</y><y>0.89216</y></points><label>6</label><labelname>sill</labelname><flag>1</flag></object><object><points><x>0.93424</x><x>0.99546</x><y>0.63848</y><y>0.72181</y></points><label>6</label><labelname>sill</labelname><flag>1</flag></object><object><points><x>0.91837</x><x>0.99093</x><y>0.79412</y><y>0.89951</y></points><label>6</label><labelname>sill</labelname><flag>1</flag></object><object><points><x>0.42857</x><x>0.45805</x><y>0.80882</y><y>0.8848</y></points><label>6</label><labelname>sill</labelname><flag>1</flag></object><object><points><x>0.14966</x><x>0.19501</x><y>0.48162</y><y>0.56005</y></points><label>6</label><labelname>sill</labelname><flag>1</flag></object><object><points><x>0.34014</x><x>0.54422</x><y>0.38971</y><y>0.60172</y></points><label>7</label><labelname>balcony</labelname><flag>1</flag></object><object><points><x>0.61224</x><x>0.81633</x><y>0.3848</y><y>0.59681</y></points><label>7</label><labelname>balcony</labelname><flag>1</flag></object><object><points><x>0.89116</x><x>0.99546</x><y>0.38848</y><y>0.60049</y></points><label>7</label><labelname>balcony</labelname><flag>1</flag></object><object><points><x>0.50794</x><x>0.64399</x><y>0.95833</y><y>0.99877</y></points><label>3</label><labelname>window</labelname><flag>1</flag></object><object><points><x>0.75057</x><x>0.90476</x><y>0.95466</y><y>0.99755</y></points><label>3</label><labelname>window</labelname><flag>1</flag></object><object><points><x>0.76644</x><x>0.88435</x><y>0.95711</y><y>0.9951</y></points><label>8</label><labelname>blind</labelname><flag>1</flag></object><object><points><x>0.049887</x><x>0.079365</x><y>0.50613</y><y>0.54167</y></points><label>8</label><labelname>blind</labelname><flag>1</flag></object><object><points><x>0.034014</x><x>0.072562</x><y>0.16299</y><y>0.19853</y></points><label>8</label><labelname>blind</labelname><flag>1</flag></object><object><points><x>0.077098</x><x>0.13605</x><y>0.66912</y><y>0.69853</y></points><label>8</label><labelname>blind</labelname><flag>1</flag></object><object><points><x>0.37642</x><x>0.4127</x><y>0.044118</y><y>0.14338</y></points><label>9</label><labelname>deco</labelname><flag>1</flag></object><object><points><x>0.40136</x><x>0.43537</x><y>0.2402</y><y>0.75858</y></points><label>10</label><labelname>molding</labelname><flag>1</flag></object><object><points><x>0.6576</x><x>0.69161</x><y>0.2451</y><y>0.76471</y></points><label>10</label><labelname>molding</labelname><flag>1</flag></object><object><points><x>0.74376</x><x>0.77551</x><y>0.2402</y><y>0.7598</y></points><label>10</label><labelname>molding</labelname><flag>1</flag></object><object><points><x>0.21088</x><x>0.2449</x><y>0.25245</y><y>0.77206</y></points><label>10</label><labelname>molding</labelname><flag>1</flag></object><object><points><x>0.92517</x><x>0.95918</x><y>0.2402</y><y>0.75858</y></points><label>10</label><labelname>molding</labelname><flag>1</flag></object><object><points><x>0.20635</x><x>0.3424</x><y>0.026961</y><y>0.042892</y></points><label>11</label><labelname>pillar</labelname><flag>1</flag></object><object><points><x>0.21315</x><x>0.3424</x><y>0.14216</y><y>0.15809</y></points><label>11</label><labelname>pillar</labelname><flag>1</flag></object><object><points><x>0.4898</x><x>0.62358</x><y>0.02451</y><y>0.039216</y></points><label>11</label><labelname>pillar</labelname><flag>1</flag></object><object><points><x>0.49206</x><x>0.62585</x><y>0.14093</y><y>0.15564</y></points><label>11</label><labelname>pillar</labelname><flag>1</flag></object><object><points><x>0.76644</x><x>0.9093</x><y>0.13971</y><y>0.15564</y></points><label>11</label><labelname>pillar</labelname><flag>1</flag></object><object><points><x>0.4966</x><x>0.63492</x><y>0.93382</y><y>0.9473</y></points><label>11</label><labelname>pillar</labelname><flag>1</flag></object><object><points><x>0.75964</x><x>0.89569</x><y>0.93505</y><y>0.94975</y></points><label>11</label><labelname>pillar</labelname><flag>1</flag></object><object><points><x>0.78685</x><x>0.9161</x><y>0.87623</y><y>0.88848</y></points><label>11</label><labelname>pillar</labelname><flag>1</flag></object><object><points><x>0.78458</x><x>0.91383</x><y>0.80637</y><y>0.81863</y></points><label>11</label><labelname>pillar</labelname><flag>1</flag></object><object><points><x>0.34014</x><x>0.35147</x><y>0.023284</y><y>0.044118</y></points><label>11</label><labelname>pillar</labelname><flag>1</flag></object><object><points><x>0.3424</x><x>0.35374</x><y>0.13971</y><y>0.16054</y></points><label>11</label><labelname>pillar</labelname><flag>1</flag></object><object><points><x>0.62585</x><x>0.63492</x><y>0.13725</y><y>0.15931</y></points><label>11</label><labelname>pillar</labelname><flag>1</flag></object><object><points><x>0.62358</x><x>0.63265</x><y>0.022059</y><y>0.041667</y></points><label>11</label><labelname>pillar</labelname><flag>1</flag></object><object><points><x>0.9093</x><x>0.92517</x><y>0.1348</y><y>0.15686</y></points><label>11</label><labelname>pillar</labelname><flag>1</flag></object><object><points><x>0.91383</x><x>0.92517</x><y>0.80515</y><y>0.81863</y></points><label>11</label><labelname>pillar</labelname><flag>1</flag></object><object><points><x>0.9161</x><x>0.92517</x><y>0.87623</y><y>0.88971</y></points><label>11</label><labelname>pillar</labelname><flag>1</flag></object><object><points><x>0.63492</x><x>0.64399</x><y>0.93137</y><y>0.94975</y></points><label>11</label><labelname>pillar</labelname><flag>1</flag></object><object><points><x>0.89569</x><x>0.9093</x><y>0.9326</y><y>0.95098</y></points><label>11</label><labelname>pillar</labelname><flag>1</flag></object><object><points><x>0.18367</x><x>0.20635</x><y>0.025735</y><y>0.044118</y></points><label>11</label><labelname>pillar</labelname><flag>1</flag></object><object><points><x>0.18594</x><x>0.21088</x><y>0.14093</y><y>0.16054</y></points><label>11</label><labelname>pillar</labelname><flag>1</flag></object><object><points><x>0.46032</x><x>0.4898</x><y>0.022059</y><y>0.042892</y></points><label>11</label><labelname>pillar</labelname><flag>1</flag></object><object><points><x>0.46259</x><x>0.49206</x><y>0.13725</y><y>0.15931</y></points><label>11</label><labelname>pillar</labelname><flag>1</flag></object><object><points><x>0.7415</x><x>0.76644</x><y>0.1348</y><y>0.15931</y></points><label>11</label><labelname>pillar</labelname><flag>1</flag></object><object><points><x>0.47846</x><x>0.4966</x><y>0.93015</y><y>0.95098</y></points><label>11</label><labelname>pillar</labelname><flag>1</flag></object><object><points><x>0.7415</x><x>0.75964</x><y>0.93137</y><y>0.95221</y></points><label>11</label><labelname>pillar</labelname><flag>1</flag></object><object><points><x>0.76417</x><x>0.78458</x><y>0.8027</y><y>0.82108</y></points><label>11</label><labelname>pillar</labelname><flag>1</flag></object><object><points><x>0.76644</x><x>0.78458</x><y>0.87255</y><y>0.89216</y></points><label>11</label><labelname>pillar</labelname><flag>1</flag></object>