<object><points><x>0.0047393</x><x>1</x><y>0.035225</y><y>0.9589</y></points><label>2</label><labelname>facade</labelname><flag>1</flag></object><object><points><x>0.052133</x><x>0.20853</x><y>0.19961</y><y>0.34247</y></points><label>3</label><labelname>window</labelname><flag>1</flag></object><object><points><x>0.052133</x><x>0.19905</x><y>0.65949</y><y>0.80039</y></points><label>3</label><labelname>window</labelname><flag>1</flag></object><object><points><x>0.64455</x><x>0.78436</x><y>0.09002</y><y>0.25832</y></points><label>3</label><labelname>window</labelname><flag>1</flag></object><object><points><x>0.34123</x><x>0.48578</x><y>0.088063</y><y>0.25832</y></points><label>3</label><labelname>window</labelname><flag>1</flag></object><object><points><x>0.33412</x><x>0.47393</x><y>0.7319</y><y>0.89824</y></points><label>3</label><labelname>window</labelname><flag>1</flag></object><object><points><x>0.63744</x><x>0.77962</x><y>0.73777</y><y>0.90215</y></points><label>3</label><labelname>window</labelname><flag>1</flag></object><object><points><x>0.64218</x><x>0.73697</x><y>0.47554</y><y>0.51076</y></points><label>3</label><labelname>window</labelname><flag>1</flag></object><object><points><x>0.34123</x><x>0.43602</x><y>0.47554</y><y>0.51272</y></points><label>3</label><labelname>window</labelname><flag>1</flag></object><object><points><x>0.77725</x><x>0.80332</x><y>0.072407</y><y>0.2681</y></points><label>6</label><labelname>sill</labelname><flag>1</flag></object><object><points><x>0.47867</x><x>0.50711</x><y>0.078278</y><y>0.27397</y></points><label>6</label><labelname>sill</labelname><flag>1</flag></object><object><points><x>0.72986</x><x>0.75118</x><y>0.45793</y><y>0.5225</y></points><label>6</label><labelname>sill</labelname><flag>1</flag></object><object><points><x>0.43839</x><x>0.56398</x><y>0.64384</y><y>0.95695</y></points><label>7</label><labelname>balcony</labelname><flag>1</flag></object><object><points><x>0.35071</x><x>0.48341</x><y>0.099804</y><y>0.25832</y></points><label>8</label><labelname>blind</labelname><flag>1</flag></object><object><points><x>0.34597</x><x>0.46919</x><y>0.73581</y><y>0.89628</y></points><label>8</label><labelname>blind</labelname><flag>1</flag></object><object><points><x>0.2109</x><x>0.31517</x><y>0.043053</y><y>0.95499</y></points><label>10</label><labelname>molding</labelname><flag>1</flag></object><object><points><x>0.83412</x><x>0.91232</x><y>0.24658</y><y>0.73386</y></points><label>12</label><labelname>shop</labelname><flag>1</flag></object><object><points><x>0.097156</x><x>0.17062</x><y>0.49511</y><y>0.53229</y></points><label>3</label><labelname>window</labelname><flag>1</flag></object>