<object><points><x>0.22949</x><x>0.38086</x><y>0.46181</y><y>0.56306</y></points><label>3</label><labelname>window</labelname><flag>1</flag></object><object><points><x>0.23926</x><x>0.38379</x><y>0.89698</y><y>0.95382</y></points><label>3</label><labelname>window</labelname><flag>1</flag></object><object><points><x>0.2334</x><x>0.37793</x><y>0.35879</y><y>0.41741</y></points><label>3</label><labelname>window</labelname><flag>1</flag></object><object><points><x>0.19336</x><x>0.33887</x><y>0.12966</y><y>0.19361</y></points><label>3</label><labelname>window</labelname><flag>1</flag></object><object><points><x>0.19531</x><x>0.34082</x><y>0.20604</y><y>0.24867</y></points><label>3</label><labelname>window</labelname><flag>1</flag></object><object><points><x>0.19238</x><x>0.33789</x><y>0.076377</y><y>0.11901</y></points><label>3</label><labelname>window</labelname><flag>1</flag></object><object><points><x>0.19922</x><x>0.34473</x><y>0.64654</y><y>0.68917</y></points><label>3</label><labelname>window</labelname><flag>1</flag></object><object><points><x>0.20117</x><x>0.34668</x><y>0.77087</y><y>0.81528</y></points><label>3</label><labelname>window</labelname><flag>1</flag></object><object><points><x>0.19824</x><x>0.34473</x><y>0.69627</y><y>0.76199</y></points><label>3</label><labelname>window</labelname><flag>1</flag></object><object><points><x>0.42188</x><x>0.57422</x><y>0.12966</y><y>0.19005</y></points><label>3</label><labelname>window</labelname><flag>1</flag></object><object><points><x>0.43359</x><x>0.58789</x><y>0.22913</y><y>0.2984</y></points><label>3</label><labelname>window</labelname><flag>1</flag></object><object><points><x>0.44434</x><x>0.56836</x><y>0.062167</y><y>0.11368</y></points><label>3</label><labelname>window</labelname><flag>1</flag></object><object><points><x>0.44727</x><x>0.59961</x><y>0.35702</y><y>0.41741</y></points><label>3</label><labelname>window</labelname><flag>1</flag></object><object><points><x>0.44727</x><x>0.5957</x><y>0.61456</y><y>0.6714</y></points><label>3</label><labelname>window</labelname><flag>1</flag></object><object><points><x>0.45117</x><x>0.59863</x><y>0.8952</y><y>0.95204</y></points><label>3</label><labelname>window</labelname><flag>1</flag></object><object><points><x>0.4248</x><x>0.57324</x><y>0.70515</y><y>0.76021</y></points><label>3</label><labelname>window</labelname><flag>1</flag></object><object><points><x>0.43555</x><x>0.58887</x><y>0.78686</y><y>0.84547</y></points><label>3</label><labelname>window</labelname><flag>1</flag></object><object><points><x>0.44043</x><x>0.59668</x><y>0.45648</y><y>0.55773</y></points><label>3</label><labelname>window</labelname><flag>1</flag></object><object><points><x>0.67969</x><x>0.84766</x><y>0.35702</y><y>0.41385</y></points><label>3</label><labelname>window</labelname><flag>1</flag></object><object><points><x>0.67969</x><x>0.84863</x><y>0.056838</y><y>0.11368</y></points><label>3</label><labelname>window</labelname><flag>1</flag></object><object><points><x>0.67676</x><x>0.84473</x><y>0.61101</y><y>0.66785</y></points><label>3</label><labelname>window</labelname><flag>1</flag></object><object><points><x>0.67676</x><x>0.84473</x><y>0.8952</y><y>0.95204</y></points><label>3</label><labelname>window</labelname><flag>1</flag></object><object><points><x>0.66211</x><x>0.83008</x><y>0.69982</y><y>0.75666</y></points><label>3</label><labelname>window</labelname><flag>1</flag></object><object><points><x>0.6709</x><x>0.83887</x><y>0.78686</y><y>0.84369</y></points><label>3</label><labelname>window</labelname><flag>1</flag></object><object><points><x>0.66699</x><x>0.83496</x><y>0.13144</y><y>0.18828</y></points><label>3</label><labelname>window</labelname><flag>1</flag></object><object><points><x>0.67285</x><x>0.84277</x><y>0.22913</y><y>0.29307</y></points><label>3</label><labelname>window</labelname><flag>1</flag></object><object><points><x>0.67383</x><x>0.86426</x><y>0.45471</y><y>0.55773</y></points><label>3</label><labelname>window</labelname><flag>1</flag></object><object><points><x>0.8291</x><x>0.875</x><y>0.6714</y><y>0.77265</y></points><label>6</label><labelname>sill</labelname><flag>1</flag></object><object><points><x>0.83203</x><x>0.88184</x><y>0.77798</y><y>0.87567</y></points><label>6</label><labelname>sill</labelname><flag>1</flag></object><object><points><x>0.83984</x><x>0.88379</x><y>0.20071</y><y>0.31794</y></points><label>6</label><labelname>sill</labelname><flag>1</flag></object><object><points><x>0.58105</x><x>0.63086</x><y>0.20426</y><y>0.32327</y></points><label>6</label><labelname>sill</labelname><flag>1</flag></object><object><points><x>0.5791</x><x>0.62988</x><y>0.77798</y><y>0.86856</y></points><label>6</label><labelname>sill</labelname><flag>1</flag></object><object><points><x>0.2168</x><x>0.36621</x><y>0.28419</y><y>0.32149</y></points><label>3</label><labelname>window</labelname><flag>1</flag></object><object><points><x>0.22168</x><x>0.36914</x><y>0.83659</y><y>0.86323</y></points><label>3</label><labelname>window</labelname><flag>1</flag></object><object><points><x>0.34863</x><x>0.39941</x><y>0.26998</y><y>0.33748</y></points><label>6</label><labelname>sill</labelname><flag>1</flag></object><object><points><x>0.35449</x><x>0.39746</x><y>0.83304</y><y>0.87922</y></points><label>6</label><labelname>sill</labelname><flag>1</flag></object><object><points><x>0.34082</x><x>0.37402</x><y>0.62877</y><y>0.82948</y></points><label>6</label><labelname>sill</labelname><flag>1</flag></object><object><points><x>0.2832</x><x>0.37695</x><y>0.010657</y><y>0.19538</y></points><label>7</label><labelname>balcony</labelname><flag>1</flag></object><object><points><x>0.54004</x><x>0.62305</x><y>0.023091</y><y>0.18117</y></points><label>7</label><labelname>balcony</labelname><flag>1</flag></object><object><points><x>0.53613</x><x>0.6084</x><y>0.62877</y><y>0.77442</y></points><label>7</label><labelname>balcony</labelname><flag>1</flag></object><object><points><x>0.81543</x><x>0.87109</x><y>0.35524</y><y>0.56838</y></points><label>7</label><labelname>balcony</labelname><flag>1</flag></object><object><points><x>0.12891</x><x>0.19531</x><y>0.46892</y><y>0.54352</y></points><label>9</label><labelname>deco</labelname><flag>1</flag></object><object><points><x>0.14844</x><x>0.18848</x><y>0.34103</y><y>0.38366</y></points><label>9</label><labelname>deco</labelname><flag>1</flag></object><object><points><x>0.15137</x><x>0.1875</x><y>0.39076</y><y>0.41918</y></points><label>9</label><labelname>deco</labelname><flag>1</flag></object><object><points><x>0.11719</x><x>0.21289</x><y>0.41918</y><y>0.46359</y></points><label>9</label><labelname>deco</labelname><flag>1</flag></object><object><points><x>0.11328</x><x>0.20898</x><y>0.54529</y><y>0.58792</y></points><label>9</label><labelname>deco</labelname><flag>1</flag></object><object><points><x>0.15527</x><x>0.19434</x><y>0.87922</y><y>0.91474</y></points><label>9</label><labelname>deco</labelname><flag>1</flag></object><object><points><x>0.15527</x><x>0.19434</x><y>0.9254</y><y>0.95737</y></points><label>9</label><labelname>deco</labelname><flag>1</flag></object><object><points><x>0.12012</x><x>0.21875</x><y>0.95915</y><y>0.99822</y></points><label>9</label><labelname>deco</labelname><flag>1</flag></object><object><points><x>0.10059</x><x>0.15332</x><y>0.7016</y><y>0.75666</y></points><label>9</label><labelname>deco</labelname><flag>1</flag></object><object><points><x>0.11035</x><x>0.15039</x><y>0.77975</y><y>0.80995</y></points><label>9</label><labelname>deco</labelname><flag>1</flag></object><object><points><x>0.10938</x><x>0.14746</x><y>0.65542</y><y>0.68561</y></points><label>9</label><labelname>deco</labelname><flag>1</flag></object><object><points><x>0.075195</x><x>0.11328</x><y>0.61634</y><y>0.64476</y></points><label>9</label><labelname>deco</labelname><flag>1</flag></object><object><points><x>0.075195</x><x>0.11328</x><y>0.68561</y><y>0.7016</y></points><label>9</label><labelname>deco</labelname><flag>1</flag></object><object><points><x>0.078125</x><x>0.1123</x><y>0.75666</y><y>0.76909</y></points><label>9</label><labelname>deco</labelname><flag>1</flag></object><object><points><x>0.077148</x><x>0.10938</x><y>0.80107</y><y>0.8135</y></points><label>9</label><labelname>deco</labelname><flag>1</flag></object><object><points><x>0.070312</x><x>0.14355</x><y>0.23979</y><y>0.25755</y></points><label>9</label><labelname>deco</labelname><flag>1</flag></object><object><points><x>0.10352</x><x>0.14258</x><y>0.2167</y><y>0.23979</y></points><label>9</label><labelname>deco</labelname><flag>1</flag></object><object><points><x>0.069336</x><x>0.10645</x><y>0.18472</y><y>0.19893</y></points><label>9</label><labelname>deco</labelname><flag>1</flag></object><object><points><x>0.092773</x><x>0.14648</x><y>0.13499</y><y>0.18472</y></points><label>9</label><labelname>deco</labelname><flag>1</flag></object><object><points><x>0.068359</x><x>0.10547</x><y>0.10124</y><y>0.11368</y></points><label>9</label><labelname>deco</labelname><flag>1</flag></object><object><points><x>0.067383</x><x>0.10547</x><y>0.0373</y><y>0.067496</y></points><label>9</label><labelname>deco</labelname><flag>1</flag></object><object><points><x>0.10645</x><x>0.14062</x><y>0.087034</y><y>0.11545</y></points><label>9</label><labelname>deco</labelname><flag>1</flag></object><object><points><x>0.39551</x><x>0.44336</x><y>0.49378</y><y>0.51687</y></points><label>9</label><labelname>deco</labelname><flag>1</flag></object><object><points><x>0.60645</x><x>0.6377</x><y>0.46359</y><y>0.55595</y></points><label>9</label><labelname>deco</labelname><flag>1</flag></object><object><points><x>0.60938</x><x>0.66406</x><y>0.34991</y><y>0.41563</y></points><label>9</label><labelname>deco</labelname><flag>1</flag></object><object><points><x>0.61035</x><x>0.66211</x><y>0.60924</y><y>0.66963</y></points><label>9</label><labelname>deco</labelname><flag>1</flag></object><object><points><x>0.61328</x><x>0.66699</x><y>0.042629</y><y>0.1119</y></points><label>9</label><labelname>deco</labelname><flag>1</flag></object><object><points><x>0.60645</x><x>0.66504</x><y>0.89343</y><y>0.95382</y></points><label>9</label><labelname>deco</labelname><flag>1</flag></object><object><points><x>0.37598</x><x>0.41602</x><y>0.0071048</y><y>0.99112</y></points><label>10</label><labelname>molding</labelname><flag>1</flag></object><object><points><x>0.0039062</x><x>0.99805</x><y>0.0017762</y><y>0.99822</y></points><label>2</label><labelname>facade</labelname><flag>1</flag></object><object><points><x>0.87891</x><x>0.91113</x><y>0.0017762</y><y>0.98757</y></points><label>10</label><labelname>molding</labelname><flag>1</flag></object><object><points><x>0.24023</x><x>0.32812</x><y>0.24689</y><y>0.25577</y></points><label>11</label><labelname>pillar</labelname><flag>1</flag></object><object><points><x>0.23926</x><x>0.32715</x><y>0.19361</y><y>0.20426</y></points><label>11</label><labelname>pillar</labelname><flag>1</flag></object><object><points><x>0.2373</x><x>0.32617</x><y>0.11901</y><y>0.12966</y></points><label>11</label><labelname>pillar</labelname><flag>1</flag></object><object><points><x>0.23633</x><x>0.32422</x><y>0.063943</y><y>0.0746</y></points><label>11</label><labelname>pillar</labelname><flag>1</flag></object><object><points><x>0.24414</x><x>0.33105</x><y>0.63766</y><y>0.64654</y></points><label>11</label><labelname>pillar</labelname><flag>1</flag></object><object><points><x>0.24316</x><x>0.33105</x><y>0.68384</y><y>0.69449</y></points><label>11</label><labelname>pillar</labelname><flag>1</flag></object><object><points><x>0.24512</x><x>0.33008</x><y>0.76021</y><y>0.77087</y></points><label>11</label><labelname>pillar</labelname><flag>1</flag></object><object><points><x>0.24609</x><x>0.33203</x><y>0.80995</y><y>0.8206</y></points><label>11</label><labelname>pillar</labelname><flag>1</flag></object><object><points><x>0.46289</x><x>0.55078</x><y>0.11723</y><y>0.12966</y></points><label>11</label><labelname>pillar</labelname><flag>1</flag></object><object><points><x>0.46191</x><x>0.56055</x><y>0.19716</y><y>0.21847</y></points><label>11</label><labelname>pillar</labelname><flag>1</flag></object><object><points><x>0.48438</x><x>0.58008</x><y>0.29663</y><y>0.31261</y></points><label>11</label><labelname>pillar</labelname><flag>1</flag></object><object><points><x>0.46484</x><x>0.56055</x><y>0.68384</y><y>0.69805</y></points><label>11</label><labelname>pillar</labelname><flag>1</flag></object><object><points><x>0.46582</x><x>0.56152</x><y>0.76199</y><y>0.77798</y></points><label>11</label><labelname>pillar</labelname><flag>1</flag></object><object><points><x>0.48438</x><x>0.58203</x><y>0.84547</y><y>0.8579</y></points><label>11</label><labelname>pillar</labelname><flag>1</flag></object><object><points><x>0.71973</x><x>0.81738</x><y>0.1119</y><y>0.12433</y></points><label>11</label><labelname>pillar</labelname><flag>1</flag></object><object><points><x>0.71973</x><x>0.81738</x><y>0.19893</y><y>0.21314</y></points><label>11</label><labelname>pillar</labelname><flag>1</flag></object><object><points><x>0.73145</x><x>0.8291</x><y>0.2984</y><y>0.31261</y></points><label>11</label><labelname>pillar</labelname><flag>1</flag></object><object><points><x>0.71582</x><x>0.81348</x><y>0.76377</y><y>0.77798</y></points><label>11</label><labelname>pillar</labelname><flag>1</flag></object><object><points><x>0.71484</x><x>0.8125</x><y>0.68384</y><y>0.69627</y></points><label>11</label><labelname>pillar</labelname><flag>1</flag></object><object><points><x>0.72461</x><x>0.82227</x><y>0.84369</y><y>0.85613</y></points><label>11</label><labelname>pillar</labelname><flag>1</flag></object><object><points><x>0.8125</x><x>0.82812</x><y>0.68028</y><y>0.69982</y></points><label>11</label><labelname>pillar</labelname><flag>1</flag></object><object><points><x>0.81348</x><x>0.8291</x><y>0.76021</y><y>0.77975</y></points><label>11</label><labelname>pillar</labelname><flag>1</flag></object><object><points><x>0.82227</x><x>0.83887</x><y>0.84014</y><y>0.85968</y></points><label>11</label><labelname>pillar</labelname><flag>1</flag></object><object><points><x>0.8291</x><x>0.84473</x><y>0.29485</y><y>0.31439</y></points><label>11</label><labelname>pillar</labelname><flag>1</flag></object><object><points><x>0.56055</x><x>0.58008</x><y>0.19361</y><y>0.22202</y></points><label>11</label><labelname>pillar</labelname><flag>1</flag></object><object><points><x>0.5791</x><x>0.59766</x><y>0.29663</y><y>0.31794</y></points><label>11</label><labelname>pillar</labelname><flag>1</flag></object><object><points><x>0.58203</x><x>0.59277</x><y>0.84369</y><y>0.86323</y></points><label>11</label><labelname>pillar</labelname><flag>1</flag></object><object><points><x>0.56152</x><x>0.57812</x><y>0.75666</y><y>0.7833</y></points><label>11</label><labelname>pillar</labelname><flag>1</flag></object><object><points><x>0.32812</x><x>0.34277</x><y>0.24156</y><y>0.25933</y></points><label>11</label><labelname>pillar</labelname><flag>1</flag></object><object><points><x>0.32812</x><x>0.3418</x><y>0.19183</y><y>0.20959</y></points><label>11</label><labelname>pillar</labelname><flag>1</flag></object><object><points><x>0.33203</x><x>0.34668</x><y>0.80639</y><y>0.82416</y></points><label>11</label><labelname>pillar</labelname><flag>1</flag></object><object><points><x>0.33105</x><x>0.34473</x><y>0.75488</y><y>0.77265</y></points><label>11</label><labelname>pillar</labelname><flag>1</flag></object><object><points><x>0.33105</x><x>0.34473</x><y>0.68028</y><y>0.69805</y></points><label>11</label><labelname>pillar</labelname><flag>1</flag></object><object><points><x>0.33105</x><x>0.3457</x><y>0.63055</y><y>0.64831</y></points><label>11</label><labelname>pillar</labelname><flag>1</flag></object><object><points><x>0.22363</x><x>0.23633</x><y>0.058615</y><y>0.078153</y></points><label>11</label><labelname>pillar</labelname><flag>1</flag></object><object><points><x>0.22461</x><x>0.2373</x><y>0.11368</y><y>0.13321</y></points><label>11</label><labelname>pillar</labelname><flag>1</flag></object><object><points><x>0.22656</x><x>0.23926</x><y>0.18828</y><y>0.20959</y></points><label>11</label><labelname>pillar</labelname><flag>1</flag></object><object><points><x>0.22754</x><x>0.24023</x><y>0.23979</y><y>0.2611</y></points><label>11</label><labelname>pillar</labelname><flag>1</flag></object><object><points><x>0.23047</x><x>0.24414</x><y>0.63233</y><y>0.65187</y></points><label>11</label><labelname>pillar</labelname><flag>1</flag></object><object><points><x>0.22949</x><x>0.24316</x><y>0.68028</y><y>0.69805</y></points><label>11</label><labelname>pillar</labelname><flag>1</flag></object><object><points><x>0.23145</x><x>0.24512</x><y>0.75488</y><y>0.77442</y></points><label>11</label><labelname>pillar</labelname><flag>1</flag></object><object><points><x>0.2334</x><x>0.24707</x><y>0.80462</y><y>0.82238</y></points><label>11</label><labelname>pillar</labelname><flag>1</flag></object><object><points><x>0.44336</x><x>0.46289</x><y>0.11012</y><y>0.13321</y></points><label>11</label><labelname>pillar</labelname><flag>1</flag></object><object><points><x>0.44336</x><x>0.46289</x><y>0.18828</y><y>0.22558</y></points><label>11</label><labelname>pillar</labelname><flag>1</flag></object><object><points><x>0.46875</x><x>0.48438</x><y>0.29485</y><y>0.31972</y></points><label>11</label><labelname>pillar</labelname><flag>1</flag></object><object><points><x>0.46875</x><x>0.48438</x><y>0.84192</y><y>0.86679</y></points><label>11</label><labelname>pillar</labelname><flag>1</flag></object><object><points><x>0.44531</x><x>0.46484</x><y>0.67496</y><y>0.70337</y></points><label>11</label><labelname>pillar</labelname><flag>1</flag></object><object><points><x>0.44531</x><x>0.46484</x><y>0.75488</y><y>0.78508</y></points><label>11</label><labelname>pillar</labelname><flag>1</flag></object><object><points><x>0.71387</x><x>0.72461</x><y>0.83837</y><y>0.86323</y></points><label>11</label><labelname>pillar</labelname><flag>1</flag></object><object><points><x>0.70117</x><x>0.71582</x><y>0.75844</y><y>0.7833</y></points><label>11</label><labelname>pillar</labelname><flag>1</flag></object><object><points><x>0.7002</x><x>0.71484</x><y>0.67851</y><y>0.69982</y></points><label>11</label><labelname>pillar</labelname><flag>1</flag></object><object><points><x>0.71777</x><x>0.73145</x><y>0.29307</y><y>0.31794</y></points><label>11</label><labelname>pillar</labelname><flag>1</flag></object><object><points><x>0.70508</x><x>0.71973</x><y>0.19361</y><y>0.22025</y></points><label>11</label><labelname>pillar</labelname><flag>1</flag></object><object><points><x>0.70508</x><x>0.71973</x><y>0.10302</y><y>0.12966</y></points><label>11</label><labelname>pillar</labelname><flag>1</flag></object>