<object><points><x>0.0048828</x><x>0.98535</x><y>0.16087</y><y>0.91739</y></points><label>2</label><labelname>facade</labelname><flag>1</flag></object><object><points><x>0.12305</x><x>0.20215</x><y>0.23043</y><y>0.29275</y></points><label>3</label><labelname>window</labelname><flag>1</flag></object><object><points><x>0.12305</x><x>0.20215</x><y>0.3029</y><y>0.36522</y></points><label>3</label><labelname>window</labelname><flag>1</flag></object><object><points><x>0.12305</x><x>0.1748</x><y>0.5087</y><y>0.56377</y></points><label>3</label><labelname>window</labelname><flag>1</flag></object><object><points><x>0.12305</x><x>0.20117</x><y>0.78261</y><y>0.84203</y></points><label>3</label><labelname>window</labelname><flag>1</flag></object><object><points><x>0.12305</x><x>0.20117</x><y>0.7087</y><y>0.77101</y></points><label>3</label><labelname>window</labelname><flag>1</flag></object><object><points><x>0.12305</x><x>0.19043</x><y>0.57536</y><y>0.60725</y></points><label>3</label><labelname>window</labelname><flag>1</flag></object><object><points><x>0.12207</x><x>0.1748</x><y>0.46667</y><y>0.5</y></points><label>3</label><labelname>window</labelname><flag>1</flag></object><object><points><x>0.27441</x><x>0.36621</x><y>0.23188</y><y>0.26087</y></points><label>3</label><labelname>window</labelname><flag>1</flag></object><object><points><x>0.27441</x><x>0.36816</x><y>0.27246</y><y>0.32754</y></points><label>3</label><labelname>window</labelname><flag>1</flag></object><object><points><x>0.27344</x><x>0.37012</x><y>0.33623</y><y>0.36957</y></points><label>3</label><labelname>window</labelname><flag>1</flag></object><object><points><x>0.27637</x><x>0.36719</x><y>0.71159</y><y>0.73913</y></points><label>3</label><labelname>window</labelname><flag>1</flag></object><object><points><x>0.27637</x><x>0.36719</x><y>0.74928</y><y>0.8029</y></points><label>3</label><labelname>window</labelname><flag>1</flag></object><object><points><x>0.27637</x><x>0.36621</x><y>0.81449</y><y>0.84493</y></points><label>3</label><labelname>window</labelname><flag>1</flag></object><object><points><x>0.25098</x><x>0.34668</x><y>0.48696</y><y>0.55652</y></points><label>3</label><labelname>window</labelname><flag>1</flag></object><object><points><x>0.25879</x><x>0.3623</x><y>0.58841</y><y>0.62029</y></points><label>3</label><labelname>window</labelname><flag>1</flag></object><object><points><x>0.25977</x><x>0.3584</x><y>0.44928</y><y>0.46667</y></points><label>3</label><labelname>window</labelname><flag>1</flag></object><object><points><x>0.44629</x><x>0.50879</x><y>0.48406</y><y>0.55652</y></points><label>3</label><labelname>window</labelname><flag>1</flag></object><object><points><x>0.12793</x><x>0.20215</x><y>0.033333</y><y>0.089855</y></points><label>3</label><labelname>window</labelname><flag>1</flag></object><object><points><x>0.28418</x><x>0.36035</x><y>0.030435</y><y>0.092754</y></points><label>3</label><labelname>window</labelname><flag>1</flag></object><object><points><x>0.44336</x><x>0.52148</x><y>0.034783</y><y>0.092754</y></points><label>3</label><labelname>window</labelname><flag>1</flag></object><object><points><x>0.60938</x><x>0.68457</x><y>0.036232</y><y>0.091304</y></points><label>3</label><labelname>window</labelname><flag>1</flag></object><object><points><x>0.43066</x><x>0.46387</x><y>0.23333</y><y>0.26667</y></points><label>3</label><labelname>window</labelname><flag>1</flag></object><object><points><x>0.43066</x><x>0.46387</x><y>0.27536</y><y>0.32899</y></points><label>3</label><labelname>window</labelname><flag>1</flag></object><object><points><x>0.43164</x><x>0.46289</x><y>0.33623</y><y>0.36957</y></points><label>3</label><labelname>window</labelname><flag>1</flag></object><object><points><x>0.4668</x><x>0.52441</x><y>0.33913</y><y>0.36812</y></points><label>3</label><labelname>window</labelname><flag>1</flag></object><object><points><x>0.4668</x><x>0.52441</x><y>0.27681</y><y>0.32754</y></points><label>3</label><labelname>window</labelname><flag>1</flag></object><object><points><x>0.4668</x><x>0.52148</x><y>0.23333</y><y>0.26377</y></points><label>3</label><labelname>window</labelname><flag>1</flag></object><object><points><x>0.45996</x><x>0.52148</x><y>0.45072</y><y>0.46087</y></points><label>3</label><labelname>window</labelname><flag>1</flag></object><object><points><x>0.41797</x><x>0.45508</x><y>0.45217</y><y>0.46087</y></points><label>3</label><labelname>window</labelname><flag>1</flag></object><object><points><x>0.41016</x><x>0.44336</x><y>0.48551</y><y>0.55797</y></points><label>3</label><labelname>window</labelname><flag>1</flag></object><object><points><x>0.41699</x><x>0.45801</x><y>0.58841</y><y>0.62029</y></points><label>3</label><labelname>window</labelname><flag>1</flag></object><object><points><x>0.46094</x><x>0.52441</x><y>0.58841</y><y>0.62029</y></points><label>3</label><labelname>window</labelname><flag>1</flag></object><object><points><x>0.43164</x><x>0.46289</x><y>0.71014</y><y>0.74203</y></points><label>3</label><labelname>window</labelname><flag>1</flag></object><object><points><x>0.43164</x><x>0.46289</x><y>0.75072</y><y>0.8058</y></points><label>3</label><labelname>window</labelname><flag>1</flag></object><object><points><x>0.42969</x><x>0.46289</x><y>0.81449</y><y>0.84638</y></points><label>3</label><labelname>window</labelname><flag>1</flag></object><object><points><x>0.46777</x><x>0.52441</x><y>0.71159</y><y>0.74058</y></points><label>3</label><labelname>window</labelname><flag>1</flag></object><object><points><x>0.46777</x><x>0.52441</x><y>0.75072</y><y>0.8058</y></points><label>3</label><labelname>window</labelname><flag>1</flag></object><object><points><x>0.46875</x><x>0.52344</x><y>0.81449</y><y>0.84493</y></points><label>3</label><labelname>window</labelname><flag>1</flag></object><object><points><x>0.63965</x><x>0.68652</x><y>0.23913</y><y>0.29855</y></points><label>3</label><labelname>window</labelname><flag>1</flag></object><object><points><x>0.63965</x><x>0.68652</x><y>0.30725</y><y>0.36377</y></points><label>3</label><labelname>window</labelname><flag>1</flag></object><object><points><x>0.5957</x><x>0.63086</x><y>0.30435</y><y>0.36377</y></points><label>3</label><labelname>window</labelname><flag>1</flag></object><object><points><x>0.59766</x><x>0.63086</x><y>0.23478</y><y>0.2971</y></points><label>3</label><labelname>window</labelname><flag>1</flag></object><object><points><x>0.58496</x><x>0.61914</x><y>0.48406</y><y>0.56087</y></points><label>3</label><labelname>window</labelname><flag>1</flag></object><object><points><x>0.59277</x><x>0.62109</x><y>0.45362</y><y>0.46522</y></points><label>3</label><labelname>window</labelname><flag>1</flag></object><object><points><x>0.63086</x><x>0.68164</x><y>0.45362</y><y>0.46377</y></points><label>3</label><labelname>window</labelname><flag>1</flag></object><object><points><x>0.58789</x><x>0.62695</x><y>0.58551</y><y>0.61594</y></points><label>3</label><labelname>window</labelname><flag>1</flag></object><object><points><x>0.63086</x><x>0.68359</x><y>0.58696</y><y>0.61739</y></points><label>3</label><labelname>window</labelname><flag>1</flag></object><object><points><x>0.63965</x><x>0.68652</x><y>0.78551</y><y>0.83913</y></points><label>3</label><labelname>window</labelname><flag>1</flag></object><object><points><x>0.63965</x><x>0.68652</x><y>0.71739</y><y>0.77246</y></points><label>3</label><labelname>window</labelname><flag>1</flag></object><object><points><x>0.59863</x><x>0.63086</x><y>0.78406</y><y>0.84493</y></points><label>3</label><labelname>window</labelname><flag>1</flag></object><object><points><x>0.59863</x><x>0.63086</x><y>0.71159</y><y>0.77536</y></points><label>3</label><labelname>window</labelname><flag>1</flag></object><object><points><x>0.75879</x><x>0.8457</x><y>0.42899</y><y>0.48696</y></points><label>3</label><labelname>window</labelname><flag>1</flag></object><object><points><x>0.75781</x><x>0.84375</x><y>0.26232</y><y>0.31884</y></points><label>3</label><labelname>window</labelname><flag>1</flag></object><object><points><x>0.75879</x><x>0.8457</x><y>0.5942</y><y>0.65362</y></points><label>3</label><labelname>window</labelname><flag>1</flag></object><object><points><x>0.875</x><x>0.97949</x><y>0.23623</y><y>0.33333</y></points><label>3</label><labelname>window</labelname><flag>1</flag></object><object><points><x>0.875</x><x>0.97754</x><y>0.40145</y><y>0.50145</y></points><label>3</label><labelname>window</labelname><flag>1</flag></object><object><points><x>0.875</x><x>0.97852</x><y>0.56812</y><y>0.67101</y></points><label>3</label><labelname>window</labelname><flag>1</flag></object><object><points><x>0.82617</x><x>0.97656</x><y>0.7913</y><y>0.88551</y></points><label>4</label><labelname>door</labelname><flag>1</flag></object><object><points><x>0.09668</x><x>0.12109</x><y>0.43768</y><y>0.63043</y></points><label>5</label><labelname>cornice</labelname><flag>1</flag></object><object><points><x>0.083008</x><x>0.12988</x><y>0.0028986</y><y>0.11884</y></points><label>5</label><labelname>cornice</labelname><flag>1</flag></object><object><points><x>0.24512</x><x>0.28613</x><y>0.0014493</y><y>0.12029</y></points><label>5</label><labelname>cornice</labelname><flag>1</flag></object><object><points><x>0.39844</x><x>0.43555</x><y>0.0014493</y><y>0.12029</y></points><label>5</label><labelname>cornice</labelname><flag>1</flag></object><object><points><x>0.35938</x><x>0.38574</x><y>0.010145</y><y>0.11594</y></points><label>6</label><labelname>sill</labelname><flag>1</flag></object><object><points><x>0.51953</x><x>0.56152</x><y>0.015942</y><y>0.11014</y></points><label>6</label><labelname>sill</labelname><flag>1</flag></object><object><points><x>0.19922</x><x>0.23242</x><y>0.68841</y><y>0.85942</y></points><label>6</label><labelname>sill</labelname><flag>1</flag></object><object><points><x>0.19824</x><x>0.23438</x><y>0.2058</y><y>0.37971</y></points><label>6</label><labelname>sill</labelname><flag>1</flag></object><object><points><x>0.1709</x><x>0.25391</x><y>0.41884</y><y>0.64928</y></points><label>7</label><labelname>balcony</labelname><flag>1</flag></object><object><points><x>0.53223</x><x>0.62988</x><y>0.18406</y><y>0.4087</y></points><label>9</label><labelname>deco</labelname><flag>1</flag></object><object><points><x>0.5332</x><x>0.63379</x><y>0.66377</y><y>0.89275</y></points><label>9</label><labelname>deco</labelname><flag>1</flag></object><object><points><x>0.52246</x><x>0.5332</x><y>0.21304</y><y>0.37681</y></points><label>6</label><labelname>sill</labelname><flag>1</flag></object><object><points><x>0.52344</x><x>0.5332</x><y>0.6971</y><y>0.85652</y></points><label>6</label><labelname>sill</labelname><flag>1</flag></object><object><points><x>0.74023</x><x>0.83984</x><y>0.73333</y><y>0.91304</y></points><label>9</label><labelname>deco</labelname><flag>1</flag></object><object><points><x>0.77832</x><x>0.8418</x><y>0.5</y><y>0.57826</y></points><label>9</label><labelname>deco</labelname><flag>1</flag></object><object><points><x>0.79199</x><x>0.83789</x><y>0.072464</y><y>0.11739</y></points><label>9</label><labelname>deco</labelname><flag>1</flag></object><object><points><x>0.36426</x><x>0.39551</x><y>0.21159</y><y>0.26522</y></points><label>6</label><labelname>sill</labelname><flag>1</flag></object><object><points><x>0.36523</x><x>0.39551</x><y>0.26522</y><y>0.33188</y></points><label>6</label><labelname>sill</labelname><flag>1</flag></object><object><points><x>0.36426</x><x>0.39453</x><y>0.33188</y><y>0.38116</y></points><label>6</label><labelname>sill</labelname><flag>1</flag></object><object><points><x>0.36523</x><x>0.39551</x><y>0.69855</y><y>0.74493</y></points><label>6</label><labelname>sill</labelname><flag>1</flag></object><object><points><x>0.36523</x><x>0.39453</x><y>0.74493</y><y>0.8087</y></points><label>6</label><labelname>sill</labelname><flag>1</flag></object><object><points><x>0.36523</x><x>0.39551</x><y>0.8087</y><y>0.84928</y></points><label>6</label><labelname>sill</labelname><flag>1</flag></object><object><points><x>0.24219</x><x>0.27637</x><y>0.21014</y><y>0.38986</y></points><label>5</label><labelname>cornice</labelname><flag>1</flag></object><object><points><x>0.24512</x><x>0.27734</x><y>0.68696</y><y>0.86377</y></points><label>5</label><labelname>cornice</labelname><flag>1</flag></object><object><points><x>0.027344</x><x>0.097656</x><y>0.44928</y><y>0.62319</y></points><label>9</label><labelname>deco</labelname><flag>1</flag></object><object><points><x>0.050781</x><x>0.088867</x><y>0.16522</y><y>0.38696</y></points><label>9</label><labelname>deco</labelname><flag>1</flag></object><object><points><x>0.048828</x><x>0.088867</x><y>0.68986</y><y>0.91304</y></points><label>9</label><labelname>deco</labelname><flag>1</flag></object><object><points><x>0.7168</x><x>0.74414</x><y>0.16812</y><y>0.91159</y></points><label>10</label><labelname>molding</labelname><flag>1</flag></object><object><points><x>0.37109</x><x>0.41504</x><y>0.16812</y><y>0.90725</y></points><label>10</label><labelname>molding</labelname><flag>1</flag></object><object><points><x>0.79102</x><x>0.82422</x><y>0.16957</y><y>0.20725</y></points><label>12</label><labelname>shop</labelname><flag>1</flag></object><object><points><x>0.82715</x><x>0.85449</x><y>0.16957</y><y>0.20435</y></points><label>12</label><labelname>shop</labelname><flag>1</flag></object><object><points><x>0.625</x><x>0.67676</x><y>0.48986</y><y>0.55942</y></points><label>3</label><labelname>window</labelname><flag>1</flag></object>