<object><points><x>0.0087891</x><x>0.9873</x><y>0.0069686</y><y>1</y></points><label>2</label><labelname>facade</labelname><flag>1</flag></object><object><points><x>0.22461</x><x>0.28223</x><y>0.16202</y><y>0.26132</y></points><label>3</label><labelname>window</labelname><flag>1</flag></object><object><points><x>0.21875</x><x>0.27637</x><y>0.64983</y><y>0.74913</y></points><label>3</label><labelname>window</labelname><flag>1</flag></object><object><points><x>0.70801</x><x>0.7959</x><y>0.010453</y><y>0.93728</y></points><label>3</label><labelname>window</labelname><flag>1</flag></object><object><points><x>0.31348</x><x>0.4375</x><y>0.074913</y><y>0.36411</y></points><label>7</label><labelname>balcony</labelname><flag>1</flag></object><object><points><x>0.30762</x><x>0.43164</x><y>0.58014</y><y>0.86934</y></points><label>7</label><labelname>balcony</labelname><flag>1</flag></object><object><points><x>0.43848</x><x>0.55078</x><y>0.59408</y><y>0.87979</y></points><label>7</label><labelname>balcony</labelname><flag>1</flag></object><object><points><x>0.44043</x><x>0.55371</x><y>0.083624</y><y>0.36934</y></points><label>7</label><labelname>balcony</labelname><flag>1</flag></object><object><points><x>0.58691</x><x>0.63281</x><y>0.045296</y><y>0.36411</y></points><label>7</label><labelname>balcony</labelname><flag>1</flag></object><object><points><x>0.58984</x><x>0.63574</x><y>0.57143</y><y>0.89024</y></points><label>7</label><labelname>balcony</labelname><flag>1</flag></object><object><points><x>0.75879</x><x>0.80957</x><y>0.02439</y><y>0.94077</y></points><label>7</label><labelname>balcony</labelname><flag>1</flag></object><object><points><x>0.2168</x><x>0.28125</x><y>0.25958</y><y>0.29965</y></points><label>8</label><labelname>blind</labelname><flag>1</flag></object><object><points><x>0.22168</x><x>0.28516</x><y>0.15157</y><y>0.1899</y></points><label>8</label><labelname>blind</labelname><flag>1</flag></object><object><points><x>0.21582</x><x>0.2793</x><y>0.63589</y><y>0.67247</y></points><label>8</label><labelname>blind</labelname><flag>1</flag></object><object><points><x>0.21191</x><x>0.27539</x><y>0.74564</y><y>0.78397</y></points><label>8</label><labelname>blind</labelname><flag>1</flag></object><object><points><x>0.09375</x><x>0.22461</x><y>0.36934</y><y>0.54704</y></points><label>9</label><labelname>deco</labelname><flag>1</flag></object><object><points><x>0.56641</x><x>0.63184</x><y>0.37282</y><y>0.56969</y></points><label>9</label><labelname>deco</labelname><flag>1</flag></object><object><points><x>0.63672</x><x>0.72852</x><y>0.017422</y><y>0.93554</y></points><label>9</label><labelname>deco</labelname><flag>1</flag></object><object><points><x>0.67188</x><x>0.75293</x><y>0.39024</y><y>0.40767</y></points><label>11</label><labelname>pillar</labelname><flag>1</flag></object><object><points><x>0.67578</x><x>0.76953</x><y>0.17422</y><y>0.19512</y></points><label>11</label><labelname>pillar</labelname><flag>1</flag></object><object><points><x>0.67383</x><x>0.75488</x><y>0.50697</y><y>0.52439</y></points><label>11</label><labelname>pillar</labelname><flag>1</flag></object><object><points><x>0.67871</x><x>0.77344</x><y>0.74216</y><y>0.75958</y></points><label>11</label><labelname>pillar</labelname><flag>1</flag></object><object><points><x>0.76953</x><x>0.79199</x><y>0.16028</y><y>0.20557</y></points><label>11</label><labelname>pillar</labelname><flag>1</flag></object><object><points><x>0.75391</x><x>0.78809</x><y>0.37282</y><y>0.42509</y></points><label>11</label><labelname>pillar</labelname><flag>1</flag></object><object><points><x>0.75488</x><x>0.79004</x><y>0.49652</y><y>0.54704</y></points><label>11</label><labelname>pillar</labelname><flag>1</flag></object><object><points><x>0.77344</x><x>0.7998</x><y>0.73171</y><y>0.77352</y></points><label>11</label><labelname>pillar</labelname><flag>1</flag></object><object><points><x>0.66602</x><x>0.67578</x><y>0.16725</y><y>0.20209</y></points><label>11</label><labelname>pillar</labelname><flag>1</flag></object><object><points><x>0.66309</x><x>0.67383</x><y>0.37979</y><y>0.41463</y></points><label>11</label><labelname>pillar</labelname><flag>1</flag></object><object><points><x>0.66504</x><x>0.67578</x><y>0.49652</y><y>0.53136</y></points><label>11</label><labelname>pillar</labelname><flag>1</flag></object><object><points><x>0.66797</x><x>0.67871</x><y>0.72997</y><y>0.76655</y></points><label>11</label><labelname>pillar</labelname><flag>1</flag></object><object><points><x>0.84961</x><x>0.97559</x><y>0.39547</y><y>0.58711</y></points><label>12</label><labelname>shop</labelname><flag>1</flag></object><object><points><x>0.85449</x><x>0.98047</x><y>0.63066</y><y>0.82056</y></points><label>12</label><labelname>shop</labelname><flag>1</flag></object><object><points><x>0.85059</x><x>0.97656</x><y>0.16028</y><y>0.32927</y></points><label>12</label><labelname>shop</labelname><flag>1</flag></object>