<object><points><x>0.0034722</x><x>0.85764</x><y>0.0017007</y><y>0.9932</y></points><label>2</label><labelname>facade</labelname><flag>1</flag></object><object><points><x>0.027778</x><x>0.13542</x><y>0.41667</y><y>0.45408</y></points><label>3</label><labelname>window</labelname><flag>1</flag></object><object><points><x>0.03125</x><x>0.13889</x><y>0.47279</y><y>0.5102</y></points><label>3</label><labelname>window</labelname><flag>1</flag></object><object><points><x>0.045139</x><x>0.14931</x><y>0.53231</y><y>0.56293</y></points><label>3</label><labelname>window</labelname><flag>1</flag></object><object><points><x>0.034722</x><x>0.14236</x><y>0.36735</y><y>0.39796</y></points><label>3</label><labelname>window</labelname><flag>1</flag></object><object><points><x>0.052083</x><x>0.14583</x><y>0.33163</y><y>0.35034</y></points><label>3</label><labelname>window</labelname><flag>1</flag></object><object><points><x>0.090278</x><x>0.18403</x><y>0.62585</y><y>0.64456</y></points><label>3</label><labelname>window</labelname><flag>1</flag></object><object><points><x>0.0625</x><x>0.17014</x><y>0.58333</y><y>0.61054</y></points><label>3</label><labelname>window</labelname><flag>1</flag></object><object><points><x>0.70486</x><x>0.79861</x><y>0.48129</y><y>0.5102</y></points><label>3</label><labelname>window</labelname><flag>1</flag></object><object><points><x>0.47222</x><x>0.57986</x><y>0.086735</y><y>0.11054</y></points><label>3</label><labelname>window</labelname><flag>1</flag></object><object><points><x>0.47222</x><x>0.57986</x><y>0.12755</y><y>0.15306</y></points><label>3</label><labelname>window</labelname><flag>1</flag></object><object><points><x>0.47222</x><x>0.58333</x><y>0.16837</y><y>0.19388</y></points><label>3</label><labelname>window</labelname><flag>1</flag></object><object><points><x>0.47569</x><x>0.58333</x><y>0.21259</y><y>0.2381</y></points><label>3</label><labelname>window</labelname><flag>1</flag></object><object><points><x>0.46875</x><x>0.57639</x><y>0.044218</y><y>0.068027</y></points><label>3</label><labelname>window</labelname><flag>1</flag></object><object><points><x>0.35417</x><x>0.4375</x><y>0.21259</y><y>0.23639</y></points><label>3</label><labelname>window</labelname><flag>1</flag></object><object><points><x>0.35417</x><x>0.4375</x><y>0.17007</y><y>0.19388</y></points><label>3</label><labelname>window</labelname><flag>1</flag></object><object><points><x>0.35417</x><x>0.4375</x><y>0.12755</y><y>0.15136</y></points><label>3</label><labelname>window</labelname><flag>1</flag></object><object><points><x>0.35417</x><x>0.43403</x><y>0.086735</y><y>0.10884</y></points><label>3</label><labelname>window</labelname><flag>1</flag></object><object><points><x>0.35417</x><x>0.43403</x><y>0.045918</y><y>0.068027</y></points><label>3</label><labelname>window</labelname><flag>1</flag></object><object><points><x>0.35417</x><x>0.43403</x><y>0.005102</y><y>0.027211</y></points><label>3</label><labelname>window</labelname><flag>1</flag></object><object><points><x>0.46875</x><x>0.57639</x><y>0.005102</y><y>0.030612</y></points><label>3</label><labelname>window</labelname><flag>1</flag></object><object><points><x>0.62847</x><x>0.71528</x><y>0.21429</y><y>0.23639</y></points><label>3</label><labelname>window</labelname><flag>1</flag></object><object><points><x>0.625</x><x>0.71181</x><y>0.17007</y><y>0.19218</y></points><label>3</label><labelname>window</labelname><flag>1</flag></object><object><points><x>0.62847</x><x>0.71528</x><y>0.12755</y><y>0.14966</y></points><label>3</label><labelname>window</labelname><flag>1</flag></object><object><points><x>0.62153</x><x>0.70833</x><y>0.085034</y><y>0.10714</y></points><label>3</label><labelname>window</labelname><flag>1</flag></object><object><points><x>0.625</x><x>0.71181</x><y>0.044218</y><y>0.066327</y></points><label>3</label><labelname>window</labelname><flag>1</flag></object><object><points><x>0.62153</x><x>0.70833</x><y>0.0034014</y><y>0.02551</y></points><label>3</label><labelname>window</labelname><flag>1</flag></object><object><points><x>0.35069</x><x>0.44097</x><y>0.73639</y><y>0.76531</y></points><label>3</label><labelname>window</labelname><flag>1</flag></object><object><points><x>0.34722</x><x>0.4375</x><y>0.78061</y><y>0.80952</y></points><label>3</label><labelname>window</labelname><flag>1</flag></object><object><points><x>0.34722</x><x>0.4375</x><y>0.82653</y><y>0.85544</y></points><label>3</label><labelname>window</labelname><flag>1</flag></object><object><points><x>0.34722</x><x>0.4375</x><y>0.87245</y><y>0.89966</y></points><label>3</label><labelname>window</labelname><flag>1</flag></object><object><points><x>0.34722</x><x>0.4375</x><y>0.91497</y><y>0.94388</y></points><label>3</label><labelname>window</labelname><flag>1</flag></object><object><points><x>0.47569</x><x>0.58681</x><y>0.73639</y><y>0.76361</y></points><label>3</label><labelname>window</labelname><flag>1</flag></object><object><points><x>0.47569</x><x>0.58681</x><y>0.78231</y><y>0.80952</y></points><label>3</label><labelname>window</labelname><flag>1</flag></object><object><points><x>0.47222</x><x>0.58333</x><y>0.82653</y><y>0.85374</y></points><label>3</label><labelname>window</labelname><flag>1</flag></object><object><points><x>0.46875</x><x>0.58333</x><y>0.87245</y><y>0.89966</y></points><label>3</label><labelname>window</labelname><flag>1</flag></object><object><points><x>0.47222</x><x>0.58681</x><y>0.91497</y><y>0.94218</y></points><label>3</label><labelname>window</labelname><flag>1</flag></object><object><points><x>0.63542</x><x>0.72569</x><y>0.7381</y><y>0.7619</y></points><label>3</label><labelname>window</labelname><flag>1</flag></object><object><points><x>0.63542</x><x>0.72569</x><y>0.78401</y><y>0.80782</y></points><label>3</label><labelname>window</labelname><flag>1</flag></object><object><points><x>0.63542</x><x>0.72569</x><y>0.82823</y><y>0.85204</y></points><label>3</label><labelname>window</labelname><flag>1</flag></object><object><points><x>0.63194</x><x>0.72222</x><y>0.87245</y><y>0.89796</y></points><label>3</label><labelname>window</labelname><flag>1</flag></object><object><points><x>0.62847</x><x>0.71875</x><y>0.91837</y><y>0.94218</y></points><label>3</label><labelname>window</labelname><flag>1</flag></object><object><points><x>0.5</x><x>0.55903</x><y>0.48299</y><y>0.5017</y></points><label>3</label><labelname>window</labelname><flag>1</flag></object><object><points><x>0.50347</x><x>0.5625</x><y>0.54082</y><y>0.55952</y></points><label>3</label><labelname>window</labelname><flag>1</flag></object><object><points><x>0.5</x><x>0.55903</x><y>0.42517</y><y>0.44218</y></points><label>3</label><labelname>window</labelname><flag>1</flag></object><object><points><x>0.50347</x><x>0.55556</x><y>0.33333</y><y>0.34524</y></points><label>3</label><labelname>window</labelname><flag>1</flag></object><object><points><x>0.63194</x><x>0.84028</x><y>0.39626</y><y>0.44388</y></points><label>4</label><labelname>door</labelname><flag>1</flag></object><object><points><x>0.63194</x><x>0.84028</x><y>0.54592</y><y>0.59184</y></points><label>4</label><labelname>door</labelname><flag>1</flag></object><object><points><x>0.63889</x><x>0.84028</x><y>0.66497</y><y>0.68878</y></points><label>4</label><labelname>door</labelname><flag>1</flag></object><object><points><x>0.63194</x><x>0.83681</x><y>0.27551</y><y>0.30612</y></points><label>4</label><labelname>door</labelname><flag>1</flag></object><object><points><x>0.43403</x><x>0.45139</x><y>0.078231</y><y>0.11224</y></points><label>6</label><labelname>sill</labelname><flag>1</flag></object><object><points><x>0.43056</x><x>0.45139</x><y>0.12075</y><y>0.15476</y></points><label>6</label><labelname>sill</labelname><flag>1</flag></object><object><points><x>0.43403</x><x>0.45139</x><y>0.16327</y><y>0.19728</y></points><label>6</label><labelname>sill</labelname><flag>1</flag></object><object><points><x>0.43056</x><x>0.45139</x><y>0.20578</y><y>0.2398</y></points><label>6</label><labelname>sill</labelname><flag>1</flag></object><object><points><x>0.43056</x><x>0.44792</x><y>0.0034014</y><y>0.030612</y></points><label>6</label><labelname>sill</labelname><flag>1</flag></object><object><points><x>0.42708</x><x>0.44792</x><y>0.037415</y><y>0.071429</y></points><label>6</label><labelname>sill</labelname><flag>1</flag></object><object><points><x>0.4375</x><x>0.45486</x><y>0.73469</y><y>0.76871</y></points><label>6</label><labelname>sill</labelname><flag>1</flag></object><object><points><x>0.43403</x><x>0.45139</x><y>0.77891</y><y>0.81293</y></points><label>6</label><labelname>sill</labelname><flag>1</flag></object><object><points><x>0.43403</x><x>0.45139</x><y>0.82483</y><y>0.85884</y></points><label>6</label><labelname>sill</labelname><flag>1</flag></object><object><points><x>0.43056</x><x>0.44792</x><y>0.87075</y><y>0.90476</y></points><label>6</label><labelname>sill</labelname><flag>1</flag></object><object><points><x>0.43056</x><x>0.44792</x><y>0.91497</y><y>0.95068</y></points><label>6</label><labelname>sill</labelname><flag>1</flag></object><object><points><x>0.55556</x><x>0.58333</x><y>0.32313</y><y>0.37415</y></points><label>7</label><labelname>balcony</labelname><flag>1</flag></object><object><points><x>0.55556</x><x>0.58333</x><y>0.39456</y><y>0.44218</y></points><label>7</label><labelname>balcony</labelname><flag>1</flag></object><object><points><x>0.55903</x><x>0.58681</x><y>0.46599</y><y>0.52211</y></points><label>7</label><labelname>balcony</labelname><flag>1</flag></object><object><points><x>0.5625</x><x>0.59028</x><y>0.53912</y><y>0.59354</y></points><label>7</label><labelname>balcony</labelname><flag>1</flag></object><object><points><x>0.5625</x><x>0.59375</x><y>0.61224</y><y>0.65136</y></points><label>7</label><labelname>balcony</labelname><flag>1</flag></object><object><points><x>0.55556</x><x>0.59028</x><y>0.27891</y><y>0.31293</y></points><label>7</label><labelname>balcony</labelname><flag>1</flag></object><object><points><x>0.56597</x><x>0.60069</x><y>0.66497</y><y>0.69218</y></points><label>7</label><labelname>balcony</labelname><flag>1</flag></object><object><points><x>0.5625</x><x>0.59028</x><y>0.2466</y><y>0.26871</y></points><label>7</label><labelname>balcony</labelname><flag>1</flag></object><object><points><x>0.57639</x><x>0.60764</x><y>0.69728</y><y>0.71259</y></points><label>7</label><labelname>balcony</labelname><flag>1</flag></object><object><points><x>0.35764</x><x>0.43056</x><y>0.047619</y><y>0.066327</y></points><label>8</label><labelname>blind</labelname><flag>1</flag></object><object><points><x>0.63889</x><x>0.66319</x><y>0.7381</y><y>0.7602</y></points><label>8</label><labelname>blind</labelname><flag>1</flag></object><object><points><x>0.63542</x><x>0.67361</x><y>0.82993</y><y>0.85204</y></points><label>8</label><labelname>blind</labelname><flag>1</flag></object><object><points><x>0.63194</x><x>0.67361</x><y>0.87415</y><y>0.89626</y></points><label>8</label><labelname>blind</labelname><flag>1</flag></object><object><points><x>0.62847</x><x>0.65972</x><y>0.92007</y><y>0.94218</y></points><label>8</label><labelname>blind</labelname><flag>1</flag></object><object><points><x>0.62847</x><x>0.64583</x><y>0.21429</y><y>0.23469</y></points><label>8</label><labelname>blind</labelname><flag>1</flag></object><object><points><x>0.27431</x><x>0.34722</x><y>0.0085034</y><y>0.9881</y></points><label>10</label><labelname>molding</labelname><flag>1</flag></object><object><points><x>0.56597</x><x>0.62847</x><y>0.005102</y><y>0.9898</y></points><label>10</label><labelname>molding</labelname><flag>1</flag></object><object><points><x>0.28472</x><x>0.54167</x><y>0.31633</y><y>0.32993</y></points><label>11</label><labelname>pillar</labelname><flag>1</flag></object><object><points><x>0.28125</x><x>0.53819</x><y>0.37925</y><y>0.39116</y></points><label>11</label><labelname>pillar</labelname><flag>1</flag></object><object><points><x>0.29861</x><x>0.55208</x><y>0.27381</y><y>0.28741</y></points><label>11</label><labelname>pillar</labelname><flag>1</flag></object><object><points><x>0.31944</x><x>0.55903</x><y>0.2483</y><y>0.2602</y></points><label>11</label><labelname>pillar</labelname><flag>1</flag></object><object><points><x>0.27431</x><x>0.53819</x><y>0.45068</y><y>0.46259</y></points><label>11</label><labelname>pillar</labelname><flag>1</flag></object><object><points><x>0.28472</x><x>0.54167</x><y>0.52381</y><y>0.53741</y></points><label>11</label><labelname>pillar</labelname><flag>1</flag></object><object><points><x>0.29514</x><x>0.54861</x><y>0.59354</y><y>0.60714</y></points><label>11</label><labelname>pillar</labelname><flag>1</flag></object><object><points><x>0.3125</x><x>0.55903</x><y>0.64626</y><y>0.65986</y></points><label>11</label><labelname>pillar</labelname><flag>1</flag></object><object><points><x>0.34028</x><x>0.56597</x><y>0.68197</y><y>0.69218</y></points><label>11</label><labelname>pillar</labelname><flag>1</flag></object><object><points><x>0.35417</x><x>0.57292</x><y>0.70238</y><y>0.71088</y></points><label>11</label><labelname>pillar</labelname><flag>1</flag></object><object><points><x>0.54167</x><x>0.55903</x><y>0.37415</y><y>0.39626</y></points><label>11</label><labelname>pillar</labelname><flag>1</flag></object><object><points><x>0.54167</x><x>0.55903</x><y>0.31122</y><y>0.33333</y></points><label>11</label><labelname>pillar</labelname><flag>1</flag></object><object><points><x>0.55208</x><x>0.5625</x><y>0.26701</y><y>0.29082</y></points><label>11</label><labelname>pillar</labelname><flag>1</flag></object><object><points><x>0.55903</x><x>0.56944</x><y>0.2449</y><y>0.26361</y></points><label>11</label><labelname>pillar</labelname><flag>1</flag></object><object><points><x>0.54167</x><x>0.55903</x><y>0.44728</y><y>0.46939</y></points><label>11</label><labelname>pillar</labelname><flag>1</flag></object><object><points><x>0.54167</x><x>0.55903</x><y>0.52041</y><y>0.54252</y></points><label>11</label><labelname>pillar</labelname><flag>1</flag></object><object><points><x>0.54861</x><x>0.56944</x><y>0.58844</y><y>0.61054</y></points><label>11</label><labelname>pillar</labelname><flag>1</flag></object><object><points><x>0.55903</x><x>0.57292</x><y>0.64456</y><y>0.66156</y></points><label>11</label><labelname>pillar</labelname><flag>1</flag></object><object><points><x>0.56597</x><x>0.57639</x><y>0.67857</y><y>0.69558</y></points><label>11</label><labelname>pillar</labelname><flag>1</flag></object><object><points><x>0.57292</x><x>0.57639</x><y>0.69728</y><y>0.71429</y></points><label>11</label><labelname>pillar</labelname><flag>1</flag></object><object><points><x>0.25694</x><x>0.27431</x><y>0.44728</y><y>0.46599</y></points><label>11</label><labelname>pillar</labelname><flag>1</flag></object><object><points><x>0.26389</x><x>0.28472</x><y>0.52211</y><y>0.54082</y></points><label>11</label><labelname>pillar</labelname><flag>1</flag></object><object><points><x>0.27083</x><x>0.29167</x><y>0.59014</y><y>0.60884</y></points><label>11</label><labelname>pillar</labelname><flag>1</flag></object><object><points><x>0.29514</x><x>0.31597</x><y>0.64286</y><y>0.66156</y></points><label>11</label><labelname>pillar</labelname><flag>1</flag></object><object><points><x>0.31944</x><x>0.34028</x><y>0.67687</y><y>0.69728</y></points><label>11</label><labelname>pillar</labelname><flag>1</flag></object><object><points><x>0.33681</x><x>0.35417</x><y>0.69898</y><y>0.71259</y></points><label>11</label><labelname>pillar</labelname><flag>1</flag></object><object><points><x>0.26389</x><x>0.28125</x><y>0.37585</y><y>0.39456</y></points><label>11</label><labelname>pillar</labelname><flag>1</flag></object><object><points><x>0.26389</x><x>0.28472</x><y>0.31463</y><y>0.33333</y></points><label>11</label><labelname>pillar</labelname><flag>1</flag></object><object><points><x>0.28125</x><x>0.29514</x><y>0.27041</y><y>0.29082</y></points><label>11</label><labelname>pillar</labelname><flag>1</flag></object><object><points><x>0.30556</x><x>0.31944</x><y>0.2449</y><y>0.26531</y></points><label>11</label><labelname>pillar</labelname><flag>1</flag></object><object><points><x>0.63542</x><x>0.67014</x><y>0.48299</y><y>0.5068</y></points><label>3</label><labelname>window</labelname><flag>1</flag></object><object><points><x>0.63194</x><x>0.66667</x><y>0.33844</y><y>0.35544</y></points><label>3</label><labelname>window</labelname><flag>1</flag></object><object><points><x>0.64236</x><x>0.67361</x><y>0.62415</y><y>0.64286</y></points><label>3</label><labelname>window</labelname><flag>1</flag></object><object><points><x>0.034722</x><x>0.15972</x><y>0.57143</y><y>0.57993</y></points><label>11</label><labelname>pillar</labelname><flag>1</flag></object><object><points><x>0.0625</x><x>0.17014</x><y>0.61565</y><y>0.62585</y></points><label>11</label><labelname>pillar</labelname><flag>1</flag></object><object><points><x>0.086806</x><x>0.1875</x><y>0.64966</y><y>0.65476</y></points><label>11</label><labelname>pillar</labelname><flag>1</flag></object><object><points><x>0.017361</x><x>0.14583</x><y>0.51531</y><y>0.52721</y></points><label>11</label><labelname>pillar</labelname><flag>1</flag></object><object><points><x>0.013889</x><x>0.13889</x><y>0.45748</y><y>0.46769</y></points><label>11</label><labelname>pillar</labelname><flag>1</flag></object><object><points><x>0.010417</x><x>0.13542</x><y>0.39796</y><y>0.40986</y></points><label>11</label><labelname>pillar</labelname><flag>1</flag></object><object><points><x>0.017361</x><x>0.14583</x><y>0.35034</y><y>0.36224</y></points><label>11</label><labelname>pillar</labelname><flag>1</flag></object><object><points><x>0.041667</x><x>0.14931</x><y>0.31463</y><y>0.32313</y></points><label>11</label><labelname>pillar</labelname><flag>1</flag></object><object><points><x>0.069444</x><x>0.15625</x><y>0.29422</y><y>0.29932</y></points><label>11</label><labelname>pillar</labelname><flag>1</flag></object><object><points><x>0.045139</x><x>0.069444</x><y>0.29422</y><y>0.29932</y></points><label>11</label><labelname>pillar</labelname><flag>1</flag></object><object><points><x>0.020833</x><x>0.041667</x><y>0.31293</y><y>0.32313</y></points><label>11</label><labelname>pillar</labelname><flag>1</flag></object><object><points><x>0.0034722</x><x>0.017361</x><y>0.35034</y><y>0.36224</y></points><label>11</label><labelname>pillar</labelname><flag>1</flag></object><object><points><x>0.0034722</x><x>0.010417</x><y>0.39796</y><y>0.40986</y></points><label>11</label><labelname>pillar</labelname><flag>1</flag></object><object><points><x>0.0034722</x><x>0.010417</x><y>0.45578</y><y>0.46939</y></points><label>11</label><labelname>pillar</labelname><flag>1</flag></object><object><points><x>0.0034722</x><x>0.017361</x><y>0.51531</y><y>0.52891</y></points><label>11</label><labelname>pillar</labelname><flag>1</flag></object><object><points><x>0.013889</x><x>0.034722</x><y>0.56973</y><y>0.58163</y></points><label>11</label><labelname>pillar</labelname><flag>1</flag></object><object><points><x>0.034722</x><x>0.0625</x><y>0.61565</y><y>0.62585</y></points><label>11</label><labelname>pillar</labelname><flag>1</flag></object><object><points><x>0.0625</x><x>0.086806</x><y>0.64796</y><y>0.65646</y></points><label>11</label><labelname>pillar</labelname><flag>1</flag></object>