<object><points><x>0.19043</x><x>0.99512</x><y>0.0026042</y><y>0.82292</y></points><label>2</label><labelname>facade</labelname><flag>1</flag></object><object><points><x>0.51367</x><x>0.58398</x><y>0.17448</y><y>0.34766</y></points><label>5</label><labelname>cornice</labelname><flag>1</flag></object><object><points><x>0.55176</x><x>0.58398</x><y>0.38542</y><y>0.49349</y></points><label>5</label><labelname>cornice</labelname><flag>1</flag></object><object><points><x>0.58496</x><x>0.64746</x><y>0.40365</y><y>0.47005</y></points><label>3</label><labelname>window</labelname><flag>1</flag></object><object><points><x>0.58496</x><x>0.64844</x><y>0.28255</y><y>0.32552</y></points><label>3</label><labelname>window</labelname><flag>1</flag></object><object><points><x>0.58496</x><x>0.64941</x><y>0.19271</y><y>0.23698</y></points><label>3</label><labelname>window</labelname><flag>1</flag></object><object><points><x>0.70996</x><x>0.77539</x><y>0.19271</y><y>0.23698</y></points><label>3</label><labelname>window</labelname><flag>1</flag></object><object><points><x>0.90039</x><x>0.99512</x><y>0.22266</y><y>0.28646</y></points><label>4</label><labelname>door</labelname><flag>1</flag></object><object><points><x>0.8457</x><x>0.87793</x><y>0.22135</y><y>0.28516</y></points><label>3</label><labelname>window</labelname><flag>1</flag></object><object><points><x>0.83301</x><x>0.90039</x><y>0.39844</y><y>0.47005</y></points><label>3</label><labelname>window</labelname><flag>1</flag></object><object><points><x>0.71191</x><x>0.77344</x><y>0.39844</y><y>0.46484</y></points><label>3</label><labelname>window</labelname><flag>1</flag></object><object><points><x>0.70996</x><x>0.77441</x><y>0.27995</y><y>0.32422</y></points><label>3</label><labelname>window</labelname><flag>1</flag></object><object><points><x>0.83008</x><x>0.89844</x><y>0.64844</y><y>0.70312</y></points><label>3</label><labelname>window</labelname><flag>1</flag></object><object><points><x>0.69531</x><x>0.76074</x><y>0.67708</y><y>0.73438</y></points><label>3</label><labelname>window</labelname><flag>1</flag></object><object><points><x>0.69824</x><x>0.76562</x><y>0.60286</y><y>0.6224</y></points><label>3</label><labelname>window</labelname><flag>1</flag></object><object><points><x>0.52637</x><x>0.56055</x><y>0.67448</y><y>0.75391</y></points><label>5</label><labelname>cornice</labelname><flag>1</flag></object><object><points><x>0.56055</x><x>0.62793</x><y>0.68229</y><y>0.73958</y></points><label>3</label><labelname>window</labelname><flag>1</flag></object><object><points><x>0.56836</x><x>0.63965</x><y>0.60286</y><y>0.625</y></points><label>3</label><labelname>window</labelname><flag>1</flag></object><object><points><x>0.43262</x><x>0.50781</x><y>0.60417</y><y>0.625</y></points><label>3</label><labelname>window</labelname><flag>1</flag></object><object><points><x>0.42578</x><x>0.49316</x><y>0.67839</y><y>0.73568</y></points><label>3</label><labelname>window</labelname><flag>1</flag></object><object><points><x>0.32812</x><x>0.3584</x><y>0.64193</y><y>0.70833</y></points><label>3</label><labelname>window</labelname><flag>1</flag></object><object><points><x>0.45605</x><x>0.51855</x><y>0.40365</y><y>0.47005</y></points><label>3</label><labelname>window</labelname><flag>1</flag></object><object><points><x>0.3291</x><x>0.3916</x><y>0.40495</y><y>0.47135</y></points><label>3</label><labelname>window</labelname><flag>1</flag></object><object><points><x>0.45703</x><x>0.51953</x><y>0.19401</y><y>0.23828</y></points><label>3</label><labelname>window</labelname><flag>1</flag></object><object><points><x>0.45703</x><x>0.51953</x><y>0.28255</y><y>0.32422</y></points><label>3</label><labelname>window</labelname><flag>1</flag></object><object><points><x>0.33008</x><x>0.3916</x><y>0.28255</y><y>0.32552</y></points><label>3</label><labelname>window</labelname><flag>1</flag></object><object><points><x>0.33008</x><x>0.39258</x><y>0.19531</y><y>0.23828</y></points><label>3</label><labelname>window</labelname><flag>1</flag></object><object><points><x>0.55176</x><x>0.58691</x><y>0.026042</y><y>0.13672</y></points><label>5</label><labelname>cornice</labelname><flag>1</flag></object><object><points><x>0.30371</x><x>0.33203</x><y>0.27734</y><y>0.33854</y></points><label>5</label><labelname>cornice</labelname><flag>1</flag></object><object><points><x>0.30176</x><x>0.33105</x><y>0.1888</y><y>0.25</y></points><label>5</label><labelname>cornice</labelname><flag>1</flag></object><object><points><x>0.30273</x><x>0.3291</x><y>0.39453</y><y>0.47917</y></points><label>5</label><labelname>cornice</labelname><flag>1</flag></object><object><points><x>0.42676</x><x>0.45312</x><y>0.03776</y><y>0.1276</y></points><label>5</label><labelname>cornice</labelname><flag>1</flag></object><object><points><x>0.4248</x><x>0.4502</x><y>0.39453</y><y>0.48438</y></points><label>5</label><labelname>cornice</labelname><flag>1</flag></object><object><points><x>0.42578</x><x>0.4502</x><y>0.27083</y><y>0.34245</y></points><label>5</label><labelname>cornice</labelname><flag>1</flag></object><object><points><x>0.42676</x><x>0.45117</x><y>0.18359</y><y>0.25521</y></points><label>5</label><labelname>cornice</labelname><flag>1</flag></object><object><points><x>0.3916</x><x>0.41992</x><y>0.036458</y><y>0.1276</y></points><label>6</label><labelname>sill</labelname><flag>1</flag></object><object><points><x>0.33105</x><x>0.39355</x><y>0.050781</y><y>0.11719</y></points><label>3</label><labelname>window</labelname><flag>1</flag></object><object><points><x>0.45898</x><x>0.52148</x><y>0.049479</y><y>0.11458</y></points><label>3</label><labelname>window</labelname><flag>1</flag></object><object><points><x>0.38965</x><x>0.41797</x><y>0.39193</y><y>0.48177</y></points><label>6</label><labelname>sill</labelname><flag>1</flag></object><object><points><x>0.39062</x><x>0.41699</x><y>0.26953</y><y>0.34115</y></points><label>6</label><labelname>sill</labelname><flag>1</flag></object><object><points><x>0.39062</x><x>0.41699</x><y>0.17969</y><y>0.2526</y></points><label>6</label><labelname>sill</labelname><flag>1</flag></object><object><points><x>0.51855</x><x>0.55469</x><y>0.042969</y><y>0.1237</y></points><label>6</label><labelname>sill</labelname><flag>1</flag></object><object><points><x>0.51758</x><x>0.55371</x><y>0.39583</y><y>0.47786</y></points><label>6</label><labelname>sill</labelname><flag>1</flag></object><object><points><x>0.51953</x><x>0.55371</x><y>0.27734</y><y>0.33724</y></points><label>6</label><labelname>sill</labelname><flag>1</flag></object><object><points><x>0.51855</x><x>0.55273</x><y>0.18229</y><y>0.24219</y></points><label>6</label><labelname>sill</labelname><flag>1</flag></object><object><points><x>0.64648</x><x>0.67676</x><y>0.38802</y><y>0.48698</y></points><label>6</label><labelname>sill</labelname><flag>1</flag></object><object><points><x>0.64941</x><x>0.68066</x><y>0.027344</y><y>0.1263</y></points><label>6</label><labelname>sill</labelname><flag>1</flag></object><object><points><x>0.58691</x><x>0.64941</x><y>0.049479</y><y>0.11589</y></points><label>3</label><labelname>window</labelname><flag>1</flag></object><object><points><x>0.64551</x><x>0.67773</x><y>0.17839</y><y>0.2513</y></points><label>6</label><labelname>sill</labelname><flag>1</flag></object><object><points><x>0.64746</x><x>0.67969</x><y>0.26693</y><y>0.33984</y></points><label>6</label><labelname>sill</labelname><flag>1</flag></object><object><points><x>0.49121</x><x>0.53418</x><y>0.67318</y><y>0.74609</y></points><label>6</label><labelname>sill</labelname><flag>1</flag></object><object><points><x>0.62793</x><x>0.65527</x><y>0.66927</y><y>0.7526</y></points><label>6</label><labelname>sill</labelname><flag>1</flag></object><object><points><x>0.76855</x><x>0.7959</x><y>0.58854</y><y>0.63411</y></points><label>6</label><labelname>sill</labelname><flag>1</flag></object><object><points><x>0.89844</x><x>0.92578</x><y>0.38932</y><y>0.48047</y></points><label>6</label><labelname>sill</labelname><flag>1</flag></object><object><points><x>0.89648</x><x>0.93262</x><y>0.63281</y><y>0.71484</y></points><label>6</label><labelname>sill</labelname><flag>1</flag></object><object><points><x>0.77344</x><x>0.7998</x><y>0.39323</y><y>0.47135</y></points><label>7</label><labelname>balcony</labelname><flag>1</flag></object><object><points><x>0.7627</x><x>0.78906</x><y>0.67057</y><y>0.75</y></points><label>7</label><labelname>balcony</labelname><flag>1</flag></object><object><points><x>0.77441</x><x>0.80176</x><y>0.27474</y><y>0.33333</y></points><label>7</label><labelname>balcony</labelname><flag>1</flag></object><object><points><x>0.77441</x><x>0.80176</x><y>0.1849</y><y>0.24349</y></points><label>7</label><labelname>balcony</labelname><flag>1</flag></object><object><points><x>0.23242</x><x>0.25781</x><y>0.75521</y><y>0.79688</y></points><label>7</label><labelname>balcony</labelname><flag>1</flag></object><object><points><x>0.23438</x><x>0.25879</x><y>0.55078</y><y>0.58724</y></points><label>7</label><labelname>balcony</labelname><flag>1</flag></object><object><points><x>0.19043</x><x>0.25977</x><y>0.59115</y><y>0.7513</y></points><label>9</label><labelname>deco</labelname><flag>1</flag></object><object><points><x>0.30957</x><x>0.3623</x><y>0.61849</y><y>0.73958</y></points><label>9</label><labelname>deco</labelname><flag>1</flag></object><object><points><x>0.35449</x><x>0.40918</x><y>0.58203</y><y>0.77214</y></points><label>7</label><labelname>balcony</labelname><flag>1</flag></object><object><points><x>0.36426</x><x>0.41992</x><y>0.64844</y><y>0.78516</y></points><label>5</label><labelname>cornice</labelname><flag>1</flag></object><object><points><x>0.64062</x><x>0.66602</x><y>0.58984</y><y>0.63672</y></points><label>6</label><labelname>sill</labelname><flag>1</flag></object><object><points><x>0.66602</x><x>0.69434</x><y>0.67578</y><y>0.7474</y></points><label>9</label><labelname>deco</labelname><flag>1</flag></object><object><points><x>0.66797</x><x>0.69922</x><y>0.57812</y><y>0.64974</y></points><label>9</label><labelname>deco</labelname><flag>1</flag></object><object><points><x>0.68359</x><x>0.71094</x><y>0.17969</y><y>0.2474</y></points><label>5</label><labelname>cornice</labelname><flag>1</flag></object><object><points><x>0.68262</x><x>0.71094</x><y>0.26693</y><y>0.33464</y></points><label>5</label><labelname>cornice</labelname><flag>1</flag></object><object><points><x>0.68164</x><x>0.70801</x><y>0.41276</y><y>0.45833</y></points><label>9</label><labelname>deco</labelname><flag>1</flag></object><object><points><x>0.86719</x><x>0.9043</x><y>0.20833</y><y>0.3099</y></points><label>9</label><labelname>deco</labelname><flag>1</flag></object><object><points><x>0.25684</x><x>0.32227</x><y>0.013021</y><y>0.81771</y></points><label>10</label><labelname>molding</labelname><flag>1</flag></object><object><points><x>0.38574</x><x>0.48242</x><y>0.0065104</y><y>0.8125</y></points><label>10</label><labelname>molding</labelname><flag>1</flag></object><object><points><x>0.64062</x><x>0.69434</x><y>0.0065104</y><y>0.8138</y></points><label>10</label><labelname>molding</labelname><flag>1</flag></object><object><points><x>0.7666</x><x>0.81738</x><y>0.0078125</y><y>0.8125</y></points><label>10</label><labelname>molding</labelname><flag>1</flag></object><object><points><x>0.47559</x><x>0.64844</x><y>0.14193</y><y>0.16927</y></points><label>11</label><labelname>pillar</labelname><flag>1</flag></object><object><points><x>0.47559</x><x>0.64844</x><y>0.35156</y><y>0.37891</y></points><label>11</label><labelname>pillar</labelname><flag>1</flag></object><object><points><x>0.47363</x><x>0.64648</x><y>0.4974</y><y>0.52474</y></points><label>11</label><labelname>pillar</labelname><flag>1</flag></object><object><points><x>0.47168</x><x>0.64453</x><y>0.52995</y><y>0.55729</y></points><label>11</label><labelname>pillar</labelname><flag>1</flag></object><object><points><x>0.47168</x><x>0.64453</x><y>0.79818</y><y>0.82161</y></points><label>11</label><labelname>pillar</labelname><flag>1</flag></object><object><points><x>0.31641</x><x>0.39746</x><y>0.35286</y><y>0.37891</y></points><label>11</label><labelname>pillar</labelname><flag>1</flag></object><object><points><x>0.31543</x><x>0.39648</x><y>0.4987</y><y>0.52474</y></points><label>11</label><labelname>pillar</labelname><flag>1</flag></object><object><points><x>0.31543</x><x>0.39648</x><y>0.53125</y><y>0.55729</y></points><label>11</label><labelname>pillar</labelname><flag>1</flag></object><object><points><x>0.31445</x><x>0.39648</x><y>0.79818</y><y>0.82161</y></points><label>11</label><labelname>pillar</labelname><flag>1</flag></object><object><points><x>0.31445</x><x>0.38477</x><y>0.58854</y><y>0.6263</y></points><label>11</label><labelname>pillar</labelname><flag>1</flag></object><object><points><x>0.31348</x><x>0.35547</x><y>0.73047</y><y>0.76693</y></points><label>11</label><labelname>pillar</labelname><flag>1</flag></object><object><points><x>0.68164</x><x>0.75488</x><y>0.65234</y><y>0.67578</y></points><label>11</label><labelname>pillar</labelname><flag>1</flag></object><object><points><x>0.68066</x><x>0.75488</x><y>0.7487</y><y>0.77083</y></points><label>11</label><labelname>pillar</labelname><flag>1</flag></object><object><points><x>0.75586</x><x>0.7627</x><y>0.65104</y><y>0.67708</y></points><label>11</label><labelname>pillar</labelname><flag>1</flag></object><object><points><x>0.75488</x><x>0.7627</x><y>0.7474</y><y>0.77344</y></points><label>11</label><labelname>pillar</labelname><flag>1</flag></object><object><points><x>0.66504</x><x>0.68164</x><y>0.65104</y><y>0.67708</y></points><label>11</label><labelname>pillar</labelname><flag>1</flag></object><object><points><x>0.66504</x><x>0.68066</x><y>0.74609</y><y>0.77344</y></points><label>11</label><labelname>pillar</labelname><flag>1</flag></object><object><points><x>0.44238</x><x>0.62207</x><y>0.65365</y><y>0.67318</y></points><label>11</label><labelname>pillar</labelname><flag>1</flag></object><object><points><x>0.44336</x><x>0.62207</x><y>0.7526</y><y>0.77214</y></points><label>11</label><labelname>pillar</labelname><flag>1</flag></object><object><points><x>0.62305</x><x>0.6582</x><y>0.65234</y><y>0.67448</y></points><label>11</label><labelname>pillar</labelname><flag>1</flag></object><object><points><x>0.62305</x><x>0.6582</x><y>0.7513</y><y>0.77214</y></points><label>11</label><labelname>pillar</labelname><flag>1</flag></object><object><points><x>0.64551</x><x>0.67383</x><y>0.79297</y><y>0.82161</y></points><label>11</label><labelname>pillar</labelname><flag>1</flag></object><object><points><x>0.64453</x><x>0.6748</x><y>0.53125</y><y>0.5625</y></points><label>11</label><labelname>pillar</labelname><flag>1</flag></object><object><points><x>0.64746</x><x>0.6748</x><y>0.49479</y><y>0.52734</y></points><label>11</label><labelname>pillar</labelname><flag>1</flag></object><object><points><x>0.64941</x><x>0.67871</x><y>0.34635</y><y>0.38411</y></points><label>11</label><labelname>pillar</labelname><flag>1</flag></object><object><points><x>0.64746</x><x>0.67578</x><y>0.13542</y><y>0.17318</y></points><label>11</label><labelname>pillar</labelname><flag>1</flag></object><object><points><x>0.44922</x><x>0.47559</x><y>0.13542</y><y>0.17318</y></points><label>11</label><labelname>pillar</labelname><flag>1</flag></object><object><points><x>0.44922</x><x>0.47559</x><y>0.34896</y><y>0.38672</y></points><label>11</label><labelname>pillar</labelname><flag>1</flag></object><object><points><x>0.44727</x><x>0.47363</x><y>0.49089</y><y>0.52734</y></points><label>11</label><labelname>pillar</labelname><flag>1</flag></object><object><points><x>0.44531</x><x>0.47168</x><y>0.52865</y><y>0.5612</y></points><label>11</label><labelname>pillar</labelname><flag>1</flag></object><object><points><x>0.41895</x><x>0.44238</x><y>0.65104</y><y>0.67708</y></points><label>11</label><labelname>pillar</labelname><flag>1</flag></object><object><points><x>0.41992</x><x>0.44336</x><y>0.7474</y><y>0.77604</y></points><label>11</label><labelname>pillar</labelname><flag>1</flag></object><object><points><x>0.44727</x><x>0.47168</x><y>0.79557</y><y>0.82292</y></points><label>11</label><labelname>pillar</labelname><flag>1</flag></object><object><points><x>0.2959</x><x>0.31445</x><y>0.79818</y><y>0.82161</y></points><label>11</label><labelname>pillar</labelname><flag>1</flag></object><object><points><x>0.29492</x><x>0.31348</x><y>0.72917</y><y>0.76823</y></points><label>11</label><labelname>pillar</labelname><flag>1</flag></object><object><points><x>0.2959</x><x>0.31445</x><y>0.58724</y><y>0.6263</y></points><label>11</label><labelname>pillar</labelname><flag>1</flag></object><object><points><x>0.2959</x><x>0.31641</x><y>0.52995</y><y>0.5599</y></points><label>11</label><labelname>pillar</labelname><flag>1</flag></object><object><points><x>0.2959</x><x>0.31543</x><y>0.49609</y><y>0.52604</y></points><label>11</label><labelname>pillar</labelname><flag>1</flag></object><object><points><x>0.2959</x><x>0.31641</x><y>0.35156</y><y>0.38151</y></points><label>11</label><labelname>pillar</labelname><flag>1</flag></object><object><points><x>0.39746</x><x>0.41602</x><y>0.35026</y><y>0.38151</y></points><label>11</label><labelname>pillar</labelname><flag>1</flag></object><object><points><x>0.39648</x><x>0.41504</x><y>0.49609</y><y>0.52604</y></points><label>11</label><labelname>pillar</labelname><flag>1</flag></object><object><points><x>0.39648</x><x>0.41406</x><y>0.52865</y><y>0.55729</y></points><label>11</label><labelname>pillar</labelname><flag>1</flag></object><object><points><x>0.39746</x><x>0.41406</x><y>0.79557</y><y>0.82161</y></points><label>11</label><labelname>pillar</labelname><flag>1</flag></object><object><points><x>0.39941</x><x>0.41797</x><y>0.14193</y><y>0.16927</y></points><label>11</label><labelname>pillar</labelname><flag>1</flag></object><object><points><x>0.31836</x><x>0.39941</x><y>0.14323</y><y>0.16797</y></points><label>11</label><labelname>pillar</labelname><flag>1</flag></object><object><points><x>0.95312</x><x>0.99219</x><y>0.65625</y><y>0.69922</y></points><label>3</label><labelname>window</labelname><flag>1</flag></object><object><points><x>0.95117</x><x>0.99414</x><y>0.40365</y><y>0.47396</y></points><label>3</label><labelname>window</labelname><flag>1</flag></object><object><points><x>0.95312</x><x>0.99414</x><y>0.43359</y><y>0.46745</y></points><label>8</label><labelname>blind</labelname><flag>1</flag></object><object><points><x>0.95312</x><x>0.99414</x><y>0.40495</y><y>0.43359</y></points><label>8</label><labelname>blind</labelname><flag>1</flag></object><object><points><x>0.9541</x><x>0.99121</x><y>0.65755</y><y>0.69661</y></points><label>8</label><labelname>blind</labelname><flag>1</flag></object>