<object><points><x>0.004717</x><x>1</x><y>0.1551</y><y>0.88479</y></points><label>2</label><labelname>facade</labelname><flag>1</flag></object><object><points><x>0.25236</x><x>0.42217</x><y>0.30281</y><y>0.37371</y></points><label>3</label><labelname>window</labelname><flag>1</flag></object><object><points><x>0.25708</x><x>0.42217</x><y>0.66174</y><y>0.73117</y></points><label>3</label><labelname>window</labelname><flag>1</flag></object><object><points><x>0.55425</x><x>0.74057</x><y>0.29838</y><y>0.36928</y></points><label>3</label><labelname>window</labelname><flag>1</flag></object><object><points><x>0.55189</x><x>0.74057</x><y>0.66617</y><y>0.73708</y></points><label>3</label><labelname>window</labelname><flag>1</flag></object><object><points><x>0.57547</x><x>0.78774</x><y>0.48744</y><y>0.55391</y></points><label>3</label><labelname>window</labelname><flag>1</flag></object><object><points><x>0.25708</x><x>0.44104</x><y>0.48301</y><y>0.55244</y></points><label>3</label><labelname>window</labelname><flag>1</flag></object><object><points><x>0.0070755</x><x>0.10377</x><y>0.48301</y><y>0.54505</y></points><label>3</label><labelname>window</labelname><flag>1</flag></object><object><points><x>0.41038</x><x>0.44104</x><y>0.27917</y><y>0.39291</y></points><label>6</label><labelname>sill</labelname><flag>1</flag></object><object><points><x>0.41274</x><x>0.4434</x><y>0.63959</y><y>0.75332</y></points><label>6</label><labelname>sill</labelname><flag>1</flag></object><object><points><x>0.72877</x><x>0.76179</x><y>0.64697</y><y>0.76071</y></points><label>6</label><labelname>sill</labelname><flag>1</flag></object><object><points><x>0.73349</x><x>0.76415</x><y>0.27031</y><y>0.38405</y></points><label>6</label><labelname>sill</labelname><flag>1</flag></object><object><points><x>0.34434</x><x>0.53538</x><y>0.38848</y><y>0.61448</y></points><label>7</label><labelname>balcony</labelname><flag>1</flag></object><object><points><x>0.68868</x><x>0.91274</x><y>0.37075</y><y>0.62482</y></points><label>7</label><labelname>balcony</labelname><flag>1</flag></object><object><points><x>0.10613</x><x>0.20519</x><y>0.17282</y><y>0.88183</y></points><label>10</label><labelname>molding</labelname><flag>1</flag></object><object><points><x>0.80425</x><x>0.84198</x><y>0.15805</y><y>0.88183</y></points><label>10</label><labelname>molding</labelname><flag>1</flag></object>