<object><points><x>0.3623</x><x>0.47168</x><y>0.42457</y><y>0.56765</y></points><label>3</label><labelname>window</labelname><flag>1</flag></object><object><points><x>0.36133</x><x>0.4707</x><y>0.69673</y><y>0.84137</y></points><label>3</label><labelname>window</labelname><flag>1</flag></object><object><points><x>0.55664</x><x>0.66309</x><y>0.42146</y><y>0.56299</y></points><label>3</label><labelname>window</labelname><flag>1</flag></object><object><points><x>0.55664</x><x>0.66309</x><y>0.69673</y><y>0.84292</y></points><label>3</label><labelname>window</labelname><flag>1</flag></object><object><points><x>0.16699</x><x>0.2627</x><y>0.42146</y><y>0.56765</y></points><label>3</label><labelname>window</labelname><flag>1</flag></object><object><points><x>0.16504</x><x>0.26074</x><y>0.69829</y><y>0.84448</y></points><label>3</label><labelname>window</labelname><flag>1</flag></object><object><points><x>0.00097656</x><x>0.99219</x><y>0.024883</y><y>1</y></points><label>2</label><labelname>facade</labelname><flag>1</flag></object><object><points><x>0.0019531</x><x>0.015625</x><y>0.44323</y><y>0.52722</y></points><label>3</label><labelname>window</labelname><flag>1</flag></object><object><points><x>0.0019531</x><x>0.013672</x><y>0.70762</y><y>0.7916</y></points><label>3</label><labelname>window</labelname><flag>1</flag></object><object><points><x>0.032227</x><x>0.06543</x><y>0.73095</y><y>0.78849</y></points><label>3</label><labelname>window</labelname><flag>1</flag></object><object><points><x>0.037109</x><x>0.070312</x><y>0.4619</y><y>0.51477</y></points><label>3</label><labelname>window</labelname><flag>1</flag></object><object><points><x>0.75195</x><x>0.9541</x><y>0.65474</y><y>0.87092</y></points><label>3</label><labelname>window</labelname><flag>1</flag></object><object><points><x>0.75195</x><x>0.9541</x><y>0.38725</y><y>0.60498</y></points><label>3</label><labelname>window</labelname><flag>1</flag></object><object><points><x>0.80371</x><x>0.98145</x><y>0.097978</y><y>0.2224</y></points><label>4</label><labelname>door</labelname><flag>1</flag></object><object><points><x>0.25879</x><x>0.32324</x><y>0.057543</y><y>1</y></points><label>10</label><labelname>molding</labelname><flag>1</flag></object><object><points><x>0.10449</x><x>0.14062</x><y>0.057543</y><y>0.99222</y></points><label>10</label><labelname>molding</labelname><flag>1</flag></object><object><points><x>0.06543</x><x>0.09375</x><y>0.062208</y><y>0.99689</y></points><label>10</label><labelname>molding</labelname><flag>1</flag></object><object><points><x>0.011719</x><x>0.040039</x><y>0.07154</y><y>1</y></points><label>10</label><labelname>molding</labelname><flag>1</flag></object><object><points><x>0.65625</x><x>0.73438</x><y>0.048212</y><y>0.99222</y></points><label>10</label><labelname>molding</labelname><flag>1</flag></object><object><points><x>0.73926</x><x>0.94629</x><y>0.22395</y><y>0.29549</y></points><label>11</label><labelname>pillar</labelname><flag>1</flag></object><object><points><x>0.74121</x><x>0.94824</x><y>0.027994</y><y>0.099533</y></points><label>11</label><labelname>pillar</labelname><flag>1</flag></object><object><points><x>0.94824</x><x>0.96289</x><y>0.22084</y><y>0.30016</y></points><label>11</label><labelname>pillar</labelname><flag>1</flag></object><object><points><x>0.64941</x><x>0.73926</x><y>0.1944</y><y>0.32037</y></points><label>11</label><labelname>pillar</labelname><flag>1</flag></object><object><points><x>0.65137</x><x>0.74121</x><y>0.026439</y><y>0.12597</y></points><label>11</label><labelname>pillar</labelname><flag>1</flag></object>