<object><points><x>0.0058594</x><x>0.99805</x><y>0.070312</y><y>0.95781</y></points><label>2</label><labelname>facade</labelname><flag>1</flag></object><object><points><x>0.13281</x><x>0.21484</x><y>0.16406</y><y>0.27813</y></points><label>3</label><labelname>window</labelname><flag>1</flag></object><object><points><x>0.2832</x><x>0.37402</x><y>0.16562</y><y>0.27813</y></points><label>3</label><labelname>window</labelname><flag>1</flag></object><object><points><x>0.13184</x><x>0.21387</x><y>0.75156</y><y>0.86562</y></points><label>3</label><labelname>window</labelname><flag>1</flag></object><object><points><x>0.28516</x><x>0.37598</x><y>0.75469</y><y>0.86719</y></points><label>3</label><labelname>window</labelname><flag>1</flag></object><object><points><x>0.13281</x><x>0.21582</x><y>0.4875</y><y>0.54531</y></points><label>3</label><labelname>window</labelname><flag>1</flag></object><object><points><x>0.41699</x><x>0.5166</x><y>0.45781</y><y>0.52812</y></points><label>3</label><labelname>window</labelname><flag>1</flag></object><object><points><x>0.58887</x><x>0.6875</x><y>0.46094</y><y>0.52812</y></points><label>3</label><labelname>window</labelname><flag>1</flag></object><object><points><x>0.77344</x><x>0.85938</x><y>0.16406</y><y>0.2375</y></points><label>3</label><labelname>window</labelname><flag>1</flag></object><object><points><x>0.77344</x><x>0.85938</x><y>0.32344</y><y>0.39375</y></points><label>3</label><labelname>window</labelname><flag>1</flag></object><object><points><x>0.77441</x><x>0.86035</x><y>0.47813</y><y>0.53125</y></points><label>3</label><labelname>window</labelname><flag>1</flag></object><object><points><x>0.77344</x><x>0.86035</x><y>0.55469</y><y>0.60938</y></points><label>3</label><labelname>window</labelname><flag>1</flag></object><object><points><x>0.77344</x><x>0.86133</x><y>0.73281</y><y>0.78594</y></points><label>3</label><labelname>window</labelname><flag>1</flag></object><object><points><x>0.77344</x><x>0.86035</x><y>0.8125</y><y>0.86406</y></points><label>3</label><labelname>window</labelname><flag>1</flag></object><object><points><x>0.13281</x><x>0.21191</x><y>0.425</y><y>0.4625</y></points><label>3</label><labelname>window</labelname><flag>1</flag></object><object><points><x>0.13086</x><x>0.21289</x><y>0.56406</y><y>0.60313</y></points><label>3</label><labelname>window</labelname><flag>1</flag></object><object><points><x>0.28613</x><x>0.36523</x><y>0.42344</y><y>0.46094</y></points><label>3</label><labelname>window</labelname><flag>1</flag></object><object><points><x>0.28613</x><x>0.36523</x><y>0.56563</y><y>0.60313</y></points><label>3</label><labelname>window</labelname><flag>1</flag></object><object><points><x>0.42578</x><x>0.52637</x><y>0.55781</y><y>0.59531</y></points><label>3</label><labelname>window</labelname><flag>1</flag></object><object><points><x>0.42676</x><x>0.5332</x><y>0.40781</y><y>0.43594</y></points><label>3</label><labelname>window</labelname><flag>1</flag></object><object><points><x>0.59082</x><x>0.69629</x><y>0.55469</y><y>0.6</y></points><label>3</label><labelname>window</labelname><flag>1</flag></object><object><points><x>0.59082</x><x>0.69238</x><y>0.40781</y><y>0.44062</y></points><label>3</label><labelname>window</labelname><flag>1</flag></object><object><points><x>0.28613</x><x>0.37305</x><y>0.48125</y><y>0.54219</y></points><label>4</label><labelname>door</labelname><flag>1</flag></object><object><points><x>0.099609</x><x>0.12695</x><y>0.74687</y><y>0.86719</y></points><label>5</label><labelname>cornice</labelname><flag>1</flag></object><object><points><x>0.10254</x><x>0.12793</x><y>0.16094</y><y>0.28125</y></points><label>5</label><labelname>cornice</labelname><flag>1</flag></object><object><points><x>0.2207</x><x>0.28223</x><y>0.36875</y><y>0.65625</y></points><label>5</label><labelname>cornice</labelname><flag>1</flag></object><object><points><x>0.21094</x><x>0.22266</x><y>0.41406</y><y>0.46875</y></points><label>6</label><labelname>sill</labelname><flag>1</flag></object><object><points><x>0.21289</x><x>0.22363</x><y>0.47344</y><y>0.55</y></points><label>6</label><labelname>sill</labelname><flag>1</flag></object><object><points><x>0.21191</x><x>0.22461</x><y>0.55625</y><y>0.60938</y></points><label>6</label><labelname>sill</labelname><flag>1</flag></object><object><points><x>0.50879</x><x>0.60059</x><y>0.078125</y><y>0.34375</y></points><label>7</label><labelname>balcony</labelname><flag>1</flag></object><object><points><x>0.68164</x><x>0.76172</x><y>0.10469</y><y>0.32188</y></points><label>7</label><labelname>balcony</labelname><flag>1</flag></object><object><points><x>0.68066</x><x>0.75977</x><y>0.69844</y><y>0.91563</y></points><label>7</label><labelname>balcony</labelname><flag>1</flag></object><object><points><x>0.50684</x><x>0.59961</x><y>0.67656</y><y>0.94219</y></points><label>7</label><labelname>balcony</labelname><flag>1</flag></object><object><points><x>0.2373</x><x>0.27734</x><y>0.70625</y><y>0.90156</y></points><label>5</label><labelname>cornice</labelname><flag>1</flag></object><object><points><x>0.23828</x><x>0.27832</x><y>0.11406</y><y>0.31406</y></points><label>5</label><labelname>cornice</labelname><flag>1</flag></object><object><points><x>0.28223</x><x>0.36719</x><y>0.3625</y><y>0.40937</y></points><label>9</label><labelname>deco</labelname><flag>1</flag></object><object><points><x>0.28223</x><x>0.36719</x><y>0.62187</y><y>0.66563</y></points><label>9</label><labelname>deco</labelname><flag>1</flag></object><object><points><x>0.38867</x><x>0.43652</x><y>0.74531</y><y>0.87187</y></points><label>9</label><labelname>deco</labelname><flag>1</flag></object><object><points><x>0.38867</x><x>0.43262</x><y>0.16094</y><y>0.28125</y></points><label>9</label><labelname>deco</labelname><flag>1</flag></object><object><points><x>0.51465</x><x>0.58301</x><y>0.45937</y><y>0.52969</y></points><label>6</label><labelname>sill</labelname><flag>1</flag></object><object><points><x>0.51855</x><x>0.59082</x><y>0.55</y><y>0.60313</y></points><label>6</label><labelname>sill</labelname><flag>1</flag></object><object><points><x>0.52148</x><x>0.58984</x><y>0.40625</y><y>0.44062</y></points><label>6</label><labelname>sill</labelname><flag>1</flag></object><object><points><x>0.82422</x><x>0.92676</x><y>0.25781</y><y>0.45312</y></points><label>9</label><labelname>deco</labelname><flag>1</flag></object><object><points><x>0.17285</x><x>0.21094</x><y>0.275</y><y>0.29531</y></points><label>9</label><labelname>deco</labelname><flag>1</flag></object><object><points><x>0.17383</x><x>0.20801</x><y>0.14375</y><y>0.16562</y></points><label>9</label><labelname>deco</labelname><flag>1</flag></object><object><points><x>0.17578</x><x>0.20801</x><y>0.73125</y><y>0.75</y></points><label>9</label><labelname>deco</labelname><flag>1</flag></object><object><points><x>0.17285</x><x>0.20898</x><y>0.86094</y><y>0.88281</y></points><label>9</label><labelname>deco</labelname><flag>1</flag></object><object><points><x>0.63086</x><x>0.74121</x><y>0.073438</y><y>0.95</y></points><label>10</label><labelname>molding</labelname><flag>1</flag></object><object><points><x>0.40918</x><x>0.44824</x><y>0.073438</y><y>0.95625</y></points><label>10</label><labelname>molding</labelname><flag>1</flag></object><object><points><x>0.02832</x><x>0.12695</x><y>0.082812</y><y>0.94688</y></points><label>10</label><labelname>molding</labelname><flag>1</flag></object><object><points><x>0.14746</x><x>0.36816</x><y>0.30625</y><y>0.35938</y></points><label>11</label><labelname>pillar</labelname><flag>1</flag></object><object><points><x>0.14746</x><x>0.36816</x><y>0.082812</y><y>0.13906</y></points><label>11</label><labelname>pillar</labelname><flag>1</flag></object><object><points><x>0.14746</x><x>0.36816</x><y>0.66875</y><y>0.72188</y></points><label>11</label><labelname>pillar</labelname><flag>1</flag></object><object><points><x>0.14648</x><x>0.36719</x><y>0.89375</y><y>0.94531</y></points><label>11</label><labelname>pillar</labelname><flag>1</flag></object><object><points><x>0.36914</x><x>0.41113</x><y>0.082812</y><y>0.14062</y></points><label>11</label><labelname>pillar</labelname><flag>1</flag></object><object><points><x>0.36816</x><x>0.41113</x><y>0.30469</y><y>0.36094</y></points><label>11</label><labelname>pillar</labelname><flag>1</flag></object><object><points><x>0.36816</x><x>0.41406</x><y>0.66719</y><y>0.725</y></points><label>11</label><labelname>pillar</labelname><flag>1</flag></object><object><points><x>0.36816</x><x>0.41211</x><y>0.89062</y><y>0.94844</y></points><label>11</label><labelname>pillar</labelname><flag>1</flag></object><object><points><x>0.11035</x><x>0.14648</x><y>0.084375</y><y>0.13437</y></points><label>11</label><labelname>pillar</labelname><flag>1</flag></object><object><points><x>0.10938</x><x>0.14746</x><y>0.30625</y><y>0.35938</y></points><label>11</label><labelname>pillar</labelname><flag>1</flag></object><object><points><x>0.10938</x><x>0.14746</x><y>0.66875</y><y>0.72188</y></points><label>11</label><labelname>pillar</labelname><flag>1</flag></object><object><points><x>0.10742</x><x>0.14648</x><y>0.89375</y><y>0.94688</y></points><label>11</label><labelname>pillar</labelname><flag>1</flag></object><object><points><x>0.29688</x><x>0.64355</x><y>0.010937</y><y>0.065625</y></points><label>11</label><labelname>pillar</labelname><flag>1</flag></object><object><points><x>0.64355</x><x>0.66211</x><y>0.00625</y><y>0.065625</y></points><label>11</label><labelname>pillar</labelname><flag>1</flag></object><object><points><x>0.90039</x><x>0.99512</x><y>0.72969</y><y>0.86406</y></points><label>12</label><labelname>shop</labelname><flag>1</flag></object><object><points><x>0.90137</x><x>0.99121</x><y>0.47656</y><y>0.60938</y></points><label>12</label><labelname>shop</labelname><flag>1</flag></object><object><points><x>0.90332</x><x>0.99512</x><y>0.30938</y><y>0.40313</y></points><label>4</label><labelname>door</labelname><flag>1</flag></object><object><points><x>0.89941</x><x>0.99121</x><y>0.16094</y><y>0.24219</y></points><label>12</label><labelname>shop</labelname><flag>1</flag></object><object><points><x>0.44238</x><x>0.53516</x><y>0.16562</y><y>0.27813</y></points><label>3</label><labelname>window</labelname><flag>1</flag></object><object><points><x>0.44238</x><x>0.53809</x><y>0.75156</y><y>0.86406</y></points><label>3</label><labelname>window</labelname><flag>1</flag></object><object><points><x>0.60254</x><x>0.69531</x><y>0.1625</y><y>0.275</y></points><label>3</label><labelname>window</labelname><flag>1</flag></object><object><points><x>0.60352</x><x>0.69922</x><y>0.75313</y><y>0.86562</y></points><label>3</label><labelname>window</labelname><flag>1</flag></object>