<object><points><x>0.0054845</x><x>1</x><y>0.062762</y><y>0.94142</y></points><label>2</label><labelname>facade</labelname><flag>1</flag></object><object><points><x>0.26325</x><x>0.40951</x><y>0.6318</y><y>0.75732</y></points><label>3</label><labelname>window</labelname><flag>1</flag></object><object><points><x>0.55941</x><x>0.71298</x><y>0.62762</y><y>0.74686</y></points><label>3</label><labelname>window</labelname><flag>1</flag></object><object><points><x>0.45155</x><x>0.60329</x><y>0.23222</y><y>0.37657</y></points><label>3</label><labelname>window</labelname><flag>1</flag></object><object><points><x>0.016453</x><x>0.11152</x><y>0.42887</y><y>0.56485</y></points><label>3</label><labelname>window</labelname><flag>1</flag></object><object><points><x>0.40037</x><x>0.42779</x><y>0.60879</y><y>0.76778</y></points><label>6</label><labelname>sill</labelname><flag>1</flag></object><object><points><x>0.71298</x><x>0.7404</x><y>0.60879</y><y>0.76778</y></points><label>6</label><labelname>sill</labelname><flag>1</flag></object><object><points><x>0.25594</x><x>0.40585</x><y>0.56067</y><y>0.62971</y></points><label>8</label><labelname>blind</labelname><flag>1</flag></object><object><points><x>0.25777</x><x>0.40768</x><y>0.75105</y><y>0.82008</y></points><label>8</label><labelname>blind</labelname><flag>1</flag></object><object><points><x>0.55576</x><x>0.71664</x><y>0.75314</y><y>0.82008</y></points><label>8</label><labelname>blind</labelname><flag>1</flag></object><object><points><x>0.55576</x><x>0.71664</x><y>0.55858</y><y>0.62552</y></points><label>8</label><labelname>blind</labelname><flag>1</flag></object><object><points><x>0.4479</x><x>0.60878</x><y>0.38075</y><y>0.4477</y></points><label>8</label><labelname>blind</labelname><flag>1</flag></object><object><points><x>0.44607</x><x>0.60695</x><y>0.1569</y><y>0.22385</y></points><label>8</label><labelname>blind</labelname><flag>1</flag></object><object><points><x>0.012797</x><x>0.11335</x><y>0.56695</y><y>0.6318</y></points><label>8</label><labelname>blind</labelname><flag>1</flag></object><object><points><x>0.010969</x><x>0.11152</x><y>0.35774</y><y>0.42469</y></points><label>8</label><labelname>blind</labelname><flag>1</flag></object><object><points><x>0.12249</x><x>0.21938</x><y>0.069038</y><y>0.93515</y></points><label>10</label><labelname>molding</labelname><flag>1</flag></object><object><points><x>0.85923</x><x>0.99634</x><y>0.55649</y><y>0.80753</y></points><label>4</label><labelname>door</labelname><flag>1</flag></object>