<object><points><x>0.025404</x><x>0.97921</x><y>0.022222</y><y>0.49841</y></points><label>2</label><labelname>facade</labelname><flag>1</flag></object><object><points><x>0.22171</x><x>0.97691</x><y>0.65238</y><y>0.97937</y></points><label>2</label><labelname>facade</labelname><flag>1</flag></object><object><points><x>0.076212</x><x>0.13164</x><y>0.1746</y><y>0.19206</y></points><label>3</label><labelname>window</labelname><flag>1</flag></object><object><points><x>0.076212</x><x>0.13164</x><y>0.19841</y><y>0.21587</y></points><label>3</label><labelname>window</labelname><flag>1</flag></object><object><points><x>0.076212</x><x>0.13164</x><y>0.22222</y><y>0.23968</y></points><label>3</label><labelname>window</labelname><flag>1</flag></object><object><points><x>0.076212</x><x>0.13164</x><y>0.30317</y><y>0.32063</y></points><label>3</label><labelname>window</labelname><flag>1</flag></object><object><points><x>0.076212</x><x>0.13164</x><y>0.32698</y><y>0.34444</y></points><label>3</label><labelname>window</labelname><flag>1</flag></object><object><points><x>0.076212</x><x>0.13164</x><y>0.35079</y><y>0.36825</y></points><label>3</label><labelname>window</labelname><flag>1</flag></object><object><points><x>0.20323</x><x>0.28176</x><y>0.065079</y><y>0.084127</y></points><label>3</label><labelname>window</labelname><flag>1</flag></object><object><points><x>0.20554</x><x>0.28406</x><y>0.090476</y><y>0.11111</y></points><label>3</label><labelname>window</labelname><flag>1</flag></object><object><points><x>0.20554</x><x>0.28176</x><y>0.11587</y><y>0.13651</y></points><label>3</label><labelname>window</labelname><flag>1</flag></object><object><points><x>0.20554</x><x>0.28406</x><y>0.1746</y><y>0.19365</y></points><label>3</label><labelname>window</labelname><flag>1</flag></object><object><points><x>0.20554</x><x>0.28406</x><y>0.2</y><y>0.22063</y></points><label>3</label><labelname>window</labelname><flag>1</flag></object><object><points><x>0.20785</x><x>0.28406</x><y>0.2254</y><y>0.24444</y></points><label>3</label><labelname>window</labelname><flag>1</flag></object><object><points><x>0.20554</x><x>0.28406</x><y>0.28095</y><y>0.30159</y></points><label>3</label><labelname>window</labelname><flag>1</flag></object><object><points><x>0.20554</x><x>0.28406</x><y>0.30635</y><y>0.32698</y></points><label>3</label><labelname>window</labelname><flag>1</flag></object><object><points><x>0.20554</x><x>0.28406</x><y>0.33492</y><y>0.35397</y></points><label>3</label><labelname>window</labelname><flag>1</flag></object><object><points><x>0.20554</x><x>0.28176</x><y>0.39048</y><y>0.41111</y></points><label>3</label><labelname>window</labelname><flag>1</flag></object><object><points><x>0.20554</x><x>0.28406</x><y>0.41746</y><y>0.43651</y></points><label>3</label><labelname>window</labelname><flag>1</flag></object><object><points><x>0.20554</x><x>0.28406</x><y>0.44127</y><y>0.4619</y></points><label>3</label><labelname>window</labelname><flag>1</flag></object><object><points><x>0.3418</x><x>0.42494</x><y>0.066667</y><y>0.085714</y></points><label>3</label><labelname>window</labelname><flag>1</flag></object><object><points><x>0.3418</x><x>0.42494</x><y>0.090476</y><y>0.10952</y></points><label>3</label><labelname>window</labelname><flag>1</flag></object><object><points><x>0.3418</x><x>0.42494</x><y>0.1127</y><y>0.13175</y></points><label>3</label><labelname>window</labelname><flag>1</flag></object><object><points><x>0.34411</x><x>0.42725</x><y>0.1746</y><y>0.19365</y></points><label>3</label><labelname>window</labelname><flag>1</flag></object><object><points><x>0.3418</x><x>0.42494</x><y>0.2</y><y>0.21905</y></points><label>3</label><labelname>window</labelname><flag>1</flag></object><object><points><x>0.3418</x><x>0.42494</x><y>0.22381</y><y>0.24286</y></points><label>3</label><labelname>window</labelname><flag>1</flag></object><object><points><x>0.34411</x><x>0.42725</x><y>0.28254</y><y>0.30159</y></points><label>3</label><labelname>window</labelname><flag>1</flag></object><object><points><x>0.34411</x><x>0.42725</x><y>0.30794</y><y>0.32698</y></points><label>3</label><labelname>window</labelname><flag>1</flag></object><object><points><x>0.34411</x><x>0.42725</x><y>0.33175</y><y>0.35079</y></points><label>3</label><labelname>window</labelname><flag>1</flag></object><object><points><x>0.34411</x><x>0.42725</x><y>0.39206</y><y>0.41111</y></points><label>3</label><labelname>window</labelname><flag>1</flag></object><object><points><x>0.34411</x><x>0.42725</x><y>0.41587</y><y>0.43492</y></points><label>3</label><labelname>window</labelname><flag>1</flag></object><object><points><x>0.34411</x><x>0.42725</x><y>0.43968</y><y>0.45873</y></points><label>3</label><labelname>window</labelname><flag>1</flag></object><object><points><x>0.48037</x><x>0.57044</x><y>0.4381</y><y>0.45714</y></points><label>3</label><labelname>window</labelname><flag>1</flag></object><object><points><x>0.48037</x><x>0.57044</x><y>0.41587</y><y>0.43492</y></points><label>3</label><labelname>window</labelname><flag>1</flag></object><object><points><x>0.48037</x><x>0.57044</x><y>0.39206</y><y>0.41111</y></points><label>3</label><labelname>window</labelname><flag>1</flag></object><object><points><x>0.48037</x><x>0.57044</x><y>0.33016</y><y>0.34921</y></points><label>3</label><labelname>window</labelname><flag>1</flag></object><object><points><x>0.48037</x><x>0.57044</x><y>0.30635</y><y>0.3254</y></points><label>3</label><labelname>window</labelname><flag>1</flag></object><object><points><x>0.48037</x><x>0.57044</x><y>0.28254</y><y>0.30159</y></points><label>3</label><labelname>window</labelname><flag>1</flag></object><object><points><x>0.47806</x><x>0.56813</x><y>0.22222</y><y>0.24127</y></points><label>3</label><labelname>window</labelname><flag>1</flag></object><object><points><x>0.47806</x><x>0.56813</x><y>0.19841</y><y>0.21746</y></points><label>3</label><labelname>window</labelname><flag>1</flag></object><object><points><x>0.47806</x><x>0.56813</x><y>0.1746</y><y>0.19365</y></points><label>3</label><labelname>window</labelname><flag>1</flag></object><object><points><x>0.47806</x><x>0.56813</x><y>0.1127</y><y>0.13175</y></points><label>3</label><labelname>window</labelname><flag>1</flag></object><object><points><x>0.47806</x><x>0.56813</x><y>0.088889</y><y>0.10794</y></points><label>3</label><labelname>window</labelname><flag>1</flag></object><object><points><x>0.48037</x><x>0.57044</x><y>0.065079</y><y>0.084127</y></points><label>3</label><labelname>window</labelname><flag>1</flag></object><object><points><x>0.63048</x><x>0.72979</x><y>0.063492</y><y>0.08254</y></points><label>3</label><labelname>window</labelname><flag>1</flag></object><object><points><x>0.62818</x><x>0.72979</x><y>0.087302</y><y>0.10635</y></points><label>3</label><labelname>window</labelname><flag>1</flag></object><object><points><x>0.63048</x><x>0.7321</x><y>0.11111</y><y>0.13016</y></points><label>3</label><labelname>window</labelname><flag>1</flag></object><object><points><x>0.63048</x><x>0.72979</x><y>0.17143</y><y>0.19206</y></points><label>3</label><labelname>window</labelname><flag>1</flag></object><object><points><x>0.62818</x><x>0.72979</x><y>0.19524</y><y>0.21429</y></points><label>3</label><labelname>window</labelname><flag>1</flag></object><object><points><x>0.63048</x><x>0.7321</x><y>0.21905</y><y>0.2381</y></points><label>3</label><labelname>window</labelname><flag>1</flag></object><object><points><x>0.63048</x><x>0.72979</x><y>0.27937</y><y>0.3</y></points><label>3</label><labelname>window</labelname><flag>1</flag></object><object><points><x>0.63048</x><x>0.7321</x><y>0.30317</y><y>0.32222</y></points><label>3</label><labelname>window</labelname><flag>1</flag></object><object><points><x>0.63048</x><x>0.72979</x><y>0.32857</y><y>0.34762</y></points><label>3</label><labelname>window</labelname><flag>1</flag></object><object><points><x>0.63048</x><x>0.72979</x><y>0.38889</y><y>0.40952</y></points><label>3</label><labelname>window</labelname><flag>1</flag></object><object><points><x>0.63048</x><x>0.72979</x><y>0.4127</y><y>0.43333</y></points><label>3</label><labelname>window</labelname><flag>1</flag></object><object><points><x>0.63048</x><x>0.7321</x><y>0.43651</y><y>0.45714</y></points><label>3</label><labelname>window</labelname><flag>1</flag></object><object><points><x>0.38337</x><x>0.44342</x><y>0.7</y><y>0.72857</y></points><label>3</label><labelname>window</labelname><flag>1</flag></object><object><points><x>0.38568</x><x>0.44573</x><y>0.76508</y><y>0.79365</y></points><label>3</label><labelname>window</labelname><flag>1</flag></object><object><points><x>0.3903</x><x>0.45035</x><y>0.84603</y><y>0.8746</y></points><label>3</label><labelname>window</labelname><flag>1</flag></object><object><points><x>0.3903</x><x>0.45035</x><y>0.9127</y><y>0.94286</y></points><label>3</label><labelname>window</labelname><flag>1</flag></object><object><points><x>0.50808</x><x>0.57275</x><y>0.91111</y><y>0.93968</y></points><label>3</label><labelname>window</labelname><flag>1</flag></object><object><points><x>0.51039</x><x>0.57506</x><y>0.84603</y><y>0.8746</y></points><label>3</label><labelname>window</labelname><flag>1</flag></object><object><points><x>0.50808</x><x>0.57275</x><y>0.76349</y><y>0.79206</y></points><label>3</label><labelname>window</labelname><flag>1</flag></object><object><points><x>0.50577</x><x>0.57044</x><y>0.69841</y><y>0.72698</y></points><label>3</label><labelname>window</labelname><flag>1</flag></object><object><points><x>0.62587</x><x>0.69746</x><y>0.69683</y><y>0.72381</y></points><label>3</label><labelname>window</labelname><flag>1</flag></object><object><points><x>0.62587</x><x>0.69746</x><y>0.76349</y><y>0.79206</y></points><label>3</label><labelname>window</labelname><flag>1</flag></object><object><points><x>0.62818</x><x>0.69977</x><y>0.84444</y><y>0.87143</y></points><label>3</label><labelname>window</labelname><flag>1</flag></object><object><points><x>0.62818</x><x>0.69977</x><y>0.91111</y><y>0.9381</y></points><label>3</label><labelname>window</labelname><flag>1</flag></object><object><points><x>0.74827</x><x>0.81755</x><y>0.69683</y><y>0.74603</y></points><label>3</label><labelname>window</labelname><flag>1</flag></object><object><points><x>0.74827</x><x>0.81755</x><y>0.75873</y><y>0.80794</y></points><label>3</label><labelname>window</labelname><flag>1</flag></object><object><points><x>0.75058</x><x>0.81986</x><y>0.8254</y><y>0.8746</y></points><label>3</label><labelname>window</labelname><flag>1</flag></object><object><points><x>0.75058</x><x>0.81986</x><y>0.88889</y><y>0.93651</y></points><label>3</label><labelname>window</labelname><flag>1</flag></object><object><points><x>0.44111</x><x>0.45266</x><y>0.68571</y><y>0.73492</y></points><label>6</label><labelname>sill</labelname><flag>1</flag></object><object><points><x>0.44342</x><x>0.45497</x><y>0.74921</y><y>0.8</y></points><label>6</label><labelname>sill</labelname><flag>1</flag></object><object><points><x>0.44342</x><x>0.45497</x><y>0.83492</y><y>0.88571</y></points><label>6</label><labelname>sill</labelname><flag>1</flag></object><object><points><x>0.44573</x><x>0.45727</x><y>0.89841</y><y>0.94762</y></points><label>6</label><labelname>sill</labelname><flag>1</flag></object><object><points><x>0.57044</x><x>0.58199</x><y>0.9</y><y>0.94921</y></points><label>6</label><labelname>sill</labelname><flag>1</flag></object><object><points><x>0.57044</x><x>0.58199</x><y>0.83175</y><y>0.88254</y></points><label>6</label><labelname>sill</labelname><flag>1</flag></object><object><points><x>0.57044</x><x>0.58199</x><y>0.74921</y><y>0.79841</y></points><label>6</label><labelname>sill</labelname><flag>1</flag></object><object><points><x>0.56813</x><x>0.57968</x><y>0.68571</y><y>0.73492</y></points><label>6</label><labelname>sill</labelname><flag>1</flag></object><object><points><x>0.69515</x><x>0.7067</x><y>0.68254</y><y>0.73175</y></points><label>6</label><labelname>sill</labelname><flag>1</flag></object><object><points><x>0.69515</x><x>0.7067</x><y>0.74921</y><y>0.8</y></points><label>6</label><labelname>sill</labelname><flag>1</flag></object><object><points><x>0.69746</x><x>0.70901</x><y>0.83175</y><y>0.88254</y></points><label>6</label><labelname>sill</labelname><flag>1</flag></object><object><points><x>0.69746</x><x>0.70901</x><y>0.9</y><y>0.94921</y></points><label>6</label><labelname>sill</labelname><flag>1</flag></object><object><points><x>0.61201</x><x>0.73441</x><y>0.35079</y><y>0.38095</y></points><label>9</label><labelname>deco</labelname><flag>1</flag></object><object><points><x>0.61201</x><x>0.73441</x><y>0.24127</y><y>0.27143</y></points><label>9</label><labelname>deco</labelname><flag>1</flag></object><object><points><x>0.61201</x><x>0.7321</x><y>0.13333</y><y>0.16349</y></points><label>9</label><labelname>deco</labelname><flag>1</flag></object><object><points><x>0.61201</x><x>0.72979</x><y>0.02381</y><y>0.036508</y></points><label>9</label><labelname>deco</labelname><flag>1</flag></object><object><points><x>0.61894</x><x>0.73441</x><y>0.48571</y><y>0.49841</y></points><label>9</label><labelname>deco</labelname><flag>1</flag></object><object><points><x>0.2933</x><x>0.32333</x><y>0.33016</y><y>0.49683</y></points><label>9</label><labelname>deco</labelname><flag>1</flag></object><object><points><x>0.29099</x><x>0.32102</x><y>0.026984</y><y>0.19365</y></points><label>9</label><labelname>deco</labelname><flag>1</flag></object><object><points><x>0.04388</x><x>0.078522</x><y>0.14603</y><y>0.25397</y></points><label>5</label><labelname>cornice</labelname><flag>1</flag></object><object><points><x>0.04157</x><x>0.073903</x><y>0.27619</y><y>0.38413</y></points><label>5</label><labelname>cornice</labelname><flag>1</flag></object><object><points><x>0.14319</x><x>0.21247</x><y>0.028571</y><y>0.49365</y></points><label>10</label><labelname>molding</labelname><flag>1</flag></object><object><points><x>0.27714</x><x>0.33949</x><y>0.030159</y><y>0.49524</y></points><label>10</label><labelname>molding</labelname><flag>1</flag></object><object><points><x>0.72748</x><x>0.75058</x><y>0.026984</y><y>0.49206</y></points><label>10</label><labelname>molding</labelname><flag>1</flag></object><object><points><x>0.35797</x><x>0.38106</x><y>0.65714</y><y>0.97778</y></points><label>10</label><labelname>molding</labelname><flag>1</flag></object><object><points><x>0.81062</x><x>0.83372</x><y>0.65397</y><y>0.97619</y></points><label>10</label><labelname>molding</labelname><flag>1</flag></object><object><points><x>0.43649</x><x>0.46651</x><y>0.12698</y><y>0.3746</y></points><label>12</label><labelname>shop</labelname><flag>1</flag></object><object><points><x>0.30485</x><x>0.35797</x><y>0.65556</y><y>0.97937</y></points><label>12</label><labelname>shop</labelname><flag>1</flag></object><object><points><x>0.83141</x><x>0.86374</x><y>0.65714</y><y>0.9746</y></points><label>12</label><labelname>shop</labelname><flag>1</flag></object><object><points><x>0.87991</x><x>0.95843</x><y>0.73016</y><y>0.89206</y></points><label>12</label><labelname>shop</labelname><flag>1</flag></object>