<object><points><x>0.41787</x><x>0.51932</x><y>0.70391</y><y>0.73631</y></points><label>3</label><labelname>window</labelname><flag>1</flag></object><object><points><x>0.42271</x><x>0.53382</x><y>0.78994</y><y>0.84246</y></points><label>3</label><labelname>window</labelname><flag>1</flag></object><object><points><x>0.60628</x><x>0.71014</x><y>0.7933</y><y>0.84581</y></points><label>3</label><labelname>window</labelname><flag>1</flag></object><object><points><x>0.59903</x><x>0.70531</x><y>0.70056</y><y>0.73743</y></points><label>3</label><labelname>window</labelname><flag>1</flag></object><object><points><x>0.43237</x><x>0.52899</x><y>0.61117</y><y>0.63687</y></points><label>3</label><labelname>window</labelname><flag>1</flag></object><object><points><x>0.43961</x><x>0.53382</x><y>0.5676</y><y>0.59441</y></points><label>3</label><labelname>window</labelname><flag>1</flag></object><object><points><x>0.62319</x><x>0.71981</x><y>0.56983</y><y>0.59553</y></points><label>3</label><labelname>window</labelname><flag>1</flag></object><object><points><x>0.62077</x><x>0.71498</x><y>0.60894</y><y>0.63575</y></points><label>3</label><labelname>window</labelname><flag>1</flag></object><object><points><x>0.47101</x><x>0.57729</x><y>0.90503</y><y>0.95084</y></points><label>3</label><labelname>window</labelname><flag>1</flag></object><object><points><x>0.63527</x><x>0.74155</x><y>0.91173</y><y>0.95196</y></points><label>3</label><labelname>window</labelname><flag>1</flag></object><object><points><x>0.39614</x><x>0.49275</x><y>0.38212</y><y>0.42458</y></points><label>3</label><labelname>window</labelname><flag>1</flag></object><object><points><x>0.39614</x><x>0.48792</x><y>0.32179</y><y>0.3743</y></points><label>3</label><labelname>window</labelname><flag>1</flag></object><object><points><x>0.58937</x><x>0.68357</x><y>0.31732</y><y>0.36983</y></points><label>3</label><labelname>window</labelname><flag>1</flag></object><object><points><x>0.78744</x><x>0.88164</x><y>0.31732</y><y>0.36872</y></points><label>3</label><labelname>window</labelname><flag>1</flag></object><object><points><x>0.80193</x><x>0.88647</x><y>0.37989</y><y>0.42235</y></points><label>3</label><labelname>window</labelname><flag>1</flag></object><object><points><x>0.58696</x><x>0.68841</x><y>0.37989</y><y>0.42346</y></points><label>3</label><labelname>window</labelname><flag>1</flag></object><object><points><x>0.41304</x><x>0.5</x><y>0.4838</y><y>0.50726</y></points><label>3</label><labelname>window</labelname><flag>1</flag></object><object><points><x>0.60628</x><x>0.68599</x><y>0.48603</y><y>0.50615</y></points><label>3</label><labelname>window</labelname><flag>1</flag></object><object><points><x>0.7971</x><x>0.87198</x><y>0.48156</y><y>0.50168</y></points><label>3</label><labelname>window</labelname><flag>1</flag></object><object><points><x>0.26087</x><x>0.3599</x><y>0.79218</y><y>0.84246</y></points><label>3</label><labelname>window</labelname><flag>1</flag></object><object><points><x>0.30918</x><x>0.41304</x><y>0.90503</y><y>0.94749</y></points><label>3</label><labelname>window</labelname><flag>1</flag></object><object><points><x>0.23671</x><x>0.3285</x><y>0.41788</y><y>0.47151</y></points><label>3</label><labelname>window</labelname><flag>1</flag></object><object><points><x>0.25604</x><x>0.33333</x><y>0.55754</y><y>0.63128</y></points><label>3</label><labelname>window</labelname><flag>1</flag></object><object><points><x>0.23671</x><x>0.30918</x><y>0.22235</y><y>0.25922</y></points><label>3</label><labelname>window</labelname><flag>1</flag></object><object><points><x>0.24396</x><x>0.29227</x><y>0.26704</y><y>0.30056</y></points><label>3</label><labelname>window</labelname><flag>1</flag></object><object><points><x>0.79952</x><x>0.90821</x><y>0.55754</y><y>0.63911</y></points><label>3</label><labelname>window</labelname><flag>1</flag></object><object><points><x>0.80918</x><x>0.89614</x><y>0.80894</y><y>0.86034</y></points><label>3</label><labelname>window</labelname><flag>1</flag></object><object><points><x>0.80676</x><x>0.90338</x><y>0.72961</y><y>0.76536</y></points><label>3</label><labelname>window</labelname><flag>1</flag></object><object><points><x>0.82367</x><x>0.92754</x><y>0.90391</y><y>0.94972</y></points><label>3</label><labelname>window</labelname><flag>1</flag></object><object><points><x>0.69807</x><x>0.82367</x><y>0.64134</y><y>0.99777</y></points><label>7</label><labelname>balcony</labelname><flag>1</flag></object><object><points><x>0.59179</x><x>0.66184</x><y>0.31844</y><y>0.36648</y></points><label>8</label><labelname>blind</labelname><flag>1</flag></object><object><points><x>0.59179</x><x>0.68599</x><y>0.38212</y><y>0.42123</y></points><label>8</label><labelname>blind</labelname><flag>1</flag></object><object><points><x>0.62077</x><x>0.65942</x><y>0.61229</y><y>0.63352</y></points><label>8</label><labelname>blind</labelname><flag>1</flag></object><object><points><x>0.2657</x><x>0.3285</x><y>0.6</y><y>0.62458</y></points><label>8</label><labelname>blind</labelname><flag>1</flag></object><object><points><x>0.61594</x><x>0.64976</x><y>0.79553</y><y>0.84022</y></points><label>8</label><labelname>blind</labelname><flag>1</flag></object><object><points><x>0.64734</x><x>0.72947</x><y>0.91285</y><y>0.95642</y></points><label>8</label><labelname>blind</labelname><flag>1</flag></object><object><points><x>0.8285</x><x>0.9058</x><y>0.90615</y><y>0.94525</y></points><label>8</label><labelname>blind</labelname><flag>1</flag></object><object><points><x>0.50483</x><x>0.53865</x><y>0.39665</y><y>0.42682</y></points><label>9</label><labelname>deco</labelname><flag>1</flag></object><object><points><x>0.5</x><x>0.53623</x><y>0.37207</y><y>0.39441</y></points><label>9</label><labelname>deco</labelname><flag>1</flag></object><object><points><x>0.5</x><x>0.53382</x><y>0.32737</y><y>0.34972</y></points><label>9</label><labelname>deco</labelname><flag>1</flag></object><object><points><x>0.49758</x><x>0.5314</x><y>0.29832</y><y>0.32179</y></points><label>9</label><labelname>deco</labelname><flag>1</flag></object><object><points><x>0.71014</x><x>0.78019</x><y>0.32737</y><y>0.38659</y></points><label>9</label><labelname>deco</labelname><flag>1</flag></object><object><points><x>0.4058</x><x>0.51449</x><y>0.2067</y><y>0.2514</y></points><label>3</label><labelname>window</labelname><flag>1</flag></object><object><points><x>0.59903</x><x>0.70773</x><y>0.2067</y><y>0.2514</y></points><label>3</label><labelname>window</labelname><flag>1</flag></object><object><points><x>0.79952</x><x>0.9058</x><y>0.21117</y><y>0.26369</y></points><label>3</label><labelname>window</labelname><flag>1</flag></object><object><points><x>0.05314</x><x>0.98551</x><y>0.26592</y><y>0.99888</y></points><label>2</label><labelname>facade</labelname><flag>1</flag></object>