<object><points><x>0.0073529</x><x>0.98529</x><y>0.13007</y><y>0.94932</y></points><label>2</label><labelname>facade</labelname><flag>1</flag></object><object><points><x>0.098039</x><x>0.18627</x><y>0.1875</y><y>0.22297</y></points><label>3</label><labelname>window</labelname><flag>1</flag></object><object><points><x>0.095588</x><x>0.18137</x><y>0.23142</y><y>0.2652</y></points><label>3</label><labelname>window</labelname><flag>1</flag></object><object><points><x>0.095588</x><x>0.18137</x><y>0.27027</y><y>0.30574</y></points><label>3</label><labelname>window</labelname><flag>1</flag></object><object><points><x>0.27941</x><x>0.37255</x><y>0.25507</y><y>0.28378</y></points><label>3</label><labelname>window</labelname><flag>1</flag></object><object><points><x>0.27696</x><x>0.3701</x><y>0.21284</y><y>0.24155</y></points><label>3</label><labelname>window</labelname><flag>1</flag></object><object><points><x>0.46324</x><x>0.55637</x><y>0.25507</y><y>0.28378</y></points><label>3</label><labelname>window</labelname><flag>1</flag></object><object><points><x>0.46078</x><x>0.55392</x><y>0.21453</y><y>0.24155</y></points><label>3</label><labelname>window</labelname><flag>1</flag></object><object><points><x>0.66176</x><x>0.76225</x><y>0.25507</y><y>0.28378</y></points><label>3</label><labelname>window</labelname><flag>1</flag></object><object><points><x>0.34804</x><x>0.43382</x><y>0.75845</y><y>0.79899</y></points><label>3</label><labelname>window</labelname><flag>1</flag></object><object><points><x>0.5098</x><x>0.6152</x><y>0.75676</y><y>0.7973</y></points><label>3</label><labelname>window</labelname><flag>1</flag></object><object><points><x>0.68627</x><x>0.78431</x><y>0.75507</y><y>0.79561</y></points><label>3</label><labelname>window</labelname><flag>1</flag></object><object><points><x>0.18873</x><x>0.2451</x><y>0.63007</y><y>0.66216</y></points><label>3</label><labelname>window</labelname><flag>1</flag></object><object><points><x>0.19118</x><x>0.24755</x><y>0.5</y><y>0.53378</y></points><label>3</label><labelname>window</labelname><flag>1</flag></object><object><points><x>0.51716</x><x>0.62745</x><y>0.5</y><y>0.53378</y></points><label>3</label><labelname>window</labelname><flag>1</flag></object><object><points><x>0.51716</x><x>0.62745</x><y>0.63007</y><y>0.66385</y></points><label>3</label><labelname>window</labelname><flag>1</flag></object><object><points><x>0.35049</x><x>0.43627</x><y>0.49662</y><y>0.53209</y></points><label>3</label><labelname>window</labelname><flag>1</flag></object><object><points><x>0.34559</x><x>0.43382</x><y>0.62838</y><y>0.66385</y></points><label>3</label><labelname>window</labelname><flag>1</flag></object><object><points><x>0.32843</x><x>0.34804</x><y>0.74662</y><y>0.80574</y></points><label>5</label><labelname>cornice</labelname><flag>1</flag></object><object><points><x>0.47059</x><x>0.50735</x><y>0.74324</y><y>0.80743</y></points><label>5</label><labelname>cornice</labelname><flag>1</flag></object><object><points><x>0.41667</x><x>0.46078</x><y>0.18581</y><y>0.29899</y></points><label>5</label><labelname>cornice</labelname><flag>1</flag></object><object><points><x>0.25245</x><x>0.27696</x><y>0.19257</y><y>0.29392</y></points><label>5</label><labelname>cornice</labelname><flag>1</flag></object><object><points><x>0.32598</x><x>0.34559</x><y>0.61486</y><y>0.6723</y></points><label>5</label><labelname>cornice</labelname><flag>1</flag></object><object><points><x>0.33088</x><x>0.35049</x><y>0.4848</y><y>0.54054</y></points><label>5</label><labelname>cornice</labelname><flag>1</flag></object><object><points><x>0.17892</x><x>0.21078</x><y>0.16554</y><y>0.32264</y></points><label>6</label><labelname>sill</labelname><flag>1</flag></object><object><points><x>0.37255</x><x>0.40931</x><y>0.18243</y><y>0.30236</y></points><label>6</label><labelname>sill</labelname><flag>1</flag></object><object><points><x>0.42892</x><x>0.46569</x><y>0.74324</y><y>0.80405</y></points><label>6</label><labelname>sill</labelname><flag>1</flag></object><object><points><x>0.3701</x><x>0.48529</x><y>0.38176</y><y>0.72466</y></points><label>7</label><labelname>balcony</labelname><flag>1</flag></object><object><points><x>0.57108</x><x>0.67647</x><y>0.38514</y><y>0.72804</y></points><label>7</label><labelname>balcony</labelname><flag>1</flag></object><object><points><x>0.60784</x><x>0.67157</x><y>0.85811</y><y>0.94257</y></points><label>7</label><labelname>balcony</labelname><flag>1</flag></object><object><points><x>0.43382</x><x>0.52696</x><y>0.8598</y><y>0.94595</y></points><label>7</label><labelname>balcony</labelname><flag>1</flag></object><object><points><x>0.19608</x><x>0.2549</x><y>0.67568</y><y>0.78041</y></points><label>7</label><labelname>balcony</labelname><flag>1</flag></object><object><points><x>0.19608</x><x>0.2549</x><y>0.53716</y><y>0.625</y></points><label>7</label><labelname>balcony</labelname><flag>1</flag></object><object><points><x>0.093137</x><x>0.19118</x><y>0.16385</y><y>0.18581</y></points><label>8</label><labelname>blind</labelname><flag>1</flag></object><object><points><x>0.090686</x><x>0.18873</x><y>0.30743</y><y>0.32939</y></points><label>8</label><labelname>blind</labelname><flag>1</flag></object><object><points><x>0.26961</x><x>0.3799</x><y>0.18243</y><y>0.20439</y></points><label>8</label><labelname>blind</labelname><flag>1</flag></object><object><points><x>0.27206</x><x>0.375</x><y>0.28378</y><y>0.30574</y></points><label>8</label><labelname>blind</labelname><flag>1</flag></object><object><points><x>0.45833</x><x>0.56127</x><y>0.28547</y><y>0.30912</y></points><label>8</label><labelname>blind</labelname><flag>1</flag></object><object><points><x>0.45588</x><x>0.56127</x><y>0.18243</y><y>0.20439</y></points><label>8</label><labelname>blind</labelname><flag>1</flag></object><object><points><x>0.65196</x><x>0.77206</x><y>0.28209</y><y>0.30912</y></points><label>8</label><labelname>blind</labelname><flag>1</flag></object><object><points><x>0.125</x><x>0.22549</x><y>0.3902</y><y>0.40372</y></points><label>8</label><labelname>blind</labelname><flag>1</flag></object><object><points><x>0.34559</x><x>0.43873</x><y>0.80068</y><y>0.81588</y></points><label>8</label><labelname>blind</labelname><flag>1</flag></object><object><points><x>0.34559</x><x>0.43873</x><y>0.7348</y><y>0.75507</y></points><label>8</label><labelname>blind</labelname><flag>1</flag></object><object><points><x>0.50735</x><x>0.61765</x><y>0.73142</y><y>0.75507</y></points><label>8</label><labelname>blind</labelname><flag>1</flag></object><object><points><x>0.5049</x><x>0.61275</x><y>0.79899</y><y>0.81926</y></points><label>8</label><labelname>blind</labelname><flag>1</flag></object><object><points><x>0.68382</x><x>0.78431</x><y>0.79392</y><y>0.81588</y></points><label>8</label><labelname>blind</labelname><flag>1</flag></object><object><points><x>0.68627</x><x>0.78431</x><y>0.73311</y><y>0.75676</y></points><label>8</label><labelname>blind</labelname><flag>1</flag></object><object><points><x>0.34314</x><x>0.43627</x><y>0.46959</y><y>0.48986</y></points><label>8</label><labelname>blind</labelname><flag>1</flag></object><object><points><x>0.34559</x><x>0.43627</x><y>0.53378</y><y>0.55574</y></points><label>8</label><labelname>blind</labelname><flag>1</flag></object><object><points><x>0.34314</x><x>0.43382</x><y>0.60135</y><y>0.62331</y></points><label>8</label><labelname>blind</labelname><flag>1</flag></object><object><points><x>0.34314</x><x>0.43382</x><y>0.66385</y><y>0.68581</y></points><label>8</label><labelname>blind</labelname><flag>1</flag></object><object><points><x>0.5049</x><x>0.62745</x><y>0.46453</y><y>0.48986</y></points><label>8</label><labelname>blind</labelname><flag>1</flag></object><object><points><x>0.50245</x><x>0.6201</x><y>0.53378</y><y>0.55912</y></points><label>8</label><labelname>blind</labelname><flag>1</flag></object><object><points><x>0.50245</x><x>0.6299</x><y>0.59966</y><y>0.62331</y></points><label>8</label><labelname>blind</labelname><flag>1</flag></object><object><points><x>0.50245</x><x>0.6299</x><y>0.66385</y><y>0.68919</y></points><label>8</label><labelname>blind</labelname><flag>1</flag></object><object><points><x>0.68627</x><x>0.76716</x><y>0.66216</y><y>0.68412</y></points><label>8</label><labelname>blind</labelname><flag>1</flag></object><object><points><x>0.68627</x><x>0.76716</x><y>0.60304</y><y>0.62331</y></points><label>8</label><labelname>blind</labelname><flag>1</flag></object><object><points><x>0.68873</x><x>0.76716</x><y>0.54223</y><y>0.56757</y></points><label>8</label><labelname>blind</labelname><flag>1</flag></object><object><points><x>0.68627</x><x>0.76716</x><y>0.45608</y><y>0.47466</y></points><label>8</label><labelname>blind</labelname><flag>1</flag></object><object><points><x>0.47059</x><x>0.63235</x><y>0.43412</y><y>0.43919</y></points><label>11</label><labelname>pillar</labelname><flag>1</flag></object><object><points><x>0.47059</x><x>0.63235</x><y>0.50676</y><y>0.51014</y></points><label>11</label><labelname>pillar</labelname><flag>1</flag></object><object><points><x>0.47059</x><x>0.63235</x><y>0.5777</y><y>0.58277</y></points><label>11</label><labelname>pillar</labelname><flag>1</flag></object><object><points><x>0.47059</x><x>0.63235</x><y>0.65034</y><y>0.65541</y></points><label>11</label><labelname>pillar</labelname><flag>1</flag></object><object><points><x>0.47059</x><x>0.6299</x><y>0.69595</y><y>0.70101</y></points><label>11</label><labelname>pillar</labelname><flag>1</flag></object><object><points><x>0.47059</x><x>0.63235</x><y>0.38682</y><y>0.39189</y></points><label>11</label><labelname>pillar</labelname><flag>1</flag></object><object><points><x>0.46078</x><x>0.47059</x><y>0.42905</y><y>0.44257</y></points><label>11</label><labelname>pillar</labelname><flag>1</flag></object><object><points><x>0.46078</x><x>0.47059</x><y>0.38345</y><y>0.39527</y></points><label>11</label><labelname>pillar</labelname><flag>1</flag></object><object><points><x>0.46078</x><x>0.47059</x><y>0.50169</y><y>0.5152</y></points><label>11</label><labelname>pillar</labelname><flag>1</flag></object><object><points><x>0.46078</x><x>0.47304</x><y>0.57432</y><y>0.58615</y></points><label>11</label><labelname>pillar</labelname><flag>1</flag></object><object><points><x>0.46078</x><x>0.47059</x><y>0.64696</y><y>0.65878</y></points><label>11</label><labelname>pillar</labelname><flag>1</flag></object><object><points><x>0.46078</x><x>0.47059</x><y>0.69257</y><y>0.70439</y></points><label>11</label><labelname>pillar</labelname><flag>1</flag></object><object><points><x>0.5</x><x>0.51225</x><y>0.71115</y><y>0.72466</y></points><label>11</label><labelname>pillar</labelname><flag>1</flag></object><object><points><x>0.51225</x><x>0.64951</x><y>0.71622</y><y>0.72128</y></points><label>11</label><labelname>pillar</labelname><flag>1</flag></object><object><points><x>0.28922</x><x>0.43873</x><y>0.43581</y><y>0.4375</y></points><label>11</label><labelname>pillar</labelname><flag>1</flag></object><object><points><x>0.28676</x><x>0.43627</x><y>0.50676</y><y>0.51014</y></points><label>11</label><labelname>pillar</labelname><flag>1</flag></object><object><points><x>0.28676</x><x>0.43627</x><y>0.57939</y><y>0.58108</y></points><label>11</label><labelname>pillar</labelname><flag>1</flag></object><object><points><x>0.29167</x><x>0.44118</x><y>0.65034</y><y>0.65372</y></points><label>11</label><labelname>pillar</labelname><flag>1</flag></object><object><points><x>0.28922</x><x>0.43873</x><y>0.69764</y><y>0.70101</y></points><label>11</label><labelname>pillar</labelname><flag>1</flag></object><object><points><x>0.29167</x><x>0.44118</x><y>0.38851</y><y>0.3902</y></points><label>11</label><labelname>pillar</labelname><flag>1</flag></object><object><points><x>0.32108</x><x>0.32108</x><y>0.43581</y><y>0.43581</y></points><label>11</label><labelname>pillar</labelname><flag>1</flag></object><object><points><x>0.32108</x><x>0.32108</x><y>0.43581</y><y>0.43581</y></points><label>11</label><labelname>pillar</labelname><flag>1</flag></object><object><points><x>0.2598</x><x>0.28922</x><y>0.42736</y><y>0.44595</y></points><label>11</label><labelname>pillar</labelname><flag>1</flag></object><object><points><x>0.26225</x><x>0.29167</x><y>0.38682</y><y>0.39865</y></points><label>11</label><labelname>pillar</labelname><flag>1</flag></object><object><points><x>0.25735</x><x>0.28676</x><y>0.49831</y><y>0.51858</y></points><label>11</label><labelname>pillar</labelname><flag>1</flag></object><object><points><x>0.25735</x><x>0.28676</x><y>0.56926</y><y>0.58953</y></points><label>11</label><labelname>pillar</labelname><flag>1</flag></object><object><points><x>0.2598</x><x>0.29167</x><y>0.64358</y><y>0.66216</y></points><label>11</label><labelname>pillar</labelname><flag>1</flag></object><object><points><x>0.2598</x><x>0.28922</x><y>0.69088</y><y>0.69932</y></points><label>11</label><labelname>pillar</labelname><flag>1</flag></object><object><points><x>0.68137</x><x>0.80637</x><y>0.42905</y><y>0.44257</y></points><label>11</label><labelname>pillar</labelname><flag>1</flag></object><object><points><x>0.67892</x><x>0.80882</x><y>0.38345</y><y>0.39696</y></points><label>11</label><labelname>pillar</labelname><flag>1</flag></object><object><points><x>0.67647</x><x>0.80637</x><y>0.50169</y><y>0.5152</y></points><label>11</label><labelname>pillar</labelname><flag>1</flag></object><object><points><x>0.67647</x><x>0.80637</x><y>0.57264</y><y>0.58615</y></points><label>11</label><labelname>pillar</labelname><flag>1</flag></object><object><points><x>0.67402</x><x>0.80392</x><y>0.64527</y><y>0.65878</y></points><label>11</label><labelname>pillar</labelname><flag>1</flag></object><object><points><x>0.67647</x><x>0.80637</x><y>0.69088</y><y>0.70439</y></points><label>11</label><labelname>pillar</labelname><flag>1</flag></object><object><points><x>0.68873</x><x>0.80637</x><y>0.71115</y><y>0.72297</y></points><label>11</label><labelname>pillar</labelname><flag>1</flag></object><object><points><x>0.65441</x><x>0.67892</x><y>0.38176</y><y>0.40203</y></points><label>11</label><labelname>pillar</labelname><flag>1</flag></object><object><points><x>0.65931</x><x>0.67892</x><y>0.42399</y><y>0.44764</y></points><label>11</label><labelname>pillar</labelname><flag>1</flag></object><object><points><x>0.65686</x><x>0.67647</x><y>0.49662</y><y>0.51858</y></points><label>11</label><labelname>pillar</labelname><flag>1</flag></object><object><points><x>0.65931</x><x>0.67892</x><y>0.56757</y><y>0.58953</y></points><label>11</label><labelname>pillar</labelname><flag>1</flag></object><object><points><x>0.65441</x><x>0.67402</x><y>0.63851</y><y>0.66216</y></points><label>11</label><labelname>pillar</labelname><flag>1</flag></object><object><points><x>0.65931</x><x>0.67647</x><y>0.68581</y><y>0.70777</y></points><label>11</label><labelname>pillar</labelname><flag>1</flag></object><object><points><x>0.67402</x><x>0.68873</x><y>0.70946</y><y>0.72635</y></points><label>11</label><labelname>pillar</labelname><flag>1</flag></object>