<object><points><x>0.052734</x><x>1</x><y>0.0013643</y><y>1</y></points><label>2</label><labelname>facade</labelname><flag>1</flag></object><object><points><x>0.29297</x><x>0.34766</x><y>0.1296</y><y>0.17053</y></points><label>3</label><labelname>window</labelname><flag>1</flag></object><object><points><x>0.29492</x><x>0.34961</x><y>0.206</y><y>0.24693</y></points><label>3</label><labelname>window</labelname><flag>1</flag></object><object><points><x>0.29395</x><x>0.34766</x><y>0.28104</y><y>0.3206</y></points><label>3</label><labelname>window</labelname><flag>1</flag></object><object><points><x>0.29395</x><x>0.34863</x><y>0.37108</y><y>0.41064</y></points><label>3</label><labelname>window</labelname><flag>1</flag></object><object><points><x>0.29199</x><x>0.34668</x><y>0.45157</y><y>0.4925</y></points><label>3</label><labelname>window</labelname><flag>1</flag></object><object><points><x>0.29297</x><x>0.34766</x><y>0.52933</y><y>0.56889</y></points><label>3</label><labelname>window</labelname><flag>1</flag></object><object><points><x>0.29297</x><x>0.34766</x><y>0.60982</y><y>0.65075</y></points><label>3</label><labelname>window</labelname><flag>1</flag></object><object><points><x>0.29492</x><x>0.34961</x><y>0.6985</y><y>0.73943</y></points><label>3</label><labelname>window</labelname><flag>1</flag></object><object><points><x>0.29492</x><x>0.34961</x><y>0.77217</y><y>0.81173</y></points><label>3</label><labelname>window</labelname><flag>1</flag></object><object><points><x>0.2959</x><x>0.35059</x><y>0.84584</y><y>0.88677</y></points><label>3</label><labelname>window</labelname><flag>1</flag></object><object><points><x>0.52148</x><x>0.64062</x><y>0.17872</y><y>0.27558</y></points><label>3</label><labelname>window</labelname><flag>1</flag></object><object><points><x>0.52441</x><x>0.64355</x><y>0.74352</y><y>0.84175</y></points><label>3</label><labelname>window</labelname><flag>1</flag></object><object><points><x>0.49805</x><x>0.64355</x><y>0.45975</y><y>0.56889</y></points><label>3</label><labelname>window</labelname><flag>1</flag></object><object><points><x>0.7373</x><x>0.86523</x><y>0.37926</y><y>0.64666</y></points><label>3</label><labelname>window</labelname><flag>1</flag></object><object><points><x>0.4668</x><x>0.52441</x><y>0.16508</y><y>0.29195</y></points><label>5</label><labelname>cornice</labelname><flag>1</flag></object><object><points><x>0.4668</x><x>0.52441</x><y>0.73124</y><y>0.85812</y></points><label>5</label><labelname>cornice</labelname><flag>1</flag></object><object><points><x>0.60742</x><x>0.68359</x><y>0.021828</y><y>0.99454</y></points><label>7</label><labelname>balcony</labelname><flag>1</flag></object><object><points><x>0.39258</x><x>0.4248</x><y>0.072306</y><y>0.94816</y></points><label>9</label><labelname>deco</labelname><flag>1</flag></object><object><points><x>0.058594</x><x>0.21875</x><y>0.010914</y><y>0.99591</y></points><label>9</label><labelname>deco</labelname><flag>1</flag></object><object><points><x>0.21777</x><x>0.2793</x><y>0.055935</y><y>0.087312</y></points><label>9</label><labelname>deco</labelname><flag>1</flag></object><object><points><x>0.21875</x><x>0.28125</x><y>0.090041</y><y>0.12278</y></points><label>9</label><labelname>deco</labelname><flag>1</flag></object><object><points><x>0.21875</x><x>0.28027</x><y>0.16508</y><y>0.19782</y></points><label>9</label><labelname>deco</labelname><flag>1</flag></object><object><points><x>0.21875</x><x>0.28125</x><y>0.24147</y><y>0.27422</y></points><label>9</label><labelname>deco</labelname><flag>1</flag></object><object><points><x>0.21875</x><x>0.28125</x><y>0.32333</y><y>0.35607</y></points><label>9</label><labelname>deco</labelname><flag>1</flag></object><object><points><x>0.21973</x><x>0.28125</x><y>0.41201</y><y>0.44475</y></points><label>9</label><labelname>deco</labelname><flag>1</flag></object><object><points><x>0.21777</x><x>0.28027</x><y>0.49113</y><y>0.52387</y></points><label>9</label><labelname>deco</labelname><flag>1</flag></object><object><points><x>0.2207</x><x>0.28223</x><y>0.57572</y><y>0.60846</y></points><label>9</label><labelname>deco</labelname><flag>1</flag></object><object><points><x>0.21875</x><x>0.28027</x><y>0.66303</y><y>0.69441</y></points><label>9</label><labelname>deco</labelname><flag>1</flag></object><object><points><x>0.21973</x><x>0.28125</x><y>0.74352</y><y>0.77626</y></points><label>9</label><labelname>deco</labelname><flag>1</flag></object><object><points><x>0.22266</x><x>0.28418</x><y>0.81855</y><y>0.84993</y></points><label>9</label><labelname>deco</labelname><flag>1</flag></object><object><points><x>0.22266</x><x>0.28418</x><y>0.88677</y><y>0.91951</y></points><label>9</label><labelname>deco</labelname><flag>1</flag></object><object><points><x>0.22168</x><x>0.2832</x><y>0.92224</y><y>0.95498</y></points><label>9</label><labelname>deco</labelname><flag>1</flag></object><object><points><x>0.21777</x><x>0.29199</x><y>0.053206</y><y>0.96453</y></points><label>10</label><labelname>molding</labelname><flag>1</flag></object><object><points><x>0.35449</x><x>0.44043</x><y>0.023192</y><y>0.98363</y></points><label>10</label><labelname>molding</labelname><flag>1</flag></object><object><points><x>0.64453</x><x>0.72461</x><y>0.023192</y><y>0.97408</y></points><label>10</label><labelname>molding</labelname><flag>1</flag></object><object><points><x>0.2998</x><x>0.34668</x><y>0.17872</y><y>0.19782</y></points><label>11</label><labelname>pillar</labelname><flag>1</flag></object><object><points><x>0.2998</x><x>0.34668</x><y>0.25239</y><y>0.27012</y></points><label>11</label><labelname>pillar</labelname><flag>1</flag></object><object><points><x>0.30176</x><x>0.34863</x><y>0.42019</y><y>0.43929</y></points><label>11</label><labelname>pillar</labelname><flag>1</flag></object><object><points><x>0.30273</x><x>0.34961</x><y>0.50205</y><y>0.52115</y></points><label>11</label><labelname>pillar</labelname><flag>1</flag></object><object><points><x>0.30078</x><x>0.34766</x><y>0.58254</y><y>0.60027</y></points><label>11</label><labelname>pillar</labelname><flag>1</flag></object><object><points><x>0.30273</x><x>0.34961</x><y>0.82128</y><y>0.84038</y></points><label>11</label><labelname>pillar</labelname><flag>1</flag></object><object><points><x>0.30273</x><x>0.34961</x><y>0.74761</y><y>0.76671</y></points><label>11</label><labelname>pillar</labelname><flag>1</flag></object><object><points><x>0.45508</x><x>0.5918</x><y>0.080491</y><y>0.11869</y></points><label>11</label><labelname>pillar</labelname><flag>1</flag></object><object><points><x>0.4541</x><x>0.59082</x><y>0.31924</y><y>0.35744</y></points><label>11</label><labelname>pillar</labelname><flag>1</flag></object><object><points><x>0.45117</x><x>0.58789</x><y>0.66576</y><y>0.70396</y></points><label>11</label><labelname>pillar</labelname><flag>1</flag></object><object><points><x>0.45508</x><x>0.58887</x><y>0.89495</y><y>0.93315</y></points><label>11</label><labelname>pillar</labelname><flag>1</flag></object><object><points><x>0.71973</x><x>0.87793</x><y>0.07367</y><y>0.11733</y></points><label>11</label><labelname>pillar</labelname><flag>1</flag></object><object><points><x>0.71973</x><x>0.875</x><y>0.31241</y><y>0.35607</y></points><label>11</label><labelname>pillar</labelname><flag>1</flag></object><object><points><x>0.71582</x><x>0.87305</x><y>0.66576</y><y>0.70941</y></points><label>11</label><labelname>pillar</labelname><flag>1</flag></object><object><points><x>0.71484</x><x>0.87305</x><y>0.90723</y><y>0.94952</y></points><label>11</label><labelname>pillar</labelname><flag>1</flag></object><object><points><x>0.68262</x><x>0.71973</x><y>0.30832</y><y>0.36289</y></points><label>11</label><labelname>pillar</labelname><flag>1</flag></object><object><points><x>0.68262</x><x>0.71973</x><y>0.068213</y><y>0.12278</y></points><label>11</label><labelname>pillar</labelname><flag>1</flag></object><object><points><x>0.67773</x><x>0.71484</x><y>0.90041</y><y>0.95498</y></points><label>11</label><labelname>pillar</labelname><flag>1</flag></object><object><points><x>0.67773</x><x>0.71484</x><y>0.65894</y><y>0.71351</y></points><label>11</label><labelname>pillar</labelname><flag>1</flag></object><object><points><x>0.43164</x><x>0.4541</x><y>0.88813</y><y>0.9427</y></points><label>11</label><labelname>pillar</labelname><flag>1</flag></object><object><points><x>0.42871</x><x>0.45117</x><y>0.65894</y><y>0.71351</y></points><label>11</label><labelname>pillar</labelname><flag>1</flag></object><object><points><x>0.43164</x><x>0.4541</x><y>0.30832</y><y>0.36426</y></points><label>11</label><labelname>pillar</labelname><flag>1</flag></object><object><points><x>0.43164</x><x>0.4541</x><y>0.07367</y><y>0.12688</y></points><label>11</label><labelname>pillar</labelname><flag>1</flag></object><object><points><x>0.28223</x><x>0.2998</x><y>0.17326</y><y>0.20055</y></points><label>11</label><labelname>pillar</labelname><flag>1</flag></object><object><points><x>0.28223</x><x>0.2998</x><y>0.24693</y><y>0.27422</y></points><label>11</label><labelname>pillar</labelname><flag>1</flag></object><object><points><x>0.28516</x><x>0.30273</x><y>0.41746</y><y>0.44475</y></points><label>11</label><labelname>pillar</labelname><flag>1</flag></object><object><points><x>0.28613</x><x>0.30371</x><y>0.49795</y><y>0.52524</y></points><label>11</label><labelname>pillar</labelname><flag>1</flag></object><object><points><x>0.28418</x><x>0.30176</x><y>0.57708</y><y>0.60437</y></points><label>11</label><labelname>pillar</labelname><flag>1</flag></object><object><points><x>0.28516</x><x>0.30273</x><y>0.74216</y><y>0.7708</y></points><label>11</label><labelname>pillar</labelname><flag>1</flag></object><object><points><x>0.28613</x><x>0.30273</x><y>0.81583</y><y>0.84447</y></points><label>11</label><labelname>pillar</labelname><flag>1</flag></object><object><points><x>0.5918</x><x>0.63867</x><y>0.076398</y><y>0.12415</y></points><label>11</label><labelname>pillar</labelname><flag>1</flag></object><object><points><x>0.59082</x><x>0.6377</x><y>0.31378</y><y>0.36153</y></points><label>11</label><labelname>pillar</labelname><flag>1</flag></object><object><points><x>0.58789</x><x>0.63574</x><y>0.66166</y><y>0.70941</y></points><label>11</label><labelname>pillar</labelname><flag>1</flag></object><object><points><x>0.58887</x><x>0.6377</x><y>0.89086</y><y>0.93861</y></points><label>11</label><labelname>pillar</labelname><flag>1</flag></object><object><points><x>0.87695</x><x>0.99902</x><y>0.049113</y><y>0.13779</y></points><label>11</label><labelname>pillar</labelname><flag>1</flag></object><object><points><x>0.875</x><x>0.99609</x><y>0.29059</y><y>0.38063</y></points><label>11</label><labelname>pillar</labelname><flag>1</flag></object><object><points><x>0.87402</x><x>0.99512</x><y>0.64529</y><y>0.73533</y></points><label>11</label><labelname>pillar</labelname><flag>1</flag></object><object><points><x>0.87109</x><x>0.99219</x><y>0.88131</y><y>0.97135</y></points><label>11</label><labelname>pillar</labelname><flag>1</flag></object><object><points><x>0.87695</x><x>0.98828</x><y>0.39291</y><y>0.63711</y></points><label>12</label><labelname>shop</labelname><flag>1</flag></object><object><points><x>0.89355</x><x>0.98633</x><y>0.73943</y><y>0.87449</y></points><label>12</label><labelname>shop</labelname><flag>1</flag></object><object><points><x>0.89746</x><x>0.99316</x><y>0.15007</y><y>0.28377</y></points><label>12</label><labelname>shop</labelname><flag>1</flag></object><object><points><x>0.76758</x><x>0.84277</x><y>0.46112</y><y>0.56344</y></points><label>12</label><labelname>shop</labelname><flag>1</flag></object><object><points><x>0.71582</x><x>0.76074</x><y>0.19509</y><y>0.24557</y></points><label>9</label><labelname>deco</labelname><flag>1</flag></object><object><points><x>0.71191</x><x>0.75684</x><y>0.7749</y><y>0.82538</y></points><label>9</label><labelname>deco</labelname><flag>1</flag></object><object><points><x>0.78613</x><x>0.85938</x><y>0.78035</y><y>0.81719</y></points><label>9</label><labelname>deco</labelname><flag>1</flag></object><object><points><x>0.79004</x><x>0.86328</x><y>0.20055</y><y>0.23738</y></points><label>9</label><labelname>deco</labelname><flag>1</flag></object><object><points><x>0.46191</x><x>0.52734</x><y>0.41201</y><y>0.60982</y></points><label>9</label><labelname>deco</labelname><flag>1</flag></object><object><points><x>0.5459</x><x>0.64453</x><y>0.57162</y><y>0.59482</y></points><label>11</label><labelname>pillar</labelname><flag>1</flag></object><object><points><x>0.54785</x><x>0.64551</x><y>0.43247</y><y>0.45839</y></points><label>11</label><labelname>pillar</labelname><flag>1</flag></object><object><points><x>0.52832</x><x>0.54785</x><y>0.42701</y><y>0.46112</y></points><label>11</label><labelname>pillar</labelname><flag>1</flag></object><object><points><x>0.52637</x><x>0.54688</x><y>0.56753</y><y>0.60164</y></points><label>11</label><labelname>pillar</labelname><flag>1</flag></object><object><points><x>0.55664</x><x>0.59277</x><y>0.36016</y><y>0.66166</y></points><label>9</label><labelname>deco</labelname><flag>1</flag></object>