<object><points><x>0.0030257</x><x>0.99849</x><y>0.00097656</y><y>0.99902</y></points><label>2</label><labelname>facade</labelname><flag>1</flag></object><object><points><x>0.26172</x><x>0.33132</x><y>0.34668</y><y>0.37305</y></points><label>3</label><labelname>window</labelname><flag>1</flag></object><object><points><x>0.26172</x><x>0.33283</x><y>0.38184</y><y>0.40723</y></points><label>3</label><labelname>window</labelname><flag>1</flag></object><object><points><x>0.26021</x><x>0.33132</x><y>0.4541</y><y>0.47949</y></points><label>3</label><labelname>window</labelname><flag>1</flag></object><object><points><x>0.26021</x><x>0.33132</x><y>0.49023</y><y>0.51562</y></points><label>3</label><labelname>window</labelname><flag>1</flag></object><object><points><x>0.44175</x><x>0.52345</x><y>0.3457</y><y>0.37207</y></points><label>3</label><labelname>window</labelname><flag>1</flag></object><object><points><x>0.44175</x><x>0.52345</x><y>0.38086</y><y>0.40723</y></points><label>3</label><labelname>window</labelname><flag>1</flag></object><object><points><x>0.44175</x><x>0.52194</x><y>0.4541</y><y>0.48047</y></points><label>3</label><labelname>window</labelname><flag>1</flag></object><object><points><x>0.44175</x><x>0.52194</x><y>0.48926</y><y>0.51562</y></points><label>3</label><labelname>window</labelname><flag>1</flag></object><object><points><x>0.62632</x><x>0.7171</x><y>0.3457</y><y>0.37207</y></points><label>3</label><labelname>window</labelname><flag>1</flag></object><object><points><x>0.62632</x><x>0.7171</x><y>0.37891</y><y>0.40527</y></points><label>3</label><labelname>window</labelname><flag>1</flag></object><object><points><x>0.62632</x><x>0.7171</x><y>0.45312</y><y>0.47949</y></points><label>3</label><labelname>window</labelname><flag>1</flag></object><object><points><x>0.62784</x><x>0.71861</x><y>0.48828</y><y>0.51465</y></points><label>3</label><labelname>window</labelname><flag>1</flag></object><object><points><x>0.25719</x><x>0.33283</x><y>0.69629</y><y>0.7207</y></points><label>3</label><labelname>window</labelname><flag>1</flag></object><object><points><x>0.25567</x><x>0.33132</x><y>0.7832</y><y>0.80762</y></points><label>3</label><labelname>window</labelname><flag>1</flag></object><object><points><x>0.25416</x><x>0.33132</x><y>0.7373</y><y>0.76758</y></points><label>3</label><labelname>window</labelname><flag>1</flag></object><object><points><x>0.43722</x><x>0.52042</x><y>0.73633</y><y>0.7666</y></points><label>3</label><labelname>window</labelname><flag>1</flag></object><object><points><x>0.44024</x><x>0.52042</x><y>0.69629</y><y>0.71973</y></points><label>3</label><labelname>window</labelname><flag>1</flag></object><object><points><x>0.43722</x><x>0.5174</x><y>0.78516</y><y>0.80859</y></points><label>3</label><labelname>window</labelname><flag>1</flag></object><object><points><x>0.62481</x><x>0.71861</x><y>0.7832</y><y>0.80859</y></points><label>3</label><labelname>window</labelname><flag>1</flag></object><object><points><x>0.62481</x><x>0.7171</x><y>0.69531</y><y>0.7207</y></points><label>3</label><labelname>window</labelname><flag>1</flag></object><object><points><x>0.6233</x><x>0.72012</x><y>0.73633</y><y>0.7666</y></points><label>3</label><labelname>window</labelname><flag>1</flag></object><object><points><x>0.28442</x><x>0.36762</x><y>0.019531</y><y>0.037109</y></points><label>3</label><labelname>window</labelname><flag>1</flag></object><object><points><x>0.45537</x><x>0.53101</x><y>0.017578</y><y>0.03418</y></points><label>3</label><labelname>window</labelname><flag>1</flag></object><object><points><x>0.63086</x><x>0.71407</x><y>0.018555</y><y>0.032227</y></points><label>3</label><labelname>window</labelname><flag>1</flag></object><object><points><x>0.23449</x><x>0.32526</x><y>0.86426</y><y>0.92285</y></points><label>3</label><labelname>window</labelname><flag>1</flag></object><object><points><x>0.42057</x><x>0.51891</x><y>0.86523</y><y>0.92383</y></points><label>3</label><labelname>window</labelname><flag>1</flag></object><object><points><x>0.61422</x><x>0.71256</x><y>0.86426</y><y>0.92383</y></points><label>3</label><labelname>window</labelname><flag>1</flag></object><object><points><x>0.61725</x><x>0.71558</x><y>0.57812</y><y>0.6377</y></points><label>3</label><labelname>window</labelname><flag>1</flag></object><object><points><x>0.4236</x><x>0.52194</x><y>0.57812</y><y>0.63672</y></points><label>3</label><labelname>window</labelname><flag>1</flag></object><object><points><x>0.23449</x><x>0.32678</x><y>0.5791</y><y>0.6377</y></points><label>3</label><labelname>window</labelname><flag>1</flag></object><object><points><x>0.42814</x><x>0.52799</x><y>0.19434</y><y>0.24902</y></points><label>3</label><labelname>window</labelname><flag>1</flag></object><object><points><x>0.42965</x><x>0.5295</x><y>0.078125</y><y>0.13379</y></points><label>3</label><labelname>window</labelname><flag>1</flag></object><object><points><x>0.62027</x><x>0.72012</x><y>0.19336</y><y>0.24805</y></points><label>3</label><labelname>window</labelname><flag>1</flag></object><object><points><x>0.61876</x><x>0.71861</x><y>0.077148</y><y>0.13281</y></points><label>3</label><labelname>window</labelname><flag>1</flag></object><object><points><x>0.27231</x><x>0.33132</x><y>0.087891</y><y>0.15137</y></points><label>3</label><labelname>window</labelname><flag>1</flag></object><object><points><x>0.26626</x><x>0.3298</x><y>0.20898</y><y>0.26855</y></points><label>3</label><labelname>window</labelname><flag>1</flag></object><object><points><x>0.823</x><x>0.99395</x><y>0.73242</y><y>0.76758</y></points><label>4</label><labelname>door</labelname><flag>1</flag></object><object><points><x>0.85325</x><x>0.99395</x><y>0.37402</y><y>0.40527</y></points><label>4</label><labelname>door</labelname><flag>1</flag></object><object><points><x>0.85023</x><x>0.97731</x><y>0.44141</y><y>0.54688</y></points><label>3</label><labelname>window</labelname><flag>1</flag></object><object><points><x>0.83964</x><x>0.97428</x><y>0.0068359</y><y>0.37109</y></points><label>3</label><labelname>window</labelname><flag>1</flag></object><object><points><x>0.5295</x><x>0.57186</x><y>0.072266</y><y>0.13965</y></points><label>6</label><labelname>sill</labelname><flag>1</flag></object><object><points><x>0.57337</x><x>0.61725</x><y>0.06543</y><y>0.14355</y></points><label>5</label><labelname>cornice</labelname><flag>1</flag></object><object><points><x>0.57186</x><x>0.61725</x><y>0.18164</y><y>0.25684</y></points><label>5</label><labelname>cornice</labelname><flag>1</flag></object><object><points><x>0.5764</x><x>0.61876</x><y>0.56348</y><y>0.65234</y></points><label>5</label><labelname>cornice</labelname><flag>1</flag></object><object><points><x>0.57337</x><x>0.61422</x><y>0.85352</y><y>0.9375</y></points><label>5</label><labelname>cornice</labelname><flag>1</flag></object><object><points><x>0.32829</x><x>0.38578</x><y>0.2998</y><y>0.54785</y></points><label>7</label><labelname>balcony</labelname><flag>1</flag></object><object><points><x>0.52194</x><x>0.57791</x><y>0.29883</y><y>0.5459</y></points><label>7</label><labelname>balcony</labelname><flag>1</flag></object><object><points><x>0.71558</x><x>0.77156</x><y>0.2959</y><y>0.54297</y></points><label>7</label><labelname>balcony</labelname><flag>1</flag></object><object><points><x>0.3298</x><x>0.37368</x><y>0.17773</y><y>0.26758</y></points><label>7</label><labelname>balcony</labelname><flag>1</flag></object><object><points><x>0.3298</x><x>0.37368</x><y>0.0625</y><y>0.15234</y></points><label>7</label><labelname>balcony</labelname><flag>1</flag></object><object><points><x>0.32678</x><x>0.38427</x><y>0.66895</y><y>0.83594</y></points><label>7</label><labelname>balcony</labelname><flag>1</flag></object><object><points><x>0.5174</x><x>0.57489</x><y>0.66699</y><y>0.83301</y></points><label>7</label><labelname>balcony</labelname><flag>1</flag></object><object><points><x>0.71558</x><x>0.77307</x><y>0.66992</y><y>0.83594</y></points><label>7</label><labelname>balcony</labelname><flag>1</flag></object><object><points><x>0.32829</x><x>0.37216</x><y>0.5752</y><y>0.64355</y></points><label>6</label><labelname>sill</labelname><flag>1</flag></object><object><points><x>0.33132</x><x>0.37368</x><y>0.86035</y><y>0.92871</y></points><label>6</label><labelname>sill</labelname><flag>1</flag></object><object><points><x>0.52042</x><x>0.57337</x><y>0.8584</y><y>0.93457</y></points><label>6</label><labelname>sill</labelname><flag>1</flag></object><object><points><x>0.52345</x><x>0.5764</x><y>0.56836</y><y>0.64355</y></points><label>6</label><labelname>sill</labelname><flag>1</flag></object><object><points><x>0.52496</x><x>0.57791</x><y>0.18164</y><y>0.25781</y></points><label>6</label><labelname>sill</labelname><flag>1</flag></object><object><points><x>0.71558</x><x>0.73676</x><y>0.17969</y><y>0.25781</y></points><label>6</label><labelname>sill</labelname><flag>1</flag></object><object><points><x>0.71407</x><x>0.73525</x><y>0.064453</y><y>0.14355</y></points><label>6</label><labelname>sill</labelname><flag>1</flag></object><object><points><x>0.70953</x><x>0.73071</x><y>0.85742</y><y>0.93555</y></points><label>6</label><labelname>sill</labelname><flag>1</flag></object><object><points><x>0.71407</x><x>0.73525</x><y>0.57031</y><y>0.64844</y></points><label>6</label><labelname>sill</labelname><flag>1</flag></object><object><points><x>0.26324</x><x>0.29955</x><y>0.34766</y><y>0.37109</y></points><label>8</label><labelname>blind</labelname><flag>1</flag></object><object><points><x>0.26324</x><x>0.31467</x><y>0.38379</y><y>0.40625</y></points><label>8</label><labelname>blind</labelname><flag>1</flag></object><object><points><x>0.26324</x><x>0.31921</x><y>0.45508</y><y>0.47852</y></points><label>8</label><labelname>blind</labelname><flag>1</flag></object><object><points><x>0.26021</x><x>0.29955</x><y>0.49023</y><y>0.51367</y></points><label>8</label><labelname>blind</labelname><flag>1</flag></object><object><points><x>0.44327</x><x>0.52042</x><y>0.34766</y><y>0.37109</y></points><label>8</label><labelname>blind</labelname><flag>1</flag></object><object><points><x>0.44327</x><x>0.52194</x><y>0.38184</y><y>0.40625</y></points><label>8</label><labelname>blind</labelname><flag>1</flag></object><object><points><x>0.44327</x><x>0.52194</x><y>0.45508</y><y>0.47949</y></points><label>8</label><labelname>blind</labelname><flag>1</flag></object><object><points><x>0.44175</x><x>0.52042</x><y>0.49023</y><y>0.51465</y></points><label>8</label><labelname>blind</labelname><flag>1</flag></object><object><points><x>0.44024</x><x>0.48563</x><y>0.7373</y><y>0.76562</y></points><label>8</label><labelname>blind</labelname><flag>1</flag></object><object><points><x>0.44024</x><x>0.48109</x><y>0.69824</y><y>0.71875</y></points><label>8</label><labelname>blind</labelname><flag>1</flag></object><object><points><x>0.43873</x><x>0.47958</x><y>0.78613</y><y>0.80762</y></points><label>8</label><labelname>blind</labelname><flag>1</flag></object><object><points><x>0.62632</x><x>0.64297</x><y>0.78418</y><y>0.80762</y></points><label>8</label><labelname>blind</labelname><flag>1</flag></object><object><points><x>0.62632</x><x>0.64902</x><y>0.69629</y><y>0.71973</y></points><label>8</label><labelname>blind</labelname><flag>1</flag></object><object><points><x>0.62481</x><x>0.64448</x><y>0.7373</y><y>0.7666</y></points><label>8</label><labelname>blind</labelname><flag>1</flag></object><object><points><x>0.4236</x><x>0.45537</x><y>0.91113</y><y>0.92285</y></points><label>8</label><labelname>blind</labelname><flag>1</flag></object><object><points><x>0.4236</x><x>0.45688</x><y>0.88281</y><y>0.90723</y></points><label>8</label><labelname>blind</labelname><flag>1</flag></object><object><points><x>0.42209</x><x>0.45537</x><y>0.86621</y><y>0.87793</y></points><label>8</label><labelname>blind</labelname><flag>1</flag></object><object><points><x>0.61725</x><x>0.66112</x><y>0.88086</y><y>0.90723</y></points><label>8</label><labelname>blind</labelname><flag>1</flag></object><object><points><x>0.61573</x><x>0.63843</x><y>0.91016</y><y>0.9209</y></points><label>8</label><labelname>blind</labelname><flag>1</flag></object><object><points><x>0.61573</x><x>0.65507</x><y>0.86621</y><y>0.87695</y></points><label>8</label><labelname>blind</labelname><flag>1</flag></object><object><points><x>0.23752</x><x>0.30711</x><y>0.62402</y><y>0.6377</y></points><label>8</label><labelname>blind</labelname><flag>1</flag></object><object><points><x>0.23903</x><x>0.30408</x><y>0.5957</y><y>0.62109</y></points><label>8</label><labelname>blind</labelname><flag>1</flag></object><object><points><x>0.23601</x><x>0.30257</x><y>0.58008</y><y>0.59277</y></points><label>8</label><labelname>blind</labelname><flag>1</flag></object><object><points><x>0.42663</x><x>0.52194</x><y>0.62402</y><y>0.63672</y></points><label>8</label><labelname>blind</labelname><flag>1</flag></object><object><points><x>0.42663</x><x>0.52042</x><y>0.59473</y><y>0.62305</y></points><label>8</label><labelname>blind</labelname><flag>1</flag></object><object><points><x>0.42663</x><x>0.52194</x><y>0.5791</y><y>0.5918</y></points><label>8</label><labelname>blind</labelname><flag>1</flag></object><object><points><x>0.61725</x><x>0.71104</x><y>0.5791</y><y>0.5918</y></points><label>8</label><labelname>blind</labelname><flag>1</flag></object><object><points><x>0.61876</x><x>0.71256</x><y>0.59473</y><y>0.62109</y></points><label>8</label><labelname>blind</labelname><flag>1</flag></object><object><points><x>0.61876</x><x>0.65356</x><y>0.62402</y><y>0.63672</y></points><label>8</label><labelname>blind</labelname><flag>1</flag></object><object><points><x>0.62935</x><x>0.65507</x><y>0.48926</y><y>0.51465</y></points><label>8</label><labelname>blind</labelname><flag>1</flag></object><object><points><x>0.62784</x><x>0.64145</x><y>0.4541</y><y>0.47852</y></points><label>8</label><labelname>blind</labelname><flag>1</flag></object><object><points><x>0.62784</x><x>0.65658</x><y>0.38184</y><y>0.40527</y></points><label>8</label><labelname>blind</labelname><flag>1</flag></object><object><points><x>0.62784</x><x>0.65356</x><y>0.34668</y><y>0.37109</y></points><label>8</label><labelname>blind</labelname><flag>1</flag></object><object><points><x>0.6233</x><x>0.65809</x><y>0.2373</y><y>0.24805</y></points><label>8</label><labelname>blind</labelname><flag>1</flag></object><object><points><x>0.62179</x><x>0.65658</x><y>0.20996</y><y>0.23438</y></points><label>8</label><labelname>blind</labelname><flag>1</flag></object><object><points><x>0.6233</x><x>0.64297</x><y>0.19629</y><y>0.20605</y></points><label>8</label><labelname>blind</labelname><flag>1</flag></object><object><points><x>0.6233</x><x>0.65356</x><y>0.12207</y><y>0.13184</y></points><label>8</label><labelname>blind</labelname><flag>1</flag></object><object><points><x>0.62179</x><x>0.63238</x><y>0.095703</y><y>0.12012</y></points><label>8</label><labelname>blind</labelname><flag>1</flag></object><object><points><x>0.43116</x><x>0.52496</x><y>0.19531</y><y>0.20898</y></points><label>8</label><labelname>blind</labelname><flag>1</flag></object><object><points><x>0.43116</x><x>0.52496</x><y>0.23926</y><y>0.24805</y></points><label>8</label><labelname>blind</labelname><flag>1</flag></object><object><points><x>0.43116</x><x>0.52648</x><y>0.20996</y><y>0.2373</y></points><label>8</label><labelname>blind</labelname><flag>1</flag></object><object><points><x>0.43419</x><x>0.51891</x><y>0.095703</y><y>0.12109</y></points><label>8</label><labelname>blind</labelname><flag>1</flag></object><object><points><x>0.43268</x><x>0.52496</x><y>0.12207</y><y>0.13281</y></points><label>8</label><labelname>blind</labelname><flag>1</flag></object><object><points><x>0.43419</x><x>0.52496</x><y>0.081055</y><y>0.09375</y></points><label>8</label><labelname>blind</labelname><flag>1</flag></object><object><points><x>0.26929</x><x>0.31921</x><y>0.23535</y><y>0.25879</y></points><label>8</label><labelname>blind</labelname><flag>1</flag></object><object><points><x>0.26929</x><x>0.32829</x><y>0.26172</y><y>0.26758</y></points><label>8</label><labelname>blind</labelname><flag>1</flag></object><object><points><x>0.26929</x><x>0.32678</x><y>0.21094</y><y>0.2334</y></points><label>8</label><labelname>blind</labelname><flag>1</flag></object><object><points><x>0.27534</x><x>0.30257</x><y>0.11426</y><y>0.13672</y></points><label>8</label><labelname>blind</labelname><flag>1</flag></object><object><points><x>0.28442</x><x>0.30711</x><y>0.021484</y><y>0.036133</y></points><label>8</label><labelname>blind</labelname><flag>1</flag></object><object><points><x>0.63238</x><x>0.66112</x><y>0.019531</y><y>0.030273</y></points><label>8</label><labelname>blind</labelname><flag>1</flag></object><object><points><x>0.099849</x><x>0.177</x><y>0.12207</y><y>0.21191</y></points><label>9</label><labelname>deco</labelname><flag>1</flag></object><object><points><x>0.051437</x><x>0.17852</x><y>0.63867</y><y>0.86523</y></points><label>9</label><labelname>deco</labelname><flag>1</flag></object><object><points><x>0.22693</x><x>0.2829</x><y>0.54395</y><y>0.57812</y></points><label>9</label><labelname>deco</labelname><flag>1</flag></object><object><points><x>0.22693</x><x>0.28139</x><y>0.9248</y><y>0.95898</y></points><label>9</label><labelname>deco</labelname><flag>1</flag></object><object><points><x>0.22693</x><x>0.2829</x><y>0.83008</y><y>0.86426</y></points><label>9</label><labelname>deco</labelname><flag>1</flag></object><object><points><x>0.22542</x><x>0.28139</x><y>0.63965</y><y>0.67383</y></points><label>9</label><labelname>deco</labelname><flag>1</flag></object><object><points><x>0.3888</x><x>0.42965</x><y>0.26465</y><y>0.2959</y></points><label>9</label><labelname>deco</labelname><flag>1</flag></object><object><points><x>0.39032</x><x>0.42965</x><y>0.14746</y><y>0.17871</y></points><label>9</label><labelname>deco</labelname><flag>1</flag></object><object><points><x>0.39334</x><x>0.43419</x><y>0.033203</y><y>0.064453</y></points><label>9</label><labelname>deco</labelname><flag>1</flag></object><object><points><x>0.73525</x><x>0.76248</x><y>0.022461</y><y>0.96289</y></points><label>10</label><labelname>molding</labelname><flag>1</flag></object><object><points><x>0.23449</x><x>0.31165</x><y>0.05957</y><y>0.063477</y></points><label>11</label><labelname>pillar</labelname><flag>1</flag></object><object><points><x>0.23147</x><x>0.30862</x><y>0.15234</y><y>0.15723</y></points><label>11</label><labelname>pillar</labelname><flag>1</flag></object><object><points><x>0.22995</x><x>0.30711</x><y>0.1709</y><y>0.17578</y></points><label>11</label><labelname>pillar</labelname><flag>1</flag></object><object><points><x>0.22693</x><x>0.30408</x><y>0.26953</y><y>0.27441</y></points><label>11</label><labelname>pillar</labelname><flag>1</flag></object><object><points><x>0.64145</x><x>0.69743</x><y>0.81836</y><y>0.8252</y></points><label>11</label><labelname>pillar</labelname><flag>1</flag></object><object><points><x>0.64297</x><x>0.70045</x><y>0.67871</y><y>0.68359</y></points><label>11</label><labelname>pillar</labelname><flag>1</flag></object><object><points><x>0.31014</x><x>0.32678</x><y>0.054688</y><y>0.06543</y></points><label>11</label><labelname>pillar</labelname><flag>1</flag></object><object><points><x>0.30862</x><x>0.31921</x><y>0.14844</y><y>0.16016</y></points><label>11</label><labelname>pillar</labelname><flag>1</flag></object><object><points><x>0.30711</x><x>0.3177</x><y>0.16699</y><y>0.17773</y></points><label>11</label><labelname>pillar</labelname><flag>1</flag></object><object><points><x>0.30408</x><x>0.32073</x><y>0.26562</y><y>0.27832</y></points><label>11</label><labelname>pillar</labelname><flag>1</flag></object><object><points><x>0.4947</x><x>0.50983</x><y>0.71973</y><y>0.73047</y></points><label>11</label><labelname>pillar</labelname><flag>1</flag></object><object><points><x>0.49319</x><x>0.50832</x><y>0.77637</y><y>0.78613</y></points><label>11</label><labelname>pillar</labelname><flag>1</flag></object><object><points><x>0.44478</x><x>0.4947</x><y>0.72168</y><y>0.72852</y></points><label>11</label><labelname>pillar</labelname><flag>1</flag></object><object><points><x>0.44478</x><x>0.49319</x><y>0.77734</y><y>0.78516</y></points><label>11</label><labelname>pillar</labelname><flag>1</flag></object><object><points><x>0.22542</x><x>0.23449</x><y>0.055664</y><y>0.066406</y></points><label>11</label><labelname>pillar</labelname><flag>1</flag></object><object><points><x>0.22088</x><x>0.23147</x><y>0.14941</y><y>0.16113</y></points><label>11</label><labelname>pillar</labelname><flag>1</flag></object><object><points><x>0.21936</x><x>0.22995</x><y>0.16797</y><y>0.17969</y></points><label>11</label><labelname>pillar</labelname><flag>1</flag></object><object><points><x>0.21785</x><x>0.22844</x><y>0.26562</y><y>0.27832</y></points><label>11</label><labelname>pillar</labelname><flag>1</flag></object><object><points><x>0.4357</x><x>0.44478</x><y>0.77637</y><y>0.78613</y></points><label>11</label><labelname>pillar</labelname><flag>1</flag></object><object><points><x>0.4357</x><x>0.44478</x><y>0.71973</y><y>0.72949</y></points><label>11</label><labelname>pillar</labelname><flag>1</flag></object><object><points><x>0.63691</x><x>0.64145</x><y>0.81641</y><y>0.8291</y></points><label>11</label><labelname>pillar</labelname><flag>1</flag></object><object><points><x>0.63843</x><x>0.64297</x><y>0.6748</y><y>0.6875</y></points><label>11</label><labelname>pillar</labelname><flag>1</flag></object><object><points><x>0.85023</x><x>0.9652</x><y>0.54785</y><y>0.69727</y></points><label>12</label><labelname>shop</labelname><flag>1</flag></object><object><points><x>0.85023</x><x>0.99092</x><y>0.82324</y><y>0.93359</y></points><label>12</label><labelname>shop</labelname><flag>1</flag></object><object><points><x>0.8593</x><x>0.99244</x><y>0.95605</y><y>0.97852</y></points><label>12</label><labelname>shop</labelname><flag>1</flag></object><object><points><x>0.77912</x><x>0.81997</x><y>0.82422</y><y>0.93848</y></points><label>12</label><labelname>shop</labelname><flag>1</flag></object><object><points><x>0.79123</x><x>0.823</x><y>0.57617</y><y>0.66211</y></points><label>12</label><labelname>shop</labelname><flag>1</flag></object><object><points><x>0.78215</x><x>0.82905</x><y>0.3125</y><y>0.4082</y></points><label>12</label><labelname>shop</labelname><flag>1</flag></object><object><points><x>0.78064</x><x>0.81846</x><y>0.05957</y><y>0.16504</y></points><label>12</label><labelname>shop</labelname><flag>1</flag></object><object><points><x>0.78064</x><x>0.81392</x><y>0.00097656</y><y>0.043945</y></points><label>12</label><labelname>shop</labelname><flag>1</flag></object><object><points><x>0.86536</x><x>0.96672</x><y>0.70117</y><y>0.71973</y></points><label>11</label><labelname>pillar</labelname><flag>1</flag></object><object><points><x>0.86384</x><x>0.9652</x><y>0.78223</y><y>0.80078</y></points><label>11</label><labelname>pillar</labelname><flag>1</flag></object><object><points><x>0.9652</x><x>0.99849</x><y>0.69922</y><y>0.72168</y></points><label>11</label><labelname>pillar</labelname><flag>1</flag></object><object><points><x>0.9652</x><x>0.99697</x><y>0.7793</y><y>0.80176</y></points><label>11</label><labelname>pillar</labelname><flag>1</flag></object><object><points><x>0.79123</x><x>0.86536</x><y>0.69727</y><y>0.72461</y></points><label>11</label><labelname>pillar</labelname><flag>1</flag></object><object><points><x>0.78971</x><x>0.86384</x><y>0.77734</y><y>0.80371</y></points><label>11</label><labelname>pillar</labelname><flag>1</flag></object><object><points><x>0.6475</x><x>0.71104</x><y>0.52637</y><y>0.54297</y></points><label>9</label><labelname>deco</labelname><flag>1</flag></object><object><points><x>0.66566</x><x>0.7171</x><y>0.41113</y><y>0.43848</y></points><label>9</label><labelname>deco</labelname><flag>1</flag></object>