<object><points><x>0.012695</x><x>0.99316</x><y>0.27071</y><y>0.74646</y></points><label>2</label><labelname>facade</labelname><flag>1</flag></object><object><points><x>0.21484</x><x>0.28027</x><y>0.34848</y><y>0.43333</y></points><label>3</label><labelname>window</labelname><flag>1</flag></object><object><points><x>0.21777</x><x>0.28027</x><y>0.47475</y><y>0.55657</y></points><label>3</label><labelname>window</labelname><flag>1</flag></object><object><points><x>0.21875</x><x>0.28223</x><y>0.59495</y><y>0.67677</y></points><label>3</label><labelname>window</labelname><flag>1</flag></object><object><points><x>0.36426</x><x>0.42285</x><y>0.35152</y><y>0.43333</y></points><label>3</label><labelname>window</labelname><flag>1</flag></object><object><points><x>0.36426</x><x>0.42383</x><y>0.47475</y><y>0.55657</y></points><label>3</label><labelname>window</labelname><flag>1</flag></object><object><points><x>0.36426</x><x>0.42383</x><y>0.59394</y><y>0.67576</y></points><label>3</label><labelname>window</labelname><flag>1</flag></object><object><points><x>0.52246</x><x>0.58398</x><y>0.35253</y><y>0.43434</y></points><label>3</label><labelname>window</labelname><flag>1</flag></object><object><points><x>0.52246</x><x>0.58398</x><y>0.47374</y><y>0.55556</y></points><label>3</label><labelname>window</labelname><flag>1</flag></object><object><points><x>0.52246</x><x>0.58398</x><y>0.59394</y><y>0.67576</y></points><label>3</label><labelname>window</labelname><flag>1</flag></object><object><points><x>0.67773</x><x>0.73926</x><y>0.35354</y><y>0.43535</y></points><label>3</label><labelname>window</labelname><flag>1</flag></object><object><points><x>0.67773</x><x>0.74023</x><y>0.47475</y><y>0.55657</y></points><label>3</label><labelname>window</labelname><flag>1</flag></object><object><points><x>0.67676</x><x>0.73926</x><y>0.59495</y><y>0.67677</y></points><label>3</label><labelname>window</labelname><flag>1</flag></object><object><points><x>0.83496</x><x>0.89746</x><y>0.35253</y><y>0.43434</y></points><label>3</label><labelname>window</labelname><flag>1</flag></object><object><points><x>0.83398</x><x>0.89551</x><y>0.59495</y><y>0.67677</y></points><label>3</label><labelname>window</labelname><flag>1</flag></object><object><points><x>0.58301</x><x>0.62207</x><y>0.34343</y><y>0.44545</y></points><label>6</label><labelname>sill</labelname><flag>1</flag></object><object><points><x>0.58301</x><x>0.62012</x><y>0.46465</y><y>0.56667</y></points><label>6</label><labelname>sill</labelname><flag>1</flag></object><object><points><x>0.58301</x><x>0.62012</x><y>0.58485</y><y>0.68788</y></points><label>6</label><labelname>sill</labelname><flag>1</flag></object><object><points><x>0.89551</x><x>0.9082</x><y>0.33838</y><y>0.44949</y></points><label>6</label><labelname>sill</labelname><flag>1</flag></object><object><points><x>0.89551</x><x>0.9082</x><y>0.58283</y><y>0.69394</y></points><label>6</label><labelname>sill</labelname><flag>1</flag></object><object><points><x>0.023438</x><x>0.067383</x><y>0.34343</y><y>0.45051</y></points><label>7</label><labelname>balcony</labelname><flag>1</flag></object><object><points><x>0.024414</x><x>0.067383</x><y>0.45455</y><y>0.56869</y></points><label>7</label><labelname>balcony</labelname><flag>1</flag></object><object><points><x>0.023438</x><x>0.068359</x><y>0.57374</y><y>0.68485</y></points><label>7</label><labelname>balcony</labelname><flag>1</flag></object><object><points><x>0.40723</x><x>0.46094</x><y>0.33737</y><y>0.44646</y></points><label>7</label><labelname>balcony</labelname><flag>1</flag></object><object><points><x>0.42188</x><x>0.48047</x><y>0.45253</y><y>0.57677</y></points><label>7</label><labelname>balcony</labelname><flag>1</flag></object><object><points><x>0.42188</x><x>0.46094</x><y>0.58283</y><y>0.69192</y></points><label>7</label><labelname>balcony</labelname><flag>1</flag></object><object><points><x>0.7373</x><x>0.77734</x><y>0.34141</y><y>0.44242</y></points><label>7</label><labelname>balcony</labelname><flag>1</flag></object><object><points><x>0.73828</x><x>0.77539</x><y>0.46162</y><y>0.57071</y></points><label>7</label><labelname>balcony</labelname><flag>1</flag></object><object><points><x>0.73828</x><x>0.77539</x><y>0.58788</y><y>0.68384</y></points><label>7</label><labelname>balcony</labelname><flag>1</flag></object><object><points><x>0.095703</x><x>0.15527</x><y>0.058586</y><y>0.24848</y></points><label>7</label><labelname>balcony</labelname><flag>1</flag></object><object><points><x>0.23438</x><x>0.29688</x><y>0.062626</y><y>0.24444</y></points><label>7</label><labelname>balcony</labelname><flag>1</flag></object><object><points><x>0.37695</x><x>0.43945</x><y>0.065657</y><y>0.24646</y></points><label>7</label><labelname>balcony</labelname><flag>1</flag></object><object><points><x>0.51855</x><x>0.57812</x><y>0.062626</y><y>0.25253</y></points><label>7</label><labelname>balcony</labelname><flag>1</flag></object><object><points><x>0.095703</x><x>0.16895</x><y>0.78586</y><y>0.99495</y></points><label>7</label><labelname>balcony</labelname><flag>1</flag></object><object><points><x>0.23926</x><x>0.3125</x><y>0.78182</y><y>0.99091</y></points><label>7</label><labelname>balcony</labelname><flag>1</flag></object><object><points><x>0.37891</x><x>0.45117</x><y>0.78182</y><y>0.99091</y></points><label>7</label><labelname>balcony</labelname><flag>1</flag></object><object><points><x>0.5166</x><x>0.58887</x><y>0.78283</y><y>0.99091</y></points><label>7</label><labelname>balcony</labelname><flag>1</flag></object><object><points><x>0.22656</x><x>0.27051</x><y>0.35152</y><y>0.42929</y></points><label>8</label><labelname>blind</labelname><flag>1</flag></object><object><points><x>0.22656</x><x>0.26172</x><y>0.47576</y><y>0.55253</y></points><label>8</label><labelname>blind</labelname><flag>1</flag></object><object><points><x>0.22852</x><x>0.28027</x><y>0.59596</y><y>0.67273</y></points><label>8</label><labelname>blind</labelname><flag>1</flag></object><object><points><x>0.37109</x><x>0.42285</x><y>0.47576</y><y>0.55354</y></points><label>8</label><labelname>blind</labelname><flag>1</flag></object><object><points><x>0.37207</x><x>0.42383</x><y>0.59596</y><y>0.67273</y></points><label>8</label><labelname>blind</labelname><flag>1</flag></object><object><points><x>0.37109</x><x>0.40625</x><y>0.35354</y><y>0.43131</y></points><label>8</label><labelname>blind</labelname><flag>1</flag></object><object><points><x>0.52637</x><x>0.58301</x><y>0.35556</y><y>0.43333</y></points><label>8</label><labelname>blind</labelname><flag>1</flag></object><object><points><x>0.52734</x><x>0.58105</x><y>0.47576</y><y>0.55354</y></points><label>8</label><labelname>blind</labelname><flag>1</flag></object><object><points><x>0.52832</x><x>0.58301</x><y>0.59495</y><y>0.67273</y></points><label>8</label><labelname>blind</labelname><flag>1</flag></object><object><points><x>0.68262</x><x>0.73926</x><y>0.35556</y><y>0.43333</y></points><label>8</label><labelname>blind</labelname><flag>1</flag></object><object><points><x>0.68262</x><x>0.73828</x><y>0.47778</y><y>0.55253</y></points><label>8</label><labelname>blind</labelname><flag>1</flag></object><object><points><x>0.68164</x><x>0.73828</x><y>0.59798</y><y>0.67273</y></points><label>8</label><labelname>blind</labelname><flag>1</flag></object><object><points><x>0.83594</x><x>0.89746</x><y>0.35657</y><y>0.43333</y></points><label>8</label><labelname>blind</labelname><flag>1</flag></object><object><points><x>0.83398</x><x>0.89551</x><y>0.59697</y><y>0.67475</y></points><label>8</label><labelname>blind</labelname><flag>1</flag></object><object><points><x>0.80859</x><x>0.83008</x><y>0.37778</y><y>0.41111</y></points><label>9</label><labelname>deco</labelname><flag>1</flag></object><object><points><x>0.80762</x><x>0.83008</x><y>0.61919</y><y>0.65354</y></points><label>9</label><labelname>deco</labelname><flag>1</flag></object><object><points><x>0.63477</x><x>0.67383</x><y>0.34949</y><y>0.4404</y></points><label>5</label><labelname>cornice</labelname><flag>1</flag></object><object><points><x>0.63574</x><x>0.6748</x><y>0.47071</y><y>0.56263</y></points><label>5</label><labelname>cornice</labelname><flag>1</flag></object><object><points><x>0.63574</x><x>0.6748</x><y>0.5899</y><y>0.68081</y></points><label>5</label><labelname>cornice</labelname><flag>1</flag></object><object><points><x>0.33984</x><x>0.36328</x><y>0.50606</y><y>0.52323</y></points><label>9</label><labelname>deco</labelname><flag>1</flag></object><object><points><x>0.13867</x><x>0.2002</x><y>0.27677</y><y>0.7404</y></points><label>10</label><labelname>molding</labelname><flag>1</flag></object><object><points><x>0.27344</x><x>0.30859</x><y>0.28283</y><y>0.74646</y></points><label>10</label><labelname>molding</labelname><flag>1</flag></object><object><points><x>0.73535</x><x>0.79395</x><y>0.28384</y><y>0.74242</y></points><label>10</label><labelname>molding</labelname><flag>1</flag></object><object><points><x>0.92969</x><x>0.95703</x><y>0.28788</y><y>0.73939</y></points><label>10</label><labelname>molding</labelname><flag>1</flag></object><object><points><x>0.025391</x><x>0.073242</x><y>0.2899</y><y>0.73434</y></points><label>10</label><labelname>molding</labelname><flag>1</flag></object><object><points><x>0.49414</x><x>0.51855</x><y>0.4303</y><y>0.59798</y></points><label>5</label><labelname>cornice</labelname><flag>1</flag></object>