<object><points><x>0.42285</x><x>0.44629</x><y>0.16146</y><y>0.29167</y></points><label>5</label><labelname>cornice</labelname><flag>1</flag></object><object><points><x>0.42578</x><x>0.44824</x><y>0.3125</y><y>0.44271</y></points><label>5</label><labelname>cornice</labelname><flag>1</flag></object><object><points><x>0.44824</x><x>0.54395</x><y>0.17969</y><y>0.26562</y></points><label>3</label><labelname>window</labelname><flag>1</flag></object><object><points><x>0.45117</x><x>0.54492</x><y>0.33333</y><y>0.41667</y></points><label>3</label><labelname>window</labelname><flag>1</flag></object><object><points><x>0.45117</x><x>0.5459</x><y>0.48828</y><y>0.57292</y></points><label>3</label><labelname>window</labelname><flag>1</flag></object><object><points><x>0.45117</x><x>0.54395</x><y>0.64583</y><y>0.73177</y></points><label>3</label><labelname>window</labelname><flag>1</flag></object><object><points><x>0.42676</x><x>0.44727</x><y>0.46875</y><y>0.59766</y></points><label>5</label><labelname>cornice</labelname><flag>1</flag></object><object><points><x>0.42578</x><x>0.44824</x><y>0.6263</y><y>0.76172</y></points><label>5</label><labelname>cornice</labelname><flag>1</flag></object><object><points><x>0.42285</x><x>0.44531</x><y>0.78646</y><y>0.92448</y></points><label>5</label><labelname>cornice</labelname><flag>1</flag></object><object><points><x>0.4502</x><x>0.54297</x><y>0.80469</y><y>0.89453</y></points><label>3</label><labelname>window</labelname><flag>1</flag></object><object><points><x>0.64844</x><x>0.76074</x><y>0.80208</y><y>0.89062</y></points><label>3</label><labelname>window</labelname><flag>1</flag></object><object><points><x>0.64844</x><x>0.76074</x><y>0.64193</y><y>0.72786</y></points><label>3</label><labelname>window</labelname><flag>1</flag></object><object><points><x>0.81641</x><x>0.98926</x><y>0.67969</y><y>0.85286</y></points><label>4</label><labelname>door</labelname><flag>1</flag></object><object><points><x>0.85254</x><x>0.98242</x><y>0.32943</y><y>0.41667</y></points><label>4</label><labelname>door</labelname><flag>1</flag></object><object><points><x>0.85254</x><x>0.94531</x><y>0.18359</y><y>0.25391</y></points><label>3</label><labelname>window</labelname><flag>1</flag></object><object><points><x>0.81055</x><x>0.85156</x><y>0.15104</y><y>0.28776</y></points><label>5</label><labelname>cornice</labelname><flag>1</flag></object><object><points><x>0.81055</x><x>0.85254</x><y>0.30469</y><y>0.44792</y></points><label>5</label><labelname>cornice</labelname><flag>1</flag></object><object><points><x>0.81152</x><x>0.85059</x><y>0.45833</y><y>0.60156</y></points><label>5</label><labelname>cornice</labelname><flag>1</flag></object><object><points><x>0.59277</x><x>0.64551</x><y>0.45703</y><y>0.61328</y></points><label>5</label><labelname>cornice</labelname><flag>1</flag></object><object><points><x>0.64941</x><x>0.76172</x><y>0.48438</y><y>0.56901</y></points><label>3</label><labelname>window</labelname><flag>1</flag></object><object><points><x>0.64941</x><x>0.76172</x><y>0.33203</y><y>0.41667</y></points><label>3</label><labelname>window</labelname><flag>1</flag></object><object><points><x>0.64844</x><x>0.76172</x><y>0.17969</y><y>0.26432</y></points><label>3</label><labelname>window</labelname><flag>1</flag></object><object><points><x>0.5918</x><x>0.64453</x><y>0.30339</y><y>0.45703</y></points><label>5</label><labelname>cornice</labelname><flag>1</flag></object><object><points><x>0.58984</x><x>0.64648</x><y>0.15365</y><y>0.30078</y></points><label>5</label><labelname>cornice</labelname><flag>1</flag></object><object><points><x>0.55957</x><x>0.64941</x><y>0.61328</y><y>0.93099</y></points><label>5</label><labelname>cornice</labelname><flag>1</flag></object><object><points><x>0.0068359</x><x>0.99023</x><y>0.096354</y><y>1</y></points><label>2</label><labelname>facade</labelname><flag>1</flag></object><object><points><x>0.85156</x><x>0.93945</x><y>0.48828</y><y>0.5612</y></points><label>3</label><labelname>window</labelname><flag>1</flag></object><object><points><x>0.53906</x><x>0.5752</x><y>0.15365</y><y>0.29297</y></points><label>6</label><labelname>sill</labelname><flag>1</flag></object><object><points><x>0.54297</x><x>0.5791</x><y>0.30599</y><y>0.44401</y></points><label>6</label><labelname>sill</labelname><flag>1</flag></object><object><points><x>0.54102</x><x>0.57715</x><y>0.46224</y><y>0.60156</y></points><label>6</label><labelname>sill</labelname><flag>1</flag></object><object><points><x>0.53711</x><x>0.57324</x><y>0.77995</y><y>0.91927</y></points><label>6</label><labelname>sill</labelname><flag>1</flag></object><object><points><x>0.54004</x><x>0.57617</x><y>0.61979</y><y>0.75911</y></points><label>6</label><labelname>sill</labelname><flag>1</flag></object><object><points><x>0.75781</x><x>0.80566</x><y>0.15234</y><y>0.29167</y></points><label>6</label><labelname>sill</labelname><flag>1</flag></object><object><points><x>0.75781</x><x>0.80566</x><y>0.30469</y><y>0.44271</y></points><label>6</label><labelname>sill</labelname><flag>1</flag></object><object><points><x>0.75781</x><x>0.80566</x><y>0.45573</y><y>0.59505</y></points><label>6</label><labelname>sill</labelname><flag>1</flag></object><object><points><x>0.75684</x><x>0.77832</x><y>0.61458</y><y>0.92057</y></points><label>6</label><labelname>sill</labelname><flag>1</flag></object><object><points><x>0.3418</x><x>0.37109</x><y>0.78906</y><y>0.9362</y></points><label>6</label><labelname>sill</labelname><flag>1</flag></object><object><points><x>0.34375</x><x>0.37402</x><y>0.6263</y><y>0.77344</y></points><label>6</label><labelname>sill</labelname><flag>1</flag></object><object><points><x>0.34375</x><x>0.37402</x><y>0.46875</y><y>0.61719</y></points><label>6</label><labelname>sill</labelname><flag>1</flag></object><object><points><x>0.3418</x><x>0.37109</x><y>0.3112</y><y>0.45833</y></points><label>6</label><labelname>sill</labelname><flag>1</flag></object><object><points><x>0.33789</x><x>0.36816</x><y>0.14714</y><y>0.29427</y></points><label>6</label><labelname>sill</labelname><flag>1</flag></object><object><points><x>0.16113</x><x>0.23828</x><y>0.78906</y><y>0.94922</y></points><label>6</label><labelname>sill</labelname><flag>1</flag></object><object><points><x>0.16309</x><x>0.24023</x><y>0.6224</y><y>0.78255</y></points><label>6</label><labelname>sill</labelname><flag>1</flag></object><object><points><x>0.25391</x><x>0.34668</x><y>0.8151</y><y>0.90365</y></points><label>3</label><labelname>window</labelname><flag>1</flag></object><object><points><x>0.25586</x><x>0.34961</x><y>0.65365</y><y>0.74219</y></points><label>3</label><labelname>window</labelname><flag>1</flag></object><object><points><x>0.25488</x><x>0.34863</x><y>0.49219</y><y>0.58073</y></points><label>3</label><labelname>window</labelname><flag>1</flag></object><object><points><x>0.25684</x><x>0.34961</x><y>0.33594</y><y>0.42448</y></points><label>3</label><labelname>window</labelname><flag>1</flag></object><object><points><x>0.073242</x><x>0.16602</x><y>0.81771</y><y>0.90755</y></points><label>3</label><labelname>window</labelname><flag>1</flag></object><object><points><x>0.68457</x><x>0.84961</x><y>0.59115</y><y>0.9388</y></points><label>9</label><labelname>deco</labelname><flag>1</flag></object><object><points><x>0.37207</x><x>0.43359</x><y>0.10547</y><y>0.98828</y></points><label>10</label><labelname>molding</labelname><flag>1</flag></object><object><points><x>0.56348</x><x>0.58789</x><y>0.10807</y><y>0.98047</y></points><label>10</label><labelname>molding</labelname><flag>1</flag></object><object><points><x>0.46875</x><x>0.55469</x><y>0.92708</y><y>0.98307</y></points><label>9</label><labelname>deco</labelname><flag>1</flag></object><object><points><x>0.83984</x><x>0.91992</x><y>0.40885</y><y>0.46484</y></points><label>12</label><labelname>shop</labelname><flag>1</flag></object><object><points><x>0.82031</x><x>0.83984</x><y>0.45312</y><y>0.50651</y></points><label>12</label><labelname>shop</labelname><flag>1</flag></object>