<object><points><x>0.0019531</x><x>0.99609</x><y>0.0056818</y><y>0.99659</y></points><label>2</label><labelname>facade</labelname><flag>1</flag></object><object><points><x>0.14941</x><x>0.22266</x><y>0.065909</y><y>0.11364</y></points><label>3</label><labelname>window</labelname><flag>1</flag></object><object><points><x>0.15137</x><x>0.22559</x><y>0.29205</y><y>0.33977</y></points><label>3</label><labelname>window</labelname><flag>1</flag></object><object><points><x>0.1543</x><x>0.22754</x><y>0.44432</y><y>0.49205</y></points><label>3</label><labelname>window</labelname><flag>1</flag></object><object><points><x>0.1543</x><x>0.22754</x><y>0.59432</y><y>0.64205</y></points><label>3</label><labelname>window</labelname><flag>1</flag></object><object><points><x>0.30273</x><x>0.37695</x><y>0.065909</y><y>0.11364</y></points><label>3</label><labelname>window</labelname><flag>1</flag></object><object><points><x>0.30469</x><x>0.37891</x><y>0.28864</y><y>0.33523</y></points><label>3</label><labelname>window</labelname><flag>1</flag></object><object><points><x>0.30371</x><x>0.37793</x><y>0.44205</y><y>0.48977</y></points><label>3</label><labelname>window</labelname><flag>1</flag></object><object><points><x>0.30469</x><x>0.37891</x><y>0.59545</y><y>0.64205</y></points><label>3</label><labelname>window</labelname><flag>1</flag></object><object><points><x>0.45215</x><x>0.53125</x><y>0.29091</y><y>0.33864</y></points><label>3</label><labelname>window</labelname><flag>1</flag></object><object><points><x>0.45215</x><x>0.53027</x><y>0.44432</y><y>0.49205</y></points><label>3</label><labelname>window</labelname><flag>1</flag></object><object><points><x>0.45215</x><x>0.53027</x><y>0.59545</y><y>0.64318</y></points><label>3</label><labelname>window</labelname><flag>1</flag></object><object><points><x>0.60449</x><x>0.68359</x><y>0.28977</y><y>0.33864</y></points><label>3</label><labelname>window</labelname><flag>1</flag></object><object><points><x>0.60254</x><x>0.68359</x><y>0.44205</y><y>0.49091</y></points><label>3</label><labelname>window</labelname><flag>1</flag></object><object><points><x>0.60352</x><x>0.68457</x><y>0.59318</y><y>0.64432</y></points><label>3</label><labelname>window</labelname><flag>1</flag></object><object><points><x>0.75586</x><x>0.84863</x><y>0.44091</y><y>0.49091</y></points><label>3</label><labelname>window</labelname><flag>1</flag></object><object><points><x>0.75488</x><x>0.84863</x><y>0.59318</y><y>0.64432</y></points><label>3</label><labelname>window</labelname><flag>1</flag></object><object><points><x>0.26562</x><x>0.34961</x><y>0.9</y><y>0.93977</y></points><label>3</label><labelname>window</labelname><flag>1</flag></object><object><points><x>0.28418</x><x>0.37695</x><y>0.80568</y><y>0.82727</y></points><label>3</label><labelname>window</labelname><flag>1</flag></object><object><points><x>0.43945</x><x>0.52734</x><y>0.80682</y><y>0.82955</y></points><label>3</label><labelname>window</labelname><flag>1</flag></object><object><points><x>0.9043</x><x>0.96094</x><y>0.4375</y><y>0.49091</y></points><label>3</label><labelname>window</labelname><flag>1</flag></object><object><points><x>0.89062</x><x>0.96484</x><y>0.053409</y><y>0.12045</y></points><label>3</label><labelname>window</labelname><flag>1</flag></object><object><points><x>0.81543</x><x>0.96191</x><y>0.27045</y><y>0.34205</y></points><label>4</label><labelname>door</labelname><flag>1</flag></object><object><points><x>0.75488</x><x>0.84863</x><y>0.051136</y><y>0.12955</y></points><label>3</label><labelname>window</labelname><flag>1</flag></object><object><points><x>0.75684</x><x>0.84863</x><y>0.81705</y><y>0.88977</y></points><label>3</label><labelname>window</labelname><flag>1</flag></object><object><points><x>0.375</x><x>0.39062</x><y>0.059091</y><y>0.12727</y></points><label>6</label><labelname>sill</labelname><flag>1</flag></object><object><points><x>0.37793</x><x>0.3916</x><y>0.27614</y><y>0.35341</y></points><label>6</label><labelname>sill</labelname><flag>1</flag></object><object><points><x>0.37793</x><x>0.39355</x><y>0.43523</y><y>0.50568</y></points><label>6</label><labelname>sill</labelname><flag>1</flag></object><object><points><x>0.37988</x><x>0.39453</x><y>0.58523</y><y>0.65795</y></points><label>6</label><labelname>sill</labelname><flag>1</flag></object><object><points><x>0.52832</x><x>0.55957</x><y>0.28068</y><y>0.35227</y></points><label>6</label><labelname>sill</labelname><flag>1</flag></object><object><points><x>0.5293</x><x>0.56445</x><y>0.43182</y><y>0.50795</y></points><label>6</label><labelname>sill</labelname><flag>1</flag></object><object><points><x>0.5293</x><x>0.56152</x><y>0.58636</y><y>0.65795</y></points><label>6</label><labelname>sill</labelname><flag>1</flag></object><object><points><x>0.36328</x><x>0.38574</x><y>0.79318</y><y>0.83977</y></points><label>6</label><labelname>sill</labelname><flag>1</flag></object><object><points><x>0.3457</x><x>0.3623</x><y>0.88977</y><y>0.95795</y></points><label>6</label><labelname>sill</labelname><flag>1</flag></object><object><points><x>0.68066</x><x>0.70508</x><y>0.27841</y><y>0.35</y></points><label>6</label><labelname>sill</labelname><flag>1</flag></object><object><points><x>0.68066</x><x>0.69434</x><y>0.43295</y><y>0.50455</y></points><label>6</label><labelname>sill</labelname><flag>1</flag></object><object><points><x>0.68066</x><x>0.69531</x><y>0.58523</y><y>0.65682</y></points><label>6</label><labelname>sill</labelname><flag>1</flag></object><object><points><x>0.85449</x><x>0.87402</x><y>0.047727</y><y>0.13182</y></points><label>6</label><labelname>sill</labelname><flag>1</flag></object><object><points><x>0.85254</x><x>0.875</x><y>0.44205</y><y>0.49318</y></points><label>6</label><labelname>sill</labelname><flag>1</flag></object><object><points><x>0.85547</x><x>0.87402</x><y>0.59205</y><y>0.64659</y></points><label>6</label><labelname>sill</labelname><flag>1</flag></object><object><points><x>0.50586</x><x>0.58594</x><y>0.026136</y><y>0.15909</y></points><label>7</label><labelname>balcony</labelname><flag>1</flag></object><object><points><x>0.66113</x><x>0.75391</x><y>0.019318</y><y>0.16023</y></points><label>7</label><labelname>balcony</labelname><flag>1</flag></object><object><points><x>0.66797</x><x>0.75781</x><y>0.77727</y><y>0.95568</y></points><label>7</label><labelname>balcony</labelname><flag>1</flag></object><object><points><x>0.22363</x><x>0.2627</x><y>0.27955</y><y>0.35341</y></points><label>7</label><labelname>balcony</labelname><flag>1</flag></object><object><points><x>0.22754</x><x>0.26367</x><y>0.43295</y><y>0.50455</y></points><label>7</label><labelname>balcony</labelname><flag>1</flag></object><object><points><x>0.22559</x><x>0.2627</x><y>0.58636</y><y>0.65909</y></points><label>7</label><labelname>balcony</labelname><flag>1</flag></object><object><points><x>0.22168</x><x>0.26074</x><y>0.055682</y><y>0.12955</y></points><label>7</label><labelname>balcony</labelname><flag>1</flag></object><object><points><x>0.1123</x><x>0.13867</x><y>0.045455</y><y>0.13864</y></points><label>9</label><labelname>deco</labelname><flag>1</flag></object><object><points><x>0.053711</x><x>0.14453</x><y>0.78977</y><y>0.92159</y></points><label>9</label><labelname>deco</labelname><flag>1</flag></object><object><points><x>0.30566</x><x>0.37695</x><y>0.37386</y><y>0.41705</y></points><label>9</label><labelname>deco</labelname><flag>1</flag></object><object><points><x>0.30664</x><x>0.375</x><y>0.52386</y><y>0.56818</y></points><label>9</label><labelname>deco</labelname><flag>1</flag></object><object><points><x>0.46191</x><x>0.51855</x><y>0.37159</y><y>0.41136</y></points><label>9</label><labelname>deco</labelname><flag>1</flag></object><object><points><x>0.46094</x><x>0.51953</x><y>0.52614</y><y>0.56477</y></points><label>9</label><labelname>deco</labelname><flag>1</flag></object><object><points><x>0.38867</x><x>0.41992</x><y>0.048864</y><y>0.13977</y></points><label>9</label><labelname>deco</labelname><flag>1</flag></object><object><points><x>0.57715</x><x>0.60449</x><y>0.28864</y><y>0.34318</y></points><label>9</label><labelname>deco</labelname><flag>1</flag></object><object><points><x>0.61133</x><x>0.67578</x><y>0.37159</y><y>0.41364</y></points><label>9</label><labelname>deco</labelname><flag>1</flag></object><object><points><x>0.57715</x><x>0.60352</x><y>0.44205</y><y>0.49659</y></points><label>9</label><labelname>deco</labelname><flag>1</flag></object><object><points><x>0.60938</x><x>0.67578</x><y>0.525</y><y>0.56591</y></points><label>9</label><labelname>deco</labelname><flag>1</flag></object><object><points><x>0.57715</x><x>0.60254</x><y>0.59091</y><y>0.64659</y></points><label>9</label><labelname>deco</labelname><flag>1</flag></object><object><points><x>0.53125</x><x>0.55371</x><y>0.79545</y><y>0.83523</y></points><label>6</label><labelname>sill</labelname><flag>1</flag></object><object><points><x>0.70117</x><x>0.85156</x><y>0.22841</y><y>0.40682</y></points><label>9</label><labelname>deco</labelname><flag>1</flag></object><object><points><x>0.70117</x><x>0.75879</x><y>0.4375</y><y>0.49545</y></points><label>9</label><labelname>deco</labelname><flag>1</flag></object><object><points><x>0.69727</x><x>0.75781</x><y>0.59432</y><y>0.64432</y></points><label>9</label><labelname>deco</labelname><flag>1</flag></object><object><points><x>0.52051</x><x>0.5459</x><y>0.86591</y><y>0.95909</y></points><label>6</label><labelname>sill</labelname><flag>1</flag></object><object><points><x>0.36035</x><x>0.41406</x><y>0.86705</y><y>0.95909</y></points><label>9</label><labelname>deco</labelname><flag>1</flag></object><object><points><x>0.23242</x><x>0.25879</x><y>0.88182</y><y>0.95682</y></points><label>9</label><labelname>deco</labelname><flag>1</flag></object><object><points><x>0.017578</x><x>0.12891</x><y>0.15</y><y>0.76023</y></points><label>10</label><labelname>molding</labelname><flag>1</flag></object><object><points><x>0.2168</x><x>0.27441</x><y>0.014773</y><y>0.98977</y></points><label>10</label><labelname>molding</labelname><flag>1</flag></object><object><points><x>0.5625</x><x>0.58496</x><y>0.014773</y><y>0.98295</y></points><label>10</label><labelname>molding</labelname><flag>1</flag></object><object><points><x>0.84668</x><x>0.88965</x><y>0.014773</y><y>0.98864</y></points><label>10</label><labelname>molding</labelname><flag>1</flag></object><object><points><x>0.086914</x><x>0.15527</x><y>0.71591</y><y>0.73864</y></points><label>11</label><labelname>pillar</labelname><flag>1</flag></object><object><points><x>0.11133</x><x>0.16309</x><y>0.15909</y><y>0.18295</y></points><label>11</label><labelname>pillar</labelname><flag>1</flag></object><object><points><x>0.11426</x><x>0.16309</x><y>0.0090909</y><y>0.027273</y></points><label>11</label><labelname>pillar</labelname><flag>1</flag></object><object><points><x>0.16113</x><x>0.19531</x><y>0.15455</y><y>0.18523</y></points><label>11</label><labelname>pillar</labelname><flag>1</flag></object><object><points><x>0.16309</x><x>0.19434</x><y>0.0079545</y><y>0.028409</y></points><label>11</label><labelname>pillar</labelname><flag>1</flag></object><object><points><x>0.083008</x><x>0.11133</x><y>0.15568</y><y>0.1875</y></points><label>11</label><labelname>pillar</labelname><flag>1</flag></object><object><points><x>0.89258</x><x>0.96777</x><y>0.57045</y><y>0.66136</y></points><label>12</label><labelname>shop</labelname><flag>1</flag></object><object><points><x>0.89258</x><x>0.97656</x><y>0.80682</y><y>0.89091</y></points><label>12</label><labelname>shop</labelname><flag>1</flag></object><object><points><x>0.27539</x><x>0.30176</x><y>0.052273</y><y>0.12841</y></points><label>5</label><labelname>cornice</labelname><flag>1</flag></object><object><points><x>0.27539</x><x>0.30371</x><y>0.27841</y><y>0.35114</y></points><label>5</label><labelname>cornice</labelname><flag>1</flag></object><object><points><x>0.27637</x><x>0.30371</x><y>0.43182</y><y>0.50568</y></points><label>5</label><labelname>cornice</labelname><flag>1</flag></object><object><points><x>0.27832</x><x>0.30371</x><y>0.58409</y><y>0.65795</y></points><label>5</label><labelname>cornice</labelname><flag>1</flag></object><object><points><x>0.4248</x><x>0.50879</x><y>0.89773</y><y>0.94432</y></points><label>3</label><labelname>window</labelname><flag>1</flag></object><object><points><x>0.15137</x><x>0.2207</x><y>0.80568</y><y>0.84545</y></points><label>3</label><labelname>window</labelname><flag>1</flag></object><object><points><x>0.15234</x><x>0.19629</x><y>0.86136</y><y>0.90341</y></points><label>3</label><labelname>window</labelname><flag>1</flag></object><object><points><x>0.60449</x><x>0.67285</x><y>0.83068</y><y>0.88068</y></points><label>3</label><labelname>window</labelname><flag>1</flag></object><object><points><x>0.60449</x><x>0.66797</x><y>0.061364</y><y>0.11477</y></points><label>3</label><labelname>window</labelname><flag>1</flag></object><object><points><x>0.44922</x><x>0.51367</x><y>0.061364</y><y>0.11705</y></points><label>3</label><labelname>window</labelname><flag>1</flag></object>