<object><points><x>0.1028</x><x>1</x><y>0.059081</y><y>0.96061</y></points><label>2</label><labelname>facade</labelname><flag>1</flag></object><object><points><x>0.21028</x><x>0.36449</x><y>0.2779</y><y>0.39606</y></points><label>3</label><labelname>window</labelname><flag>1</flag></object><object><points><x>0.21963</x><x>0.3785</x><y>0.42232</y><y>0.54048</y></points><label>3</label><labelname>window</labelname><flag>1</flag></object><object><points><x>0.22897</x><x>0.38318</x><y>0.56236</y><y>0.68053</y></points><label>3</label><labelname>window</labelname><flag>1</flag></object><object><points><x>0.23364</x><x>0.39252</x><y>0.71335</y><y>0.83151</y></points><label>3</label><labelname>window</labelname><flag>1</flag></object><object><points><x>0.53738</x><x>0.69159</x><y>0.71554</y><y>0.8337</y></points><label>3</label><labelname>window</labelname><flag>1</flag></object><object><points><x>0.53271</x><x>0.68692</x><y>0.57112</y><y>0.68928</y></points><label>3</label><labelname>window</labelname><flag>1</flag></object><object><points><x>0.51869</x><x>0.6729</x><y>0.42451</y><y>0.54267</y></points><label>3</label><labelname>window</labelname><flag>1</flag></object><object><points><x>0.50935</x><x>0.66355</x><y>0.28228</y><y>0.39825</y></points><label>3</label><labelname>window</labelname><flag>1</flag></object><object><points><x>0.19626</x><x>0.36916</x><y>0.083151</y><y>0.25602</y></points><label>3</label><labelname>window</labelname><flag>1</flag></object><object><points><x>0.48598</x><x>0.66355</x><y>0.080963</y><y>0.25164</y></points><label>3</label><labelname>window</labelname><flag>1</flag></object><object><points><x>0.49065</x><x>0.65888</x><y>0.083151</y><y>0.24726</y></points><label>8</label><labelname>blind</labelname><flag>1</flag></object><object><points><x>0.51402</x><x>0.65888</x><y>0.28446</y><y>0.39606</y></points><label>8</label><labelname>blind</labelname><flag>1</flag></object><object><points><x>0.85514</x><x>0.99533</x><y>0.2779</y><y>0.40044</y></points><label>3</label><labelname>window</labelname><flag>1</flag></object><object><points><x>0.85514</x><x>0.99533</x><y>0.42232</y><y>0.54486</y></points><label>3</label><labelname>window</labelname><flag>1</flag></object><object><points><x>0.88785</x><x>0.99065</x><y>0.71335</y><y>0.83807</y></points><label>3</label><labelname>window</labelname><flag>1</flag></object><object><points><x>0.89252</x><x>0.99533</x><y>0.85777</y><y>0.95405</y></points><label>3</label><labelname>window</labelname><flag>1</flag></object><object><points><x>0.8785</x><x>0.99533</x><y>0.57112</y><y>0.69147</y></points><label>3</label><labelname>window</labelname><flag>1</flag></object><object><points><x>0.85981</x><x>0.99065</x><y>0.28228</y><y>0.39825</y></points><label>8</label><labelname>blind</labelname><flag>1</flag></object><object><points><x>0.85981</x><x>0.99533</x><y>0.4267</y><y>0.54486</y></points><label>8</label><labelname>blind</labelname><flag>1</flag></object><object><points><x>0.88318</x><x>0.99065</x><y>0.5733</y><y>0.68928</y></points><label>8</label><labelname>blind</labelname><flag>1</flag></object><object><points><x>0.8972</x><x>0.99533</x><y>0.85996</y><y>0.95186</y></points><label>8</label><labelname>blind</labelname><flag>1</flag></object><object><points><x>0.8972</x><x>0.98598</x><y>0.71554</y><y>0.83589</y></points><label>8</label><labelname>blind</labelname><flag>1</flag></object><object><points><x>0.69159</x><x>0.81776</x><y>0.085339</y><y>0.15974</y></points><label>7</label><labelname>balcony</labelname><flag>1</flag></object><object><points><x>0.23832</x><x>0.40187</x><y>0.85339</y><y>0.95405</y></points><label>3</label><labelname>window</labelname><flag>1</flag></object><object><points><x>0.54206</x><x>0.70561</x><y>0.85777</y><y>0.95624</y></points><label>3</label><labelname>window</labelname><flag>1</flag></object><object><points><x>0.41121</x><x>0.50467</x><y>0.85339</y><y>0.95624</y></points><label>6</label><labelname>sill</labelname><flag>1</flag></object><object><points><x>0.71495</x><x>0.81308</x><y>0.85558</y><y>0.95842</y></points><label>6</label><labelname>sill</labelname><flag>1</flag></object>