<object><points><x>0.51074</x><x>0.55469</x><y>0.27995</y><y>0.31901</y></points><label>3</label><labelname>window</labelname><flag>1</flag></object><object><points><x>0.51074</x><x>0.55469</x><y>0.3737</y><y>0.41146</y></points><label>3</label><labelname>window</labelname><flag>1</flag></object><object><points><x>0.6123</x><x>0.66797</x><y>0.27604</y><y>0.32031</y></points><label>3</label><labelname>window</labelname><flag>1</flag></object><object><points><x>0.6123</x><x>0.66797</x><y>0.37109</y><y>0.41406</y></points><label>3</label><labelname>window</labelname><flag>1</flag></object><object><points><x>0.58301</x><x>0.61816</x><y>0.23958</y><y>0.33724</y></points><label>5</label><labelname>cornice</labelname><flag>1</flag></object><object><points><x>0.51074</x><x>0.55371</x><y>0.46875</y><y>0.50781</y></points><label>3</label><labelname>window</labelname><flag>1</flag></object><object><points><x>0.51074</x><x>0.55371</x><y>0.5625</y><y>0.60417</y></points><label>3</label><labelname>window</labelname><flag>1</flag></object><object><points><x>0.6123</x><x>0.66797</x><y>0.5599</y><y>0.60417</y></points><label>3</label><labelname>window</labelname><flag>1</flag></object><object><points><x>0.6123</x><x>0.66797</x><y>0.46354</y><y>0.50781</y></points><label>3</label><labelname>window</labelname><flag>1</flag></object><object><points><x>0.58301</x><x>0.61621</x><y>0.52865</y><y>0.61849</y></points><label>5</label><labelname>cornice</labelname><flag>1</flag></object><object><points><x>0.55762</x><x>0.60156</x><y>0.65755</y><y>0.83464</y></points><label>5</label><labelname>cornice</labelname><flag>1</flag></object><object><points><x>0.50586</x><x>0.55078</x><y>0.6901</y><y>0.71354</y></points><label>3</label><labelname>window</labelname><flag>1</flag></object><object><points><x>0.50684</x><x>0.55078</x><y>0.72786</y><y>0.77344</y></points><label>3</label><labelname>window</labelname><flag>1</flag></object><object><points><x>0.50586</x><x>0.55078</x><y>0.78776</y><y>0.8112</y></points><label>3</label><labelname>window</labelname><flag>1</flag></object><object><points><x>0.61328</x><x>0.66602</x><y>0.69792</y><y>0.71615</y></points><label>3</label><labelname>window</labelname><flag>1</flag></object><object><points><x>0.61328</x><x>0.66602</x><y>0.73438</y><y>0.77734</y></points><label>3</label><labelname>window</labelname><flag>1</flag></object><object><points><x>0.6123</x><x>0.66602</x><y>0.79297</y><y>0.8138</y></points><label>3</label><labelname>window</labelname><flag>1</flag></object><object><points><x>0.72363</x><x>0.78613</x><y>0.69922</y><y>0.71745</y></points><label>3</label><labelname>window</labelname><flag>1</flag></object><object><points><x>0.72266</x><x>0.78613</x><y>0.73698</y><y>0.77865</y></points><label>3</label><labelname>window</labelname><flag>1</flag></object><object><points><x>0.72266</x><x>0.78613</x><y>0.79557</y><y>0.8151</y></points><label>3</label><labelname>window</labelname><flag>1</flag></object><object><points><x>0.72168</x><x>0.78613</x><y>0.5612</y><y>0.60547</y></points><label>3</label><labelname>window</labelname><flag>1</flag></object><object><points><x>0.72168</x><x>0.78613</x><y>0.46615</y><y>0.51432</y></points><label>3</label><labelname>window</labelname><flag>1</flag></object><object><points><x>0.68555</x><x>0.72461</x><y>0.52865</y><y>0.61979</y></points><label>5</label><labelname>cornice</labelname><flag>1</flag></object><object><points><x>0.68555</x><x>0.72656</x><y>0.43229</y><y>0.52604</y></points><label>5</label><labelname>cornice</labelname><flag>1</flag></object><object><points><x>0.68555</x><x>0.72656</x><y>0.33984</y><y>0.42969</y></points><label>5</label><labelname>cornice</labelname><flag>1</flag></object><object><points><x>0.68555</x><x>0.72754</x><y>0.24089</y><y>0.33854</y></points><label>5</label><labelname>cornice</labelname><flag>1</flag></object><object><points><x>0.72168</x><x>0.78613</x><y>0.27734</y><y>0.32161</y></points><label>3</label><labelname>window</labelname><flag>1</flag></object><object><points><x>0.72168</x><x>0.78613</x><y>0.37109</y><y>0.41536</y></points><label>3</label><labelname>window</labelname><flag>1</flag></object><object><points><x>0.37402</x><x>0.96191</x><y>0.11849</y><y>0.88542</y></points><label>2</label><labelname>facade</labelname><flag>1</flag></object><object><points><x>0.58203</x><x>0.61719</x><y>0.15234</y><y>0.23958</y></points><label>5</label><labelname>cornice</labelname><flag>1</flag></object><object><points><x>0.58301</x><x>0.61719</x><y>0.33984</y><y>0.4362</y></points><label>5</label><labelname>cornice</labelname><flag>1</flag></object><object><points><x>0.58398</x><x>0.61719</x><y>0.4388</y><y>0.52474</y></points><label>5</label><labelname>cornice</labelname><flag>1</flag></object><object><points><x>0.51074</x><x>0.55371</x><y>0.1862</y><y>0.22396</y></points><label>3</label><labelname>window</labelname><flag>1</flag></object><object><points><x>0.61328</x><x>0.66895</x><y>0.18359</y><y>0.22656</y></points><label>3</label><labelname>window</labelname><flag>1</flag></object><object><points><x>0.72266</x><x>0.78516</x><y>0.1849</y><y>0.22656</y></points><label>3</label><labelname>window</labelname><flag>1</flag></object><object><points><x>0.68457</x><x>0.71387</x><y>0.65755</y><y>0.83594</y></points><label>5</label><labelname>cornice</labelname><flag>1</flag></object><object><points><x>0.68457</x><x>0.72559</x><y>0.15495</y><y>0.23958</y></points><label>5</label><labelname>cornice</labelname><flag>1</flag></object><object><points><x>0.66406</x><x>0.68555</x><y>0.2474</y><y>0.33464</y></points><label>6</label><labelname>sill</labelname><flag>1</flag></object><object><points><x>0.66602</x><x>0.68457</x><y>0.34505</y><y>0.43099</y></points><label>6</label><labelname>sill</labelname><flag>1</flag></object><object><points><x>0.66602</x><x>0.68359</x><y>0.4388</y><y>0.52474</y></points><label>6</label><labelname>sill</labelname><flag>1</flag></object><object><points><x>0.66602</x><x>0.68359</x><y>0.53646</y><y>0.6224</y></points><label>6</label><labelname>sill</labelname><flag>1</flag></object><object><points><x>0.78418</x><x>0.80176</x><y>0.54036</y><y>0.61719</y></points><label>6</label><labelname>sill</labelname><flag>1</flag></object><object><points><x>0.78516</x><x>0.80273</x><y>0.44401</y><y>0.52604</y></points><label>6</label><labelname>sill</labelname><flag>1</flag></object><object><points><x>0.78613</x><x>0.80566</x><y>0.35286</y><y>0.4349</y></points><label>6</label><labelname>sill</labelname><flag>1</flag></object><object><points><x>0.78613</x><x>0.80566</x><y>0.25521</y><y>0.33594</y></points><label>6</label><labelname>sill</labelname><flag>1</flag></object><object><points><x>0.5</x><x>0.5459</x><y>0.61849</y><y>0.65755</y></points><label>9</label><labelname>deco</labelname><flag>1</flag></object><object><points><x>0.5</x><x>0.5459</x><y>0.83594</y><y>0.875</y></points><label>9</label><labelname>deco</labelname><flag>1</flag></object><object><points><x>0.40527</x><x>0.44824</x><y>0.73958</y><y>0.77995</y></points><label>3</label><labelname>window</labelname><flag>1</flag></object><object><points><x>0.40723</x><x>0.44727</x><y>0.74089</y><y>0.76042</y></points><label>8</label><labelname>blind</labelname><flag>1</flag></object><object><points><x>0.40723</x><x>0.44727</x><y>0.76172</y><y>0.77865</y></points><label>8</label><labelname>blind</labelname><flag>1</flag></object><object><points><x>0.46094</x><x>0.50977</x><y>0.1224</y><y>0.88151</y></points><label>10</label><labelname>molding</labelname><flag>1</flag></object><object><points><x>0.54688</x><x>0.57422</x><y>0.1237</y><y>0.88281</y></points><label>10</label><labelname>molding</labelname><flag>1</flag></object><object><points><x>0.78125</x><x>0.83203</x><y>0.1263</y><y>0.88021</y></points><label>10</label><labelname>molding</labelname><flag>1</flag></object><object><points><x>0.5791</x><x>0.65918</x><y>0.61979</y><y>0.63542</y></points><label>11</label><labelname>pillar</labelname><flag>1</flag></object><object><points><x>0.5791</x><x>0.65918</x><y>0.64453</y><y>0.66016</y></points><label>11</label><labelname>pillar</labelname><flag>1</flag></object><object><points><x>0.5791</x><x>0.65918</x><y>0.86328</y><y>0.87891</y></points><label>11</label><labelname>pillar</labelname><flag>1</flag></object><object><points><x>0.57812</x><x>0.65918</x><y>0.83724</y><y>0.85156</y></points><label>11</label><labelname>pillar</labelname><flag>1</flag></object><object><points><x>0.60938</x><x>0.65918</x><y>0.8112</y><y>0.82161</y></points><label>11</label><labelname>pillar</labelname><flag>1</flag></object><object><points><x>0.60938</x><x>0.65918</x><y>0.77474</y><y>0.78516</y></points><label>11</label><labelname>pillar</labelname><flag>1</flag></object><object><points><x>0.61035</x><x>0.65918</x><y>0.71615</y><y>0.72656</y></points><label>11</label><labelname>pillar</labelname><flag>1</flag></object><object><points><x>0.60938</x><x>0.65918</x><y>0.67448</y><y>0.6849</y></points><label>11</label><labelname>pillar</labelname><flag>1</flag></object><object><points><x>0.50293</x><x>0.55078</x><y>0.54557</y><y>0.55469</y></points><label>11</label><labelname>pillar</labelname><flag>1</flag></object><object><points><x>0.50195</x><x>0.55273</x><y>0.60026</y><y>0.60938</y></points><label>11</label><labelname>pillar</labelname><flag>1</flag></object><object><points><x>0.50195</x><x>0.55078</x><y>0.50391</y><y>0.51432</y></points><label>11</label><labelname>pillar</labelname><flag>1</flag></object><object><points><x>0.50195</x><x>0.5498</x><y>0.44792</y><y>0.45833</y></points><label>11</label><labelname>pillar</labelname><flag>1</flag></object><object><points><x>0.50293</x><x>0.55176</x><y>0.40755</y><y>0.41927</y></points><label>11</label><labelname>pillar</labelname><flag>1</flag></object><object><points><x>0.50293</x><x>0.55078</x><y>0.35286</y><y>0.36458</y></points><label>11</label><labelname>pillar</labelname><flag>1</flag></object><object><points><x>0.50293</x><x>0.55078</x><y>0.3138</y><y>0.32422</y></points><label>11</label><labelname>pillar</labelname><flag>1</flag></object><object><points><x>0.50293</x><x>0.55078</x><y>0.26042</y><y>0.27083</y></points><label>11</label><labelname>pillar</labelname><flag>1</flag></object><object><points><x>0.50293</x><x>0.55176</x><y>0.22135</y><y>0.23177</y></points><label>11</label><labelname>pillar</labelname><flag>1</flag></object><object><points><x>0.49805</x><x>0.54785</x><y>0.67448</y><y>0.6849</y></points><label>11</label><labelname>pillar</labelname><flag>1</flag></object><object><points><x>0.49805</x><x>0.54688</x><y>0.71354</y><y>0.72266</y></points><label>11</label><labelname>pillar</labelname><flag>1</flag></object><object><points><x>0.49805</x><x>0.54785</x><y>0.77214</y><y>0.78125</y></points><label>11</label><labelname>pillar</labelname><flag>1</flag></object><object><points><x>0.49902</x><x>0.54785</x><y>0.8112</y><y>0.82031</y></points><label>11</label><labelname>pillar</labelname><flag>1</flag></object><object><points><x>0.54785</x><x>0.55078</x><y>0.67448</y><y>0.6849</y></points><label>11</label><labelname>pillar</labelname><flag>1</flag></object><object><points><x>0.54688</x><x>0.55078</x><y>0.71224</y><y>0.72266</y></points><label>11</label><labelname>pillar</labelname><flag>1</flag></object><object><points><x>0.54785</x><x>0.55078</x><y>0.8125</y><y>0.82161</y></points><label>11</label><labelname>pillar</labelname><flag>1</flag></object><object><points><x>0.54785</x><x>0.55078</x><y>0.77214</y><y>0.78125</y></points><label>11</label><labelname>pillar</labelname><flag>1</flag></object><object><points><x>0.55078</x><x>0.55273</x><y>0.54427</y><y>0.55469</y></points><label>11</label><labelname>pillar</labelname><flag>1</flag></object><object><points><x>0.55078</x><x>0.55371</x><y>0.50391</y><y>0.51432</y></points><label>11</label><labelname>pillar</labelname><flag>1</flag></object><object><points><x>0.5498</x><x>0.55371</x><y>0.44922</y><y>0.45833</y></points><label>11</label><labelname>pillar</labelname><flag>1</flag></object><object><points><x>0.55176</x><x>0.55371</x><y>0.40885</y><y>0.41927</y></points><label>11</label><labelname>pillar</labelname><flag>1</flag></object><object><points><x>0.55176</x><x>0.55371</x><y>0.35417</y><y>0.36458</y></points><label>11</label><labelname>pillar</labelname><flag>1</flag></object><object><points><x>0.55078</x><x>0.55273</x><y>0.3151</y><y>0.32552</y></points><label>11</label><labelname>pillar</labelname><flag>1</flag></object><object><points><x>0.55078</x><x>0.55273</x><y>0.26172</y><y>0.27083</y></points><label>11</label><labelname>pillar</labelname><flag>1</flag></object><object><points><x>0.55176</x><x>0.55371</x><y>0.22266</y><y>0.23177</y></points><label>11</label><labelname>pillar</labelname><flag>1</flag></object><object><points><x>0.55176</x><x>0.55371</x><y>0.16927</y><y>0.17839</y></points><label>11</label><labelname>pillar</labelname><flag>1</flag></object><object><points><x>0.55176</x><x>0.55371</x><y>0.1276</y><y>0.13802</y></points><label>11</label><labelname>pillar</labelname><flag>1</flag></object><object><points><x>0.50293</x><x>0.55078</x><y>0.16797</y><y>0.17969</y></points><label>11</label><labelname>pillar</labelname><flag>1</flag></object><object><points><x>0.50391</x><x>0.55176</x><y>0.1263</y><y>0.13802</y></points><label>11</label><labelname>pillar</labelname><flag>1</flag></object><object><points><x>0.70117</x><x>0.77734</x><y>0.86458</y><y>0.88021</y></points><label>11</label><labelname>pillar</labelname><flag>1</flag></object><object><points><x>0.7002</x><x>0.77734</x><y>0.83724</y><y>0.85417</y></points><label>11</label><labelname>pillar</labelname><flag>1</flag></object><object><points><x>0.70215</x><x>0.77832</x><y>0.64714</y><y>0.66406</y></points><label>11</label><labelname>pillar</labelname><flag>1</flag></object><object><points><x>0.70117</x><x>0.77832</x><y>0.61979</y><y>0.63672</y></points><label>11</label><labelname>pillar</labelname><flag>1</flag></object><object><points><x>0.72168</x><x>0.77832</x><y>0.67708</y><y>0.6888</y></points><label>11</label><labelname>pillar</labelname><flag>1</flag></object><object><points><x>0.7207</x><x>0.77734</x><y>0.8125</y><y>0.82552</y></points><label>11</label><labelname>pillar</labelname><flag>1</flag></object><object><points><x>0.71973</x><x>0.77734</x><y>0.77734</y><y>0.78906</y></points><label>11</label><labelname>pillar</labelname><flag>1</flag></object><object><points><x>0.72168</x><x>0.77832</x><y>0.71875</y><y>0.73047</y></points><label>11</label><labelname>pillar</labelname><flag>1</flag></object><object><points><x>0.65918</x><x>0.66406</x><y>0.64062</y><y>0.66406</y></points><label>11</label><labelname>pillar</labelname><flag>1</flag></object><object><points><x>0.65918</x><x>0.66406</x><y>0.61589</y><y>0.63802</y></points><label>11</label><labelname>pillar</labelname><flag>1</flag></object><object><points><x>0.65918</x><x>0.6875</x><y>0.67318</y><y>0.6888</y></points><label>11</label><labelname>pillar</labelname><flag>1</flag></object><object><points><x>0.65918</x><x>0.68652</x><y>0.71354</y><y>0.72917</y></points><label>11</label><labelname>pillar</labelname><flag>1</flag></object><object><points><x>0.6582</x><x>0.68652</x><y>0.77214</y><y>0.78776</y></points><label>11</label><labelname>pillar</labelname><flag>1</flag></object><object><points><x>0.65918</x><x>0.6875</x><y>0.8099</y><y>0.82552</y></points><label>11</label><labelname>pillar</labelname><flag>1</flag></object><object><points><x>0.65918</x><x>0.66309</x><y>0.83333</y><y>0.85547</y></points><label>11</label><labelname>pillar</labelname><flag>1</flag></object><object><points><x>0.65918</x><x>0.66309</x><y>0.85938</y><y>0.88151</y></points><label>11</label><labelname>pillar</labelname><flag>1</flag></object><object><points><x>0.77734</x><x>0.78418</x><y>0.86198</y><y>0.88411</y></points><label>11</label><labelname>pillar</labelname><flag>1</flag></object><object><points><x>0.77734</x><x>0.78418</x><y>0.83594</y><y>0.85677</y></points><label>11</label><labelname>pillar</labelname><flag>1</flag></object><object><points><x>0.77734</x><x>0.80371</x><y>0.8125</y><y>0.82682</y></points><label>11</label><labelname>pillar</labelname><flag>1</flag></object><object><points><x>0.77734</x><x>0.80371</x><y>0.77474</y><y>0.79036</y></points><label>11</label><labelname>pillar</labelname><flag>1</flag></object><object><points><x>0.7793</x><x>0.80371</x><y>0.71484</y><y>0.73177</y></points><label>11</label><labelname>pillar</labelname><flag>1</flag></object><object><points><x>0.77832</x><x>0.80273</x><y>0.67578</y><y>0.69271</y></points><label>11</label><labelname>pillar</labelname><flag>1</flag></object><object><points><x>0.77832</x><x>0.78418</x><y>0.64453</y><y>0.66667</y></points><label>11</label><labelname>pillar</labelname><flag>1</flag></object><object><points><x>0.77832</x><x>0.7832</x><y>0.61719</y><y>0.63932</y></points><label>11</label><labelname>pillar</labelname><flag>1</flag></object><object><points><x>0.4873</x><x>0.50293</x><y>0.21484</y><y>0.23438</y></points><label>11</label><labelname>pillar</labelname><flag>1</flag></object><object><points><x>0.4873</x><x>0.50293</x><y>0.25651</y><y>0.27604</y></points><label>11</label><labelname>pillar</labelname><flag>1</flag></object><object><points><x>0.48633</x><x>0.50195</x><y>0.3099</y><y>0.32943</y></points><label>11</label><labelname>pillar</labelname><flag>1</flag></object><object><points><x>0.4873</x><x>0.50293</x><y>0.34896</y><y>0.36849</y></points><label>11</label><labelname>pillar</labelname><flag>1</flag></object><object><points><x>0.4873</x><x>0.50293</x><y>0.40365</y><y>0.42318</y></points><label>11</label><labelname>pillar</labelname><flag>1</flag></object><object><points><x>0.48633</x><x>0.50195</x><y>0.44271</y><y>0.46354</y></points><label>11</label><labelname>pillar</labelname><flag>1</flag></object><object><points><x>0.48633</x><x>0.50195</x><y>0.4987</y><y>0.51953</y></points><label>11</label><labelname>pillar</labelname><flag>1</flag></object><object><points><x>0.4873</x><x>0.50293</x><y>0.53906</y><y>0.5599</y></points><label>11</label><labelname>pillar</labelname><flag>1</flag></object><object><points><x>0.48633</x><x>0.50195</x><y>0.59375</y><y>0.61328</y></points><label>11</label><labelname>pillar</labelname><flag>1</flag></object><object><points><x>0.4834</x><x>0.49805</x><y>0.80859</y><y>0.82292</y></points><label>11</label><labelname>pillar</labelname><flag>1</flag></object><object><points><x>0.4834</x><x>0.49805</x><y>0.76953</y><y>0.78385</y></points><label>11</label><labelname>pillar</labelname><flag>1</flag></object><object><points><x>0.4834</x><x>0.49805</x><y>0.71094</y><y>0.72656</y></points><label>11</label><labelname>pillar</labelname><flag>1</flag></object><object><points><x>0.4834</x><x>0.49902</x><y>0.67188</y><y>0.6875</y></points><label>11</label><labelname>pillar</labelname><flag>1</flag></object><object><points><x>0.59668</x><x>0.60938</x><y>0.80859</y><y>0.82422</y></points><label>11</label><labelname>pillar</labelname><flag>1</flag></object><object><points><x>0.59766</x><x>0.61035</x><y>0.77344</y><y>0.78776</y></points><label>11</label><labelname>pillar</labelname><flag>1</flag></object><object><points><x>0.59766</x><x>0.61035</x><y>0.71354</y><y>0.72917</y></points><label>11</label><labelname>pillar</labelname><flag>1</flag></object><object><points><x>0.59668</x><x>0.60938</x><y>0.67188</y><y>0.6875</y></points><label>11</label><labelname>pillar</labelname><flag>1</flag></object><object><points><x>0.70801</x><x>0.7207</x><y>0.8112</y><y>0.82682</y></points><label>11</label><labelname>pillar</labelname><flag>1</flag></object><object><points><x>0.70801</x><x>0.7207</x><y>0.77474</y><y>0.79036</y></points><label>11</label><labelname>pillar</labelname><flag>1</flag></object><object><points><x>0.70898</x><x>0.72168</x><y>0.71484</y><y>0.73047</y></points><label>11</label><labelname>pillar</labelname><flag>1</flag></object><object><points><x>0.70898</x><x>0.72168</x><y>0.67448</y><y>0.6901</y></points><label>11</label><labelname>pillar</labelname><flag>1</flag></object><object><points><x>0.56445</x><x>0.5791</x><y>0.61589</y><y>0.63802</y></points><label>11</label><labelname>pillar</labelname><flag>1</flag></object><object><points><x>0.56445</x><x>0.5791</x><y>0.64193</y><y>0.66276</y></points><label>11</label><labelname>pillar</labelname><flag>1</flag></object><object><points><x>0.56445</x><x>0.5791</x><y>0.85938</y><y>0.88151</y></points><label>11</label><labelname>pillar</labelname><flag>1</flag></object><object><points><x>0.56348</x><x>0.57812</x><y>0.83333</y><y>0.85417</y></points><label>11</label><labelname>pillar</labelname><flag>1</flag></object><object><points><x>0.68945</x><x>0.70117</x><y>0.86198</y><y>0.88411</y></points><label>11</label><labelname>pillar</labelname><flag>1</flag></object><object><points><x>0.68945</x><x>0.70117</x><y>0.83464</y><y>0.85677</y></points><label>11</label><labelname>pillar</labelname><flag>1</flag></object><object><points><x>0.69141</x><x>0.70215</x><y>0.64453</y><y>0.66667</y></points><label>11</label><labelname>pillar</labelname><flag>1</flag></object><object><points><x>0.69043</x><x>0.70117</x><y>0.61849</y><y>0.63932</y></points><label>11</label><labelname>pillar</labelname><flag>1</flag></object><object><points><x>0.84473</x><x>0.91504</x><y>0.26432</y><y>0.33073</y></points><label>12</label><labelname>shop</labelname><flag>1</flag></object><object><points><x>0.8457</x><x>0.91602</x><y>0.35807</y><y>0.42448</y></points><label>12</label><labelname>shop</labelname><flag>1</flag></object><object><points><x>0.84473</x><x>0.91504</x><y>0.45182</y><y>0.51823</y></points><label>12</label><labelname>shop</labelname><flag>1</flag></object><object><points><x>0.8457</x><x>0.91602</x><y>0.55208</y><y>0.61849</y></points><label>12</label><labelname>shop</labelname><flag>1</flag></object><object><points><x>0.84375</x><x>0.91406</x><y>0.6849</y><y>0.82552</y></points><label>12</label><labelname>shop</labelname><flag>1</flag></object><object><points><x>0.81445</x><x>0.82422</x><y>0.65104</y><y>0.85026</y></points><label>12</label><labelname>shop</labelname><flag>1</flag></object>