<object><points><x>0.50526</x><x>1</x><y>0.1875</y><y>0.64744</y></points><label>2</label><labelname>facade</labelname><flag>1</flag></object><object><points><x>0.54105</x><x>0.59368</x><y>0.32692</y><y>0.35256</y></points><label>3</label><labelname>window</labelname><flag>1</flag></object><object><points><x>0.54105</x><x>0.59368</x><y>0.37019</y><y>0.39423</y></points><label>3</label><labelname>window</labelname><flag>1</flag></object><object><points><x>0.54105</x><x>0.59368</x><y>0.41186</y><y>0.4359</y></points><label>3</label><labelname>window</labelname><flag>1</flag></object><object><points><x>0.67158</x><x>0.73263</x><y>0.23558</y><y>0.26122</y></points><label>3</label><labelname>window</labelname><flag>1</flag></object><object><points><x>0.67158</x><x>0.73263</x><y>0.26763</y><y>0.29327</y></points><label>3</label><labelname>window</labelname><flag>1</flag></object><object><points><x>0.67368</x><x>0.73053</x><y>0.38622</y><y>0.41346</y></points><label>3</label><labelname>window</labelname><flag>1</flag></object><object><points><x>0.67368</x><x>0.73263</x><y>0.42308</y><y>0.45032</y></points><label>3</label><labelname>window</labelname><flag>1</flag></object><object><points><x>0.67368</x><x>0.73263</x><y>0.49038</y><y>0.51603</y></points><label>3</label><labelname>window</labelname><flag>1</flag></object><object><points><x>0.67368</x><x>0.73263</x><y>0.52244</y><y>0.54808</y></points><label>3</label><labelname>window</labelname><flag>1</flag></object><object><points><x>0.67368</x><x>0.73263</x><y>0.55769</y><y>0.58173</y></points><label>3</label><labelname>window</labelname><flag>1</flag></object><object><points><x>0.67368</x><x>0.73263</x><y>0.58974</y><y>0.61378</y></points><label>3</label><labelname>window</labelname><flag>1</flag></object><object><points><x>0.80421</x><x>0.87368</x><y>0.58654</y><y>0.61218</y></points><label>3</label><labelname>window</labelname><flag>1</flag></object><object><points><x>0.80421</x><x>0.87158</x><y>0.55609</y><y>0.58173</y></points><label>3</label><labelname>window</labelname><flag>1</flag></object><object><points><x>0.80632</x><x>0.87368</x><y>0.52564</y><y>0.55128</y></points><label>3</label><labelname>window</labelname><flag>1</flag></object><object><points><x>0.80632</x><x>0.87368</x><y>0.49519</y><y>0.52083</y></points><label>3</label><labelname>window</labelname><flag>1</flag></object><object><points><x>0.80211</x><x>0.87368</x><y>0.38622</y><y>0.41506</y></points><label>3</label><labelname>window</labelname><flag>1</flag></object><object><points><x>0.80211</x><x>0.87158</x><y>0.42147</y><y>0.45513</y></points><label>3</label><labelname>window</labelname><flag>1</flag></object><object><points><x>0.80211</x><x>0.87158</x><y>0.27083</y><y>0.29647</y></points><label>3</label><labelname>window</labelname><flag>1</flag></object><object><points><x>0.80211</x><x>0.87158</x><y>0.23878</y><y>0.26442</y></points><label>3</label><labelname>window</labelname><flag>1</flag></object><object><points><x>0.61053</x><x>0.68421</x><y>0.78686</y><y>0.8125</y></points><label>3</label><labelname>window</labelname><flag>1</flag></object><object><points><x>0.61053</x><x>0.68632</x><y>0.75801</y><y>0.78205</y></points><label>3</label><labelname>window</labelname><flag>1</flag></object><object><points><x>0.25895</x><x>0.30526</x><y>0.23237</y><y>0.27564</y></points><label>3</label><labelname>window</labelname><flag>1</flag></object><object><points><x>0.26316</x><x>0.30737</x><y>0.38942</y><y>0.43429</y></points><label>3</label><labelname>window</labelname><flag>1</flag></object><object><points><x>0.18737</x><x>0.20421</x><y>0.32372</y><y>0.34135</y></points><label>3</label><labelname>window</labelname><flag>1</flag></object><object><points><x>0.40211</x><x>0.49684</x><y>0.21795</y><y>0.27564</y></points><label>3</label><labelname>window</labelname><flag>1</flag></object><object><points><x>0.40421</x><x>0.49895</x><y>0.31891</y><y>0.3766</y></points><label>3</label><labelname>window</labelname><flag>1</flag></object><object><points><x>0.40421</x><x>0.49895</x><y>0.41667</y><y>0.47436</y></points><label>3</label><labelname>window</labelname><flag>1</flag></object><object><points><x>0.45263</x><x>0.49474</x><y>0.078526</y><y>0.10096</y></points><label>3</label><labelname>window</labelname><flag>1</flag></object><object><points><x>0.74316</x><x>0.8</x><y>0.71635</y><y>0.79006</y></points><label>3</label><labelname>window</labelname><flag>1</flag></object><object><points><x>0.74316</x><x>0.80211</x><y>0.87179</y><y>0.99199</y></points><label>3</label><labelname>window</labelname><flag>1</flag></object><object><points><x>0.73895</x><x>0.8</x><y>0.64904</y><y>0.67628</y></points><label>3</label><labelname>window</labelname><flag>1</flag></object><object><points><x>0.42526</x><x>0.47789</x><y>0.75801</y><y>0.78205</y></points><label>3</label><labelname>window</labelname><flag>1</flag></object><object><points><x>0.42316</x><x>0.47368</x><y>0.70192</y><y>0.72436</y></points><label>3</label><labelname>window</labelname><flag>1</flag></object><object><points><x>0.35579</x><x>0.39158</x><y>0.75801</y><y>0.77724</y></points><label>3</label><labelname>window</labelname><flag>1</flag></object><object><points><x>0.73684</x><x>0.83579</x><y>0.67788</y><y>0.71635</y></points><label>3</label><labelname>window</labelname><flag>1</flag></object><object><points><x>0.74105</x><x>0.83579</x><y>0.79167</y><y>0.83333</y></points><label>3</label><labelname>window</labelname><flag>1</flag></object><object><points><x>0.23158</x><x>0.26526</x><y>0.21154</y><y>0.30288</y></points><label>5</label><labelname>cornice</labelname><flag>1</flag></object><object><points><x>0.23579</x><x>0.26947</x><y>0.37179</y><y>0.46314</y></points><label>5</label><labelname>cornice</labelname><flag>1</flag></object><object><points><x>0.16632</x><x>0.18947</x><y>0.30449</y><y>0.36058</y></points><label>5</label><labelname>cornice</labelname><flag>1</flag></object><object><points><x>0.57684</x><x>0.61263</x><y>0.68429</y><y>0.87821</y></points><label>5</label><labelname>cornice</labelname><flag>1</flag></object><object><points><x>0.73263</x><x>0.74737</x><y>0.22276</y><y>0.30449</y></points><label>6</label><labelname>sill</labelname><flag>1</flag></object><object><points><x>0.73053</x><x>0.74526</x><y>0.375</y><y>0.45994</y></points><label>6</label><labelname>sill</labelname><flag>1</flag></object><object><points><x>0.73053</x><x>0.74737</x><y>0.47596</y><y>0.625</y></points><label>6</label><labelname>sill</labelname><flag>1</flag></object><object><points><x>0.86737</x><x>0.88632</x><y>0.47596</y><y>0.625</y></points><label>6</label><labelname>sill</labelname><flag>1</flag></object><object><points><x>0.86947</x><x>0.88421</x><y>0.375</y><y>0.46154</y></points><label>6</label><labelname>sill</labelname><flag>1</flag></object><object><points><x>0.86947</x><x>0.88632</x><y>0.22436</y><y>0.3109</y></points><label>6</label><labelname>sill</labelname><flag>1</flag></object><object><points><x>0.68211</x><x>0.69474</x><y>0.7516</y><y>0.81731</y></points><label>6</label><labelname>sill</labelname><flag>1</flag></object><object><points><x>0.79579</x><x>0.85474</x><y>0.64904</y><y>0.8766</y></points><label>7</label><labelname>balcony</labelname><flag>1</flag></object><object><points><x>0.61053</x><x>0.68421</x><y>0.8141</y><y>0.83654</y></points><label>8</label><labelname>blind</labelname><flag>1</flag></object><object><points><x>0.61053</x><x>0.68421</x><y>0.73397</y><y>0.75801</y></points><label>8</label><labelname>blind</labelname><flag>1</flag></object><object><points><x>0.40211</x><x>0.49474</x><y>0.18429</y><y>0.21635</y></points><label>8</label><labelname>blind</labelname><flag>1</flag></object><object><points><x>0.40421</x><x>0.49684</x><y>0.29167</y><y>0.32212</y></points><label>8</label><labelname>blind</labelname><flag>1</flag></object><object><points><x>0.40421</x><x>0.49895</x><y>0.3766</y><y>0.40705</y></points><label>8</label><labelname>blind</labelname><flag>1</flag></object><object><points><x>0.40632</x><x>0.49895</x><y>0.47276</y><y>0.50321</y></points><label>8</label><labelname>blind</labelname><flag>1</flag></object><object><points><x>0.40632</x><x>0.49895</x><y>0.38622</y><y>0.41667</y></points><label>8</label><labelname>blind</labelname><flag>1</flag></object><object><points><x>0.40421</x><x>0.49684</x><y>0.27724</y><y>0.30769</y></points><label>8</label><labelname>blind</labelname><flag>1</flag></object><object><points><x>0.35158</x><x>0.39158</x><y>0.77724</y><y>0.78686</y></points><label>8</label><labelname>blind</labelname><flag>1</flag></object><object><points><x>0.35368</x><x>0.39368</x><y>0.74679</y><y>0.75641</y></points><label>8</label><labelname>blind</labelname><flag>1</flag></object><object><points><x>0.42316</x><x>0.47789</x><y>0.74359</y><y>0.75641</y></points><label>8</label><labelname>blind</labelname><flag>1</flag></object><object><points><x>0.42316</x><x>0.47789</x><y>0.78205</y><y>0.78846</y></points><label>8</label><labelname>blind</labelname><flag>1</flag></object><object><points><x>0.42316</x><x>0.47368</x><y>0.72596</y><y>0.73558</y></points><label>8</label><labelname>blind</labelname><flag>1</flag></object><object><points><x>0.42105</x><x>0.47368</x><y>0.69231</y><y>0.70192</y></points><label>8</label><labelname>blind</labelname><flag>1</flag></object><object><points><x>0.64421</x><x>0.67579</x><y>0.19391</y><y>0.64744</y></points><label>10</label><labelname>molding</labelname><flag>1</flag></object>