<object><points><x>0.4541</x><x>0.48926</x><y>0.25</y><y>0.33594</y></points><label>5</label><labelname>cornice</labelname><flag>1</flag></object><object><points><x>0.20801</x><x>0.28516</x><y>0.73177</y><y>0.77083</y></points><label>3</label><labelname>window</labelname><flag>1</flag></object><object><points><x>0.20801</x><x>0.28418</x><y>0.68229</y><y>0.72266</y></points><label>3</label><labelname>window</labelname><flag>1</flag></object><object><points><x>0.2041</x><x>0.28223</x><y>0.58203</y><y>0.6224</y></points><label>3</label><labelname>window</labelname><flag>1</flag></object><object><points><x>0.31543</x><x>0.35547</x><y>0.66536</y><y>0.78906</y></points><label>5</label><labelname>cornice</labelname><flag>1</flag></object><object><points><x>0.31543</x><x>0.35059</x><y>0.56641</y><y>0.63932</y></points><label>5</label><labelname>cornice</labelname><flag>1</flag></object><object><points><x>0.45508</x><x>0.4873</x><y>0.55859</y><y>0.64453</y></points><label>5</label><labelname>cornice</labelname><flag>1</flag></object><object><points><x>0.43945</x><x>0.48633</x><y>0.65885</y><y>0.79297</y></points><label>5</label><labelname>cornice</labelname><flag>1</flag></object><object><points><x>0.49316</x><x>0.57129</x><y>0.68099</y><y>0.72005</y></points><label>3</label><labelname>window</labelname><flag>1</flag></object><object><points><x>0.35059</x><x>0.42871</x><y>0.58333</y><y>0.6224</y></points><label>3</label><labelname>window</labelname><flag>1</flag></object><object><points><x>0.35254</x><x>0.43066</x><y>0.68229</y><y>0.72135</y></points><label>3</label><labelname>window</labelname><flag>1</flag></object><object><points><x>0.35352</x><x>0.43066</x><y>0.73047</y><y>0.76953</y></points><label>3</label><labelname>window</labelname><flag>1</flag></object><object><points><x>0.49316</x><x>0.57129</x><y>0.72917</y><y>0.76953</y></points><label>3</label><labelname>window</labelname><flag>1</flag></object><object><points><x>0.49219</x><x>0.56934</x><y>0.58203</y><y>0.62109</y></points><label>3</label><labelname>window</labelname><flag>1</flag></object><object><points><x>0.79004</x><x>0.86816</x><y>0.73047</y><y>0.77474</y></points><label>3</label><labelname>window</labelname><flag>1</flag></object><object><points><x>0.79102</x><x>0.86621</x><y>0.67578</y><y>0.71745</y></points><label>3</label><labelname>window</labelname><flag>1</flag></object><object><points><x>0.79004</x><x>0.86816</x><y>0.57552</y><y>0.6237</y></points><label>3</label><labelname>window</labelname><flag>1</flag></object><object><points><x>0.64648</x><x>0.71875</x><y>0.57682</y><y>0.6276</y></points><label>3</label><labelname>window</labelname><flag>1</flag></object><object><points><x>0.83496</x><x>0.97656</x><y>0.36458</y><y>0.42578</y></points><label>4</label><labelname>door</labelname><flag>1</flag></object><object><points><x>0.79102</x><x>0.82031</x><y>0.36979</y><y>0.42318</y></points><label>3</label><labelname>window</labelname><flag>1</flag></object><object><points><x>0.79004</x><x>0.86719</x><y>0.47917</y><y>0.52604</y></points><label>3</label><labelname>window</labelname><flag>1</flag></object><object><points><x>0.79004</x><x>0.86621</x><y>0.27344</y><y>0.32292</y></points><label>3</label><labelname>window</labelname><flag>1</flag></object><object><points><x>0.49609</x><x>0.5498</x><y>0.48307</y><y>0.51432</y></points><label>3</label><labelname>window</labelname><flag>1</flag></object><object><points><x>0.49707</x><x>0.54785</x><y>0.44531</y><y>0.47396</y></points><label>3</label><labelname>window</labelname><flag>1</flag></object><object><points><x>0.49609</x><x>0.54785</x><y>0.40365</y><y>0.43359</y></points><label>3</label><labelname>window</labelname><flag>1</flag></object><object><points><x>0.49609</x><x>0.54785</x><y>0.36589</y><y>0.39453</y></points><label>3</label><labelname>window</labelname><flag>1</flag></object><object><points><x>0.64746</x><x>0.71289</x><y>0.27344</y><y>0.32943</y></points><label>3</label><labelname>window</labelname><flag>1</flag></object><object><points><x>0.49121</x><x>0.56934</x><y>0.27734</y><y>0.31771</y></points><label>3</label><labelname>window</labelname><flag>1</flag></object><object><points><x>0.25488</x><x>0.31348</x><y>0.35547</y><y>0.52083</y></points><label>5</label><labelname>cornice</labelname><flag>1</flag></object><object><points><x>0.3125</x><x>0.3457</x><y>0.25651</y><y>0.33333</y></points><label>5</label><labelname>cornice</labelname><flag>1</flag></object><object><points><x>0.34863</x><x>0.42773</x><y>0.27865</y><y>0.31901</y></points><label>3</label><labelname>window</labelname><flag>1</flag></object><object><points><x>0.20508</x><x>0.28125</x><y>0.27865</y><y>0.31901</y></points><label>3</label><labelname>window</labelname><flag>1</flag></object><object><points><x>0.46875</x><x>0.49121</x><y>0.48307</y><y>0.51432</y></points><label>3</label><labelname>window</labelname><flag>1</flag></object><object><points><x>0.46973</x><x>0.49023</x><y>0.44401</y><y>0.47526</y></points><label>3</label><labelname>window</labelname><flag>1</flag></object><object><points><x>0.46875</x><x>0.49023</x><y>0.40625</y><y>0.43359</y></points><label>3</label><labelname>window</labelname><flag>1</flag></object><object><points><x>0.46875</x><x>0.48926</x><y>0.36458</y><y>0.39323</y></points><label>3</label><labelname>window</labelname><flag>1</flag></object><object><points><x>0.34961</x><x>0.39941</x><y>0.48307</y><y>0.51693</y></points><label>3</label><labelname>window</labelname><flag>1</flag></object><object><points><x>0.34863</x><x>0.39941</x><y>0.44401</y><y>0.47656</y></points><label>3</label><labelname>window</labelname><flag>1</flag></object><object><points><x>0.34863</x><x>0.39941</x><y>0.40365</y><y>0.4349</y></points><label>3</label><labelname>window</labelname><flag>1</flag></object><object><points><x>0.34863</x><x>0.39941</x><y>0.36328</y><y>0.39583</y></points><label>3</label><labelname>window</labelname><flag>1</flag></object><object><points><x>0.31738</x><x>0.34473</x><y>0.48438</y><y>0.51432</y></points><label>3</label><labelname>window</labelname><flag>1</flag></object><object><points><x>0.31738</x><x>0.34375</x><y>0.44661</y><y>0.47526</y></points><label>3</label><labelname>window</labelname><flag>1</flag></object><object><points><x>0.31836</x><x>0.34375</x><y>0.40365</y><y>0.4349</y></points><label>3</label><labelname>window</labelname><flag>1</flag></object><object><points><x>0.31738</x><x>0.34277</x><y>0.36458</y><y>0.39453</y></points><label>3</label><labelname>window</labelname><flag>1</flag></object><object><points><x>0.19727</x><x>0.24219</x><y>0.48568</y><y>0.51562</y></points><label>3</label><labelname>window</labelname><flag>1</flag></object><object><points><x>0.19629</x><x>0.24121</x><y>0.44531</y><y>0.47656</y></points><label>3</label><labelname>window</labelname><flag>1</flag></object><object><points><x>0.19629</x><x>0.24219</x><y>0.40625</y><y>0.4349</y></points><label>3</label><labelname>window</labelname><flag>1</flag></object><object><points><x>0.19629</x><x>0.24316</x><y>0.36458</y><y>0.39583</y></points><label>3</label><labelname>window</labelname><flag>1</flag></object><object><points><x>0.16504</x><x>0.19043</x><y>0.48568</y><y>0.51562</y></points><label>3</label><labelname>window</labelname><flag>1</flag></object><object><points><x>0.16504</x><x>0.19043</x><y>0.44531</y><y>0.47526</y></points><label>3</label><labelname>window</labelname><flag>1</flag></object><object><points><x>0.16504</x><x>0.19043</x><y>0.40625</y><y>0.4362</y></points><label>3</label><labelname>window</labelname><flag>1</flag></object><object><points><x>0.16504</x><x>0.19043</x><y>0.36458</y><y>0.39583</y></points><label>3</label><labelname>window</labelname><flag>1</flag></object><object><points><x>0.046875</x><x>0.9873</x><y>0.072917</y><y>0.83724</y></points><label>2</label><labelname>facade</labelname><flag>1</flag></object><object><points><x>0.20703</x><x>0.2832</x><y>0.18229</y><y>0.22266</y></points><label>3</label><labelname>window</labelname><flag>1</flag></object><object><points><x>0.20703</x><x>0.2832</x><y>0.13021</y><y>0.17057</y></points><label>3</label><labelname>window</labelname><flag>1</flag></object><object><points><x>0.35254</x><x>0.42871</x><y>0.13021</y><y>0.16927</y></points><label>3</label><labelname>window</labelname><flag>1</flag></object><object><points><x>0.35254</x><x>0.42871</x><y>0.18099</y><y>0.22005</y></points><label>3</label><labelname>window</labelname><flag>1</flag></object><object><points><x>0.49316</x><x>0.57227</x><y>0.18099</y><y>0.21875</y></points><label>3</label><labelname>window</labelname><flag>1</flag></object><object><points><x>0.49219</x><x>0.57129</x><y>0.13281</y><y>0.17057</y></points><label>3</label><labelname>window</labelname><flag>1</flag></object><object><points><x>0.62207</x><x>0.71094</x><y>0.36068</y><y>0.51823</y></points><label>3</label><labelname>window</labelname><flag>1</flag></object><object><points><x>0.63965</x><x>0.72168</x><y>0.13281</y><y>0.22266</y></points><label>3</label><labelname>window</labelname><flag>1</flag></object><object><points><x>0.64258</x><x>0.72559</x><y>0.68099</y><y>0.76693</y></points><label>3</label><labelname>window</labelname><flag>1</flag></object><object><points><x>0.91309</x><x>0.98145</x><y>0.26693</y><y>0.32552</y></points><label>3</label><labelname>window</labelname><flag>1</flag></object><object><points><x>0.91016</x><x>0.98145</x><y>0.69531</y><y>0.75911</y></points><label>4</label><labelname>door</labelname><flag>1</flag></object><object><points><x>0.91113</x><x>0.98633</x><y>0.15495</y><y>0.20052</y></points><label>4</label><labelname>door</labelname><flag>1</flag></object><object><points><x>0.073242</x><x>0.13184</x><y>0.41797</y><y>0.46354</y></points><label>3</label><labelname>window</labelname><flag>1</flag></object><object><points><x>0.099609</x><x>0.11426</x><y>0.27214</y><y>0.29297</y></points><label>3</label><labelname>window</labelname><flag>1</flag></object><object><points><x>0.10059</x><x>0.11426</x><y>0.29948</y><y>0.32031</y></points><label>3</label><labelname>window</labelname><flag>1</flag></object><object><points><x>0.098633</x><x>0.11328</x><y>0.55599</y><y>0.57812</y></points><label>3</label><labelname>window</labelname><flag>1</flag></object><object><points><x>0.099609</x><x>0.11328</x><y>0.58464</y><y>0.60547</y></points><label>3</label><labelname>window</labelname><flag>1</flag></object><object><points><x>0.10059</x><x>0.11426</x><y>0.61068</y><y>0.63281</y></points><label>3</label><labelname>window</labelname><flag>1</flag></object><object><points><x>0.13965</x><x>0.21191</x><y>0.9375</y><y>0.97526</y></points><label>3</label><labelname>window</labelname><flag>1</flag></object><object><points><x>0.13965</x><x>0.21094</x><y>0.88932</y><y>0.92708</y></points><label>3</label><labelname>window</labelname><flag>1</flag></object><object><points><x>0.26855</x><x>0.35938</x><y>0.88021</y><y>0.98828</y></points><label>3</label><labelname>window</labelname><flag>1</flag></object><object><points><x>0.42285</x><x>0.51172</x><y>0.88021</y><y>0.98828</y></points><label>3</label><labelname>window</labelname><flag>1</flag></object><object><points><x>0.36035</x><x>0.41699</x><y>0.88021</y><y>0.98438</y></points><label>9</label><labelname>deco</labelname><flag>1</flag></object><object><points><x>0.31152</x><x>0.35059</x><y>0.10417</y><y>0.23047</y></points><label>5</label><labelname>cornice</labelname><flag>1</flag></object><object><points><x>0.43945</x><x>0.49219</x><y>0.10156</y><y>0.24219</y></points><label>5</label><labelname>cornice</labelname><flag>1</flag></object><object><points><x>0.42676</x><x>0.45605</x><y>0.11068</y><y>0.23438</y></points><label>6</label><labelname>sill</labelname><flag>1</flag></object><object><points><x>0.42285</x><x>0.45508</x><y>0.25911</y><y>0.32682</y></points><label>6</label><labelname>sill</labelname><flag>1</flag></object><object><points><x>0.42773</x><x>0.45605</x><y>0.66276</y><y>0.78646</y></points><label>6</label><labelname>sill</labelname><flag>1</flag></object><object><points><x>0.42578</x><x>0.45508</x><y>0.5625</y><y>0.63932</y></points><label>6</label><labelname>sill</labelname><flag>1</flag></object><object><points><x>0.54688</x><x>0.57715</x><y>0.38281</y><y>0.48698</y></points><label>6</label><labelname>sill</labelname><flag>1</flag></object><object><points><x>0.56738</x><x>0.59668</x><y>0.26042</y><y>0.32031</y></points><label>6</label><labelname>sill</labelname><flag>1</flag></object><object><points><x>0.57129</x><x>0.59961</x><y>0.1276</y><y>0.22266</y></points><label>6</label><labelname>sill</labelname><flag>1</flag></object><object><points><x>0.57129</x><x>0.60059</x><y>0.67839</y><y>0.77214</y></points><label>6</label><labelname>sill</labelname><flag>1</flag></object><object><points><x>0.56836</x><x>0.59863</x><y>0.56641</y><y>0.63672</y></points><label>6</label><labelname>sill</labelname><flag>1</flag></object><object><points><x>0.39746</x><x>0.42285</x><y>0.35417</y><y>0.52083</y></points><label>6</label><labelname>sill</labelname><flag>1</flag></object><object><points><x>0.11426</x><x>0.1582</x><y>0.36458</y><y>0.51953</y></points><label>6</label><labelname>sill</labelname><flag>1</flag></object><object><points><x>0.70996</x><x>0.74512</x><y>0.35677</y><y>0.51823</y></points><label>7</label><labelname>balcony</labelname><flag>1</flag></object><object><points><x>0.71484</x><x>0.74707</x><y>0.23698</y><y>0.33464</y></points><label>7</label><labelname>balcony</labelname><flag>1</flag></object><object><points><x>0.71387</x><x>0.74902</x><y>0.55339</y><y>0.64844</y></points><label>7</label><labelname>balcony</labelname><flag>1</flag></object><object><points><x>0.72461</x><x>0.76074</x><y>0.67969</y><y>0.77083</y></points><label>6</label><labelname>sill</labelname><flag>1</flag></object><object><points><x>0.72363</x><x>0.75977</x><y>0.13281</y><y>0.22526</y></points><label>6</label><labelname>sill</labelname><flag>1</flag></object><object><points><x>0.40527</x><x>0.46582</x><y>0.35938</y><y>0.52344</y></points><label>9</label><labelname>deco</labelname><flag>1</flag></object><object><points><x>0.074219</x><x>0.11621</x><y>0.46484</y><y>0.48958</y></points><label>9</label><labelname>deco</labelname><flag>1</flag></object><object><points><x>0.073242</x><x>0.11621</x><y>0.39062</y><y>0.41406</y></points><label>9</label><labelname>deco</labelname><flag>1</flag></object><object><points><x>0.16699</x><x>0.2041</x><y>0.59245</y><y>0.61589</y></points><label>9</label><labelname>deco</labelname><flag>1</flag></object><object><points><x>0.1709</x><x>0.20801</x><y>0.71484</y><y>0.73828</y></points><label>9</label><labelname>deco</labelname><flag>1</flag></object><object><points><x>0.1709</x><x>0.20703</x><y>0.16276</y><y>0.1875</y></points><label>9</label><labelname>deco</labelname><flag>1</flag></object><object><points><x>0.16797</x><x>0.2041</x><y>0.28646</y><y>0.3099</y></points><label>9</label><labelname>deco</labelname><flag>1</flag></object><object><points><x>0.60547</x><x>0.64355</x><y>0.69792</y><y>0.75651</y></points><label>9</label><labelname>deco</labelname><flag>1</flag></object><object><points><x>0.60449</x><x>0.64258</x><y>0.14583</y><y>0.20443</y></points><label>9</label><labelname>deco</labelname><flag>1</flag></object><object><points><x>0.59375</x><x>0.62207</x><y>0.41667</y><y>0.45703</y></points><label>9</label><labelname>deco</labelname><flag>1</flag></object><object><points><x>0.68164</x><x>0.7207</x><y>0.63542</y><y>0.66146</y></points><label>9</label><labelname>deco</labelname><flag>1</flag></object><object><points><x>0.68066</x><x>0.71875</x><y>0.21745</y><y>0.2487</y></points><label>9</label><labelname>deco</labelname><flag>1</flag></object><object><points><x>0.77246</x><x>0.87305</x><y>0.32812</y><y>0.47526</y></points><label>9</label><labelname>deco</labelname><flag>1</flag></object><object><points><x>0.77441</x><x>0.78906</x><y>0.48177</y><y>0.51953</y></points><label>9</label><labelname>deco</labelname><flag>1</flag></object><object><points><x>0.71973</x><x>0.7793</x><y>0.078125</y><y>0.82292</y></points><label>10</label><labelname>molding</labelname><flag>1</flag></object><object><points><x>0.56641</x><x>0.62891</x><y>0.078125</y><y>0.82682</y></points><label>10</label><labelname>molding</labelname><flag>1</flag></object><object><points><x>0.27344</x><x>0.31836</x><y>0.074219</y><y>0.82943</y></points><label>10</label><labelname>molding</labelname><flag>1</flag></object><object><points><x>0.10938</x><x>0.16895</x><y>0.088542</y><y>0.82552</y></points><label>10</label><labelname>molding</labelname><flag>1</flag></object><object><points><x>0.071289</x><x>0.23242</x><y>0.32943</y><y>0.35677</y></points><label>11</label><labelname>pillar</labelname><flag>1</flag></object><object><points><x>0.070312</x><x>0.23145</x><y>0.52083</y><y>0.54818</y></points><label>11</label><labelname>pillar</labelname><flag>1</flag></object><object><points><x>0.29785</x><x>0.54785</x><y>0.32943</y><y>0.35807</y></points><label>11</label><labelname>pillar</labelname><flag>1</flag></object><object><points><x>0.2998</x><x>0.5498</x><y>0.51823</y><y>0.54818</y></points><label>11</label><labelname>pillar</labelname><flag>1</flag></object><object><points><x>0.27734</x><x>0.29688</x><y>0.31771</y><y>0.36719</y></points><label>11</label><labelname>pillar</labelname><flag>1</flag></object><object><points><x>0.27637</x><x>0.2998</x><y>0.50911</y><y>0.5599</y></points><label>11</label><labelname>pillar</labelname><flag>1</flag></object><object><points><x>0.13379</x><x>0.16016</x><y>0.075521</y><y>0.10417</y></points><label>11</label><labelname>pillar</labelname><flag>1</flag></object><object><points><x>0.16016</x><x>0.2793</x><y>0.074219</y><y>0.10156</y></points><label>11</label><labelname>pillar</labelname><flag>1</flag></object><object><points><x>0.16602</x><x>0.28223</x><y>0.80208</y><y>0.82943</y></points><label>11</label><labelname>pillar</labelname><flag>1</flag></object><object><points><x>0.13574</x><x>0.16504</x><y>0.79688</y><y>0.83464</y></points><label>11</label><labelname>pillar</labelname><flag>1</flag></object><object><points><x>0.31055</x><x>0.3584</x><y>0.79818</y><y>0.83073</y></points><label>9</label><labelname>deco</labelname><flag>1</flag></object><object><points><x>0.30859</x><x>0.35645</x><y>0.076823</y><y>0.10156</y></points><label>9</label><labelname>deco</labelname><flag>1</flag></object><object><points><x>0.91113</x><x>0.98242</x><y>0.57292</y><y>0.62891</y></points><label>12</label><labelname>shop</labelname><flag>1</flag></object><object><points><x>0.91113</x><x>0.97949</x><y>0.47266</y><y>0.52734</y></points><label>12</label><labelname>shop</labelname><flag>1</flag></object><object><points><x>0.91113</x><x>0.96484</x><y>0.52865</y><y>0.57161</y></points><label>12</label><labelname>shop</labelname><flag>1</flag></object><object><points><x>0.91113</x><x>0.96484</x><y>0.63932</y><y>0.68229</y></points><label>12</label><labelname>shop</labelname><flag>1</flag></object><object><points><x>0.91211</x><x>0.96777</x><y>0.21094</y><y>0.25521</y></points><label>12</label><labelname>shop</labelname><flag>1</flag></object><object><points><x>0.89648</x><x>0.90625</x><y>0.16667</y><y>0.33464</y></points><label>12</label><labelname>shop</labelname><flag>1</flag></object><object><points><x>0.89551</x><x>0.90723</x><y>0.45964</y><y>0.80469</y></points><label>12</label><labelname>shop</labelname><flag>1</flag></object><object><points><x>0.79102</x><x>0.86816</x><y>0.17708</y><y>0.22656</y></points><label>3</label><labelname>window</labelname><flag>1</flag></object>