<object><points><x>0.0037879</x><x>0.90909</x><y>0.066478</y><y>0.99717</y></points><label>2</label><labelname>facade</labelname><flag>1</flag></object><object><points><x>0.056818</x><x>0.2197</x><y>0.27298</y><y>0.36917</y></points><label>3</label><labelname>window</labelname><flag>1</flag></object><object><points><x>0.26894</x><x>0.43182</x><y>0.27298</y><y>0.36917</y></points><label>3</label><labelname>window</labelname><flag>1</flag></object><object><points><x>0.48295</x><x>0.64394</x><y>0.27157</y><y>0.36775</y></points><label>3</label><labelname>window</labelname><flag>1</flag></object><object><points><x>0.13258</x><x>0.2803</x><y>0.84583</y><y>0.92504</y></points><label>3</label><labelname>window</labelname><flag>1</flag></object><object><points><x>0.12689</x><x>0.27273</x><y>0.65629</y><y>0.7355</y></points><label>3</label><labelname>window</labelname><flag>1</flag></object><object><points><x>0.12311</x><x>0.27083</x><y>0.45827</y><y>0.53748</y></points><label>3</label><labelname>window</labelname><flag>1</flag></object><object><points><x>0.3125</x><x>0.46023</x><y>0.45969</y><y>0.5389</y></points><label>3</label><labelname>window</labelname><flag>1</flag></object><object><points><x>0.31818</x><x>0.46402</x><y>0.65629</y><y>0.7355</y></points><label>3</label><labelname>window</labelname><flag>1</flag></object><object><points><x>0.32197</x><x>0.4697</x><y>0.84441</y><y>0.92362</y></points><label>3</label><labelname>window</labelname><flag>1</flag></object><object><points><x>0.50758</x><x>0.6553</x><y>0.84441</y><y>0.92362</y></points><label>3</label><labelname>window</labelname><flag>1</flag></object><object><points><x>0.50947</x><x>0.6553</x><y>0.65629</y><y>0.7355</y></points><label>3</label><labelname>window</labelname><flag>1</flag></object><object><points><x>0.50758</x><x>0.6572</x><y>0.45545</y><y>0.54173</y></points><label>3</label><labelname>window</labelname><flag>1</flag></object><object><points><x>0.056818</x><x>0.15152</x><y>0.23197</y><y>0.26308</y></points><label>3</label><labelname>window</labelname><flag>1</flag></object><object><points><x>0.26515</x><x>0.35985</x><y>0.23338</y><y>0.2645</y></points><label>3</label><labelname>window</labelname><flag>1</flag></object><object><points><x>0.47917</x><x>0.57386</x><y>0.23338</y><y>0.2645</y></points><label>3</label><labelname>window</labelname><flag>1</flag></object><object><points><x>0.50379</x><x>0.58712</x><y>0.13861</y><y>0.20934</y></points><label>3</label><labelname>window</labelname><flag>1</flag></object><object><points><x>0.31061</x><x>0.38636</x><y>0.14144</y><y>0.20792</y></points><label>3</label><labelname>window</labelname><flag>1</flag></object><object><points><x>0.11932</x><x>0.17045</x><y>0.14286</y><y>0.20934</y></points><label>3</label><labelname>window</labelname><flag>1</flag></object><object><points><x>0.32197</x><x>0.40341</x><y>0.75389</y><y>0.83593</y></points><label>3</label><labelname>window</labelname><flag>1</flag></object><object><points><x>0.13068</x><x>0.21402</x><y>0.7553</y><y>0.84017</y></points><label>3</label><labelname>window</labelname><flag>1</flag></object><object><points><x>0.50758</x><x>0.5947</x><y>0.75813</y><y>0.84017</y></points><label>3</label><labelname>window</labelname><flag>1</flag></object><object><points><x>0.50758</x><x>0.5928</x><y>0.56153</y><y>0.64781</y></points><label>3</label><labelname>window</labelname><flag>1</flag></object><object><points><x>0.3125</x><x>0.39962</x><y>0.56153</y><y>0.64922</y></points><label>3</label><labelname>window</labelname><flag>1</flag></object><object><points><x>0.12689</x><x>0.20644</x><y>0.56153</y><y>0.64498</y></points><label>3</label><labelname>window</labelname><flag>1</flag></object><object><points><x>0.12311</x><x>0.20076</x><y>0.38614</y><y>0.4512</y></points><label>3</label><labelname>window</labelname><flag>1</flag></object><object><points><x>0.31818</x><x>0.39583</x><y>0.38472</y><y>0.44979</y></points><label>3</label><labelname>window</labelname><flag>1</flag></object><object><points><x>0.50947</x><x>0.58712</x><y>0.38331</y><y>0.44837</y></points><label>3</label><labelname>window</labelname><flag>1</flag></object><object><points><x>0.69697</x><x>0.77841</x><y>0.14286</y><y>0.21075</y></points><label>3</label><labelname>window</labelname><flag>1</flag></object><object><points><x>0.70265</x><x>0.7803</x><y>0.22914</y><y>0.34229</y></points><label>3</label><labelname>window</labelname><flag>1</flag></object><object><points><x>0.70265</x><x>0.7822</x><y>0.36351</y><y>0.44979</y></points><label>3</label><labelname>window</labelname><flag>1</flag></object><object><points><x>0.70265</x><x>0.7822</x><y>0.45686</y><y>0.54455</y></points><label>3</label><labelname>window</labelname><flag>1</flag></object><object><points><x>0.70076</x><x>0.7803</x><y>0.56011</y><y>0.64781</y></points><label>3</label><labelname>window</labelname><flag>1</flag></object><object><points><x>0.69886</x><x>0.7803</x><y>0.65064</y><y>0.73833</y></points><label>3</label><labelname>window</labelname><flag>1</flag></object><object><points><x>0.69886</x><x>0.77841</x><y>0.75248</y><y>0.83593</y></points><label>3</label><labelname>window</labelname><flag>1</flag></object><object><points><x>0.69886</x><x>0.77652</x><y>0.84158</y><y>0.92079</y></points><label>3</label><labelname>window</labelname><flag>1</flag></object><object><points><x>0.35606</x><x>0.48106</x><y>0.069307</y><y>0.23055</y></points><label>7</label><labelname>balcony</labelname><flag>1</flag></object><object><points><x>0.5625</x><x>0.6875</x><y>0.069307</y><y>0.23055</y></points><label>7</label><labelname>balcony</labelname><flag>1</flag></object><object><points><x>0.14205</x><x>0.26705</x><y>0.070721</y><y>0.23055</y></points><label>7</label><labelname>balcony</labelname><flag>1</flag></object><object><points><x>0.2178</x><x>0.32008</x><y>0.93918</y><y>0.99576</y></points><label>7</label><labelname>balcony</labelname><flag>1</flag></object><object><points><x>0.4053</x><x>0.50758</x><y>0.93777</y><y>0.99434</y></points><label>7</label><labelname>balcony</labelname><flag>1</flag></object><object><points><x>0.59091</x><x>0.69318</x><y>0.93918</y><y>0.99576</y></points><label>7</label><labelname>balcony</labelname><flag>1</flag></object><object><points><x>0.47917</x><x>0.57197</x><y>0.23479</y><y>0.2645</y></points><label>8</label><labelname>blind</labelname><flag>1</flag></object><object><points><x>0.48485</x><x>0.64015</x><y>0.2744</y><y>0.36492</y></points><label>8</label><labelname>blind</labelname><flag>1</flag></object><object><points><x>0.31439</x><x>0.45833</x><y>0.4611</y><y>0.53748</y></points><label>8</label><labelname>blind</labelname><flag>1</flag></object><object><points><x>0.31439</x><x>0.39394</x><y>0.38614</y><y>0.44837</y></points><label>8</label><labelname>blind</labelname><flag>1</flag></object><object><points><x>0.51136</x><x>0.58712</x><y>0.38614</y><y>0.44837</y></points><label>8</label><labelname>blind</labelname><flag>1</flag></object><object><points><x>0.12689</x><x>0.20265</x><y>0.56436</y><y>0.64215</y></points><label>8</label><labelname>blind</labelname><flag>1</flag></object><object><points><x>0.31629</x><x>0.39773</x><y>0.56436</y><y>0.64781</y></points><label>8</label><labelname>blind</labelname><flag>1</flag></object><object><points><x>0.125</x><x>0.26705</x><y>0.45969</y><y>0.53465</y></points><label>8</label><labelname>blind</labelname><flag>1</flag></object><object><points><x>0.12879</x><x>0.27083</x><y>0.65771</y><y>0.73267</y></points><label>8</label><labelname>blind</labelname><flag>1</flag></object><object><points><x>0.13258</x><x>0.21212</x><y>0.7553</y><y>0.83734</y></points><label>8</label><labelname>blind</labelname><flag>1</flag></object><object><points><x>0.13636</x><x>0.1572</x><y>0.84866</y><y>0.92221</y></points><label>8</label><labelname>blind</labelname><flag>1</flag></object><object><points><x>0.50947</x><x>0.6572</x><y>0.45686</y><y>0.54173</y></points><label>8</label><labelname>blind</labelname><flag>1</flag></object><object><points><x>0.51136</x><x>0.58902</x><y>0.56436</y><y>0.64498</y></points><label>8</label><labelname>blind</labelname><flag>1</flag></object><object><points><x>0.51136</x><x>0.65152</x><y>0.65771</y><y>0.73267</y></points><label>8</label><labelname>blind</labelname><flag>1</flag></object><object><points><x>0.51136</x><x>0.59091</x><y>0.76096</y><y>0.83734</y></points><label>8</label><labelname>blind</labelname><flag>1</flag></object><object><points><x>0.51136</x><x>0.65152</x><y>0.84724</y><y>0.92079</y></points><label>8</label><labelname>blind</labelname><flag>1</flag></object><object><points><x>0.70076</x><x>0.77462</x><y>0.843</y><y>0.91938</y></points><label>8</label><labelname>blind</labelname><flag>1</flag></object><object><points><x>0.70076</x><x>0.77652</x><y>0.75389</y><y>0.83451</y></points><label>8</label><labelname>blind</labelname><flag>1</flag></object><object><points><x>0.70265</x><x>0.77841</x><y>0.65347</y><y>0.73409</y></points><label>8</label><labelname>blind</labelname><flag>1</flag></object><object><points><x>0.70265</x><x>0.7803</x><y>0.56294</y><y>0.64498</y></points><label>8</label><labelname>blind</labelname><flag>1</flag></object><object><points><x>0.70644</x><x>0.7822</x><y>0.45827</y><y>0.5389</y></points><label>8</label><labelname>blind</labelname><flag>1</flag></object><object><points><x>0.70455</x><x>0.7822</x><y>0.36351</y><y>0.44696</y></points><label>8</label><labelname>blind</labelname><flag>1</flag></object><object><points><x>0.70455</x><x>0.77841</x><y>0.23055</y><y>0.34229</y></points><label>8</label><labelname>blind</labelname><flag>1</flag></object><object><points><x>0.69886</x><x>0.77652</x><y>0.14427</y><y>0.20934</y></points><label>8</label><labelname>blind</labelname><flag>1</flag></object>