<object><points><x>0.0097087</x><x>0.96671</x><y>0.0048828</y><y>0.92578</y></points><label>2</label><labelname>facade</labelname><flag>1</flag></object><object><points><x>0.26907</x><x>0.35229</x><y>0.1582</y><y>0.19922</y></points><label>3</label><labelname>window</labelname><flag>1</flag></object><object><points><x>0.27046</x><x>0.35368</x><y>0.094727</y><y>0.13672</y></points><label>3</label><labelname>window</labelname><flag>1</flag></object><object><points><x>0.27046</x><x>0.35229</x><y>0.033203</y><y>0.074219</y></points><label>3</label><labelname>window</labelname><flag>1</flag></object><object><points><x>0.43689</x><x>0.53675</x><y>0.032227</y><y>0.074219</y></points><label>3</label><labelname>window</labelname><flag>1</flag></object><object><points><x>0.43828</x><x>0.53675</x><y>0.095703</y><y>0.13672</y></points><label>3</label><labelname>window</labelname><flag>1</flag></object><object><points><x>0.43689</x><x>0.53675</x><y>0.15723</y><y>0.19922</y></points><label>3</label><labelname>window</labelname><flag>1</flag></object><object><points><x>0.62413</x><x>0.71012</x><y>0.051758</y><y>0.092773</y></points><label>3</label><labelname>window</labelname><flag>1</flag></object><object><points><x>0.62275</x><x>0.71012</x><y>0.14551</y><y>0.18652</y></points><label>3</label><labelname>window</labelname><flag>1</flag></object><object><points><x>0.62275</x><x>0.70874</x><y>0.27637</y><y>0.31738</y></points><label>3</label><labelname>window</labelname><flag>1</flag></object><object><points><x>0.61997</x><x>0.70735</x><y>0.62305</y><y>0.66406</y></points><label>3</label><labelname>window</labelname><flag>1</flag></object><object><points><x>0.61859</x><x>0.70596</x><y>0.74902</y><y>0.79004</y></points><label>3</label><labelname>window</labelname><flag>1</flag></object><object><points><x>0.61859</x><x>0.70596</x><y>0.8418</y><y>0.88281</y></points><label>3</label><labelname>window</labelname><flag>1</flag></object><object><points><x>0.43412</x><x>0.53121</x><y>0.72949</y><y>0.77051</y></points><label>3</label><labelname>window</labelname><flag>1</flag></object><object><points><x>0.43551</x><x>0.53259</x><y>0.79199</y><y>0.83008</y></points><label>3</label><labelname>window</labelname><flag>1</flag></object><object><points><x>0.43412</x><x>0.53121</x><y>0.85254</y><y>0.89062</y></points><label>3</label><labelname>window</labelname><flag>1</flag></object><object><points><x>0.43689</x><x>0.53398</x><y>0.50684</y><y>0.54785</y></points><label>3</label><labelname>window</labelname><flag>1</flag></object><object><points><x>0.43689</x><x>0.53398</x><y>0.44531</y><y>0.4873</y></points><label>3</label><labelname>window</labelname><flag>1</flag></object><object><points><x>0.43828</x><x>0.53537</x><y>0.38379</y><y>0.42578</y></points><label>3</label><labelname>window</labelname><flag>1</flag></object><object><points><x>0.27184</x><x>0.35368</x><y>0.38477</y><y>0.42578</y></points><label>3</label><labelname>window</labelname><flag>1</flag></object><object><points><x>0.27184</x><x>0.35368</x><y>0.44629</y><y>0.4873</y></points><label>3</label><labelname>window</labelname><flag>1</flag></object><object><points><x>0.27184</x><x>0.35229</x><y>0.50781</y><y>0.54883</y></points><label>3</label><labelname>window</labelname><flag>1</flag></object><object><points><x>0.099861</x><x>0.1706</x><y>0.45117</y><y>0.47852</y></points><label>3</label><labelname>window</labelname><flag>1</flag></object><object><points><x>0.099861</x><x>0.16921</x><y>0.39062</y><y>0.41895</y></points><label>3</label><labelname>window</labelname><flag>1</flag></object><object><points><x>0.099861</x><x>0.1706</x><y>0.51172</y><y>0.53906</y></points><label>3</label><labelname>window</labelname><flag>1</flag></object><object><points><x>0.27184</x><x>0.35229</x><y>0.73047</y><y>0.76855</y></points><label>3</label><labelname>window</labelname><flag>1</flag></object><object><points><x>0.27046</x><x>0.3509</x><y>0.79102</y><y>0.8291</y></points><label>3</label><labelname>window</labelname><flag>1</flag></object><object><points><x>0.27046</x><x>0.3509</x><y>0.85254</y><y>0.89062</y></points><label>3</label><labelname>window</labelname><flag>1</flag></object><object><points><x>0.10264</x><x>0.1706</x><y>0.73535</y><y>0.76172</y></points><label>3</label><labelname>window</labelname><flag>1</flag></object><object><points><x>0.10264</x><x>0.16921</x><y>0.7959</y><y>0.82031</y></points><label>3</label><labelname>window</labelname><flag>1</flag></object><object><points><x>0.10264</x><x>0.16921</x><y>0.85547</y><y>0.87988</y></points><label>3</label><labelname>window</labelname><flag>1</flag></object><object><points><x>0.27046</x><x>0.35229</x><y>0.24121</y><y>0.26758</y></points><label>3</label><labelname>window</labelname><flag>1</flag></object><object><points><x>0.27184</x><x>0.35229</x><y>0.31641</y><y>0.34277</y></points><label>3</label><labelname>window</labelname><flag>1</flag></object><object><points><x>0.27184</x><x>0.35229</x><y>0.58789</y><y>0.6123</y></points><label>3</label><labelname>window</labelname><flag>1</flag></object><object><points><x>0.27046</x><x>0.35229</x><y>0.66211</y><y>0.68457</y></points><label>3</label><labelname>window</labelname><flag>1</flag></object><object><points><x>0.13037</x><x>0.19279</x><y>0.58301</y><y>0.60254</y></points><label>3</label><labelname>window</labelname><flag>1</flag></object><object><points><x>0.13176</x><x>0.19279</x><y>0.6084</y><y>0.62891</y></points><label>3</label><labelname>window</labelname><flag>1</flag></object><object><points><x>0.11512</x><x>0.17476</x><y>0.95508</y><y>0.98438</y></points><label>3</label><labelname>window</labelname><flag>1</flag></object><object><points><x>0.47157</x><x>0.53537</x><y>0.31543</y><y>0.34766</y></points><label>3</label><labelname>window</labelname><flag>1</flag></object><object><points><x>0.43135</x><x>0.46879</x><y>0.31641</y><y>0.34766</y></points><label>3</label><labelname>window</labelname><flag>1</flag></object><object><points><x>0.43273</x><x>0.46879</x><y>0.24121</y><y>0.27246</y></points><label>3</label><labelname>window</labelname><flag>1</flag></object><object><points><x>0.47157</x><x>0.53537</x><y>0.24219</y><y>0.27344</y></points><label>3</label><labelname>window</labelname><flag>1</flag></object><object><points><x>0.43135</x><x>0.46741</x><y>0.66211</y><y>0.69531</y></points><label>3</label><labelname>window</labelname><flag>1</flag></object><object><points><x>0.43135</x><x>0.46741</x><y>0.58887</y><y>0.62207</y></points><label>3</label><labelname>window</labelname><flag>1</flag></object><object><points><x>0.47018</x><x>0.53259</x><y>0.66309</y><y>0.69434</y></points><label>3</label><labelname>window</labelname><flag>1</flag></object><object><points><x>0.47157</x><x>0.53398</x><y>0.58984</y><y>0.62109</y></points><label>3</label><labelname>window</labelname><flag>1</flag></object><object><points><x>0.64494</x><x>0.72399</x><y>0.40234</y><y>0.41504</y></points><label>3</label><labelname>window</labelname><flag>1</flag></object><object><points><x>0.62552</x><x>0.72261</x><y>0.4248</y><y>0.44043</y></points><label>3</label><labelname>window</labelname><flag>1</flag></object><object><points><x>0.62552</x><x>0.66574</x><y>0.44824</y><y>0.46191</y></points><label>3</label><labelname>window</labelname><flag>1</flag></object><object><points><x>0.62968</x><x>0.65742</x><y>0.4707</y><y>0.48535</y></points><label>3</label><labelname>window</labelname><flag>1</flag></object><object><points><x>0.64632</x><x>0.7129</x><y>0.49512</y><y>0.51074</y></points><label>3</label><labelname>window</labelname><flag>1</flag></object><object><points><x>0.78641</x><x>0.90291</x><y>0.049805</y><y>0.17871</y></points><label>3</label><labelname>window</labelname><flag>1</flag></object><object><points><x>0.7767</x><x>0.8932</x><y>0.75488</y><y>0.88379</y></points><label>3</label><labelname>window</labelname><flag>1</flag></object><object><points><x>0.77947</x><x>0.95562</x><y>0.42676</y><y>0.48438</y></points><label>4</label><labelname>door</labelname><flag>1</flag></object><object><points><x>0.78363</x><x>0.92372</x><y>0.22852</y><y>0.35742</y></points><label>3</label><labelname>window</labelname><flag>1</flag></object><object><points><x>0.77947</x><x>0.91817</x><y>0.58105</y><y>0.70898</y></points><label>3</label><labelname>window</labelname><flag>1</flag></object><object><points><x>0.56727</x><x>0.61442</x><y>0.26367</y><y>0.33301</y></points><label>5</label><labelname>cornice</labelname><flag>1</flag></object><object><points><x>0.56449</x><x>0.61165</x><y>0.6123</y><y>0.68066</y></points><label>5</label><labelname>cornice</labelname><flag>1</flag></object><object><points><x>0.072122</x><x>0.11373</x><y>0.72852</y><y>0.78711</y></points><label>5</label><labelname>cornice</labelname><flag>1</flag></object><object><points><x>0.072122</x><x>0.11373</x><y>0.79004</y><y>0.84668</y></points><label>5</label><labelname>cornice</labelname><flag>1</flag></object><object><points><x>0.072122</x><x>0.11234</x><y>0.85156</y><y>0.90625</y></points><label>5</label><labelname>cornice</labelname><flag>1</flag></object><object><points><x>0.073509</x><x>0.11096</x><y>0.38086</y><y>0.4375</y></points><label>5</label><labelname>cornice</labelname><flag>1</flag></object><object><points><x>0.070735</x><x>0.10957</x><y>0.44238</y><y>0.49902</y></points><label>5</label><labelname>cornice</labelname><flag>1</flag></object><object><points><x>0.072122</x><x>0.11096</x><y>0.50391</y><y>0.56055</y></points><label>5</label><labelname>cornice</labelname><flag>1</flag></object><object><points><x>0.53259</x><x>0.54785</x><y>0.23633</y><y>0.2793</y></points><label>6</label><labelname>sill</labelname><flag>1</flag></object><object><points><x>0.53259</x><x>0.54785</x><y>0.31055</y><y>0.35547</y></points><label>6</label><labelname>sill</labelname><flag>1</flag></object><object><points><x>0.53121</x><x>0.54508</x><y>0.58594</y><y>0.63086</y></points><label>6</label><labelname>sill</labelname><flag>1</flag></object><object><points><x>0.53121</x><x>0.54369</x><y>0.66016</y><y>0.70508</y></points><label>6</label><labelname>sill</labelname><flag>1</flag></object><object><points><x>0.79334</x><x>0.84327</x><y>0.75488</y><y>0.78418</y></points><label>8</label><labelname>blind</labelname><flag>1</flag></object><object><points><x>0.78502</x><x>0.83634</x><y>0.78711</y><y>0.81543</y></points><label>8</label><labelname>blind</labelname><flag>1</flag></object><object><points><x>0.78779</x><x>0.84189</x><y>0.81738</y><y>0.86133</y></points><label>8</label><labelname>blind</labelname><flag>1</flag></object><object><points><x>0.35645</x><x>0.4147</x><y>0.50488</y><y>0.56641</y></points><label>9</label><labelname>deco</labelname><flag>1</flag></object><object><points><x>0.35922</x><x>0.41609</x><y>0.44238</y><y>0.50488</y></points><label>9</label><labelname>deco</labelname><flag>1</flag></object><object><points><x>0.35784</x><x>0.41609</x><y>0.37988</y><y>0.44238</y></points><label>9</label><labelname>deco</labelname><flag>1</flag></object><object><points><x>0.35506</x><x>0.41193</x><y>0.85156</y><y>0.91406</y></points><label>9</label><labelname>deco</labelname><flag>1</flag></object><object><points><x>0.35506</x><x>0.41609</x><y>0.79102</y><y>0.85059</y></points><label>9</label><labelname>deco</labelname><flag>1</flag></object><object><points><x>0.35506</x><x>0.4147</x><y>0.72949</y><y>0.79102</y></points><label>9</label><labelname>deco</labelname><flag>1</flag></object><object><points><x>0.35506</x><x>0.41609</x><y>0.025391</y><y>0.088867</y></points><label>9</label><labelname>deco</labelname><flag>1</flag></object><object><points><x>0.35645</x><x>0.41609</x><y>0.087891</y><y>0.15137</y></points><label>9</label><labelname>deco</labelname><flag>1</flag></object><object><points><x>0.35506</x><x>0.41609</x><y>0.15137</y><y>0.21484</y></points><label>9</label><labelname>deco</labelname><flag>1</flag></object><object><points><x>0.25104</x><x>0.26907</x><y>0.24121</y><y>0.27637</y></points><label>5</label><labelname>cornice</labelname><flag>1</flag></object><object><points><x>0.25104</x><x>0.27046</x><y>0.31348</y><y>0.34961</y></points><label>5</label><labelname>cornice</labelname><flag>1</flag></object><object><points><x>0.25243</x><x>0.27184</x><y>0.58789</y><y>0.62305</y></points><label>5</label><labelname>cornice</labelname><flag>1</flag></object><object><points><x>0.25243</x><x>0.27184</x><y>0.66016</y><y>0.69531</y></points><label>5</label><labelname>cornice</labelname><flag>1</flag></object><object><points><x>0.25381</x><x>0.27046</x><y>0.50586</y><y>0.55176</y></points><label>5</label><labelname>cornice</labelname><flag>1</flag></object><object><points><x>0.25381</x><x>0.27184</x><y>0.44629</y><y>0.49121</y></points><label>5</label><labelname>cornice</labelname><flag>1</flag></object><object><points><x>0.25243</x><x>0.27046</x><y>0.38379</y><y>0.42969</y></points><label>5</label><labelname>cornice</labelname><flag>1</flag></object><object><points><x>0.25104</x><x>0.26907</x><y>0.73047</y><y>0.77637</y></points><label>5</label><labelname>cornice</labelname><flag>1</flag></object><object><points><x>0.25243</x><x>0.27046</x><y>0.79102</y><y>0.83691</y></points><label>5</label><labelname>cornice</labelname><flag>1</flag></object><object><points><x>0.25381</x><x>0.27184</x><y>0.85156</y><y>0.89746</y></points><label>5</label><labelname>cornice</labelname><flag>1</flag></object><object><points><x>0.67545</x><x>0.86685</x><y>0.37109</y><y>0.41699</y></points><label>9</label><labelname>deco</labelname><flag>1</flag></object><object><points><x>0.67268</x><x>0.86408</x><y>0.54297</y><y>0.58008</y></points><label>9</label><labelname>deco</labelname><flag>1</flag></object><object><points><x>0.58391</x><x>0.65742</x><y>0.39648</y><y>0.54004</y></points><label>9</label><labelname>deco</labelname><flag>1</flag></object><object><points><x>0.53675</x><x>0.56172</x><y>0.43164</y><y>0.45312</y></points><label>9</label><labelname>deco</labelname><flag>1</flag></object><object><points><x>0.53675</x><x>0.56172</x><y>0.49316</y><y>0.51367</y></points><label>9</label><labelname>deco</labelname><flag>1</flag></object><object><points><x>0.53537</x><x>0.56033</x><y>0.55371</y><y>0.5752</y></points><label>9</label><labelname>deco</labelname><flag>1</flag></object><object><points><x>0.53675</x><x>0.56172</x><y>0.375</y><y>0.38672</y></points><label>9</label><labelname>deco</labelname><flag>1</flag></object><object><points><x>0.53814</x><x>0.56033</x><y>0.7168</y><y>0.73828</y></points><label>9</label><labelname>deco</labelname><flag>1</flag></object><object><points><x>0.53675</x><x>0.55895</x><y>0.77832</y><y>0.80078</y></points><label>9</label><labelname>deco</labelname><flag>1</flag></object><object><points><x>0.53675</x><x>0.55756</x><y>0.83789</y><y>0.86133</y></points><label>9</label><labelname>deco</labelname><flag>1</flag></object><object><points><x>0.53675</x><x>0.55895</x><y>0.90039</y><y>0.92383</y></points><label>9</label><labelname>deco</labelname><flag>1</flag></object><object><points><x>0.53259</x><x>0.56311</x><y>0.014648</y><y>0.030273</y></points><label>9</label><labelname>deco</labelname><flag>1</flag></object><object><points><x>0.53259</x><x>0.56311</x><y>0.078125</y><y>0.094727</y></points><label>9</label><labelname>deco</labelname><flag>1</flag></object><object><points><x>0.53259</x><x>0.56311</x><y>0.13965</y><y>0.15625</y></points><label>9</label><labelname>deco</labelname><flag>1</flag></object><object><points><x>0.53121</x><x>0.56311</x><y>0.2041</y><y>0.21973</y></points><label>9</label><labelname>deco</labelname><flag>1</flag></object><object><points><x>0.57836</x><x>0.61026</x><y>0.5498</y><y>0.5752</y></points><label>9</label><labelname>deco</labelname><flag>1</flag></object><object><points><x>0.57836</x><x>0.61165</x><y>0.36816</y><y>0.39453</y></points><label>9</label><labelname>deco</labelname><flag>1</flag></object><object><points><x>0.66436</x><x>0.72677</x><y>0.45996</y><y>0.49512</y></points><label>9</label><labelname>deco</labelname><flag>1</flag></object><object><points><x>0.68655</x><x>0.72538</x><y>0.43359</y><y>0.45801</y></points><label>9</label><labelname>deco</labelname><flag>1</flag></object><object><points><x>0.68932</x><x>0.72538</x><y>0.49512</y><y>0.51758</y></points><label>9</label><labelname>deco</labelname><flag>1</flag></object><object><points><x>0.69903</x><x>0.72122</x><y>0.41699</y><y>0.43164</y></points><label>9</label><labelname>deco</labelname><flag>1</flag></object><object><points><x>0.69764</x><x>0.72538</x><y>0.51465</y><y>0.53125</y></points><label>9</label><labelname>deco</labelname><flag>1</flag></object><object><points><x>0.71151</x><x>0.72954</x><y>0.59375</y><y>0.61523</y></points><label>9</label><labelname>deco</labelname><flag>1</flag></object><object><points><x>0.71567</x><x>0.7337</x><y>0.32715</y><y>0.35156</y></points><label>9</label><labelname>deco</labelname><flag>1</flag></object><object><points><x>0.34397</x><x>0.37309</x><y>0.011719</y><y>0.91406</y></points><label>10</label><labelname>molding</labelname><flag>1</flag></object><object><points><x>0.21637</x><x>0.26075</x><y>0.010742</y><y>0.9082</y></points><label>10</label><labelname>molding</labelname><flag>1</flag></object><object><points><x>0.69764</x><x>0.72122</x><y>0.0097656</y><y>0.92285</y></points><label>10</label><labelname>molding</labelname><flag>1</flag></object><object><points><x>0.53121</x><x>0.54924</x><y>0.0087891</y><y>0.9209</y></points><label>10</label><labelname>molding</labelname><flag>1</flag></object><object><points><x>0.87795</x><x>0.91123</x><y>0.72754</y><y>0.78613</y></points><label>12</label><labelname>shop</labelname><flag>1</flag></object>