<object><points><x>0.54199</x><x>0.56836</x><y>0.31771</y><y>0.42057</y></points><label>5</label><labelname>cornice</labelname><flag>1</flag></object><object><points><x>0.53516</x><x>0.56152</x><y>0.45312</y><y>0.54557</y></points><label>5</label><labelname>cornice</labelname><flag>1</flag></object><object><points><x>0.57227</x><x>0.61719</x><y>0.34766</y><y>0.39974</y></points><label>3</label><labelname>window</labelname><flag>1</flag></object><object><points><x>0.56641</x><x>0.6123</x><y>0.48177</y><y>0.52344</y></points><label>3</label><labelname>window</labelname><flag>1</flag></object><object><points><x>0.65625</x><x>0.73828</x><y>0.34635</y><y>0.40755</y></points><label>3</label><labelname>window</labelname><flag>1</flag></object><object><points><x>0.65137</x><x>0.73438</x><y>0.47266</y><y>0.53646</y></points><label>3</label><labelname>window</labelname><flag>1</flag></object><object><points><x>0.62109</x><x>0.65234</x><y>0.30729</y><y>0.42969</y></points><label>5</label><labelname>cornice</labelname><flag>1</flag></object><object><points><x>0.56738</x><x>0.6123</x><y>0.59505</y><y>0.63802</y></points><label>3</label><labelname>window</labelname><flag>1</flag></object><object><points><x>0.56836</x><x>0.61328</x><y>0.71094</y><y>0.7513</y></points><label>3</label><labelname>window</labelname><flag>1</flag></object><object><points><x>0.65234</x><x>0.73535</x><y>0.58594</y><y>0.65104</y></points><label>3</label><labelname>window</labelname><flag>1</flag></object><object><points><x>0.65234</x><x>0.73535</x><y>0.69922</y><y>0.76172</y></points><label>3</label><labelname>window</labelname><flag>1</flag></object><object><points><x>0.53613</x><x>0.56055</x><y>0.56901</y><y>0.65885</y></points><label>5</label><labelname>cornice</labelname><flag>1</flag></object><object><points><x>0.53711</x><x>0.56543</x><y>0.6875</y><y>0.77474</y></points><label>5</label><labelname>cornice</labelname><flag>1</flag></object><object><points><x>0.78809</x><x>0.83105</x><y>0.59245</y><y>0.63411</y></points><label>3</label><labelname>window</labelname><flag>1</flag></object><object><points><x>0.78809</x><x>0.83105</x><y>0.70573</y><y>0.7474</y></points><label>3</label><labelname>window</labelname><flag>1</flag></object><object><points><x>0.86133</x><x>0.90527</x><y>0.70573</y><y>0.7474</y></points><label>3</label><labelname>window</labelname><flag>1</flag></object><object><points><x>0.94043</x><x>0.97656</x><y>0.70443</y><y>0.74609</y></points><label>3</label><labelname>window</labelname><flag>1</flag></object><object><points><x>0.89746</x><x>0.99023</x><y>0.57552</y><y>0.64193</y></points><label>4</label><labelname>door</labelname><flag>1</flag></object><object><points><x>0.79102</x><x>0.83398</x><y>0.35156</y><y>0.39323</y></points><label>3</label><labelname>window</labelname><flag>1</flag></object><object><points><x>0.78906</x><x>0.83105</x><y>0.47917</y><y>0.52083</y></points><label>3</label><labelname>window</labelname><flag>1</flag></object><object><points><x>0.86133</x><x>0.90527</x><y>0.48047</y><y>0.52214</y></points><label>3</label><labelname>window</labelname><flag>1</flag></object><object><points><x>0.86328</x><x>0.90625</x><y>0.35156</y><y>0.39323</y></points><label>3</label><labelname>window</labelname><flag>1</flag></object><object><points><x>0.94141</x><x>0.97656</x><y>0.34896</y><y>0.39193</y></points><label>3</label><labelname>window</labelname><flag>1</flag></object><object><points><x>0.94043</x><x>0.97656</x><y>0.47786</y><y>0.51953</y></points><label>3</label><labelname>window</labelname><flag>1</flag></object><object><points><x>0.22363</x><x>0.99414</x><y>0.27865</y><y>0.99609</y></points><label>2</label><labelname>facade</labelname><flag>1</flag></object><object><points><x>0.29688</x><x>0.38086</x><y>0.46615</y><y>0.54167</y></points><label>3</label><labelname>window</labelname><flag>1</flag></object><object><points><x>0.29883</x><x>0.38184</x><y>0.58073</y><y>0.65625</y></points><label>3</label><labelname>window</labelname><flag>1</flag></object><object><points><x>0.29883</x><x>0.38184</x><y>0.69661</y><y>0.77214</y></points><label>3</label><labelname>window</labelname><flag>1</flag></object><object><points><x>0.3418</x><x>0.36719</x><y>0.34245</y><y>0.40495</y></points><label>3</label><labelname>window</labelname><flag>1</flag></object><object><points><x>0.48828</x><x>0.51074</x><y>0.34635</y><y>0.40234</y></points><label>3</label><labelname>window</labelname><flag>1</flag></object><object><points><x>0.48047</x><x>0.50195</x><y>0.47526</y><y>0.53125</y></points><label>3</label><labelname>window</labelname><flag>1</flag></object><object><points><x>0.48145</x><x>0.50391</x><y>0.58984</y><y>0.64583</y></points><label>3</label><labelname>window</labelname><flag>1</flag></object><object><points><x>0.49121</x><x>0.51367</x><y>0.84375</y><y>0.90104</y></points><label>3</label><labelname>window</labelname><flag>1</flag></object><object><points><x>0.48047</x><x>0.50195</x><y>0.70443</y><y>0.76172</y></points><label>3</label><labelname>window</labelname><flag>1</flag></object><object><points><x>0.57617</x><x>0.62207</x><y>0.84505</y><y>0.89583</y></points><label>3</label><labelname>window</labelname><flag>1</flag></object><object><points><x>0.6582</x><x>0.74121</x><y>0.83724</y><y>0.90104</y></points><label>3</label><labelname>window</labelname><flag>1</flag></object><object><points><x>0.79102</x><x>0.83398</x><y>0.84505</y><y>0.88672</y></points><label>3</label><labelname>window</labelname><flag>1</flag></object><object><points><x>0.80566</x><x>0.97949</x><y>0.14714</y><y>0.2513</y></points><label>4</label><labelname>door</labelname><flag>1</flag></object><object><points><x>0.67676</x><x>0.74414</x><y>0.13021</y><y>0.19401</y></points><label>3</label><labelname>window</labelname><flag>1</flag></object><object><points><x>0.61914</x><x>0.65332</x><y>0.14062</y><y>0.1888</y></points><label>3</label><labelname>window</labelname><flag>1</flag></object><object><points><x>0.52148</x><x>0.55859</x><y>0.13021</y><y>0.1901</y></points><label>3</label><labelname>window</labelname><flag>1</flag></object><object><points><x>0.35938</x><x>0.38379</x><y>0.083333</y><y>0.1224</y></points><label>3</label><labelname>window</labelname><flag>1</flag></object><object><points><x>0.54199</x><x>0.57422</x><y>0.82031</y><y>0.91797</y></points><label>5</label><labelname>cornice</labelname><flag>1</flag></object><object><points><x>0.62109</x><x>0.64746</x><y>0.80859</y><y>0.92708</y></points><label>5</label><labelname>cornice</labelname><flag>1</flag></object><object><points><x>0.61426</x><x>0.63965</x><y>0.45443</y><y>0.54427</y></points><label>6</label><labelname>sill</labelname><flag>1</flag></object><object><points><x>0.61523</x><x>0.63965</x><y>0.56901</y><y>0.66016</y></points><label>6</label><labelname>sill</labelname><flag>1</flag></object><object><points><x>0.61621</x><x>0.6416</x><y>0.6862</y><y>0.76953</y></points><label>6</label><labelname>sill</labelname><flag>1</flag></object><object><points><x>0.63574</x><x>0.68262</x><y>0.11328</y><y>0.23177</y></points><label>5</label><labelname>cornice</labelname><flag>1</flag></object><object><points><x>0.74023</x><x>0.77051</x><y>0.125</y><y>0.27604</y></points><label>7</label><labelname>balcony</labelname><flag>1</flag></object><object><points><x>0.73145</x><x>0.75879</x><y>0.45833</y><y>0.53906</y></points><label>7</label><labelname>balcony</labelname><flag>1</flag></object><object><points><x>0.7334</x><x>0.76074</x><y>0.57422</y><y>0.65495</y></points><label>7</label><labelname>balcony</labelname><flag>1</flag></object><object><points><x>0.73242</x><x>0.75977</x><y>0.6875</y><y>0.76693</y></points><label>7</label><labelname>balcony</labelname><flag>1</flag></object><object><points><x>0.23047</x><x>0.2666</x><y>0.30078</y><y>0.43359</y></points><label>7</label><labelname>balcony</labelname><flag>1</flag></object><object><points><x>0.22363</x><x>0.26074</x><y>0.45182</y><y>0.58464</y></points><label>7</label><labelname>balcony</labelname><flag>1</flag></object><object><points><x>0.4248</x><x>0.4873</x><y>0.16276</y><y>0.24349</y></points><label>7</label><labelname>balcony</labelname><flag>1</flag></object><object><points><x>0.37207</x><x>0.43457</x><y>0.065104</y><y>0.14714</y></points><label>7</label><labelname>balcony</labelname><flag>1</flag></object><object><points><x>0.85449</x><x>0.89355</x><y>0.53516</y><y>0.67969</y></points><label>9</label><labelname>deco</labelname><flag>1</flag></object><object><points><x>0.75586</x><x>0.79199</x><y>0.29688</y><y>0.98958</y></points><label>10</label><labelname>molding</labelname><flag>1</flag></object><object><points><x>0.51465</x><x>0.55078</x><y>0.29297</y><y>0.98438</y></points><label>10</label><labelname>molding</labelname><flag>1</flag></object><object><points><x>0.37305</x><x>0.47949</x><y>0.29297</y><y>0.98047</y></points><label>10</label><labelname>molding</labelname><flag>1</flag></object><object><points><x>0.25098</x><x>0.30664</x><y>0.29036</y><y>0.99089</y></points><label>10</label><labelname>molding</labelname><flag>1</flag></object><object><points><x>0.30957</x><x>0.37598</x><y>0.43099</y><y>0.45312</y></points><label>11</label><labelname>pillar</labelname><flag>1</flag></object><object><points><x>0.30957</x><x>0.37598</x><y>0.54688</y><y>0.56901</y></points><label>11</label><labelname>pillar</labelname><flag>1</flag></object><object><points><x>0.31934</x><x>0.38672</x><y>0.28255</y><y>0.30469</y></points><label>11</label><labelname>pillar</labelname><flag>1</flag></object><object><points><x>0.31152</x><x>0.37793</x><y>0.66406</y><y>0.6875</y></points><label>11</label><labelname>pillar</labelname><flag>1</flag></object><object><points><x>0.56152</x><x>0.7168</x><y>0.43229</y><y>0.45703</y></points><label>11</label><labelname>pillar</labelname><flag>1</flag></object><object><points><x>0.56836</x><x>0.71875</x><y>0.28516</y><y>0.3112</y></points><label>11</label><labelname>pillar</labelname><flag>1</flag></object><object><points><x>0.5625</x><x>0.7168</x><y>0.54557</y><y>0.57161</y></points><label>11</label><labelname>pillar</labelname><flag>1</flag></object><object><points><x>0.56152</x><x>0.7168</x><y>0.66016</y><y>0.6862</y></points><label>11</label><labelname>pillar</labelname><flag>1</flag></object><object><points><x>0.56445</x><x>0.71777</x><y>0.77344</y><y>0.79948</y></points><label>11</label><labelname>pillar</labelname><flag>1</flag></object><object><points><x>0.47266</x><x>0.51562</x><y>0.66146</y><y>0.6862</y></points><label>11</label><labelname>pillar</labelname><flag>1</flag></object><object><points><x>0.47461</x><x>0.5166</x><y>0.77604</y><y>0.80078</y></points><label>11</label><labelname>pillar</labelname><flag>1</flag></object><object><points><x>0.47168</x><x>0.51465</x><y>0.54688</y><y>0.57161</y></points><label>11</label><labelname>pillar</labelname><flag>1</flag></object><object><points><x>0.47852</x><x>0.52148</x><y>0.28385</y><y>0.30859</y></points><label>11</label><labelname>pillar</labelname><flag>1</flag></object><object><points><x>0.47168</x><x>0.51465</x><y>0.43099</y><y>0.45573</y></points><label>11</label><labelname>pillar</labelname><flag>1</flag></object><object><points><x>0.30078</x><x>0.31934</x><y>0.27995</y><y>0.3112</y></points><label>11</label><labelname>pillar</labelname><flag>1</flag></object><object><points><x>0.29004</x><x>0.30859</x><y>0.42188</y><y>0.45833</y></points><label>11</label><labelname>pillar</labelname><flag>1</flag></object><object><points><x>0.29199</x><x>0.30859</x><y>0.54036</y><y>0.57682</y></points><label>11</label><labelname>pillar</labelname><flag>1</flag></object><object><points><x>0.29297</x><x>0.31055</x><y>0.65885</y><y>0.69141</y></points><label>11</label><labelname>pillar</labelname><flag>1</flag></object><object><points><x>0.46973</x><x>0.47852</x><y>0.28125</y><y>0.3151</y></points><label>11</label><labelname>pillar</labelname><flag>1</flag></object><object><points><x>0.46387</x><x>0.47168</x><y>0.42839</y><y>0.46224</y></points><label>11</label><labelname>pillar</labelname><flag>1</flag></object><object><points><x>0.46387</x><x>0.47168</x><y>0.54167</y><y>0.57552</y></points><label>11</label><labelname>pillar</labelname><flag>1</flag></object><object><points><x>0.46484</x><x>0.47266</x><y>0.65625</y><y>0.69141</y></points><label>11</label><labelname>pillar</labelname><flag>1</flag></object><object><points><x>0.46582</x><x>0.47461</x><y>0.77214</y><y>0.80599</y></points><label>11</label><labelname>pillar</labelname><flag>1</flag></object><object><points><x>0.47559</x><x>0.4834</x><y>0.92839</y><y>0.96224</y></points><label>11</label><labelname>pillar</labelname><flag>1</flag></object><object><points><x>0.48438</x><x>0.52637</x><y>0.9349</y><y>0.95833</y></points><label>11</label><labelname>pillar</labelname><flag>1</flag></object><object><points><x>0.53809</x><x>0.56836</x><y>0.27995</y><y>0.3151</y></points><label>11</label><labelname>pillar</labelname><flag>1</flag></object><object><points><x>0.53125</x><x>0.56152</x><y>0.42708</y><y>0.46224</y></points><label>11</label><labelname>pillar</labelname><flag>1</flag></object><object><points><x>0.53125</x><x>0.56152</x><y>0.54036</y><y>0.57552</y></points><label>11</label><labelname>pillar</labelname><flag>1</flag></object><object><points><x>0.53125</x><x>0.56152</x><y>0.65495</y><y>0.6901</y></points><label>11</label><labelname>pillar</labelname><flag>1</flag></object><object><points><x>0.53418</x><x>0.56445</x><y>0.76953</y><y>0.80339</y></points><label>11</label><labelname>pillar</labelname><flag>1</flag></object><object><points><x>0.54199</x><x>0.57129</x><y>0.92969</y><y>0.96484</y></points><label>11</label><labelname>pillar</labelname><flag>1</flag></object><object><points><x>0.37598</x><x>0.37988</x><y>0.42708</y><y>0.45573</y></points><label>11</label><labelname>pillar</labelname><flag>1</flag></object><object><points><x>0.37598</x><x>0.37988</x><y>0.54297</y><y>0.57292</y></points><label>11</label><labelname>pillar</labelname><flag>1</flag></object><object><points><x>0.38477</x><x>0.38965</x><y>0.27995</y><y>0.30859</y></points><label>11</label><labelname>pillar</labelname><flag>1</flag></object><object><points><x>0.37891</x><x>0.38281</x><y>0.77604</y><y>0.80469</y></points><label>11</label><labelname>pillar</labelname><flag>1</flag></object><object><points><x>0.37793</x><x>0.38184</x><y>0.65885</y><y>0.6888</y></points><label>11</label><labelname>pillar</labelname><flag>1</flag></object><object><points><x>0.71875</x><x>0.76367</x><y>0.27995</y><y>0.32161</y></points><label>11</label><labelname>pillar</labelname><flag>1</flag></object><object><points><x>0.71875</x><x>0.75977</x><y>0.42318</y><y>0.46354</y></points><label>11</label><labelname>pillar</labelname><flag>1</flag></object><object><points><x>0.71777</x><x>0.75879</x><y>0.53776</y><y>0.57812</y></points><label>11</label><labelname>pillar</labelname><flag>1</flag></object><object><points><x>0.71875</x><x>0.75977</x><y>0.76432</y><y>0.80469</y></points><label>11</label><labelname>pillar</labelname><flag>1</flag></object><object><points><x>0.7168</x><x>0.75879</x><y>0.65234</y><y>0.69271</y></points><label>11</label><labelname>pillar</labelname><flag>1</flag></object><object><points><x>0.97168</x><x>0.99121</x><y>0.65234</y><y>0.66406</y></points><label>11</label><labelname>pillar</labelname><flag>1</flag></object><object><points><x>0.97266</x><x>0.99121</x><y>0.55078</y><y>0.5625</y></points><label>11</label><labelname>pillar</labelname><flag>1</flag></object><object><points><x>0.90723</x><x>0.97266</x><y>0.55599</y><y>0.5625</y></points><label>11</label><labelname>pillar</labelname><flag>1</flag></object><object><points><x>0.90625</x><x>0.97168</x><y>0.65234</y><y>0.66146</y></points><label>11</label><labelname>pillar</labelname><flag>1</flag></object><object><points><x>0.89648</x><x>0.90723</x><y>0.55208</y><y>0.5625</y></points><label>11</label><labelname>pillar</labelname><flag>1</flag></object><object><points><x>0.89648</x><x>0.90527</x><y>0.65234</y><y>0.66276</y></points><label>11</label><labelname>pillar</labelname><flag>1</flag></object>