<object><points><x>0.22266</x><x>0.2793</x><y>0.28255</y><y>0.33073</y></points><label>3</label><labelname>window</labelname><flag>1</flag></object><object><points><x>0.34863</x><x>0.45898</x><y>0.26172</y><y>0.32422</y></points><label>3</label><labelname>window</labelname><flag>1</flag></object><object><points><x>0.34863</x><x>0.45996</x><y>0.36458</y><y>0.42839</y></points><label>3</label><labelname>window</labelname><flag>1</flag></object><object><points><x>0.19141</x><x>0.21582</x><y>0.28255</y><y>0.32943</y></points><label>3</label><labelname>window</labelname><flag>1</flag></object><object><points><x>0.19238</x><x>0.21582</x><y>0.46615</y><y>0.51042</y></points><label>3</label><labelname>window</labelname><flag>1</flag></object><object><points><x>0.2207</x><x>0.27832</x><y>0.46354</y><y>0.51042</y></points><label>3</label><labelname>window</labelname><flag>1</flag></object><object><points><x>0.34961</x><x>0.45996</x><y>0.46745</y><y>0.52995</y></points><label>3</label><labelname>window</labelname><flag>1</flag></object><object><points><x>0.26758</x><x>0.32324</x><y>0.63281</y><y>0.66276</y></points><label>3</label><labelname>window</labelname><flag>1</flag></object><object><points><x>0.26855</x><x>0.32422</x><y>0.70833</y><y>0.74089</y></points><label>3</label><labelname>window</labelname><flag>1</flag></object><object><points><x>0.26855</x><x>0.32422</x><y>0.66927</y><y>0.70312</y></points><label>3</label><labelname>window</labelname><flag>1</flag></object><object><points><x>0.41992</x><x>0.46289</x><y>0.63021</y><y>0.67839</y></points><label>3</label><labelname>window</labelname><flag>1</flag></object><object><points><x>0.41992</x><x>0.46289</x><y>0.6901</y><y>0.73958</y></points><label>3</label><labelname>window</labelname><flag>1</flag></object><object><points><x>0.39648</x><x>0.41797</x><y>0.63021</y><y>0.65234</y></points><label>3</label><labelname>window</labelname><flag>1</flag></object><object><points><x>0.39648</x><x>0.41797</x><y>0.65625</y><y>0.67839</y></points><label>3</label><labelname>window</labelname><flag>1</flag></object><object><points><x>0.39648</x><x>0.41797</x><y>0.6901</y><y>0.71224</y></points><label>3</label><labelname>window</labelname><flag>1</flag></object><object><points><x>0.39648</x><x>0.41797</x><y>0.71745</y><y>0.73828</y></points><label>3</label><labelname>window</labelname><flag>1</flag></object><object><points><x>0.57324</x><x>0.59668</x><y>0.6263</y><y>0.65885</y></points><label>3</label><labelname>window</labelname><flag>1</flag></object><object><points><x>0.57324</x><x>0.59668</x><y>0.66406</y><y>0.70182</y></points><label>3</label><labelname>window</labelname><flag>1</flag></object><object><points><x>0.57324</x><x>0.5957</x><y>0.70703</y><y>0.73698</y></points><label>3</label><labelname>window</labelname><flag>1</flag></object><object><points><x>0.59863</x><x>0.65527</x><y>0.6263</y><y>0.66146</y></points><label>3</label><labelname>window</labelname><flag>1</flag></object><object><points><x>0.59863</x><x>0.65723</x><y>0.66536</y><y>0.70312</y></points><label>3</label><labelname>window</labelname><flag>1</flag></object><object><points><x>0.59863</x><x>0.65723</x><y>0.70703</y><y>0.73828</y></points><label>3</label><labelname>window</labelname><flag>1</flag></object><object><points><x>0.73047</x><x>0.76562</x><y>0.67188</y><y>0.70573</y></points><label>3</label><labelname>window</labelname><flag>1</flag></object><object><points><x>0.73047</x><x>0.76562</x><y>0.71484</y><y>0.74609</y></points><label>3</label><labelname>window</labelname><flag>1</flag></object><object><points><x>0.77637</x><x>0.8252</x><y>0.67318</y><y>0.70312</y></points><label>3</label><labelname>window</labelname><flag>1</flag></object><object><points><x>0.77637</x><x>0.8252</x><y>0.71484</y><y>0.74609</y></points><label>3</label><labelname>window</labelname><flag>1</flag></object><object><points><x>0.8623</x><x>0.97559</x><y>0.50391</y><y>0.58594</y></points><label>4</label><labelname>door</labelname><flag>1</flag></object><object><points><x>0.7373</x><x>0.76562</x><y>0.29557</y><y>0.32682</y></points><label>3</label><labelname>window</labelname><flag>1</flag></object><object><points><x>0.73633</x><x>0.7666</x><y>0.33724</y><y>0.3763</y></points><label>3</label><labelname>window</labelname><flag>1</flag></object><object><points><x>0.73633</x><x>0.7666</x><y>0.38672</y><y>0.41797</y></points><label>3</label><labelname>window</labelname><flag>1</flag></object><object><points><x>0.77734</x><x>0.82324</x><y>0.29557</y><y>0.32812</y></points><label>3</label><labelname>window</labelname><flag>1</flag></object><object><points><x>0.77246</x><x>0.82422</x><y>0.34115</y><y>0.3763</y></points><label>3</label><labelname>window</labelname><flag>1</flag></object><object><points><x>0.77832</x><x>0.82422</x><y>0.38672</y><y>0.41797</y></points><label>3</label><labelname>window</labelname><flag>1</flag></object><object><points><x>0.56836</x><x>0.65527</x><y>0.28255</y><y>0.33854</y></points><label>3</label><labelname>window</labelname><flag>1</flag></object><object><points><x>0.56738</x><x>0.65625</x><y>0.37891</y><y>0.4362</y></points><label>3</label><labelname>window</labelname><flag>1</flag></object><object><points><x>0.56738</x><x>0.64258</x><y>0.47917</y><y>0.53385</y></points><label>3</label><labelname>window</labelname><flag>1</flag></object><object><points><x>0.0068359</x><x>0.99316</x><y>0.0013021</y><y>0.81641</y></points><label>2</label><labelname>facade</labelname><flag>1</flag></object><object><points><x>0.072266</x><x>0.1582</x><y>0.12891</y><y>0.17578</y></points><label>3</label><labelname>window</labelname><flag>1</flag></object><object><points><x>0.072266</x><x>0.1582</x><y>0.0625</y><y>0.10807</y></points><label>3</label><labelname>window</labelname><flag>1</flag></object><object><points><x>0.078125</x><x>0.16406</x><y>0.69661</y><y>0.74349</y></points><label>3</label><labelname>window</labelname><flag>1</flag></object><object><points><x>0.078125</x><x>0.16406</x><y>0.63021</y><y>0.67708</y></points><label>3</label><labelname>window</labelname><flag>1</flag></object><object><points><x>0.078125</x><x>0.16016</x><y>0.89974</y><y>0.94531</y></points><label>3</label><labelname>window</labelname><flag>1</flag></object><object><points><x>0.078125</x><x>0.16016</x><y>0.96745</y><y>0.9974</y></points><label>3</label><labelname>window</labelname><flag>1</flag></object><object><points><x>0.077148</x><x>0.11719</x><y>0.47656</y><y>0.54036</y></points><label>3</label><labelname>window</labelname><flag>1</flag></object><object><points><x>0.076172</x><x>0.11621</x><y>0.27214</y><y>0.33464</y></points><label>3</label><labelname>window</labelname><flag>1</flag></object><object><points><x>0.25879</x><x>0.31543</x><y>0.14193</y><y>0.17839</y></points><label>3</label><labelname>window</labelname><flag>1</flag></object><object><points><x>0.25977</x><x>0.31738</x><y>0.10286</y><y>0.13932</y></points><label>3</label><labelname>window</labelname><flag>1</flag></object><object><points><x>0.25879</x><x>0.31641</x><y>0.0625</y><y>0.097656</y></points><label>3</label><labelname>window</labelname><flag>1</flag></object><object><points><x>0.22656</x><x>0.25586</x><y>0.14193</y><y>0.17578</y></points><label>3</label><labelname>window</labelname><flag>1</flag></object><object><points><x>0.22656</x><x>0.25586</x><y>0.10156</y><y>0.13932</y></points><label>3</label><labelname>window</labelname><flag>1</flag></object><object><points><x>0.22559</x><x>0.25488</x><y>0.059896</y><y>0.097656</y></points><label>3</label><labelname>window</labelname><flag>1</flag></object><object><points><x>0.23242</x><x>0.26172</x><y>0.62891</y><y>0.66406</y></points><label>3</label><labelname>window</labelname><flag>1</flag></object><object><points><x>0.2334</x><x>0.2627</x><y>0.66797</y><y>0.70312</y></points><label>3</label><labelname>window</labelname><flag>1</flag></object><object><points><x>0.2334</x><x>0.2627</x><y>0.70833</y><y>0.74219</y></points><label>3</label><labelname>window</labelname><flag>1</flag></object><object><points><x>0.72363</x><x>0.80762</x><y>0.4974</y><y>0.58594</y></points><label>3</label><labelname>window</labelname><flag>1</flag></object><object><points><x>0.38867</x><x>0.46094</x><y>0.1237</y><y>0.17708</y></points><label>3</label><labelname>window</labelname><flag>1</flag></object><object><points><x>0.38965</x><x>0.46191</x><y>0.059896</y><y>0.11198</y></points><label>3</label><labelname>window</labelname><flag>1</flag></object><object><points><x>0.5791</x><x>0.64062</x><y>0.1224</y><y>0.15755</y></points><label>3</label><labelname>window</labelname><flag>1</flag></object><object><points><x>0.5459</x><x>0.5752</x><y>0.12109</y><y>0.15625</y></points><label>3</label><labelname>window</labelname><flag>1</flag></object><object><points><x>0.72559</x><x>0.82422</x><y>0.125</y><y>0.17839</y></points><label>3</label><labelname>window</labelname><flag>1</flag></object><object><points><x>0.23145</x><x>0.31641</x><y>0.90365</y><y>0.99219</y></points><label>3</label><labelname>window</labelname><flag>1</flag></object><object><points><x>0.89062</x><x>0.99121</x><y>0.37109</y><y>0.42318</y></points><label>4</label><labelname>door</labelname><flag>1</flag></object><object><points><x>0.89062</x><x>0.98828</x><y>0.68229</y><y>0.72656</y></points><label>4</label><labelname>door</labelname><flag>1</flag></object><object><points><x>0.71387</x><x>0.73047</x><y>0.27344</y><y>0.4375</y></points><label>5</label><labelname>cornice</labelname><flag>1</flag></object><object><points><x>0.71191</x><x>0.72559</x><y>0.64453</y><y>0.76823</y></points><label>5</label><labelname>cornice</labelname><flag>1</flag></object><object><points><x>0.82129</x><x>0.83398</x><y>0.65104</y><y>0.76693</y></points><label>6</label><labelname>sill</labelname><flag>1</flag></object><object><points><x>0.82129</x><x>0.83398</x><y>0.27344</y><y>0.4388</y></points><label>6</label><labelname>sill</labelname><flag>1</flag></object><object><points><x>0.2793</x><x>0.38867</x><y>0.58594</y><y>0.78776</y></points><label>7</label><labelname>balcony</labelname><flag>1</flag></object><object><points><x>0.46094</x><x>0.57031</x><y>0.59115</y><y>0.79297</y></points><label>7</label><labelname>balcony</labelname><flag>1</flag></object><object><points><x>0.27441</x><x>0.38379</x><y>0.013021</y><y>0.21484</y></points><label>7</label><labelname>balcony</labelname><flag>1</flag></object><object><points><x>0.46191</x><x>0.50879</x><y>0.036458</y><y>0.19922</y></points><label>7</label><labelname>balcony</labelname><flag>1</flag></object><object><points><x>0.63965</x><x>0.68652</x><y>0.044271</y><y>0.20703</y></points><label>7</label><labelname>balcony</labelname><flag>1</flag></object><object><points><x>0.64062</x><x>0.68262</x><y>0.45703</y><y>0.6263</y></points><label>7</label><labelname>balcony</labelname><flag>1</flag></object><object><points><x>0.45605</x><x>0.49512</x><y>0.23958</y><y>0.34115</y></points><label>7</label><labelname>balcony</labelname><flag>1</flag></object><object><points><x>0.45605</x><x>0.49609</x><y>0.34505</y><y>0.44661</y></points><label>7</label><labelname>balcony</labelname><flag>1</flag></object><object><points><x>0.45703</x><x>0.49707</x><y>0.44922</y><y>0.55078</y></points><label>7</label><labelname>balcony</labelname><flag>1</flag></object><object><points><x>0.6543</x><x>0.68945</x><y>0.62891</y><y>0.74479</y></points><label>7</label><labelname>balcony</labelname><flag>1</flag></object><object><points><x>0.65527</x><x>0.68359</x><y>0.38021</y><y>0.4375</y></points><label>7</label><labelname>balcony</labelname><flag>1</flag></object><object><points><x>0.6543</x><x>0.68359</x><y>0.27865</y><y>0.33984</y></points><label>7</label><labelname>balcony</labelname><flag>1</flag></object><object><points><x>0.11816</x><x>0.14648</x><y>0.27474</y><y>0.33594</y></points><label>7</label><labelname>balcony</labelname><flag>1</flag></object><object><points><x>0.11816</x><x>0.14551</x><y>0.35026</y><y>0.39193</y></points><label>7</label><labelname>balcony</labelname><flag>1</flag></object><object><points><x>0.11816</x><x>0.14648</x><y>0.40234</y><y>0.44531</y></points><label>7</label><labelname>balcony</labelname><flag>1</flag></object><object><points><x>0.11523</x><x>0.14648</x><y>0.46094</y><y>0.51432</y></points><label>7</label><labelname>balcony</labelname><flag>1</flag></object><object><points><x>0.69043</x><x>0.78418</x><y>0.44661</y><y>0.49089</y></points><label>9</label><labelname>deco</labelname><flag>1</flag></object><object><points><x>0.70117</x><x>0.78418</x><y>0.58333</y><y>0.64062</y></points><label>9</label><labelname>deco</labelname><flag>1</flag></object><object><points><x>0.68457</x><x>0.7207</x><y>0.4974</y><y>0.58073</y></points><label>9</label><labelname>deco</labelname><flag>1</flag></object><object><points><x>0.82129</x><x>0.83887</x><y>0.51302</y><y>0.57552</y></points><label>9</label><labelname>deco</labelname><flag>1</flag></object><object><points><x>0.51953</x><x>0.5498</x><y>0.091146</y><y>0.16146</y></points><label>9</label><labelname>deco</labelname><flag>1</flag></object><object><points><x>0.28125</x><x>0.36523</x><y>0.2487</y><y>0.33984</y></points><label>5</label><labelname>cornice</labelname><flag>1</flag></object><object><points><x>0.28125</x><x>0.36523</x><y>0.34896</y><y>0.44141</y></points><label>5</label><labelname>cornice</labelname><flag>1</flag></object><object><points><x>0.28223</x><x>0.36621</x><y>0.45182</y><y>0.54427</y></points><label>5</label><labelname>cornice</labelname><flag>1</flag></object><object><points><x>0.27637</x><x>0.41016</x><y>0.86589</y><y>0.99609</y></points><label>7</label><labelname>balcony</labelname><flag>1</flag></object><object><points><x>0.1543</x><x>0.21484</x><y>0.0091146</y><y>0.80469</y></points><label>10</label><labelname>molding</labelname><flag>1</flag></object><object><points><x>0.64746</x><x>0.70703</x><y>0.010417</y><y>0.80729</y></points><label>10</label><labelname>molding</labelname><flag>1</flag></object><object><points><x>0.5127</x><x>0.5498</x><y>0.0091146</y><y>0.8112</y></points><label>10</label><labelname>molding</labelname><flag>1</flag></object><object><points><x>0.82715</x><x>0.92871</x><y>0.60938</y><y>0.625</y></points><label>11</label><labelname>pillar</labelname><flag>1</flag></object><object><points><x>0.82715</x><x>0.92871</x><y>0.46354</y><y>0.47917</y></points><label>11</label><labelname>pillar</labelname><flag>1</flag></object><object><points><x>0.92871</x><x>0.9668</x><y>0.45833</y><y>0.48307</y></points><label>11</label><labelname>pillar</labelname><flag>1</flag></object><object><points><x>0.92969</x><x>0.9668</x><y>0.60417</y><y>0.63021</y></points><label>11</label><labelname>pillar</labelname><flag>1</flag></object><object><points><x>0.80957</x><x>0.82617</x><y>0.45703</y><y>0.48177</y></points><label>11</label><labelname>pillar</labelname><flag>1</flag></object><object><points><x>0.81055</x><x>0.82715</x><y>0.60417</y><y>0.62891</y></points><label>11</label><labelname>pillar</labelname><flag>1</flag></object><object><points><x>0.045898</x><x>0.0625</x><y>0.33594</y><y>0.35938</y></points><label>11</label><labelname>pillar</labelname><flag>1</flag></object><object><points><x>0.041992</x><x>0.061523</x><y>0.44401</y><y>0.46745</y></points><label>11</label><labelname>pillar</labelname><flag>1</flag></object><object><points><x>0.024414</x><x>0.044922</x><y>0.38932</y><y>0.41146</y></points><label>11</label><labelname>pillar</labelname><flag>1</flag></object><object><points><x>0.063477</x><x>0.11621</x><y>0.34115</y><y>0.35156</y></points><label>11</label><labelname>pillar</labelname><flag>1</flag></object><object><points><x>0.061523</x><x>0.11523</x><y>0.45052</y><y>0.46224</y></points><label>11</label><labelname>pillar</labelname><flag>1</flag></object><object><points><x>0.044922</x><x>0.11621</x><y>0.39323</y><y>0.40495</y></points><label>11</label><labelname>pillar</labelname><flag>1</flag></object><object><points><x>0.89062</x><x>0.97266</x><y>0.73047</y><y>0.8138</y></points><label>12</label><labelname>shop</labelname><flag>1</flag></object><object><points><x>0.89062</x><x>0.97168</x><y>0.63151</y><y>0.67969</y></points><label>12</label><labelname>shop</labelname><flag>1</flag></object><object><points><x>0.84277</x><x>0.88965</x><y>0.62891</y><y>0.8151</y></points><label>12</label><labelname>shop</labelname><flag>1</flag></object><object><points><x>0.88965</x><x>0.97266</x><y>0.42708</y><y>0.45703</y></points><label>12</label><labelname>shop</labelname><flag>1</flag></object><object><points><x>0.89062</x><x>0.97266</x><y>0.14714</y><y>0.36849</y></points><label>12</label><labelname>shop</labelname><flag>1</flag></object><object><points><x>0.83398</x><x>0.86816</x><y>0.44401</y><y>0.46224</y></points><label>12</label><labelname>shop</labelname><flag>1</flag></object><object><points><x>0.84375</x><x>0.88867</x><y>0.13802</y><y>0.45182</y></points><label>12</label><labelname>shop</labelname><flag>1</flag></object>