<object><points><x>0.00097656</x><x>0.99512</x><y>0.029096</y><y>0.99847</y></points><label>2</label><labelname>facade</labelname><flag>1</flag></object><object><points><x>0.75977</x><x>0.86035</x><y>0.56968</y><y>0.63706</y></points><label>3</label><labelname>window</labelname><flag>1</flag></object><object><points><x>0.75977</x><x>0.86133</x><y>0.43185</y><y>0.5023</y></points><label>3</label><labelname>window</labelname><flag>1</flag></object><object><points><x>0.76172</x><x>0.8623</x><y>0.22511</y><y>0.2879</y></points><label>3</label><labelname>window</labelname><flag>1</flag></object><object><points><x>0.76172</x><x>0.8623</x><y>0.13783</y><y>0.19908</y></points><label>3</label><labelname>window</labelname><flag>1</flag></object><object><points><x>0.75781</x><x>0.85645</x><y>0.80245</y><y>0.92496</y></points><label>3</label><labelname>window</labelname><flag>1</flag></object><object><points><x>0.55859</x><x>0.66113</x><y>0.81164</y><y>0.93415</y></points><label>3</label><labelname>window</labelname><flag>1</flag></object><object><points><x>0.36035</x><x>0.46191</x><y>0.81164</y><y>0.93415</y></points><label>3</label><labelname>window</labelname><flag>1</flag></object><object><points><x>0.16699</x><x>0.26074</x><y>0.81164</y><y>0.93415</y></points><label>3</label><labelname>window</labelname><flag>1</flag></object><object><points><x>0.16797</x><x>0.20996</x><y>0.5758</y><y>0.65237</y></points><label>3</label><labelname>window</labelname><flag>1</flag></object><object><points><x>0.16699</x><x>0.23047</x><y>0.42879</y><y>0.51302</y></points><label>3</label><labelname>window</labelname><flag>1</flag></object><object><points><x>0.3291</x><x>0.45605</x><y>0.39204</y><y>0.45329</y></points><label>3</label><labelname>window</labelname><flag>1</flag></object><object><points><x>0.53906</x><x>0.68945</x><y>0.39051</y><y>0.45176</y></points><label>3</label><labelname>window</labelname><flag>1</flag></object><object><points><x>0.5625</x><x>0.66504</x><y>0.1317</y><y>0.28178</y></points><label>3</label><labelname>window</labelname><flag>1</flag></object><object><points><x>0.36133</x><x>0.4707</x><y>0.1317</y><y>0.28025</y></points><label>3</label><labelname>window</labelname><flag>1</flag></object><object><points><x>0.16504</x><x>0.28223</x><y>0.1317</y><y>0.27718</y></points><label>3</label><labelname>window</labelname><flag>1</flag></object><object><points><x>0.31738</x><x>0.42676</x><y>0.52221</y><y>0.62175</y></points><label>3</label><labelname>window</labelname><flag>1</flag></object><object><points><x>0.53125</x><x>0.64453</x><y>0.52067</y><y>0.62175</y></points><label>3</label><labelname>window</labelname><flag>1</flag></object><object><points><x>0.0019531</x><x>0.0625</x><y>0.81776</y><y>0.92956</y></points><label>3</label><labelname>window</labelname><flag>1</flag></object><object><points><x>0.3291</x><x>0.44531</x><y>0.67381</y><y>0.70138</y></points><label>3</label><labelname>window</labelname><flag>1</flag></object><object><points><x>0.53906</x><x>0.65527</x><y>0.67228</y><y>0.70138</y></points><label>3</label><labelname>window</labelname><flag>1</flag></object><object><points><x>0.91504</x><x>0.96875</x><y>0.81011</y><y>0.93262</y></points><label>3</label><labelname>window</labelname><flag>1</flag></object><object><points><x>0.91602</x><x>0.9707</x><y>0.57427</y><y>0.64319</y></points><label>12</label><labelname>shop</labelname><flag>1</flag></object><object><points><x>0.91406</x><x>0.99414</x><y>0.1072</y><y>0.17611</y></points><label>4</label><labelname>door</labelname><flag>1</flag></object><object><points><x>0.2793</x><x>0.37012</x><y>0.76417</y><y>0.98775</y></points><label>5</label><labelname>cornice</labelname><flag>1</flag></object><object><points><x>0.1416</x><x>0.16504</x><y>0.7856</y><y>0.96478</y></points><label>5</label><labelname>cornice</labelname><flag>1</flag></object><object><points><x>0.14258</x><x>0.16309</x><y>0.10567</y><y>0.30934</y></points><label>5</label><labelname>cornice</labelname><flag>1</flag></object><object><points><x>0.29395</x><x>0.31152</x><y>0.49311</y><y>0.65237</y></points><label>5</label><labelname>cornice</labelname><flag>1</flag></object><object><points><x>0.29688</x><x>0.34863</x><y>0.66156</y><y>0.72282</y></points><label>5</label><labelname>cornice</labelname><flag>1</flag></object><object><points><x>0.30176</x><x>0.35254</x><y>0.3706</y><y>0.4732</y></points><label>5</label><labelname>cornice</labelname><flag>1</flag></object><object><points><x>0.25781</x><x>0.29199</x><y>0.79939</y><y>0.94946</y></points><label>6</label><labelname>sill</labelname><flag>1</flag></object><object><points><x>0.45996</x><x>0.47363</x><y>0.79632</y><y>0.951</y></points><label>6</label><labelname>sill</labelname><flag>1</flag></object><object><points><x>0.42285</x><x>0.5127</x><y>0.49464</y><y>0.65237</y></points><label>6</label><labelname>sill</labelname><flag>1</flag></object><object><points><x>0.42676</x><x>0.53906</x><y>0.66003</y><y>0.71822</y></points><label>6</label><labelname>sill</labelname><flag>1</flag></object><object><points><x>0.42969</x><x>0.53613</x><y>0.366</y><y>0.47779</y></points><label>6</label><labelname>sill</labelname><flag>1</flag></object><object><points><x>0.64258</x><x>0.68262</x><y>0.50689</y><y>0.63706</y></points><label>6</label><labelname>sill</labelname><flag>1</flag></object><object><points><x>0.85352</x><x>0.90234</x><y>0.79326</y><y>0.93721</y></points><label>6</label><labelname>sill</labelname><flag>1</flag></object><object><points><x>0.23438</x><x>0.35547</x><y>0.098009</y><y>0.31547</y></points><label>7</label><labelname>balcony</labelname><flag>1</flag></object><object><points><x>0.43945</x><x>0.52441</x><y>0.11179</y><y>0.31394</y></points><label>7</label><labelname>balcony</labelname><flag>1</flag></object><object><points><x>0.64355</x><x>0.7041</x><y>0.042879</y><y>0.4732</y></points><label>7</label><labelname>balcony</labelname><flag>1</flag></object><object><points><x>0.64355</x><x>0.70215</x><y>0.66309</y><y>0.99081</y></points><label>7</label><labelname>balcony</labelname><flag>1</flag></object><object><points><x>0.20703</x><x>0.29395</x><y>0.38438</y><y>0.70444</y></points><label>7</label><labelname>balcony</labelname><flag>1</flag></object><object><points><x>0.12305</x><x>0.17188</x><y>0.036753</y><y>0.11945</y></points><label>9</label><labelname>deco</labelname><flag>1</flag></object><object><points><x>0.12305</x><x>0.1709</x><y>0.2925</y><y>0.36753</y></points><label>9</label><labelname>deco</labelname><flag>1</flag></object><object><points><x>0.12305</x><x>0.14648</x><y>0.12098</y><y>0.2925</y></points><label>9</label><labelname>deco</labelname><flag>1</flag></object><object><points><x>0.12207</x><x>0.16992</x><y>0.95253</y><y>0.99694</y></points><label>9</label><labelname>deco</labelname><flag>1</flag></object><object><points><x>0.12305</x><x>0.14551</x><y>0.79632</y><y>0.951</y></points><label>9</label><labelname>deco</labelname><flag>1</flag></object><object><points><x>0.12402</x><x>0.1709</x><y>0.70904</y><y>0.79632</y></points><label>9</label><labelname>deco</labelname><flag>1</flag></object><object><points><x>0.095703</x><x>0.17285</x><y>0.52833</y><y>0.56508</y></points><label>9</label><labelname>deco</labelname><flag>1</flag></object><object><points><x>0.095703</x><x>0.14844</x><y>0.41654</y><y>0.52527</y></points><label>9</label><labelname>deco</labelname><flag>1</flag></object><object><points><x>0.095703</x><x>0.14844</x><y>0.56662</y><y>0.66769</y></points><label>9</label><labelname>deco</labelname><flag>1</flag></object><object><points><x>0.095703</x><x>0.17285</x><y>0.39969</y><y>0.41654</y></points><label>9</label><labelname>deco</labelname><flag>1</flag></object><object><points><x>0.094727</x><x>0.17383</x><y>0.67381</y><y>0.68147</y></points><label>9</label><labelname>deco</labelname><flag>1</flag></object><object><points><x>0.50781</x><x>0.57324</x><y>0.7657</y><y>0.98315</y></points><label>9</label><labelname>deco</labelname><flag>1</flag></object><object><points><x>0.52637</x><x>0.57617</x><y>0.068913</y><y>0.34456</y></points><label>9</label><labelname>deco</labelname><flag>1</flag></object><object><points><x>0.057617</x><x>0.12402</x><y>0.039816</y><y>0.99234</y></points><label>10</label><labelname>molding</labelname><flag>1</flag></object><object><points><x>0.90137</x><x>0.91406</x><y>0.033691</y><y>0.99081</y></points><label>10</label><labelname>molding</labelname><flag>1</flag></object><object><points><x>0.097656</x><x>0.20898</x><y>0.50383</y><y>0.51455</y></points><label>11</label><labelname>pillar</labelname><flag>1</flag></object><object><points><x>0.11035</x><x>0.22168</x><y>0.45482</y><y>0.46554</y></points><label>11</label><labelname>pillar</labelname><flag>1</flag></object><object><points><x>0.097656</x><x>0.20898</x><y>0.6294</y><y>0.64012</y></points><label>11</label><labelname>pillar</labelname><flag>1</flag></object><object><points><x>0.10938</x><x>0.21777</x><y>0.66309</y><y>0.67228</y></points><label>11</label><labelname>pillar</labelname><flag>1</flag></object><object><points><x>0.13867</x><x>0.24707</x><y>0.69219</y><y>0.70138</y></points><label>11</label><labelname>pillar</labelname><flag>1</flag></object><object><points><x>0.14258</x><x>0.25098</x><y>0.38897</y><y>0.39816</y></points><label>11</label><labelname>pillar</labelname><flag>1</flag></object><object><points><x>0.87207</x><x>0.90723</x><y>0.035222</y><y>0.43338</y></points><label>12</label><labelname>shop</labelname><flag>1</flag></object><object><points><x>0.91211</x><x>0.9834</x><y>0.17611</y><y>0.23124</y></points><label>12</label><labelname>shop</labelname><flag>1</flag></object><object><points><x>0.91406</x><x>0.98535</x><y>0.033691</y><y>0.098009</y></points><label>12</label><labelname>shop</labelname><flag>1</flag></object><object><points><x>0.91895</x><x>0.97363</x><y>0.32159</y><y>0.43338</y></points><label>12</label><labelname>shop</labelname><flag>1</flag></object><object><points><x>0.91895</x><x>0.97363</x><y>0.23124</y><y>0.30781</y></points><label>12</label><labelname>shop</labelname><flag>1</flag></object><object><points><x>0.91699</x><x>0.97168</x><y>0.44257</y><y>0.51914</y></points><label>12</label><labelname>shop</labelname><flag>1</flag></object>