<object><points><x>0.071289</x><x>0.15723</x><y>0.29427</y><y>0.36068</y></points><label>3</label><labelname>window</labelname><flag>1</flag></object><object><points><x>0.2334</x><x>0.31934</x><y>0.29297</y><y>0.36198</y></points><label>3</label><labelname>window</labelname><flag>1</flag></object><object><points><x>0.076172</x><x>0.1748</x><y>0.25911</y><y>0.28125</y></points><label>3</label><labelname>window</labelname><flag>1</flag></object><object><points><x>0.23633</x><x>0.33105</x><y>0.26042</y><y>0.27995</y></points><label>3</label><labelname>window</labelname><flag>1</flag></object><object><points><x>0.076172</x><x>0.17285</x><y>0.3776</y><y>0.40234</y></points><label>3</label><labelname>window</labelname><flag>1</flag></object><object><points><x>0.2373</x><x>0.33203</x><y>0.3776</y><y>0.40234</y></points><label>3</label><labelname>window</labelname><flag>1</flag></object><object><points><x>0.39746</x><x>0.49219</x><y>0.25781</y><y>0.27995</y></points><label>3</label><labelname>window</labelname><flag>1</flag></object><object><points><x>0.39648</x><x>0.49121</x><y>0.37891</y><y>0.40234</y></points><label>3</label><labelname>window</labelname><flag>1</flag></object><object><points><x>0.56152</x><x>0.65137</x><y>0.25521</y><y>0.27604</y></points><label>3</label><labelname>window</labelname><flag>1</flag></object><object><points><x>0.55957</x><x>0.65039</x><y>0.3776</y><y>0.40104</y></points><label>3</label><labelname>window</labelname><flag>1</flag></object><object><points><x>0.55762</x><x>0.64453</x><y>0.29297</y><y>0.35938</y></points><label>3</label><labelname>window</labelname><flag>1</flag></object><object><points><x>0.39355</x><x>0.48242</x><y>0.29427</y><y>0.36198</y></points><label>3</label><labelname>window</labelname><flag>1</flag></object><object><points><x>0.73145</x><x>0.81836</x><y>0.28255</y><y>0.3776</y></points><label>3</label><labelname>window</labelname><flag>1</flag></object><object><points><x>0.75488</x><x>0.82227</x><y>0.48698</y><y>0.58203</y></points><label>3</label><labelname>window</labelname><flag>1</flag></object><object><points><x>0.8584</x><x>0.96289</x><y>0.49349</y><y>0.57161</y></points><label>4</label><labelname>door</labelname><flag>1</flag></object><object><points><x>0.4082</x><x>0.49316</x><y>0.49219</y><y>0.58594</y></points><label>3</label><labelname>window</labelname><flag>1</flag></object><object><points><x>0.56738</x><x>0.65332</x><y>0.49089</y><y>0.58594</y></points><label>3</label><labelname>window</labelname><flag>1</flag></object><object><points><x>0.094727</x><x>0.17773</x><y>0.49219</y><y>0.58724</y></points><label>3</label><labelname>window</labelname><flag>1</flag></object><object><points><x>0.25195</x><x>0.33594</x><y>0.49219</y><y>0.58724</y></points><label>3</label><labelname>window</labelname><flag>1</flag></object><object><points><x>0.074219</x><x>0.17383</x><y>0.67188</y><y>0.70052</y></points><label>3</label><labelname>window</labelname><flag>1</flag></object><object><points><x>0.075195</x><x>0.16797</x><y>0.79818</y><y>0.81641</y></points><label>3</label><labelname>window</labelname><flag>1</flag></object><object><points><x>0.23438</x><x>0.33301</x><y>0.67318</y><y>0.70052</y></points><label>3</label><labelname>window</labelname><flag>1</flag></object><object><points><x>0.23633</x><x>0.3291</x><y>0.79818</y><y>0.81641</y></points><label>3</label><labelname>window</labelname><flag>1</flag></object><object><points><x>0.23242</x><x>0.31836</x><y>0.71615</y><y>0.78516</y></points><label>3</label><labelname>window</labelname><flag>1</flag></object><object><points><x>0.070312</x><x>0.15625</x><y>0.71615</y><y>0.78385</y></points><label>3</label><labelname>window</labelname><flag>1</flag></object><object><points><x>0.39355</x><x>0.48145</x><y>0.71745</y><y>0.78516</y></points><label>3</label><labelname>window</labelname><flag>1</flag></object><object><points><x>0.55566</x><x>0.64648</x><y>0.71615</y><y>0.78516</y></points><label>3</label><labelname>window</labelname><flag>1</flag></object><object><points><x>0.39551</x><x>0.49121</x><y>0.67448</y><y>0.70182</y></points><label>3</label><labelname>window</labelname><flag>1</flag></object><object><points><x>0.39551</x><x>0.48926</x><y>0.79948</y><y>0.81771</y></points><label>3</label><labelname>window</labelname><flag>1</flag></object><object><points><x>0.55762</x><x>0.65039</x><y>0.79948</y><y>0.81771</y></points><label>3</label><labelname>window</labelname><flag>1</flag></object><object><points><x>0.55762</x><x>0.65137</x><y>0.67448</y><y>0.70052</y></points><label>3</label><labelname>window</labelname><flag>1</flag></object><object><points><x>0.72852</x><x>0.81738</x><y>0.6888</y><y>0.79297</y></points><label>3</label><labelname>window</labelname><flag>1</flag></object><object><points><x>0.029297</x><x>0.99023</x><y>0.0052083</y><y>0.99609</y></points><label>2</label><labelname>facade</labelname><flag>1</flag></object><object><points><x>0.09668</x><x>0.17871</x><y>0.061198</y><y>0.16406</y></points><label>3</label><labelname>window</labelname><flag>1</flag></object><object><points><x>0.25293</x><x>0.33496</x><y>0.058594</y><y>0.16276</y></points><label>3</label><labelname>window</labelname><flag>1</flag></object><object><points><x>0.40723</x><x>0.49512</x><y>0.054688</y><y>0.15885</y></points><label>3</label><labelname>window</labelname><flag>1</flag></object><object><points><x>0.095703</x><x>0.17969</x><y>0.91146</y><y>0.99349</y></points><label>3</label><labelname>window</labelname><flag>1</flag></object><object><points><x>0.25</x><x>0.33398</x><y>0.91406</y><y>0.99479</y></points><label>3</label><labelname>window</labelname><flag>1</flag></object><object><points><x>0.88184</x><x>0.98145</x><y>0.67969</y><y>0.73177</y></points><label>4</label><labelname>door</labelname><flag>1</flag></object><object><points><x>0.89355</x><x>0.98145</x><y>0.34766</y><y>0.38672</y></points><label>4</label><labelname>door</labelname><flag>1</flag></object><object><points><x>0.1748</x><x>0.19727</x><y>0.049479</y><y>0.17708</y></points><label>6</label><labelname>sill</labelname><flag>1</flag></object><object><points><x>0.33008</x><x>0.35254</x><y>0.042969</y><y>0.16927</y></points><label>6</label><labelname>sill</labelname><flag>1</flag></object><object><points><x>0.49023</x><x>0.5127</x><y>0.045573</y><y>0.17318</y></points><label>6</label><labelname>sill</labelname><flag>1</flag></object><object><points><x>0.48828</x><x>0.51074</x><y>0.48438</y><y>0.60156</y></points><label>6</label><labelname>sill</labelname><flag>1</flag></object><object><points><x>0.3291</x><x>0.35156</x><y>0.48047</y><y>0.60807</y></points><label>6</label><labelname>sill</labelname><flag>1</flag></object><object><points><x>0.1709</x><x>0.19336</x><y>0.47656</y><y>0.60286</y></points><label>6</label><labelname>sill</labelname><flag>1</flag></object><object><points><x>0.17578</x><x>0.19824</x><y>0.90495</y><y>0.99349</y></points><label>6</label><labelname>sill</labelname><flag>1</flag></object><object><points><x>0.32617</x><x>0.34766</x><y>0.90625</y><y>0.99479</y></points><label>6</label><labelname>sill</labelname><flag>1</flag></object><object><points><x>0.15527</x><x>0.1748</x><y>0.28776</y><y>0.36849</y></points><label>6</label><labelname>sill</labelname><flag>1</flag></object><object><points><x>0.31641</x><x>0.33594</x><y>0.28906</y><y>0.36979</y></points><label>6</label><labelname>sill</labelname><flag>1</flag></object><object><points><x>0.47949</x><x>0.5</x><y>0.28776</y><y>0.36979</y></points><label>6</label><labelname>sill</labelname><flag>1</flag></object><object><points><x>0.6416</x><x>0.66211</x><y>0.28646</y><y>0.36719</y></points><label>6</label><labelname>sill</labelname><flag>1</flag></object><object><points><x>0.64551</x><x>0.66504</x><y>0.71224</y><y>0.79427</y></points><label>6</label><labelname>sill</labelname><flag>1</flag></object><object><points><x>0.47852</x><x>0.49902</x><y>0.70964</y><y>0.79036</y></points><label>6</label><labelname>sill</labelname><flag>1</flag></object><object><points><x>0.31445</x><x>0.33496</x><y>0.71094</y><y>0.79167</y></points><label>6</label><labelname>sill</labelname><flag>1</flag></object><object><points><x>0.15527</x><x>0.17578</x><y>0.71094</y><y>0.79167</y></points><label>6</label><labelname>sill</labelname><flag>1</flag></object><object><points><x>0.15625</x><x>0.18652</x><y>0.79818</y><y>0.82422</y></points><label>6</label><labelname>sill</labelname><flag>1</flag></object><object><points><x>0.32031</x><x>0.34961</x><y>0.79818</y><y>0.82552</y></points><label>6</label><labelname>sill</labelname><flag>1</flag></object><object><points><x>0.48242</x><x>0.50488</x><y>0.79688</y><y>0.82292</y></points><label>6</label><labelname>sill</labelname><flag>1</flag></object><object><points><x>0.64258</x><x>0.66504</x><y>0.79688</y><y>0.82292</y></points><label>6</label><labelname>sill</labelname><flag>1</flag></object><object><points><x>0.64453</x><x>0.66504</x><y>0.66927</y><y>0.70703</y></points><label>6</label><labelname>sill</labelname><flag>1</flag></object><object><points><x>0.4834</x><x>0.50488</x><y>0.66927</y><y>0.70573</y></points><label>6</label><labelname>sill</labelname><flag>1</flag></object><object><points><x>0.32031</x><x>0.3457</x><y>0.66797</y><y>0.70443</y></points><label>6</label><labelname>sill</labelname><flag>1</flag></object><object><points><x>0.16113</x><x>0.18555</x><y>0.66797</y><y>0.70443</y></points><label>6</label><labelname>sill</labelname><flag>1</flag></object><object><points><x>0.16113</x><x>0.18555</x><y>0.375</y><y>0.41276</y></points><label>6</label><labelname>sill</labelname><flag>1</flag></object><object><points><x>0.32227</x><x>0.34668</x><y>0.3737</y><y>0.41276</y></points><label>6</label><labelname>sill</labelname><flag>1</flag></object><object><points><x>0.48145</x><x>0.50586</x><y>0.37109</y><y>0.40885</y></points><label>6</label><labelname>sill</labelname><flag>1</flag></object><object><points><x>0.64355</x><x>0.66504</x><y>0.3763</y><y>0.40625</y></points><label>6</label><labelname>sill</labelname><flag>1</flag></object><object><points><x>0.64355</x><x>0.66602</x><y>0.2513</y><y>0.28125</y></points><label>6</label><labelname>sill</labelname><flag>1</flag></object><object><points><x>0.48242</x><x>0.50391</x><y>0.2513</y><y>0.28125</y></points><label>6</label><labelname>sill</labelname><flag>1</flag></object><object><points><x>0.32031</x><x>0.3418</x><y>0.25521</y><y>0.28516</y></points><label>6</label><labelname>sill</labelname><flag>1</flag></object><object><points><x>0.16309</x><x>0.18457</x><y>0.2526</y><y>0.28385</y></points><label>6</label><labelname>sill</labelname><flag>1</flag></object><object><points><x>0.64844</x><x>0.6709</x><y>0.48307</y><y>0.59505</y></points><label>6</label><labelname>sill</labelname><flag>1</flag></object><object><points><x>0.040039</x><x>0.079102</x><y>0.015625</y><y>0.99219</y></points><label>10</label><labelname>molding</labelname><flag>1</flag></object><object><points><x>0.8457</x><x>0.85938</x><y>0.0078125</y><y>0.99609</y></points><label>10</label><labelname>molding</labelname><flag>1</flag></object><object><points><x>0.8623</x><x>0.94043</x><y>0.19271</y><y>0.2487</y></points><label>12</label><labelname>shop</labelname><flag>1</flag></object><object><points><x>0.84961</x><x>0.88672</x><y>0.26432</y><y>0.39583</y></points><label>12</label><labelname>shop</labelname><flag>1</flag></object><object><points><x>0.8877</x><x>0.98438</x><y>0.25911</y><y>0.34505</y></points><label>12</label><labelname>shop</labelname><flag>1</flag></object><object><points><x>0.84766</x><x>0.87207</x><y>0.67318</y><y>0.8125</y></points><label>12</label><labelname>shop</labelname><flag>1</flag></object><object><points><x>0.87207</x><x>0.9707</x><y>0.73438</y><y>0.8099</y></points><label>12</label><labelname>shop</labelname><flag>1</flag></object><object><points><x>0.87207</x><x>0.88086</x><y>0.67969</y><y>0.73047</y></points><label>12</label><labelname>shop</labelname><flag>1</flag></object>