<object><points><x>0.19336</x><x>0.28809</x><y>0.27214</y><y>0.32031</y></points><label>3</label><labelname>window</labelname><flag>1</flag></object><object><points><x>0.19336</x><x>0.28906</x><y>0.33333</y><y>0.38151</y></points><label>3</label><labelname>window</labelname><flag>1</flag></object><object><points><x>0.19043</x><x>0.28613</x><y>0.45703</y><y>0.50521</y></points><label>3</label><labelname>window</labelname><flag>1</flag></object><object><points><x>0.37012</x><x>0.46582</x><y>0.27344</y><y>0.32292</y></points><label>3</label><labelname>window</labelname><flag>1</flag></object><object><points><x>0.37012</x><x>0.4668</x><y>0.33333</y><y>0.38151</y></points><label>3</label><labelname>window</labelname><flag>1</flag></object><object><points><x>0.36816</x><x>0.46289</x><y>0.45703</y><y>0.50391</y></points><label>3</label><labelname>window</labelname><flag>1</flag></object><object><points><x>0.2998</x><x>0.36719</x><y>0.24349</y><y>0.41016</y></points><label>5</label><labelname>cornice</labelname><flag>1</flag></object><object><points><x>0.13184</x><x>0.18652</x><y>0.24219</y><y>0.41146</y></points><label>5</label><labelname>cornice</labelname><flag>1</flag></object><object><points><x>0.14453</x><x>0.18555</x><y>0.42708</y><y>0.53125</y></points><label>5</label><labelname>cornice</labelname><flag>1</flag></object><object><points><x>0.31934</x><x>0.36816</x><y>0.42578</y><y>0.53776</y></points><label>5</label><labelname>cornice</labelname><flag>1</flag></object><object><points><x>0.55566</x><x>0.6543</x><y>0.27474</y><y>0.38411</y></points><label>3</label><labelname>window</labelname><flag>1</flag></object><object><points><x>0.55859</x><x>0.63867</x><y>0.45182</y><y>0.51693</y></points><label>3</label><labelname>window</labelname><flag>1</flag></object><object><points><x>0.73926</x><x>0.83203</x><y>0.26693</y><y>0.32292</y></points><label>3</label><labelname>window</labelname><flag>1</flag></object><object><points><x>0.73926</x><x>0.83105</x><y>0.33724</y><y>0.39193</y></points><label>3</label><labelname>window</labelname><flag>1</flag></object><object><points><x>0.73926</x><x>0.83203</x><y>0.45312</y><y>0.51302</y></points><label>3</label><labelname>window</labelname><flag>1</flag></object><object><points><x>0.8291</x><x>0.96484</x><y>0.56901</y><y>0.64453</y></points><label>4</label><labelname>door</labelname><flag>1</flag></object><object><points><x>0.75488</x><x>0.7998</x><y>0.58333</y><y>0.6263</y></points><label>3</label><labelname>window</labelname><flag>1</flag></object><object><points><x>0.73926</x><x>0.83203</x><y>0.70312</y><y>0.76302</y></points><label>3</label><labelname>window</labelname><flag>1</flag></object><object><points><x>0.55859</x><x>0.63965</x><y>0.57943</y><y>0.64583</y></points><label>3</label><labelname>window</labelname><flag>1</flag></object><object><points><x>0.55957</x><x>0.64062</x><y>0.69141</y><y>0.75651</y></points><label>3</label><labelname>window</labelname><flag>1</flag></object><object><points><x>0.33105</x><x>0.36719</x><y>0.61589</y><y>0.64844</y></points><label>3</label><labelname>window</labelname><flag>1</flag></object><object><points><x>0.32227</x><x>0.36621</x><y>0.65625</y><y>0.6849</y></points><label>3</label><labelname>window</labelname><flag>1</flag></object><object><points><x>0.37402</x><x>0.43555</x><y>0.61719</y><y>0.64583</y></points><label>3</label><labelname>window</labelname><flag>1</flag></object><object><points><x>0.375</x><x>0.43555</x><y>0.65625</y><y>0.68359</y></points><label>3</label><labelname>window</labelname><flag>1</flag></object><object><points><x>0.37598</x><x>0.43457</x><y>0.69922</y><y>0.72656</y></points><label>3</label><labelname>window</labelname><flag>1</flag></object><object><points><x>0.37305</x><x>0.43457</x><y>0.73828</y><y>0.76693</y></points><label>3</label><labelname>window</labelname><flag>1</flag></object><object><points><x>0.14746</x><x>0.16602</x><y>0.60938</y><y>0.64323</y></points><label>3</label><labelname>window</labelname><flag>1</flag></object><object><points><x>0.14844</x><x>0.16699</x><y>0.65365</y><y>0.6849</y></points><label>3</label><labelname>window</labelname><flag>1</flag></object><object><points><x>0.14746</x><x>0.16699</x><y>0.69792</y><y>0.73177</y></points><label>3</label><labelname>window</labelname><flag>1</flag></object><object><points><x>0.14844</x><x>0.16797</x><y>0.74219</y><y>0.77604</y></points><label>3</label><labelname>window</labelname><flag>1</flag></object><object><points><x>0.17578</x><x>0.24414</x><y>0.60938</y><y>0.64323</y></points><label>3</label><labelname>window</labelname><flag>1</flag></object><object><points><x>0.17578</x><x>0.24316</x><y>0.65365</y><y>0.6862</y></points><label>3</label><labelname>window</labelname><flag>1</flag></object><object><points><x>0.17578</x><x>0.24316</x><y>0.69792</y><y>0.73047</y></points><label>3</label><labelname>window</labelname><flag>1</flag></object><object><points><x>0.17578</x><x>0.24219</x><y>0.74219</y><y>0.77604</y></points><label>3</label><labelname>window</labelname><flag>1</flag></object><object><points><x>0.00097656</x><x>0.98145</x><y>0.20703</y><y>1</y></points><label>2</label><labelname>facade</labelname><flag>1</flag></object><object><points><x>0.19043</x><x>0.28418</x><y>0.83464</y><y>0.88151</y></points><label>3</label><labelname>window</labelname><flag>1</flag></object><object><points><x>0.36816</x><x>0.46289</x><y>0.83464</y><y>0.88281</y></points><label>3</label><labelname>window</labelname><flag>1</flag></object><object><points><x>0.0087891</x><x>0.098633</x><y>0.83333</y><y>0.88021</y></points><label>3</label><labelname>window</labelname><flag>1</flag></object><object><points><x>0.011719</x><x>0.10156</x><y>0.95052</y><y>0.9987</y></points><label>3</label><labelname>window</labelname><flag>1</flag></object><object><points><x>0.55859</x><x>0.63867</x><y>0.81901</y><y>0.88672</y></points><label>3</label><labelname>window</labelname><flag>1</flag></object><object><points><x>0.23828</x><x>0.3418</x><y>0.58984</y><y>0.79557</y></points><label>5</label><labelname>cornice</labelname><flag>1</flag></object><object><points><x>0.31738</x><x>0.36426</x><y>0.83203</y><y>0.91667</y></points><label>5</label><labelname>cornice</labelname><flag>1</flag></object><object><points><x>0.14258</x><x>0.17773</x><y>0.83333</y><y>0.91797</y></points><label>5</label><labelname>cornice</labelname><flag>1</flag></object><object><points><x>0.043945</x><x>0.13965</x><y>0.59766</y><y>0.79948</y></points><label>5</label><labelname>cornice</labelname><flag>1</flag></object><object><points><x>0.42773</x><x>0.56836</x><y>0.54688</y><y>0.83464</y></points><label>7</label><labelname>balcony</labelname><flag>1</flag></object><object><points><x>0.63574</x><x>0.75</x><y>0.40755</y><y>0.91797</y></points><label>7</label><labelname>balcony</labelname><flag>1</flag></object><object><points><x>0.21094</x><x>0.29492</x><y>0.045573</y><y>0.092448</y></points><label>3</label><labelname>window</labelname><flag>1</flag></object><object><points><x>0.41211</x><x>0.4541</x><y>0.070312</y><y>0.11719</y></points><label>3</label><labelname>window</labelname><flag>1</flag></object><object><points><x>0.37695</x><x>0.40527</x><y>0.071615</y><y>0.11849</y></points><label>3</label><labelname>window</labelname><flag>1</flag></object><object><points><x>0.73828</x><x>0.83105</x><y>0.82682</y><y>0.88542</y></points><label>3</label><labelname>window</labelname><flag>1</flag></object><object><points><x>0.28711</x><x>0.29688</x><y>0.27083</y><y>0.38932</y></points><label>6</label><labelname>sill</labelname><flag>1</flag></object><object><points><x>0.28516</x><x>0.31934</x><y>0.43359</y><y>0.52865</y></points><label>6</label><labelname>sill</labelname><flag>1</flag></object><object><points><x>0.28125</x><x>0.31836</x><y>0.83333</y><y>0.90234</y></points><label>6</label><labelname>sill</labelname><flag>1</flag></object><object><points><x>0.65234</x><x>0.68945</x><y>0.27214</y><y>0.38802</y></points><label>6</label><labelname>sill</labelname><flag>1</flag></object><object><points><x>0.83008</x><x>0.84766</x><y>0.2526</y><y>0.40365</y></points><label>6</label><labelname>sill</labelname><flag>1</flag></object><object><points><x>0.82812</x><x>0.8457</x><y>0.4388</y><y>0.52083</y></points><label>6</label><labelname>sill</labelname><flag>1</flag></object><object><points><x>0.82617</x><x>0.84473</x><y>0.69661</y><y>0.77344</y></points><label>6</label><labelname>sill</labelname><flag>1</flag></object><object><points><x>0.83008</x><x>0.84375</x><y>0.81901</y><y>0.89974</y></points><label>6</label><labelname>sill</labelname><flag>1</flag></object><object><points><x>0.5127</x><x>0.55078</x><y>0.30339</y><y>0.36198</y></points><label>9</label><labelname>deco</labelname><flag>1</flag></object><object><points><x>0.53223</x><x>0.55566</x><y>0.46875</y><y>0.5</y></points><label>9</label><labelname>deco</labelname><flag>1</flag></object><object><points><x>0.53418</x><x>0.55469</x><y>0.84245</y><y>0.88151</y></points><label>9</label><labelname>deco</labelname><flag>1</flag></object><object><points><x>0.5332</x><x>0.55762</x><y>0.60026</y><y>0.63411</y></points><label>9</label><labelname>deco</labelname><flag>1</flag></object><object><points><x>0.5332</x><x>0.55371</x><y>0.71224</y><y>0.75391</y></points><label>9</label><labelname>deco</labelname><flag>1</flag></object><object><points><x>0.59375</x><x>0.6377</x><y>0.41406</y><y>0.44661</y></points><label>9</label><labelname>deco</labelname><flag>1</flag></object><object><points><x>0.5957</x><x>0.6377</x><y>0.53516</y><y>0.57161</y></points><label>9</label><labelname>deco</labelname><flag>1</flag></object><object><points><x>0.59668</x><x>0.63867</x><y>0.80208</y><y>0.83854</y></points><label>9</label><labelname>deco</labelname><flag>1</flag></object><object><points><x>0.59766</x><x>0.63965</x><y>0.67057</y><y>0.70833</y></points><label>9</label><labelname>deco</labelname><flag>1</flag></object><object><points><x>0.44824</x><x>0.54688</x><y>0.026042</y><y>0.14583</y></points><label>7</label><labelname>balcony</labelname><flag>1</flag></object><object><points><x>0.46094</x><x>0.50488</x><y>0.25</y><y>0.40104</y></points><label>6</label><labelname>sill</labelname><flag>1</flag></object><object><points><x>0.46094</x><x>0.50488</x><y>0.43359</y><y>0.52734</y></points><label>6</label><labelname>sill</labelname><flag>1</flag></object><object><points><x>0.64844</x><x>0.7207</x><y>0.21354</y><y>0.99349</y></points><label>10</label><labelname>molding</labelname><flag>1</flag></object><object><points><x>0.45898</x><x>0.53125</x><y>0.21354</y><y>0.99349</y></points><label>10</label><labelname>molding</labelname><flag>1</flag></object><object><points><x>0.091797</x><x>0.14258</x><y>0.21224</y><y>0.99609</y></points><label>10</label><labelname>molding</labelname><flag>1</flag></object><object><points><x>0.83496</x><x>0.94629</x><y>0.53906</y><y>0.5612</y></points><label>11</label><labelname>pillar</labelname><flag>1</flag></object><object><points><x>0.83594</x><x>0.94824</x><y>0.65755</y><y>0.67969</y></points><label>11</label><labelname>pillar</labelname><flag>1</flag></object><object><points><x>0.94629</x><x>0.97852</x><y>0.53906</y><y>0.5651</y></points><label>11</label><labelname>pillar</labelname><flag>1</flag></object><object><points><x>0.94727</x><x>0.97949</x><y>0.65885</y><y>0.6849</y></points><label>11</label><labelname>pillar</labelname><flag>1</flag></object><object><points><x>0.8252</x><x>0.83398</x><y>0.54167</y><y>0.5625</y></points><label>11</label><labelname>pillar</labelname><flag>1</flag></object><object><points><x>0.82715</x><x>0.83594</x><y>0.65755</y><y>0.67839</y></points><label>11</label><labelname>pillar</labelname><flag>1</flag></object><object><points><x>0.74316</x><x>0.8291</x><y>0.52865</y><y>0.68099</y></points><label>9</label><labelname>deco</labelname><flag>1</flag></object><object><points><x>0.88867</x><x>0.97852</x><y>0.45182</y><y>0.51693</y></points><label>12</label><labelname>shop</labelname><flag>1</flag></object><object><points><x>0.8877</x><x>0.97754</x><y>0.70443</y><y>0.76823</y></points><label>12</label><labelname>shop</labelname><flag>1</flag></object><object><points><x>0.88672</x><x>0.97754</x><y>0.26823</y><y>0.39323</y></points><label>12</label><labelname>shop</labelname><flag>1</flag></object><object><points><x>0.85352</x><x>0.87109</x><y>0.25521</y><y>0.40234</y></points><label>12</label><labelname>shop</labelname><flag>1</flag></object>