<object><points><x>0.16525</x><x>0.85593</x><y>0.095785</y><y>0.85249</y></points><label>2</label><labelname>facade</labelname><flag>1</flag></object><object><points><x>0.1928</x><x>0.22881</x><y>0.30077</y><y>0.33142</y></points><label>3</label><labelname>window</labelname><flag>1</flag></object><object><points><x>0.1928</x><x>0.22881</x><y>0.41571</y><y>0.43678</y></points><label>3</label><labelname>window</labelname><flag>1</flag></object><object><points><x>0.1928</x><x>0.22669</x><y>0.44061</y><y>0.46169</y></points><label>3</label><labelname>window</labelname><flag>1</flag></object><object><points><x>0.1928</x><x>0.22669</x><y>0.46552</y><y>0.48467</y></points><label>3</label><labelname>window</labelname><flag>1</flag></object><object><points><x>0.1928</x><x>0.22669</x><y>0.54789</y><y>0.56897</y></points><label>3</label><labelname>window</labelname><flag>1</flag></object><object><points><x>0.1928</x><x>0.22669</x><y>0.57471</y><y>0.59387</y></points><label>3</label><labelname>window</labelname><flag>1</flag></object><object><points><x>0.19068</x><x>0.22669</x><y>0.59962</y><y>0.61877</y></points><label>3</label><labelname>window</labelname><flag>1</flag></object><object><points><x>0.18856</x><x>0.22669</x><y>0.6954</y><y>0.72414</y></points><label>3</label><labelname>window</labelname><flag>1</flag></object><object><points><x>0.33263</x><x>0.40254</x><y>0.13218</y><y>0.15709</y></points><label>3</label><labelname>window</labelname><flag>1</flag></object><object><points><x>0.33051</x><x>0.40254</x><y>0.16092</y><y>0.18774</y></points><label>3</label><labelname>window</labelname><flag>1</flag></object><object><points><x>0.33263</x><x>0.40466</x><y>0.27203</y><y>0.29885</y></points><label>3</label><labelname>window</labelname><flag>1</flag></object><object><points><x>0.33263</x><x>0.40466</x><y>0.30268</y><y>0.3295</y></points><label>3</label><labelname>window</labelname><flag>1</flag></object><object><points><x>0.32839</x><x>0.40042</x><y>0.41762</y><y>0.44444</y></points><label>3</label><labelname>window</labelname><flag>1</flag></object><object><points><x>0.33051</x><x>0.40042</x><y>0.44828</y><y>0.4751</y></points><label>3</label><labelname>window</labelname><flag>1</flag></object><object><points><x>0.32415</x><x>0.40466</x><y>0.53831</y><y>0.56322</y></points><label>3</label><labelname>window</labelname><flag>1</flag></object><object><points><x>0.32415</x><x>0.40254</x><y>0.57088</y><y>0.59579</y></points><label>3</label><labelname>window</labelname><flag>1</flag></object><object><points><x>0.32415</x><x>0.40254</x><y>0.60153</y><y>0.62644</y></points><label>3</label><labelname>window</labelname><flag>1</flag></object><object><points><x>0.32203</x><x>0.40254</x><y>0.69157</y><y>0.71648</y></points><label>3</label><labelname>window</labelname><flag>1</flag></object><object><points><x>0.32203</x><x>0.40254</x><y>0.72414</y><y>0.74904</y></points><label>3</label><labelname>window</labelname><flag>1</flag></object><object><points><x>0.32203</x><x>0.40042</x><y>0.75479</y><y>0.77969</y></points><label>3</label><labelname>window</labelname><flag>1</flag></object><object><points><x>0.55932</x><x>0.61864</x><y>0.159</y><y>0.17625</y></points><label>3</label><labelname>window</labelname><flag>1</flag></object><object><points><x>0.56144</x><x>0.62076</x><y>0.18391</y><y>0.20307</y></points><label>3</label><labelname>window</labelname><flag>1</flag></object><object><points><x>0.56144</x><x>0.62076</x><y>0.21073</y><y>0.22797</y></points><label>3</label><labelname>window</labelname><flag>1</flag></object><object><points><x>0.56144</x><x>0.62076</x><y>0.23755</y><y>0.25479</y></points><label>3</label><labelname>window</labelname><flag>1</flag></object><object><points><x>0.56144</x><x>0.62076</x><y>0.26437</y><y>0.28161</y></points><label>3</label><labelname>window</labelname><flag>1</flag></object><object><points><x>0.56144</x><x>0.62076</x><y>0.34866</y><y>0.36782</y></points><label>3</label><labelname>window</labelname><flag>1</flag></object><object><points><x>0.56144</x><x>0.62076</x><y>0.37739</y><y>0.39464</y></points><label>3</label><labelname>window</labelname><flag>1</flag></object><object><points><x>0.56144</x><x>0.62076</x><y>0.4023</y><y>0.41954</y></points><label>3</label><labelname>window</labelname><flag>1</flag></object><object><points><x>0.56144</x><x>0.62076</x><y>0.42912</y><y>0.44636</y></points><label>3</label><labelname>window</labelname><flag>1</flag></object><object><points><x>0.56144</x><x>0.62076</x><y>0.45594</y><y>0.47318</y></points><label>3</label><labelname>window</labelname><flag>1</flag></object><object><points><x>0.56144</x><x>0.62076</x><y>0.48276</y><y>0.50192</y></points><label>3</label><labelname>window</labelname><flag>1</flag></object><object><points><x>0.56144</x><x>0.62076</x><y>0.56705</y><y>0.59004</y></points><label>3</label><labelname>window</labelname><flag>1</flag></object><object><points><x>0.56144</x><x>0.62076</x><y>0.5977</y><y>0.62069</y></points><label>3</label><labelname>window</labelname><flag>1</flag></object><object><points><x>0.56144</x><x>0.62076</x><y>0.63027</y><y>0.65326</y></points><label>3</label><labelname>window</labelname><flag>1</flag></object><object><points><x>0.5572</x><x>0.61653</x><y>0.77203</y><y>0.79502</y></points><label>3</label><labelname>window</labelname><flag>1</flag></object><object><points><x>0.55932</x><x>0.61864</x><y>0.74138</y><y>0.76437</y></points><label>3</label><labelname>window</labelname><flag>1</flag></object><object><points><x>0.47881</x><x>0.51483</x><y>0.94444</y><y>0.96935</y></points><label>3</label><labelname>window</labelname><flag>1</flag></object><object><points><x>0.17585</x><x>0.19492</x><y>0.2682</y><y>0.34674</y></points><label>5</label><labelname>cornice</labelname><flag>1</flag></object><object><points><x>0.17373</x><x>0.1928</x><y>0.66667</y><y>0.74521</y></points><label>5</label><labelname>cornice</labelname><flag>1</flag></object><object><points><x>0.17373</x><x>0.1928</x><y>0.5249</y><y>0.63602</y></points><label>5</label><labelname>cornice</labelname><flag>1</flag></object><object><points><x>0.17585</x><x>0.19492</x><y>0.3908</y><y>0.50192</y></points><label>5</label><labelname>cornice</labelname><flag>1</flag></object><object><points><x>0.42797</x><x>0.48729</x><y>0.099617</y><y>0.84291</y></points><label>10</label><labelname>molding</labelname><flag>1</flag></object><object><points><x>0.61653</x><x>0.62924</x><y>0.095785</y><y>0.84866</y></points><label>10</label><labelname>molding</labelname><flag>1</flag></object><object><points><x>0.27542</x><x>0.30297</x><y>0.10153</y><y>0.84674</y></points><label>10</label><labelname>molding</labelname><flag>1</flag></object><object><points><x>0.76483</x><x>0.84322</x><y>0.25862</y><y>0.28544</y></points><label>11</label><labelname>pillar</labelname><flag>1</flag></object><object><points><x>0.76271</x><x>0.8411</x><y>0.39464</y><y>0.42337</y></points><label>11</label><labelname>pillar</labelname><flag>1</flag></object><object><points><x>0.76059</x><x>0.83898</x><y>0.53257</y><y>0.5613</y></points><label>11</label><labelname>pillar</labelname><flag>1</flag></object><object><points><x>0.76271</x><x>0.8411</x><y>0.6705</y><y>0.69923</y></points><label>11</label><labelname>pillar</labelname><flag>1</flag></object><object><points><x>0.76695</x><x>0.84322</x><y>0.099617</y><y>0.14943</y></points><label>11</label><labelname>pillar</labelname><flag>1</flag></object><object><points><x>0.75</x><x>0.76271</x><y>0.66284</y><y>0.70498</y></points><label>11</label><labelname>pillar</labelname><flag>1</flag></object><object><points><x>0.74788</x><x>0.76059</x><y>0.52682</y><y>0.56897</y></points><label>11</label><labelname>pillar</labelname><flag>1</flag></object><object><points><x>0.74788</x><x>0.76271</x><y>0.38889</y><y>0.43103</y></points><label>11</label><labelname>pillar</labelname><flag>1</flag></object><object><points><x>0.75212</x><x>0.76483</x><y>0.25096</y><y>0.29502</y></points><label>11</label><labelname>pillar</labelname><flag>1</flag></object><object><points><x>0.75212</x><x>0.76695</x><y>0.097701</y><y>0.15326</y></points><label>11</label><labelname>pillar</labelname><flag>1</flag></object><object><points><x>0.64619</x><x>0.67373</x><y>0.32759</y><y>0.61111</y></points><label>12</label><labelname>shop</labelname><flag>1</flag></object><object><points><x>0.63136</x><x>0.68644</x><y>0.86015</y><y>0.90996</y></points><label>12</label><labelname>shop</labelname><flag>1</flag></object><object><points><x>0.50847</x><x>0.56356</x><y>0.063218</y><y>0.086207</y></points><label>3</label><labelname>window</labelname><flag>1</flag></object><object><points><x>0.62076</x><x>0.67161</x><y>0.065134</y><y>0.088123</y></points><label>3</label><labelname>window</labelname><flag>1</flag></object><object><points><x>0.50847</x><x>0.56144</x><y>0.04023</y><y>0.057471</y></points><label>3</label><labelname>window</labelname><flag>1</flag></object><object><points><x>0.39195</x><x>0.44492</x><y>0.042146</y><y>0.055556</y></points><label>3</label><labelname>window</labelname><flag>1</flag></object><object><points><x>0.62076</x><x>0.66949</x><y>0.044061</y><y>0.057471</y></points><label>3</label><labelname>window</labelname><flag>1</flag></object>