<object><points><x>0.36008</x><x>0.77104</x><y>0.01436</y><y>0.97911</y></points><label>2</label><labelname>facade</labelname><flag>1</flag></object><object><points><x>0.4364</x><x>0.591</x><y>0.24543</y><y>0.27154</y></points><label>3</label><labelname>window</labelname><flag>1</flag></object><object><points><x>0.43444</x><x>0.58904</x><y>0.29373</y><y>0.32115</y></points><label>3</label><labelname>window</labelname><flag>1</flag></object><object><points><x>0.4364</x><x>0.591</x><y>0.34595</y><y>0.37206</y></points><label>3</label><labelname>window</labelname><flag>1</flag></object><object><points><x>0.43444</x><x>0.591</x><y>0.39556</y><y>0.42167</y></points><label>3</label><labelname>window</labelname><flag>1</flag></object><object><points><x>0.43444</x><x>0.58904</x><y>0.44386</y><y>0.46997</y></points><label>3</label><labelname>window</labelname><flag>1</flag></object><object><points><x>0.43249</x><x>0.58904</x><y>0.49347</y><y>0.51958</y></points><label>3</label><labelname>window</labelname><flag>1</flag></object><object><points><x>0.43444</x><x>0.591</x><y>0.54308</y><y>0.5705</y></points><label>3</label><labelname>window</labelname><flag>1</flag></object><object><points><x>0.43444</x><x>0.591</x><y>0.59008</y><y>0.61619</y></points><label>3</label><labelname>window</labelname><flag>1</flag></object><object><points><x>0.4364</x><x>0.59295</x><y>0.63969</y><y>0.6658</y></points><label>3</label><labelname>window</labelname><flag>1</flag></object><object><points><x>0.43053</x><x>0.58708</x><y>0.68668</y><y>0.7141</y></points><label>3</label><labelname>window</labelname><flag>1</flag></object><object><points><x>0.43444</x><x>0.58904</x><y>0.73629</y><y>0.7624</y></points><label>3</label><labelname>window</labelname><flag>1</flag></object><object><points><x>0.43249</x><x>0.58904</x><y>0.7846</y><y>0.81201</y></points><label>3</label><labelname>window</labelname><flag>1</flag></object><object><points><x>0.43444</x><x>0.58904</x><y>0.8329</y><y>0.86031</y></points><label>3</label><labelname>window</labelname><flag>1</flag></object><object><points><x>0.43053</x><x>0.58708</x><y>0.8799</y><y>0.90731</y></points><label>3</label><labelname>window</labelname><flag>1</flag></object><object><points><x>0.43444</x><x>0.58904</x><y>0.92689</y><y>0.95431</y></points><label>3</label><labelname>window</labelname><flag>1</flag></object><object><points><x>0.63405</x><x>0.69667</x><y>0.2389</y><y>0.27807</y></points><label>3</label><labelname>window</labelname><flag>1</flag></object><object><points><x>0.63209</x><x>0.69472</x><y>0.28851</y><y>0.32637</y></points><label>3</label><labelname>window</labelname><flag>1</flag></object><object><points><x>0.63405</x><x>0.69863</x><y>0.33943</y><y>0.37728</y></points><label>3</label><labelname>window</labelname><flag>1</flag></object><object><points><x>0.63209</x><x>0.69472</x><y>0.38773</y><y>0.42689</y></points><label>3</label><labelname>window</labelname><flag>1</flag></object><object><points><x>0.63405</x><x>0.69667</x><y>0.43995</y><y>0.47781</y></points><label>3</label><labelname>window</labelname><flag>1</flag></object><object><points><x>0.63405</x><x>0.69667</x><y>0.48695</y><y>0.5248</y></points><label>3</label><labelname>window</labelname><flag>1</flag></object><object><points><x>0.63209</x><x>0.69472</x><y>0.53786</y><y>0.57572</y></points><label>3</label><labelname>window</labelname><flag>1</flag></object><object><points><x>0.63014</x><x>0.69276</x><y>0.68538</y><y>0.72324</y></points><label>3</label><labelname>window</labelname><flag>1</flag></object><object><points><x>0.63014</x><x>0.68689</x><y>0.73238</y><y>0.77154</y></points><label>3</label><labelname>window</labelname><flag>1</flag></object><object><points><x>0.63014</x><x>0.68102</x><y>0.78068</y><y>0.81984</y></points><label>3</label><labelname>window</labelname><flag>1</flag></object><object><points><x>0.63014</x><x>0.67319</x><y>0.82768</y><y>0.86554</y></points><label>3</label><labelname>window</labelname><flag>1</flag></object><object><points><x>0.63014</x><x>0.67123</x><y>0.87598</y><y>0.91384</y></points><label>3</label><labelname>window</labelname><flag>1</flag></object><object><points><x>0.63014</x><x>0.66341</x><y>0.92559</y><y>0.96475</y></points><label>3</label><labelname>window</labelname><flag>1</flag></object><object><points><x>0.63405</x><x>0.68297</x><y>0.12141</y><y>0.14621</y></points><label>3</label><labelname>window</labelname><flag>1</flag></object><object><points><x>0.63601</x><x>0.68689</x><y>0.033943</y><y>0.060052</y></points><label>3</label><labelname>window</labelname><flag>1</flag></object><object><points><x>0.54599</x><x>0.58317</x><y>0.028721</y><y>0.053525</y></points><label>3</label><labelname>window</labelname><flag>1</flag></object><object><points><x>0.45793</x><x>0.49511</x><y>0.031332</y><y>0.05483</y></points><label>3</label><labelname>window</labelname><flag>1</flag></object><object><points><x>0.54795</x><x>0.58513</x><y>0.12924</y><y>0.15666</y></points><label>3</label><labelname>window</labelname><flag>1</flag></object><object><points><x>0.45205</x><x>0.48924</x><y>0.12794</y><y>0.15666</y></points><label>3</label><labelname>window</labelname><flag>1</flag></object><object><points><x>0.54599</x><x>0.58513</x><y>0.16188</y><y>0.20366</y></points><label>3</label><labelname>window</labelname><flag>1</flag></object><object><points><x>0.45205</x><x>0.49119</x><y>0.16449</y><y>0.20627</y></points><label>3</label><labelname>window</labelname><flag>1</flag></object><object><points><x>0.63992</x><x>0.7045</x><y>0.58747</y><y>0.67232</y></points><label>4</label><labelname>door</labelname><flag>1</flag></object><object><points><x>0.48924</x><x>0.53425</x><y>0.016971</y><y>0.22846</y></points><label>7</label><labelname>balcony</labelname><flag>1</flag></object><object><points><x>0.58121</x><x>0.62622</x><y>0.016971</y><y>0.22715</y></points><label>7</label><labelname>balcony</labelname><flag>1</flag></object><object><points><x>0.4364</x><x>0.58708</x><y>0.29634</y><y>0.31854</y></points><label>8</label><labelname>blind</labelname><flag>1</flag></object><object><points><x>0.43836</x><x>0.58904</x><y>0.34726</y><y>0.37076</y></points><label>8</label><labelname>blind</labelname><flag>1</flag></object><object><points><x>0.4364</x><x>0.58708</x><y>0.39817</y><y>0.42037</y></points><label>8</label><labelname>blind</labelname><flag>1</flag></object><object><points><x>0.4364</x><x>0.58708</x><y>0.44648</y><y>0.46867</y></points><label>8</label><labelname>blind</labelname><flag>1</flag></object><object><points><x>0.4364</x><x>0.58708</x><y>0.49478</y><y>0.51697</y></points><label>8</label><labelname>blind</labelname><flag>1</flag></object><object><points><x>0.43836</x><x>0.58904</x><y>0.54569</y><y>0.56919</y></points><label>8</label><labelname>blind</labelname><flag>1</flag></object><object><points><x>0.43836</x><x>0.58904</x><y>0.59269</y><y>0.61488</y></points><label>8</label><labelname>blind</labelname><flag>1</flag></object><object><points><x>0.44031</x><x>0.59295</x><y>0.64099</y><y>0.66449</y></points><label>8</label><labelname>blind</labelname><flag>1</flag></object><object><points><x>0.43444</x><x>0.58708</x><y>0.68799</y><y>0.71149</y></points><label>8</label><labelname>blind</labelname><flag>1</flag></object><object><points><x>0.43444</x><x>0.58708</x><y>0.7389</y><y>0.7611</y></points><label>8</label><labelname>blind</labelname><flag>1</flag></object><object><points><x>0.4364</x><x>0.58708</x><y>0.78721</y><y>0.8094</y></points><label>8</label><labelname>blind</labelname><flag>1</flag></object><object><points><x>0.4364</x><x>0.58708</x><y>0.8342</y><y>0.8577</y></points><label>8</label><labelname>blind</labelname><flag>1</flag></object><object><points><x>0.43444</x><x>0.58708</x><y>0.88251</y><y>0.90601</y></points><label>8</label><labelname>blind</labelname><flag>1</flag></object><object><points><x>0.43836</x><x>0.58904</x><y>0.9295</y><y>0.9517</y></points><label>8</label><labelname>blind</labelname><flag>1</flag></object><object><points><x>0.63992</x><x>0.68297</x><y>0.036554</y><y>0.057441</y></points><label>8</label><labelname>blind</labelname><flag>1</flag></object><object><points><x>0.37769</x><x>0.40705</x><y>0.020888</y><y>0.97781</y></points><label>10</label><labelname>molding</labelname><flag>1</flag></object><object><points><x>0.62818</x><x>0.63992</x><y>0.58486</y><y>0.67493</y></points><label>12</label><labelname>shop</labelname><flag>1</flag></object><object><points><x>0.36204</x><x>0.37573</x><y>0.62533</y><y>0.64099</y></points><label>3</label><labelname>window</labelname><flag>1</flag></object><object><points><x>0.36008</x><x>0.37378</x><y>0.81593</y><y>0.83159</y></points><label>3</label><labelname>window</labelname><flag>1</flag></object><object><points><x>0.36204</x><x>0.37573</x><y>0.39295</y><y>0.40862</y></points><label>3</label><labelname>window</labelname><flag>1</flag></object><object><points><x>0.63601</x><x>0.70841</x><y>0.1671</y><y>0.21018</y></points><label>4</label><labelname>door</labelname><flag>1</flag></object>