<object><points><x>0.083333</x><x>0.99113</x><y>0.16421</y><y>0.86105</y></points><label>2</label><labelname>facade</labelname><flag>1</flag></object><object><points><x>0.1117</x><x>0.15957</x><y>0.38737</y><y>0.48211</y></points><label>3</label><labelname>window</labelname><flag>1</flag></object><object><points><x>0.11702</x><x>0.16312</x><y>0.6</y><y>0.69474</y></points><label>3</label><labelname>window</labelname><flag>1</flag></object><object><points><x>0.22695</x><x>0.30674</x><y>0.34316</y><y>0.38526</y></points><label>3</label><labelname>window</labelname><flag>1</flag></object><object><points><x>0.22872</x><x>0.30851</x><y>0.4</y><y>0.44421</y></points><label>3</label><labelname>window</labelname><flag>1</flag></object><object><points><x>0.22872</x><x>0.31028</x><y>0.59368</y><y>0.63579</y></points><label>3</label><labelname>window</labelname><flag>1</flag></object><object><points><x>0.2305</x><x>0.31028</x><y>0.65053</y><y>0.69263</y></points><label>3</label><labelname>window</labelname><flag>1</flag></object><object><points><x>0.39716</x><x>0.51064</x><y>0.34947</y><y>0.43789</y></points><label>3</label><labelname>window</labelname><flag>1</flag></object><object><points><x>0.39716</x><x>0.51064</x><y>0.59579</y><y>0.68632</y></points><label>3</label><labelname>window</labelname><flag>1</flag></object><object><points><x>0.5922</x><x>0.70567</x><y>0.34526</y><y>0.43368</y></points><label>3</label><labelname>window</labelname><flag>1</flag></object><object><points><x>0.59043</x><x>0.7039</x><y>0.59579</y><y>0.68421</y></points><label>3</label><labelname>window</labelname><flag>1</flag></object><object><points><x>0.79787</x><x>0.91312</x><y>0.32</y><y>0.38737</y></points><label>3</label><labelname>window</labelname><flag>1</flag></object><object><points><x>0.79965</x><x>0.91489</x><y>0.39789</y><y>0.46526</y></points><label>3</label><labelname>window</labelname><flag>1</flag></object><object><points><x>0.7961</x><x>0.91135</x><y>0.56842</y><y>0.63579</y></points><label>3</label><labelname>window</labelname><flag>1</flag></object><object><points><x>0.7961</x><x>0.91135</x><y>0.64842</y><y>0.71579</y></points><label>3</label><labelname>window</labelname><flag>1</flag></object><object><points><x>0.51773</x><x>0.62234</x><y>0.90737</y><y>0.98105</y></points><label>3</label><labelname>window</labelname><flag>1</flag></object><object><points><x>0.68617</x><x>0.79078</x><y>0.90947</y><y>0.98316</y></points><label>3</label><labelname>window</labelname><flag>1</flag></object><object><points><x>0.39362</x><x>0.44858</x><y>0.90526</y><y>0.98526</y></points><label>3</label><labelname>window</labelname><flag>1</flag></object><object><points><x>0.35993</x><x>0.40426</x><y>0.32211</y><y>0.45684</y></points><label>5</label><labelname>cornice</labelname><flag>1</flag></object><object><points><x>0.36348</x><x>0.40957</x><y>0.57474</y><y>0.70947</y></points><label>5</label><labelname>cornice</labelname><flag>1</flag></object><object><points><x>0.19504</x><x>0.22872</x><y>0.57263</y><y>0.71158</y></points><label>5</label><labelname>cornice</labelname><flag>1</flag></object><object><points><x>0.19149</x><x>0.2234</x><y>0.32421</y><y>0.46316</y></points><label>5</label><labelname>cornice</labelname><flag>1</flag></object><object><points><x>0.5266</x><x>0.60461</x><y>0.30105</y><y>0.46947</y></points><label>5</label><labelname>cornice</labelname><flag>1</flag></object><object><points><x>0.5266</x><x>0.60461</x><y>0.56</y><y>0.72</y></points><label>5</label><labelname>cornice</labelname><flag>1</flag></object><object><points><x>0.50355</x><x>0.53014</x><y>0.32421</y><y>0.45263</y></points><label>6</label><labelname>sill</labelname><flag>1</flag></object><object><points><x>0.50709</x><x>0.53369</x><y>0.57684</y><y>0.70737</y></points><label>6</label><labelname>sill</labelname><flag>1</flag></object><object><points><x>0.70213</x><x>0.75355</x><y>0.32</y><y>0.46105</y></points><label>6</label><labelname>sill</labelname><flag>1</flag></object><object><points><x>0.70035</x><x>0.75177</x><y>0.57053</y><y>0.71368</y></points><label>6</label><labelname>sill</labelname><flag>1</flag></object><object><points><x>0.61702</x><x>0.63652</x><y>0.88211</y><y>0.99579</y></points><label>6</label><labelname>sill</labelname><flag>1</flag></object><object><points><x>0.79255</x><x>0.81206</x><y>0.88</y><y>0.99789</y></points><label>6</label><labelname>sill</labelname><flag>1</flag></object><object><points><x>0.44326</x><x>0.46277</x><y>0.88421</y><y>0.99789</y></points><label>6</label><labelname>sill</labelname><flag>1</flag></object><object><points><x>0.50532</x><x>0.62589</x><y>0.0021053</y><y>0.10947</y></points><label>7</label><labelname>balcony</labelname><flag>1</flag></object><object><points><x>0.69504</x><x>0.8156</x><y>0.0042105</y><y>0.11158</y></points><label>7</label><labelname>balcony</labelname><flag>1</flag></object><object><points><x>0.31738</x><x>0.38121</x><y>0.17684</y><y>0.85263</y></points><label>10</label><labelname>molding</labelname><flag>1</flag></object><object><points><x>0.70035</x><x>0.77128</x><y>0.17053</y><y>0.85474</y></points><label>10</label><labelname>molding</labelname><flag>1</flag></object><object><points><x>0.43972</x><x>0.46809</x><y>0.46737</y><y>0.56842</y></points><label>12</label><labelname>shop</labelname><flag>1</flag></object>