<object><points><x>0.85645</x><x>0.96582</x><y>0.43229</y><y>0.49479</y></points><label>4</label><labelname>door</labelname><flag>1</flag></object><object><points><x>0.80078</x><x>0.87402</x><y>0.67578</y><y>0.73698</y></points><label>3</label><labelname>window</labelname><flag>1</flag></object><object><points><x>0.80078</x><x>0.875</x><y>0.56901</y><y>0.63151</y></points><label>3</label><labelname>window</labelname><flag>1</flag></object><object><points><x>0.68164</x><x>0.74805</x><y>0.67969</y><y>0.73307</y></points><label>3</label><labelname>window</labelname><flag>1</flag></object><object><points><x>0.68164</x><x>0.74902</x><y>0.57292</y><y>0.6276</y></points><label>3</label><labelname>window</labelname><flag>1</flag></object><object><points><x>0.64062</x><x>0.67969</x><y>0.66276</y><y>0.75651</y></points><label>5</label><labelname>cornice</labelname><flag>1</flag></object><object><points><x>0.64062</x><x>0.67871</x><y>0.55729</y><y>0.64974</y></points><label>5</label><labelname>cornice</labelname><flag>1</flag></object><object><points><x>0.52051</x><x>0.55957</x><y>0.66406</y><y>0.75521</y></points><label>5</label><labelname>cornice</labelname><flag>1</flag></object><object><points><x>0.52051</x><x>0.56055</x><y>0.55729</y><y>0.64974</y></points><label>5</label><labelname>cornice</labelname><flag>1</flag></object><object><points><x>0.56152</x><x>0.62891</x><y>0.67969</y><y>0.73438</y></points><label>3</label><labelname>window</labelname><flag>1</flag></object><object><points><x>0.56055</x><x>0.62891</x><y>0.57422</y><y>0.6276</y></points><label>3</label><labelname>window</labelname><flag>1</flag></object><object><points><x>0.4502</x><x>0.50781</x><y>0.67969</y><y>0.73177</y></points><label>3</label><labelname>window</labelname><flag>1</flag></object><object><points><x>0.4502</x><x>0.50781</x><y>0.57422</y><y>0.6263</y></points><label>3</label><labelname>window</labelname><flag>1</flag></object><object><points><x>0.33203</x><x>0.38867</x><y>0.68099</y><y>0.73307</y></points><label>3</label><labelname>window</labelname><flag>1</flag></object><object><points><x>0.33203</x><x>0.38965</x><y>0.57422</y><y>0.6263</y></points><label>3</label><labelname>window</labelname><flag>1</flag></object><object><points><x>0.43848</x><x>0.50488</x><y>0.52995</y><y>0.54297</y></points><label>3</label><labelname>window</labelname><flag>1</flag></object><object><points><x>0.43457</x><x>0.50391</x><y>0.38151</y><y>0.41146</y></points><label>3</label><labelname>window</labelname><flag>1</flag></object><object><points><x>0.42285</x><x>0.4873</x><y>0.44922</y><y>0.50521</y></points><label>3</label><labelname>window</labelname><flag>1</flag></object><object><points><x>0.33203</x><x>0.38086</x><y>0.47266</y><y>0.51172</y></points><label>3</label><labelname>window</labelname><flag>1</flag></object><object><points><x>0.33203</x><x>0.39551</x><y>0.41146</y><y>0.44661</y></points><label>3</label><labelname>window</labelname><flag>1</flag></object><object><points><x>0.44922</x><x>0.50586</x><y>0.29427</y><y>0.34635</y></points><label>3</label><labelname>window</labelname><flag>1</flag></object><object><points><x>0.44922</x><x>0.50684</x><y>0.1875</y><y>0.23958</y></points><label>3</label><labelname>window</labelname><flag>1</flag></object><object><points><x>0.33105</x><x>0.38867</x><y>0.29557</y><y>0.34635</y></points><label>3</label><labelname>window</labelname><flag>1</flag></object><object><points><x>0.33105</x><x>0.38867</x><y>0.1875</y><y>0.23958</y></points><label>3</label><labelname>window</labelname><flag>1</flag></object><object><points><x>0.80273</x><x>0.84082</x><y>0.44271</y><y>0.48438</y></points><label>3</label><labelname>window</labelname><flag>1</flag></object><object><points><x>0.80176</x><x>0.875</x><y>0.28906</y><y>0.35026</y></points><label>3</label><labelname>window</labelname><flag>1</flag></object><object><points><x>0.80176</x><x>0.87402</x><y>0.18229</y><y>0.24349</y></points><label>3</label><labelname>window</labelname><flag>1</flag></object><object><points><x>0.68066</x><x>0.74902</x><y>0.1862</y><y>0.24089</y></points><label>3</label><labelname>window</labelname><flag>1</flag></object><object><points><x>0.68066</x><x>0.74902</x><y>0.29427</y><y>0.34635</y></points><label>3</label><labelname>window</labelname><flag>1</flag></object><object><points><x>0.63965</x><x>0.67871</x><y>0.16927</y><y>0.25911</y></points><label>5</label><labelname>cornice</labelname><flag>1</flag></object><object><points><x>0.64062</x><x>0.67773</x><y>0.27734</y><y>0.36589</y></points><label>5</label><labelname>cornice</labelname><flag>1</flag></object><object><points><x>0.51758</x><x>0.55859</x><y>0.17188</y><y>0.25911</y></points><label>5</label><labelname>cornice</labelname><flag>1</flag></object><object><points><x>0.51953</x><x>0.55957</x><y>0.27734</y><y>0.36458</y></points><label>5</label><labelname>cornice</labelname><flag>1</flag></object><object><points><x>0.56055</x><x>0.62891</x><y>0.1875</y><y>0.24089</y></points><label>3</label><labelname>window</labelname><flag>1</flag></object><object><points><x>0.56055</x><x>0.62891</x><y>0.29427</y><y>0.34635</y></points><label>3</label><labelname>window</labelname><flag>1</flag></object><object><points><x>0.54102</x><x>0.61328</x><y>0.45052</y><y>0.50521</y></points><label>3</label><labelname>window</labelname><flag>1</flag></object><object><points><x>0.66895</x><x>0.74023</x><y>0.44922</y><y>0.50391</y></points><label>3</label><labelname>window</labelname><flag>1</flag></object><object><points><x>0.55078</x><x>0.62695</x><y>0.38151</y><y>0.41016</y></points><label>3</label><labelname>window</labelname><flag>1</flag></object><object><points><x>0.67285</x><x>0.74805</x><y>0.38151</y><y>0.41146</y></points><label>3</label><labelname>window</labelname><flag>1</flag></object><object><points><x>0.55273</x><x>0.62598</x><y>0.52865</y><y>0.54427</y></points><label>3</label><labelname>window</labelname><flag>1</flag></object><object><points><x>0.67578</x><x>0.74805</x><y>0.52995</y><y>0.54427</y></points><label>3</label><labelname>window</labelname><flag>1</flag></object><object><points><x>0.13867</x><x>0.96973</x><y>0.13542</y><y>0.78776</y></points><label>2</label><labelname>facade</labelname><flag>1</flag></object><object><points><x>0.21289</x><x>0.26074</x><y>0.47266</y><y>0.51172</y></points><label>3</label><labelname>window</labelname><flag>1</flag></object><object><points><x>0.21289</x><x>0.26074</x><y>0.40885</y><y>0.44792</y></points><label>3</label><labelname>window</labelname><flag>1</flag></object><object><points><x>0.21875</x><x>0.25879</x><y>0.63411</y><y>0.67448</y></points><label>3</label><labelname>window</labelname><flag>1</flag></object><object><points><x>0.3457</x><x>0.40039</x><y>0.023438</y><y>0.084635</y></points><label>3</label><labelname>window</labelname><flag>1</flag></object><object><points><x>0.44922</x><x>0.50391</x><y>0.019531</y><y>0.082031</y></points><label>3</label><labelname>window</labelname><flag>1</flag></object><object><points><x>0.19141</x><x>0.24414</x><y>0.88411</y><y>0.93099</y></points><label>3</label><labelname>window</labelname><flag>1</flag></object><object><points><x>0.3252</x><x>0.41211</x><y>0.84505</y><y>0.93359</y></points><label>3</label><labelname>window</labelname><flag>1</flag></object><object><points><x>0.44238</x><x>0.53027</x><y>0.84375</y><y>0.93229</y></points><label>3</label><labelname>window</labelname><flag>1</flag></object><object><points><x>0.91406</x><x>0.96484</x><y>0.56901</y><y>0.63021</y></points><label>4</label><labelname>door</labelname><flag>1</flag></object><object><points><x>0.41309</x><x>0.44922</x><y>0.17188</y><y>0.25521</y></points><label>5</label><labelname>cornice</labelname><flag>1</flag></object><object><points><x>0.41504</x><x>0.44629</x><y>0.28516</y><y>0.36589</y></points><label>5</label><labelname>cornice</labelname><flag>1</flag></object><object><points><x>0.41602</x><x>0.44824</x><y>0.66406</y><y>0.74479</y></points><label>5</label><labelname>cornice</labelname><flag>1</flag></object><object><points><x>0.41602</x><x>0.44727</x><y>0.5612</y><y>0.64193</y></points><label>5</label><labelname>cornice</labelname><flag>1</flag></object><object><points><x>0.62695</x><x>0.66895</x><y>0.44271</y><y>0.51172</y></points><label>5</label><labelname>cornice</labelname><flag>1</flag></object><object><points><x>0.19141</x><x>0.21973</x><y>0.61328</y><y>0.70312</y></points><label>5</label><labelname>cornice</labelname><flag>1</flag></object><object><points><x>0.13867</x><x>0.19043</x><y>0.86849</y><y>0.97005</y></points><label>5</label><labelname>cornice</labelname><flag>1</flag></object><object><points><x>0.50391</x><x>0.52832</x><y>0.17057</y><y>0.25651</y></points><label>6</label><labelname>sill</labelname><flag>1</flag></object><object><points><x>0.50586</x><x>0.52539</x><y>0.28125</y><y>0.36328</y></points><label>6</label><labelname>sill</labelname><flag>1</flag></object><object><points><x>0.50684</x><x>0.52734</x><y>0.66536</y><y>0.7474</y></points><label>6</label><labelname>sill</labelname><flag>1</flag></object><object><points><x>0.50684</x><x>0.52734</x><y>0.5599</y><y>0.64062</y></points><label>6</label><labelname>sill</labelname><flag>1</flag></object><object><points><x>0.63086</x><x>0.64551</x><y>0.66667</y><y>0.74609</y></points><label>6</label><labelname>sill</labelname><flag>1</flag></object><object><points><x>0.62988</x><x>0.64453</x><y>0.5612</y><y>0.63932</y></points><label>6</label><labelname>sill</labelname><flag>1</flag></object><object><points><x>0.62891</x><x>0.64355</x><y>0.28255</y><y>0.36068</y></points><label>6</label><labelname>sill</labelname><flag>1</flag></object><object><points><x>0.63086</x><x>0.64648</x><y>0.17448</y><y>0.25391</y></points><label>6</label><labelname>sill</labelname><flag>1</flag></object><object><points><x>0.74707</x><x>0.77637</x><y>0.17318</y><y>0.2513</y></points><label>6</label><labelname>sill</labelname><flag>1</flag></object><object><points><x>0.74707</x><x>0.77637</x><y>0.27995</y><y>0.35938</y></points><label>6</label><labelname>sill</labelname><flag>1</flag></object><object><points><x>0.73926</x><x>0.76562</x><y>0.4401</y><y>0.51302</y></points><label>6</label><labelname>sill</labelname><flag>1</flag></object><object><points><x>0.74707</x><x>0.77344</x><y>0.66536</y><y>0.7474</y></points><label>6</label><labelname>sill</labelname><flag>1</flag></object><object><points><x>0.74707</x><x>0.77344</x><y>0.5625</y><y>0.64583</y></points><label>6</label><labelname>sill</labelname><flag>1</flag></object><object><points><x>0.87207</x><x>0.91309</x><y>0.67318</y><y>0.74089</y></points><label>6</label><labelname>sill</labelname><flag>1</flag></object><object><points><x>0.87207</x><x>0.91211</x><y>0.56641</y><y>0.63542</y></points><label>6</label><labelname>sill</labelname><flag>1</flag></object><object><points><x>0.25781</x><x>0.2666</x><y>0.63151</y><y>0.67839</y></points><label>6</label><labelname>sill</labelname><flag>1</flag></object><object><points><x>0.25977</x><x>0.26855</x><y>0.47135</y><y>0.51693</y></points><label>6</label><labelname>sill</labelname><flag>1</flag></object><object><points><x>0.25879</x><x>0.26758</x><y>0.40755</y><y>0.45443</y></points><label>6</label><labelname>sill</labelname><flag>1</flag></object><object><points><x>0.25488</x><x>0.26465</x><y>0.24609</y><y>0.28906</y></points><label>6</label><labelname>sill</labelname><flag>1</flag></object><object><points><x>0.37012</x><x>0.42383</x><y>0.84115</y><y>0.95833</y></points><label>7</label><labelname>balcony</labelname><flag>1</flag></object><object><points><x>0.49121</x><x>0.54492</x><y>0.83724</y><y>0.95443</y></points><label>7</label><labelname>balcony</labelname><flag>1</flag></object><object><points><x>0.28906</x><x>0.33203</x><y>0.40625</y><y>0.51823</y></points><label>9</label><labelname>deco</labelname><flag>1</flag></object><object><points><x>0.32227</x><x>0.39941</x><y>0.36979</y><y>0.40625</y></points><label>9</label><labelname>deco</labelname><flag>1</flag></object><object><points><x>0.32031</x><x>0.39941</x><y>0.2513</y><y>0.28776</y></points><label>9</label><labelname>deco</labelname><flag>1</flag></object><object><points><x>0.32422</x><x>0.40039</x><y>0.51823</y><y>0.55469</y></points><label>9</label><labelname>deco</labelname><flag>1</flag></object><object><points><x>0.32031</x><x>0.39941</x><y>0.63672</y><y>0.67448</y></points><label>9</label><labelname>deco</labelname><flag>1</flag></object><object><points><x>0.32129</x><x>0.40039</x><y>0.75521</y><y>0.78646</y></points><label>9</label><labelname>deco</labelname><flag>1</flag></object><object><points><x>0.32227</x><x>0.39844</x><y>0.13802</y><y>0.16927</y></points><label>9</label><labelname>deco</labelname><flag>1</flag></object><object><points><x>0.40137</x><x>0.48926</x><y>0.24349</y><y>0.29036</y></points><label>9</label><labelname>deco</labelname><flag>1</flag></object><object><points><x>0.40039</x><x>0.4873</x><y>0.63021</y><y>0.67578</y></points><label>9</label><labelname>deco</labelname><flag>1</flag></object><object><points><x>0.48633</x><x>0.54102</x><y>0.4401</y><y>0.51562</y></points><label>9</label><labelname>deco</labelname><flag>1</flag></object><object><points><x>0.39551</x><x>0.42676</x><y>0.4375</y><y>0.51953</y></points><label>9</label><labelname>deco</labelname><flag>1</flag></object><object><points><x>0.49609</x><x>0.5498</x><y>0.37891</y><y>0.41276</y></points><label>6</label><labelname>sill</labelname><flag>1</flag></object><object><points><x>0.49512</x><x>0.55371</x><y>0.52865</y><y>0.54557</y></points><label>6</label><labelname>sill</labelname><flag>1</flag></object><object><points><x>0.62012</x><x>0.64453</x><y>0.38281</y><y>0.41667</y></points><label>6</label><labelname>sill</labelname><flag>1</flag></object><object><points><x>0.61914</x><x>0.64844</x><y>0.52865</y><y>0.54557</y></points><label>6</label><labelname>sill</labelname><flag>1</flag></object><object><points><x>0.74609</x><x>0.77148</x><y>0.37891</y><y>0.41276</y></points><label>6</label><labelname>sill</labelname><flag>1</flag></object><object><points><x>0.74316</x><x>0.76855</x><y>0.52865</y><y>0.54818</y></points><label>6</label><labelname>sill</labelname><flag>1</flag></object><object><points><x>0.79883</x><x>0.83691</x><y>0.39714</y><y>0.4362</y></points><label>9</label><labelname>deco</labelname><flag>1</flag></object><object><points><x>0.79883</x><x>0.83594</x><y>0.50391</y><y>0.54297</y></points><label>9</label><labelname>deco</labelname><flag>1</flag></object><object><points><x>0.7666</x><x>0.79004</x><y>0.14323</y><y>0.78255</y></points><label>10</label><labelname>molding</labelname><flag>1</flag></object><object><points><x>0.27734</x><x>0.3252</x><y>0.13672</y><y>0.78125</y></points><label>10</label><labelname>molding</labelname><flag>1</flag></object><object><points><x>0.38867</x><x>0.40625</x><y>0.14193</y><y>0.78516</y></points><label>10</label><labelname>molding</labelname><flag>1</flag></object><object><points><x>0.86523</x><x>0.96387</x><y>0.50781</y><y>0.52865</y></points><label>11</label><labelname>pillar</labelname><flag>1</flag></object><object><points><x>0.86523</x><x>0.96387</x><y>0.40234</y><y>0.42318</y></points><label>11</label><labelname>pillar</labelname><flag>1</flag></object><object><points><x>0.83789</x><x>0.86523</x><y>0.39323</y><y>0.43229</y></points><label>11</label><labelname>pillar</labelname><flag>1</flag></object><object><points><x>0.83691</x><x>0.86426</x><y>0.4987</y><y>0.53776</y></points><label>11</label><labelname>pillar</labelname><flag>1</flag></object><object><points><x>0.87598</x><x>0.9082</x><y>0.17578</y><y>0.36458</y></points><label>12</label><labelname>shop</labelname><flag>1</flag></object><object><points><x>0.87207</x><x>0.88184</x><y>0.17969</y><y>0.2487</y></points><label>6</label><labelname>sill</labelname><flag>1</flag></object><object><points><x>0.87305</x><x>0.88184</x><y>0.28646</y><y>0.35547</y></points><label>6</label><labelname>sill</labelname><flag>1</flag></object><object><points><x>0.91309</x><x>0.96973</x><y>0.18359</y><y>0.24479</y></points><label>12</label><labelname>shop</labelname><flag>1</flag></object><object><points><x>0.91504</x><x>0.94629</x><y>0.14323</y><y>0.16797</y></points><label>12</label><labelname>shop</labelname><flag>1</flag></object><object><points><x>0.92383</x><x>0.9668</x><y>0.2487</y><y>0.28776</y></points><label>12</label><labelname>shop</labelname><flag>1</flag></object><object><points><x>0.91309</x><x>0.9668</x><y>0.28906</y><y>0.34896</y></points><label>12</label><labelname>shop</labelname><flag>1</flag></object><object><points><x>0.91602</x><x>0.9502</x><y>0.36589</y><y>0.39193</y></points><label>12</label><labelname>shop</labelname><flag>1</flag></object><object><points><x>0.875</x><x>0.9043</x><y>0.38672</y><y>0.41146</y></points><label>12</label><labelname>shop</labelname><flag>1</flag></object>