<object><points><x>0.39941</x><x>0.4502</x><y>0.19661</y><y>0.23177</y></points><label>3</label><labelname>window</labelname><flag>1</flag></object><object><points><x>0.39941</x><x>0.45117</x><y>0.29167</y><y>0.32812</y></points><label>3</label><labelname>window</labelname><flag>1</flag></object><object><points><x>0.5</x><x>0.55273</x><y>0.19661</y><y>0.23307</y></points><label>3</label><labelname>window</labelname><flag>1</flag></object><object><points><x>0.50098</x><x>0.55176</x><y>0.29167</y><y>0.32943</y></points><label>3</label><labelname>window</labelname><flag>1</flag></object><object><points><x>0.46191</x><x>0.49316</x><y>0.18229</y><y>0.2474</y></points><label>5</label><labelname>cornice</labelname><flag>1</flag></object><object><points><x>0.46094</x><x>0.49609</x><y>0.27865</y><y>0.34375</y></points><label>5</label><labelname>cornice</labelname><flag>1</flag></object><object><points><x>0.56543</x><x>0.60059</x><y>0.18359</y><y>0.2474</y></points><label>5</label><labelname>cornice</labelname><flag>1</flag></object><object><points><x>0.56445</x><x>0.60254</x><y>0.27995</y><y>0.34375</y></points><label>5</label><labelname>cornice</labelname><flag>1</flag></object><object><points><x>0.67676</x><x>0.71582</x><y>0.1888</y><y>0.24609</y></points><label>5</label><labelname>cornice</labelname><flag>1</flag></object><object><points><x>0.67383</x><x>0.71582</x><y>0.28255</y><y>0.34375</y></points><label>5</label><labelname>cornice</labelname><flag>1</flag></object><object><points><x>0.60547</x><x>0.66406</x><y>0.19792</y><y>0.23307</y></points><label>3</label><labelname>window</labelname><flag>1</flag></object><object><points><x>0.60547</x><x>0.66504</x><y>0.29297</y><y>0.32943</y></points><label>3</label><labelname>window</labelname><flag>1</flag></object><object><points><x>0.71289</x><x>0.77246</x><y>0.19922</y><y>0.23568</y></points><label>3</label><labelname>window</labelname><flag>1</flag></object><object><points><x>0.71289</x><x>0.77246</x><y>0.29427</y><y>0.33203</y></points><label>3</label><labelname>window</labelname><flag>1</flag></object><object><points><x>0.81934</x><x>0.84082</x><y>0.19141</y><y>0.29818</y></points><label>5</label><labelname>cornice</labelname><flag>1</flag></object><object><points><x>0.84473</x><x>0.86816</x><y>0.20312</y><y>0.28516</y></points><label>3</label><labelname>window</labelname><flag>1</flag></object><object><points><x>0.89062</x><x>0.98242</x><y>0.20312</y><y>0.28385</y></points><label>4</label><labelname>door</labelname><flag>1</flag></object><object><points><x>0.83398</x><x>0.89355</x><y>0.38281</y><y>0.41927</y></points><label>3</label><labelname>window</labelname><flag>1</flag></object><object><points><x>0.83398</x><x>0.89355</x><y>0.43229</y><y>0.46745</y></points><label>3</label><labelname>window</labelname><flag>1</flag></object><object><points><x>0.83398</x><x>0.89355</x><y>0.53125</y><y>0.56771</y></points><label>3</label><labelname>window</labelname><flag>1</flag></object><object><points><x>0.83398</x><x>0.89355</x><y>0.6276</y><y>0.66406</y></points><label>3</label><labelname>window</labelname><flag>1</flag></object><object><points><x>0.71289</x><x>0.77246</x><y>0.53125</y><y>0.57031</y></points><label>3</label><labelname>window</labelname><flag>1</flag></object><object><points><x>0.71387</x><x>0.77246</x><y>0.63151</y><y>0.66797</y></points><label>3</label><labelname>window</labelname><flag>1</flag></object><object><points><x>0.60449</x><x>0.66309</x><y>0.63021</y><y>0.66797</y></points><label>3</label><labelname>window</labelname><flag>1</flag></object><object><points><x>0.60645</x><x>0.66406</x><y>0.53125</y><y>0.56901</y></points><label>3</label><labelname>window</labelname><flag>1</flag></object><object><points><x>0.67676</x><x>0.71973</x><y>0.52083</y><y>0.58333</y></points><label>5</label><labelname>cornice</labelname><flag>1</flag></object><object><points><x>0.67578</x><x>0.71875</x><y>0.62109</y><y>0.68359</y></points><label>5</label><labelname>cornice</labelname><flag>1</flag></object><object><points><x>0.46094</x><x>0.49609</x><y>0.51693</y><y>0.58724</y></points><label>5</label><labelname>cornice</labelname><flag>1</flag></object><object><points><x>0.46094</x><x>0.49609</x><y>0.61719</y><y>0.6875</y></points><label>5</label><labelname>cornice</labelname><flag>1</flag></object><object><points><x>0.56543</x><x>0.60254</x><y>0.51693</y><y>0.58594</y></points><label>5</label><labelname>cornice</labelname><flag>1</flag></object><object><points><x>0.56641</x><x>0.60254</x><y>0.61719</y><y>0.6862</y></points><label>5</label><labelname>cornice</labelname><flag>1</flag></object><object><points><x>0.50098</x><x>0.55273</x><y>0.53125</y><y>0.56771</y></points><label>3</label><labelname>window</labelname><flag>1</flag></object><object><points><x>0.50098</x><x>0.55273</x><y>0.63151</y><y>0.66667</y></points><label>3</label><labelname>window</labelname><flag>1</flag></object><object><points><x>0.39941</x><x>0.45117</x><y>0.53125</y><y>0.56771</y></points><label>3</label><labelname>window</labelname><flag>1</flag></object><object><points><x>0.39941</x><x>0.45117</x><y>0.63151</y><y>0.66797</y></points><label>3</label><labelname>window</labelname><flag>1</flag></object><object><points><x>0.39941</x><x>0.4502</x><y>0.38151</y><y>0.41797</y></points><label>3</label><labelname>window</labelname><flag>1</flag></object><object><points><x>0.39941</x><x>0.4502</x><y>0.43229</y><y>0.46745</y></points><label>3</label><labelname>window</labelname><flag>1</flag></object><object><points><x>0.46094</x><x>0.49609</x><y>0.3724</y><y>0.48177</y></points><label>5</label><labelname>cornice</labelname><flag>1</flag></object><object><points><x>0.50098</x><x>0.5332</x><y>0.38151</y><y>0.41797</y></points><label>3</label><labelname>window</labelname><flag>1</flag></object><object><points><x>0.50098</x><x>0.52637</x><y>0.43099</y><y>0.46745</y></points><label>3</label><labelname>window</labelname><flag>1</flag></object><object><points><x>0.58496</x><x>0.64746</x><y>0.43359</y><y>0.47135</y></points><label>3</label><labelname>window</labelname><flag>1</flag></object><object><points><x>0.7002</x><x>0.76367</x><y>0.43359</y><y>0.47135</y></points><label>3</label><labelname>window</labelname><flag>1</flag></object><object><points><x>0.60059</x><x>0.65527</x><y>0.38021</y><y>0.39714</y></points><label>3</label><labelname>window</labelname><flag>1</flag></object><object><points><x>0.71484</x><x>0.7666</x><y>0.38021</y><y>0.39714</y></points><label>3</label><labelname>window</labelname><flag>1</flag></object><object><points><x>0.33496</x><x>0.99219</x><y>0.17188</y><y>0.69531</y></points><label>2</label><labelname>facade</labelname><flag>1</flag></object><object><points><x>0.64941</x><x>0.67383</x><y>0.42318</y><y>0.48307</y></points><label>5</label><labelname>cornice</labelname><flag>1</flag></object><object><points><x>0.46777</x><x>0.52051</x><y>0.10156</y><y>0.13672</y></points><label>3</label><labelname>window</labelname><flag>1</flag></object><object><points><x>0.46777</x><x>0.52051</x><y>0.018229</y><y>0.053385</y></points><label>3</label><labelname>window</labelname><flag>1</flag></object><object><points><x>0.36621</x><x>0.41699</x><y>0.10156</y><y>0.13542</y></points><label>3</label><labelname>window</labelname><flag>1</flag></object><object><points><x>0.56934</x><x>0.62793</x><y>0.10156</y><y>0.13802</y></points><label>3</label><labelname>window</labelname><flag>1</flag></object><object><points><x>0.67578</x><x>0.73438</x><y>0.10286</y><y>0.13932</y></points><label>3</label><labelname>window</labelname><flag>1</flag></object><object><points><x>0.39844</x><x>0.45117</x><y>0.73698</y><y>0.77344</y></points><label>3</label><labelname>window</labelname><flag>1</flag></object><object><points><x>0.39844</x><x>0.45117</x><y>0.80729</y><y>0.84375</y></points><label>3</label><labelname>window</labelname><flag>1</flag></object><object><points><x>0.51074</x><x>0.56738</x><y>0.73568</y><y>0.77344</y></points><label>3</label><labelname>window</labelname><flag>1</flag></object><object><points><x>0.51074</x><x>0.56738</x><y>0.80339</y><y>0.84115</y></points><label>3</label><labelname>window</labelname><flag>1</flag></object><object><points><x>0.51074</x><x>0.56738</x><y>0.80339</y><y>0.84115</y></points><label>3</label><labelname>window</labelname><flag>1</flag></object><object><points><x>0.62695</x><x>0.68359</x><y>0.73307</y><y>0.77083</y></points><label>3</label><labelname>window</labelname><flag>1</flag></object><object><points><x>0.62695</x><x>0.68359</x><y>0.80078</y><y>0.83854</y></points><label>3</label><labelname>window</labelname><flag>1</flag></object><object><points><x>0.74121</x><x>0.79883</x><y>0.73177</y><y>0.76953</y></points><label>3</label><labelname>window</labelname><flag>1</flag></object><object><points><x>0.74121</x><x>0.79883</x><y>0.79948</y><y>0.83594</y></points><label>3</label><labelname>window</labelname><flag>1</flag></object><object><points><x>0.85352</x><x>0.91016</x><y>0.72917</y><y>0.76562</y></points><label>3</label><labelname>window</labelname><flag>1</flag></object><object><points><x>0.55078</x><x>0.56738</x><y>0.084635</y><y>0.15625</y></points><label>5</label><labelname>cornice</labelname><flag>1</flag></object><object><points><x>0.65234</x><x>0.66602</x><y>0.084635</y><y>0.15625</y></points><label>5</label><labelname>cornice</labelname><flag>1</flag></object><object><points><x>0.4873</x><x>0.50977</x><y>0.72135</y><y>0.78906</y></points><label>5</label><labelname>cornice</labelname><flag>1</flag></object><object><points><x>0.48633</x><x>0.50781</x><y>0.79167</y><y>0.85938</y></points><label>5</label><labelname>cornice</labelname><flag>1</flag></object><object><points><x>0.60254</x><x>0.62402</x><y>0.71745</y><y>0.78516</y></points><label>5</label><labelname>cornice</labelname><flag>1</flag></object><object><points><x>0.60156</x><x>0.62305</x><y>0.78906</y><y>0.85677</y></points><label>5</label><labelname>cornice</labelname><flag>1</flag></object><object><points><x>0.37012</x><x>0.39844</x><y>0.51432</y><y>0.58594</y></points><label>5</label><labelname>cornice</labelname><flag>1</flag></object><object><points><x>0.37207</x><x>0.40039</x><y>0.61328</y><y>0.6849</y></points><label>5</label><labelname>cornice</labelname><flag>1</flag></object><object><points><x>0.37305</x><x>0.40137</x><y>0.27474</y><y>0.34635</y></points><label>5</label><labelname>cornice</labelname><flag>1</flag></object><object><points><x>0.37305</x><x>0.40137</x><y>0.17839</y><y>0.25</y></points><label>5</label><labelname>cornice</labelname><flag>1</flag></object><object><points><x>0.36914</x><x>0.4043</x><y>0.36458</y><y>0.48828</y></points><label>5</label><labelname>cornice</labelname><flag>1</flag></object><object><points><x>0.55176</x><x>0.56152</x><y>0.19141</y><y>0.23958</y></points><label>6</label><labelname>sill</labelname><flag>1</flag></object><object><points><x>0.55176</x><x>0.56055</x><y>0.28646</y><y>0.33594</y></points><label>6</label><labelname>sill</labelname><flag>1</flag></object><object><points><x>0.55273</x><x>0.56152</x><y>0.6263</y><y>0.67448</y></points><label>6</label><labelname>sill</labelname><flag>1</flag></object><object><points><x>0.55176</x><x>0.56152</x><y>0.52604</y><y>0.57422</y></points><label>6</label><labelname>sill</labelname><flag>1</flag></object><object><points><x>0.66309</x><x>0.6748</x><y>0.1849</y><y>0.25</y></points><label>6</label><labelname>sill</labelname><flag>1</flag></object><object><points><x>0.66211</x><x>0.6748</x><y>0.27995</y><y>0.34505</y></points><label>6</label><labelname>sill</labelname><flag>1</flag></object><object><points><x>0.66113</x><x>0.67383</x><y>0.51693</y><y>0.58333</y></points><label>6</label><labelname>sill</labelname><flag>1</flag></object><object><points><x>0.66211</x><x>0.6748</x><y>0.61458</y><y>0.68099</y></points><label>6</label><labelname>sill</labelname><flag>1</flag></object><object><points><x>0.77148</x><x>0.7959</x><y>0.1901</y><y>0.2474</y></points><label>6</label><labelname>sill</labelname><flag>1</flag></object><object><points><x>0.77246</x><x>0.79688</x><y>0.28385</y><y>0.34115</y></points><label>6</label><labelname>sill</labelname><flag>1</flag></object><object><points><x>0.77344</x><x>0.79492</x><y>0.62109</y><y>0.67969</y></points><label>6</label><labelname>sill</labelname><flag>1</flag></object><object><points><x>0.77344</x><x>0.79492</x><y>0.52344</y><y>0.58073</y></points><label>6</label><labelname>sill</labelname><flag>1</flag></object><object><points><x>0.7627</x><x>0.78613</x><y>0.42188</y><y>0.48568</y></points><label>6</label><labelname>sill</labelname><flag>1</flag></object><object><points><x>0.76367</x><x>0.79102</x><y>0.36849</y><y>0.40625</y></points><label>6</label><labelname>sill</labelname><flag>1</flag></object><object><points><x>0.41309</x><x>0.42676</x><y>0.013021</y><y>0.057292</y></points><label>6</label><labelname>sill</labelname><flag>1</flag></object><object><points><x>0.41406</x><x>0.42773</x><y>0.097656</y><y>0.14193</y></points><label>6</label><labelname>sill</labelname><flag>1</flag></object><object><points><x>0.62598</x><x>0.65332</x><y>0.088542</y><y>0.15234</y></points><label>6</label><labelname>sill</labelname><flag>1</flag></object><object><points><x>0.73242</x><x>0.74902</x><y>0.089844</y><y>0.15234</y></points><label>6</label><labelname>sill</labelname><flag>1</flag></object><object><points><x>0.56641</x><x>0.58594</x><y>0.72005</y><y>0.78776</y></points><label>6</label><labelname>sill</labelname><flag>1</flag></object><object><points><x>0.56641</x><x>0.58496</x><y>0.78906</y><y>0.85807</y></points><label>6</label><labelname>sill</labelname><flag>1</flag></object><object><points><x>0.68262</x><x>0.70996</x><y>0.72135</y><y>0.78255</y></points><label>6</label><labelname>sill</labelname><flag>1</flag></object><object><points><x>0.68359</x><x>0.71094</x><y>0.78906</y><y>0.84896</y></points><label>6</label><labelname>sill</labelname><flag>1</flag></object><object><points><x>0.79688</x><x>0.82422</x><y>0.72005</y><y>0.77995</y></points><label>6</label><labelname>sill</labelname><flag>1</flag></object><object><points><x>0.91016</x><x>0.9375</x><y>0.72266</y><y>0.77344</y></points><label>6</label><labelname>sill</labelname><flag>1</flag></object><object><points><x>0.94727</x><x>0.99023</x><y>0.41016</y><y>0.47135</y></points><label>3</label><labelname>window</labelname><flag>1</flag></object><object><points><x>0.94824</x><x>0.99121</x><y>0.57161</y><y>0.6276</y></points><label>3</label><labelname>window</labelname><flag>1</flag></object><object><points><x>0.33691</x><x>0.37988</x><y>0.71875</y><y>0.73438</y></points><label>9</label><labelname>deco</labelname><flag>1</flag></object><object><points><x>0.33496</x><x>0.37793</x><y>0.75391</y><y>0.76953</y></points><label>9</label><labelname>deco</labelname><flag>1</flag></object><object><points><x>0.33496</x><x>0.37793</x><y>0.78776</y><y>0.80339</y></points><label>9</label><labelname>deco</labelname><flag>1</flag></object><object><points><x>0.33496</x><x>0.37793</x><y>0.82292</y><y>0.83984</y></points><label>9</label><labelname>deco</labelname><flag>1</flag></object><object><points><x>0.33398</x><x>0.37695</x><y>0.86198</y><y>0.8776</y></points><label>9</label><labelname>deco</labelname><flag>1</flag></object><object><points><x>0.38086</x><x>0.39844</x><y>0.7487</y><y>0.76953</y></points><label>9</label><labelname>deco</labelname><flag>1</flag></object><object><points><x>0.38184</x><x>0.39844</x><y>0.81901</y><y>0.83854</y></points><label>9</label><labelname>deco</labelname><flag>1</flag></object><object><points><x>0.33691</x><x>0.37109</x><y>0.17318</y><y>0.6901</y></points><label>10</label><labelname>molding</labelname><flag>1</flag></object><object><points><x>0.44824</x><x>0.46777</x><y>0.17448</y><y>0.69271</y></points><label>10</label><labelname>molding</labelname><flag>1</flag></object><object><points><x>0.77148</x><x>0.80859</x><y>0.17839</y><y>0.69141</y></points><label>10</label><labelname>molding</labelname><flag>1</flag></object>