<object><points><x>0.21545</x><x>0.85772</x><y>0.046541</y><y>0.99119</y></points><label>2</label><labelname>facade</labelname><flag>1</flag></object><object><points><x>0.27033</x><x>0.34959</x><y>0.061635</y><y>0.08805</y></points><label>3</label><labelname>window</labelname><flag>1</flag></object><object><points><x>0.27236</x><x>0.34959</x><y>0.098113</y><y>0.12453</y></points><label>3</label><labelname>window</labelname><flag>1</flag></object><object><points><x>0.27033</x><x>0.34756</x><y>0.13711</y><y>0.16352</y></points><label>3</label><labelname>window</labelname><flag>1</flag></object><object><points><x>0.26829</x><x>0.34553</x><y>0.1761</y><y>0.20252</y></points><label>3</label><labelname>window</labelname><flag>1</flag></object><object><points><x>0.26829</x><x>0.34553</x><y>0.21509</y><y>0.24025</y></points><label>3</label><labelname>window</labelname><flag>1</flag></object><object><points><x>0.26626</x><x>0.3435</x><y>0.25283</y><y>0.27799</y></points><label>3</label><labelname>window</labelname><flag>1</flag></object><object><points><x>0.26626</x><x>0.3435</x><y>0.28931</y><y>0.31572</y></points><label>3</label><labelname>window</labelname><flag>1</flag></object><object><points><x>0.26626</x><x>0.3435</x><y>0.32956</y><y>0.35597</y></points><label>3</label><labelname>window</labelname><flag>1</flag></object><object><points><x>0.26423</x><x>0.34146</x><y>0.3673</y><y>0.39371</y></points><label>3</label><labelname>window</labelname><flag>1</flag></object><object><points><x>0.26423</x><x>0.34146</x><y>0.40503</y><y>0.43145</y></points><label>3</label><labelname>window</labelname><flag>1</flag></object><object><points><x>0.26423</x><x>0.34146</x><y>0.44277</y><y>0.46918</y></points><label>3</label><labelname>window</labelname><flag>1</flag></object><object><points><x>0.26423</x><x>0.34146</x><y>0.47925</y><y>0.50566</y></points><label>3</label><labelname>window</labelname><flag>1</flag></object><object><points><x>0.2622</x><x>0.33943</x><y>0.55723</y><y>0.58239</y></points><label>3</label><labelname>window</labelname><flag>1</flag></object><object><points><x>0.26423</x><x>0.34146</x><y>0.59119</y><y>0.61761</y></points><label>3</label><labelname>window</labelname><flag>1</flag></object><object><points><x>0.26423</x><x>0.34146</x><y>0.62767</y><y>0.65409</y></points><label>3</label><labelname>window</labelname><flag>1</flag></object><object><points><x>0.2622</x><x>0.33943</x><y>0.66541</y><y>0.69057</y></points><label>3</label><labelname>window</labelname><flag>1</flag></object><object><points><x>0.26423</x><x>0.33943</x><y>0.70063</y><y>0.72579</y></points><label>3</label><labelname>window</labelname><flag>1</flag></object><object><points><x>0.26423</x><x>0.34146</x><y>0.73585</y><y>0.76226</y></points><label>3</label><labelname>window</labelname><flag>1</flag></object><object><points><x>0.26423</x><x>0.33943</x><y>0.77107</y><y>0.79748</y></points><label>3</label><labelname>window</labelname><flag>1</flag></object><object><points><x>0.26423</x><x>0.34146</x><y>0.80881</y><y>0.83396</y></points><label>3</label><labelname>window</labelname><flag>1</flag></object><object><points><x>0.26423</x><x>0.34146</x><y>0.84403</y><y>0.87044</y></points><label>3</label><labelname>window</labelname><flag>1</flag></object><object><points><x>0.26423</x><x>0.33943</x><y>0.8805</y><y>0.90566</y></points><label>3</label><labelname>window</labelname><flag>1</flag></object><object><points><x>0.26626</x><x>0.3435</x><y>0.91572</y><y>0.94214</y></points><label>3</label><labelname>window</labelname><flag>1</flag></object><object><points><x>0.26626</x><x>0.3435</x><y>0.9522</y><y>0.97862</y></points><label>3</label><labelname>window</labelname><flag>1</flag></object><object><points><x>0.45122</x><x>0.52846</x><y>0.096855</y><y>0.12704</y></points><label>3</label><labelname>window</labelname><flag>1</flag></object><object><points><x>0.45325</x><x>0.53049</x><y>0.060377</y><y>0.090566</y></points><label>3</label><labelname>window</labelname><flag>1</flag></object><object><points><x>0.45122</x><x>0.52846</x><y>0.13585</y><y>0.16604</y></points><label>3</label><labelname>window</labelname><flag>1</flag></object><object><points><x>0.44919</x><x>0.52642</x><y>0.17233</y><y>0.20377</y></points><label>3</label><labelname>window</labelname><flag>1</flag></object><object><points><x>0.44715</x><x>0.52439</x><y>0.21132</y><y>0.24277</y></points><label>3</label><labelname>window</labelname><flag>1</flag></object><object><points><x>0.44919</x><x>0.52439</x><y>0.24906</y><y>0.27799</y></points><label>3</label><labelname>window</labelname><flag>1</flag></object><object><points><x>0.44919</x><x>0.52236</x><y>0.28805</y><y>0.31698</y></points><label>3</label><labelname>window</labelname><flag>1</flag></object><object><points><x>0.44919</x><x>0.52439</x><y>0.32704</y><y>0.35472</y></points><label>3</label><labelname>window</labelname><flag>1</flag></object><object><points><x>0.44919</x><x>0.52236</x><y>0.36478</y><y>0.39245</y></points><label>3</label><labelname>window</labelname><flag>1</flag></object><object><points><x>0.44919</x><x>0.52236</x><y>0.40252</y><y>0.43019</y></points><label>3</label><labelname>window</labelname><flag>1</flag></object><object><points><x>0.44715</x><x>0.52236</x><y>0.44025</y><y>0.46792</y></points><label>3</label><labelname>window</labelname><flag>1</flag></object><object><points><x>0.44715</x><x>0.52033</x><y>0.47799</y><y>0.50692</y></points><label>3</label><labelname>window</labelname><flag>1</flag></object><object><points><x>0.47154</x><x>0.53252</x><y>0.54843</y><y>0.56226</y></points><label>3</label><labelname>window</labelname><flag>1</flag></object><object><points><x>0.46748</x><x>0.52846</x><y>0.57107</y><y>0.58491</y></points><label>3</label><labelname>window</labelname><flag>1</flag></object><object><points><x>0.46341</x><x>0.52236</x><y>0.59497</y><y>0.61132</y></points><label>3</label><labelname>window</labelname><flag>1</flag></object><object><points><x>0.45732</x><x>0.52236</x><y>0.65409</y><y>0.67547</y></points><label>3</label><labelname>window</labelname><flag>1</flag></object><object><points><x>0.45732</x><x>0.52236</x><y>0.68428</y><y>0.70692</y></points><label>3</label><labelname>window</labelname><flag>1</flag></object><object><points><x>0.45528</x><x>0.52033</x><y>0.71572</y><y>0.73459</y></points><label>3</label><labelname>window</labelname><flag>1</flag></object><object><points><x>0.45935</x><x>0.52439</x><y>0.80629</y><y>0.82642</y></points><label>3</label><labelname>window</labelname><flag>1</flag></object><object><points><x>0.45935</x><x>0.52439</x><y>0.77736</y><y>0.79623</y></points><label>3</label><labelname>window</labelname><flag>1</flag></object><object><points><x>0.46138</x><x>0.52439</x><y>0.88302</y><y>0.91572</y></points><label>3</label><labelname>window</labelname><flag>1</flag></object><object><points><x>0.45732</x><x>0.52033</x><y>0.9283</y><y>0.96101</y></points><label>3</label><labelname>window</labelname><flag>1</flag></object><object><points><x>0.62398</x><x>0.64634</x><y>0.096855</y><y>0.12704</y></points><label>3</label><labelname>window</labelname><flag>1</flag></object><object><points><x>0.62398</x><x>0.64634</x><y>0.13459</y><y>0.16478</y></points><label>3</label><labelname>window</labelname><flag>1</flag></object><object><points><x>0.62398</x><x>0.64431</x><y>0.17233</y><y>0.20252</y></points><label>3</label><labelname>window</labelname><flag>1</flag></object><object><points><x>0.62398</x><x>0.64634</x><y>0.21132</y><y>0.24151</y></points><label>3</label><labelname>window</labelname><flag>1</flag></object><object><points><x>0.62398</x><x>0.64431</x><y>0.2478</y><y>0.27799</y></points><label>3</label><labelname>window</labelname><flag>1</flag></object><object><points><x>0.62398</x><x>0.64634</x><y>0.28428</y><y>0.31447</y></points><label>3</label><labelname>window</labelname><flag>1</flag></object><object><points><x>0.62195</x><x>0.64431</x><y>0.32704</y><y>0.35723</y></points><label>3</label><labelname>window</labelname><flag>1</flag></object><object><points><x>0.62195</x><x>0.64431</x><y>0.36226</y><y>0.39245</y></points><label>3</label><labelname>window</labelname><flag>1</flag></object><object><points><x>0.62195</x><x>0.64228</x><y>0.40126</y><y>0.43019</y></points><label>3</label><labelname>window</labelname><flag>1</flag></object><object><points><x>0.62195</x><x>0.64228</x><y>0.44025</y><y>0.46918</y></points><label>3</label><labelname>window</labelname><flag>1</flag></object><object><points><x>0.62195</x><x>0.64431</x><y>0.47673</y><y>0.50692</y></points><label>3</label><labelname>window</labelname><flag>1</flag></object><object><points><x>0.60976</x><x>0.63415</x><y>0.62893</y><y>0.65912</y></points><label>3</label><labelname>window</labelname><flag>1</flag></object><object><points><x>0.61382</x><x>0.63821</x><y>0.59245</y><y>0.61132</y></points><label>3</label><labelname>window</labelname><flag>1</flag></object><object><points><x>0.61382</x><x>0.63821</x><y>0.56855</y><y>0.58616</y></points><label>3</label><labelname>window</labelname><flag>1</flag></object><object><points><x>0.61789</x><x>0.64024</x><y>0.54465</y><y>0.56352</y></points><label>3</label><labelname>window</labelname><flag>1</flag></object><object><points><x>0.61179</x><x>0.63618</x><y>0.66667</y><y>0.69686</y></points><label>3</label><labelname>window</labelname><flag>1</flag></object><object><points><x>0.60976</x><x>0.63415</x><y>0.7044</y><y>0.73459</y></points><label>3</label><labelname>window</labelname><flag>1</flag></object><object><points><x>0.60976</x><x>0.63415</x><y>0.7434</y><y>0.77358</y></points><label>3</label><labelname>window</labelname><flag>1</flag></object><object><points><x>0.60976</x><x>0.63415</x><y>0.78113</y><y>0.81132</y></points><label>3</label><labelname>window</labelname><flag>1</flag></object><object><points><x>0.60976</x><x>0.63415</x><y>0.81887</y><y>0.84906</y></points><label>3</label><labelname>window</labelname><flag>1</flag></object><object><points><x>0.60976</x><x>0.63415</x><y>0.85786</y><y>0.88805</y></points><label>3</label><labelname>window</labelname><flag>1</flag></object><object><points><x>0.60976</x><x>0.63415</x><y>0.89434</y><y>0.92453</y></points><label>3</label><labelname>window</labelname><flag>1</flag></object><object><points><x>0.60976</x><x>0.63415</x><y>0.93082</y><y>0.96101</y></points><label>3</label><labelname>window</labelname><flag>1</flag></object><object><points><x>0.45122</x><x>0.53049</x><y>0.059119</y><y>0.091824</y></points><label>8</label><labelname>blind</labelname><flag>1</flag></object><object><points><x>0.44919</x><x>0.50203</x><y>0.09434</y><y>0.1283</y></points><label>8</label><labelname>blind</labelname><flag>1</flag></object><object><points><x>0.44919</x><x>0.50203</x><y>0.13585</y><y>0.16855</y></points><label>8</label><labelname>blind</labelname><flag>1</flag></object><object><points><x>0.44919</x><x>0.52236</x><y>0.28805</y><y>0.31447</y></points><label>8</label><labelname>blind</labelname><flag>1</flag></object><object><points><x>0.44309</x><x>0.47764</x><y>0.4</y><y>0.43396</y></points><label>8</label><labelname>blind</labelname><flag>1</flag></object><object><points><x>0.44512</x><x>0.47967</x><y>0.43899</y><y>0.47296</y></points><label>8</label><labelname>blind</labelname><flag>1</flag></object><object><points><x>0.44309</x><x>0.46138</x><y>0.36226</y><y>0.39623</y></points><label>8</label><labelname>blind</labelname><flag>1</flag></object><object><points><x>0.44512</x><x>0.46138</x><y>0.32453</y><y>0.35849</y></points><label>8</label><labelname>blind</labelname><flag>1</flag></object><object><points><x>0.2622</x><x>0.31301</x><y>0.66164</y><y>0.69308</y></points><label>8</label><labelname>blind</labelname><flag>1</flag></object><object><points><x>0.26016</x><x>0.31301</x><y>0.69937</y><y>0.73082</y></points><label>8</label><labelname>blind</labelname><flag>1</flag></object><object><points><x>0.2622</x><x>0.31301</x><y>0.73333</y><y>0.76604</y></points><label>8</label><labelname>blind</labelname><flag>1</flag></object><object><points><x>0.2622</x><x>0.31301</x><y>0.77107</y><y>0.80252</y></points><label>8</label><labelname>blind</labelname><flag>1</flag></object><object><points><x>0.2622</x><x>0.34553</x><y>0.94843</y><y>0.97987</y></points><label>8</label><labelname>blind</labelname><flag>1</flag></object><object><points><x>0.16667</x><x>0.20732</x><y>0.093082</y><y>0.11069</y></points><label>3</label><labelname>window</labelname><flag>1</flag></object><object><points><x>0.17276</x><x>0.21138</x><y>0.1522</y><y>0.16855</y></points><label>3</label><labelname>window</labelname><flag>1</flag></object><object><points><x>0.17683</x><x>0.21341</x><y>0.21384</y><y>0.23019</y></points><label>3</label><labelname>window</labelname><flag>1</flag></object><object><points><x>0.17683</x><x>0.21341</x><y>0.27044</y><y>0.28805</y></points><label>3</label><labelname>window</labelname><flag>1</flag></object><object><points><x>0.36789</x><x>0.5813</x><y>0.74214</y><y>0.81006</y></points><label>9</label><labelname>deco</labelname><flag>1</flag></object>