<object><points><x>0.0039331</x><x>0.99803</x><y>0.0019531</y><y>0.99902</y></points><label>2</label><labelname>facade</labelname><flag>1</flag></object><object><points><x>0.10718</x><x>0.235</x><y>0.099609</y><y>0.15039</y></points><label>3</label><labelname>window</labelname><flag>1</flag></object><object><points><x>0.10226</x><x>0.23009</x><y>0.23535</y><y>0.28613</y></points><label>3</label><labelname>window</labelname><flag>1</flag></object><object><points><x>0.098328</x><x>0.23697</x><y>0.16797</y><y>0.21875</y></points><label>3</label><labelname>window</labelname><flag>1</flag></object><object><points><x>0.10914</x><x>0.2409</x><y>0.81055</y><y>0.88379</y></points><label>3</label><labelname>window</labelname><flag>1</flag></object><object><points><x>0.11504</x><x>0.2468</x><y>0.72266</y><y>0.79688</y></points><label>3</label><labelname>window</labelname><flag>1</flag></object><object><points><x>0.12783</x><x>0.25172</x><y>0.55957</y><y>0.62402</y></points><label>3</label><labelname>window</labelname><flag>1</flag></object><object><points><x>0.13274</x><x>0.25762</x><y>0.47754</y><y>0.54199</y></points><label>3</label><labelname>window</labelname><flag>1</flag></object><object><points><x>0.33825</x><x>0.48968</x><y>0.097656</y><y>0.14941</y></points><label>3</label><labelname>window</labelname><flag>1</flag></object><object><points><x>0.3353</x><x>0.48673</x><y>0.16406</y><y>0.21582</y></points><label>3</label><labelname>window</labelname><flag>1</flag></object><object><points><x>0.33235</x><x>0.48181</x><y>0.22852</y><y>0.28516</y></points><label>3</label><labelname>window</labelname><flag>1</flag></object><object><points><x>0.35792</x><x>0.49066</x><y>0.73145</y><y>0.80078</y></points><label>3</label><labelname>window</labelname><flag>1</flag></object><object><points><x>0.35792</x><x>0.49066</x><y>0.81738</y><y>0.88574</y></points><label>3</label><labelname>window</labelname><flag>1</flag></object><object><points><x>0.37168</x><x>0.50442</x><y>0.47461</y><y>0.54297</y></points><label>3</label><labelname>window</labelname><flag>1</flag></object><object><points><x>0.36775</x><x>0.50737</x><y>0.55859</y><y>0.62598</y></points><label>3</label><labelname>window</labelname><flag>1</flag></object><object><points><x>0.60964</x><x>0.7178</x><y>0.4707</y><y>0.61914</y></points><label>3</label><labelname>window</labelname><flag>1</flag></object><object><points><x>0.60275</x><x>0.71583</x><y>0.7334</y><y>0.88867</y></points><label>3</label><labelname>window</labelname><flag>1</flag></object><object><points><x>0.60767</x><x>0.71583</x><y>0.26953</y><y>0.35938</y></points><label>3</label><labelname>window</labelname><flag>1</flag></object><object><points><x>0.60964</x><x>0.71681</x><y>0.16504</y><y>0.25293</y></points><label>3</label><labelname>window</labelname><flag>1</flag></object><object><points><x>0.6116</x><x>0.71485</x><y>0.066406</y><y>0.15039</y></points><label>3</label><labelname>window</labelname><flag>1</flag></object><object><points><x>0.81416</x><x>0.9941</x><y>0.18945</y><y>0.27246</y></points><label>4</label><labelname>door</labelname><flag>1</flag></object><object><points><x>0.72173</x><x>0.77483</x><y>0.46777</y><y>0.625</y></points><label>6</label><labelname>sill</labelname><flag>1</flag></object><object><points><x>0.71681</x><x>0.77188</x><y>0.73242</y><y>0.89258</y></points><label>6</label><labelname>sill</labelname><flag>1</flag></object><object><points><x>0.71681</x><x>0.75615</x><y>0.063477</y><y>0.15234</y></points><label>6</label><labelname>sill</labelname><flag>1</flag></object><object><points><x>0.71878</x><x>0.75713</x><y>0.16797</y><y>0.25684</y></points><label>6</label><labelname>sill</labelname><flag>1</flag></object><object><points><x>0.71976</x><x>0.75811</x><y>0.27148</y><y>0.36035</y></points><label>6</label><labelname>sill</labelname><flag>1</flag></object><object><points><x>0.45624</x><x>0.56539</x><y>0.39551</y><y>0.99316</y></points><label>7</label><labelname>balcony</labelname><flag>1</flag></object><object><points><x>0.20944</x><x>0.32743</x><y>0.39746</y><y>0.68848</y></points><label>7</label><labelname>balcony</labelname><flag>1</flag></object><object><points><x>0.33825</x><x>0.39528</x><y>0.23633</y><y>0.28418</y></points><label>8</label><labelname>blind</labelname><flag>1</flag></object><object><points><x>0.37266</x><x>0.49754</x><y>0.47949</y><y>0.54102</y></points><label>8</label><labelname>blind</labelname><flag>1</flag></object><object><points><x>0.37168</x><x>0.39823</x><y>0.5625</y><y>0.62305</y></points><label>8</label><labelname>blind</labelname><flag>1</flag></object><object><points><x>0.36087</x><x>0.3884</x><y>0.7334</y><y>0.79688</y></points><label>8</label><labelname>blind</labelname><flag>1</flag></object><object><points><x>0.36087</x><x>0.48869</x><y>0.81934</y><y>0.88477</y></points><label>8</label><labelname>blind</labelname><flag>1</flag></object><object><points><x>0.020649</x><x>0.10324</x><y>0.68262</y><y>0.9248</y></points><label>9</label><labelname>deco</labelname><flag>1</flag></object><object><points><x>0.26745</x><x>0.36185</x><y>0.058594</y><y>0.32227</y></points><label>9</label><labelname>deco</labelname><flag>1</flag></object><object><points><x>0.55064</x><x>0.60472</x><y>0.0048828</y><y>0.40527</y></points><label>5</label><labelname>cornice</labelname><flag>1</flag></object><object><points><x>0.81711</x><x>0.9941</x><y>0.46191</y><y>0.64746</y></points><label>12</label><labelname>shop</labelname><flag>1</flag></object><object><points><x>0.81711</x><x>0.9941</x><y>0.71973</y><y>0.90527</y></points><label>12</label><labelname>shop</labelname><flag>1</flag></object><object><points><x>0.81908</x><x>0.9941</x><y>0.29785</y><y>0.37695</y></points><label>12</label><labelname>shop</labelname><flag>1</flag></object><object><points><x>0.81416</x><x>0.98918</x><y>0.089844</y><y>0.16895</y></points><label>12</label><labelname>shop</labelname><flag>1</flag></object><object><points><x>0.77483</x><x>0.81219</x><y>0.20215</y><y>0.24219</y></points><label>12</label><labelname>shop</labelname><flag>1</flag></object><object><points><x>0.78958</x><x>0.80039</x><y>0.083984</y><y>0.12988</y></points><label>12</label><labelname>shop</labelname><flag>1</flag></object>