<object><points><x>0.2971</x><x>0.95411</x><y>0.53539</y><y>0.91107</y></points><label>2</label><labelname>facade</labelname><flag>1</flag></object><object><points><x>0.47826</x><x>0.96135</x><y>0.20508</y><y>0.53358</y></points><label>2</label><labelname>facade</labelname><flag>1</flag></object><object><points><x>0.65217</x><x>0.73188</x><y>0.80218</y><y>0.82214</y></points><label>3</label><labelname>window</labelname><flag>1</flag></object><object><points><x>0.65217</x><x>0.72947</x><y>0.82577</y><y>0.84574</y></points><label>3</label><labelname>window</labelname><flag>1</flag></object><object><points><x>0.64976</x><x>0.72947</x><y>0.84936</y><y>0.86933</y></points><label>3</label><labelname>window</labelname><flag>1</flag></object><object><points><x>0.657</x><x>0.73188</x><y>0.72958</y><y>0.74592</y></points><label>3</label><labelname>window</labelname><flag>1</flag></object><object><points><x>0.65942</x><x>0.7343</x><y>0.7078</y><y>0.72232</y></points><label>3</label><labelname>window</labelname><flag>1</flag></object><object><points><x>0.65942</x><x>0.73671</x><y>0.62795</y><y>0.64791</y></points><label>3</label><labelname>window</labelname><flag>1</flag></object><object><points><x>0.66184</x><x>0.73913</x><y>0.60254</y><y>0.6225</y></points><label>3</label><labelname>window</labelname><flag>1</flag></object><object><points><x>0.66184</x><x>0.73913</x><y>0.57713</y><y>0.5971</y></points><label>3</label><labelname>window</labelname><flag>1</flag></object><object><points><x>0.02657</x><x>0.094203</x><y>0.15789</y><y>0.17423</y></points><label>3</label><labelname>window</labelname><flag>1</flag></object><object><points><x>0.021739</x><x>0.086957</x><y>0.22505</y><y>0.24319</y></points><label>3</label><labelname>window</labelname><flag>1</flag></object><object><points><x>0.019324</x><x>0.084541</x><y>0.29038</y><y>0.31216</y></points><label>3</label><labelname>window</labelname><flag>1</flag></object><object><points><x>0.1401</x><x>0.21498</x><y>0.29764</y><y>0.32123</y></points><label>3</label><labelname>window</labelname><flag>1</flag></object><object><points><x>0.1401</x><x>0.21739</x><y>0.27223</y><y>0.29401</y></points><label>3</label><labelname>window</labelname><flag>1</flag></object><object><points><x>0.14251</x><x>0.21981</x><y>0.23049</y><y>0.25227</y></points><label>3</label><labelname>window</labelname><flag>1</flag></object><object><points><x>0.14493</x><x>0.22222</x><y>0.20327</y><y>0.22505</y></points><label>3</label><labelname>window</labelname><flag>1</flag></object><object><points><x>0.14734</x><x>0.22464</x><y>0.16334</y><y>0.18512</y></points><label>3</label><labelname>window</labelname><flag>1</flag></object><object><points><x>0.14976</x><x>0.22464</x><y>0.13612</y><y>0.15789</y></points><label>3</label><labelname>window</labelname><flag>1</flag></object><object><points><x>0.27778</x><x>0.35507</x><y>0.29401</y><y>0.31579</y></points><label>3</label><labelname>window</labelname><flag>1</flag></object><object><points><x>0.28019</x><x>0.35507</x><y>0.26679</y><y>0.29038</y></points><label>3</label><labelname>window</labelname><flag>1</flag></object><object><points><x>0.28261</x><x>0.35749</x><y>0.22505</y><y>0.24864</y></points><label>3</label><labelname>window</labelname><flag>1</flag></object><object><points><x>0.28261</x><x>0.3599</x><y>0.19782</y><y>0.22142</y></points><label>3</label><labelname>window</labelname><flag>1</flag></object><object><points><x>0.28744</x><x>0.36232</x><y>0.15971</y><y>0.18149</y></points><label>3</label><labelname>window</labelname><flag>1</flag></object><object><points><x>0.28744</x><x>0.36232</x><y>0.13249</y><y>0.15426</y></points><label>3</label><labelname>window</labelname><flag>1</flag></object><object><points><x>0.42512</x><x>0.5</x><y>0.12886</y><y>0.15064</y></points><label>3</label><labelname>window</labelname><flag>1</flag></object><object><points><x>0.42271</x><x>0.49758</x><y>0.15608</y><y>0.17786</y></points><label>3</label><labelname>window</labelname><flag>1</flag></object><object><points><x>0.42029</x><x>0.49517</x><y>0.19601</y><y>0.2196</y></points><label>3</label><labelname>window</labelname><flag>1</flag></object><object><points><x>0.42029</x><x>0.49517</x><y>0.22323</y><y>0.24501</y></points><label>3</label><labelname>window</labelname><flag>1</flag></object><object><points><x>0.42029</x><x>0.49517</x><y>0.26316</y><y>0.28494</y></points><label>3</label><labelname>window</labelname><flag>1</flag></object><object><points><x>0.41546</x><x>0.49034</x><y>0.29038</y><y>0.31216</y></points><label>3</label><labelname>window</labelname><flag>1</flag></object><object><points><x>0.34541</x><x>0.43237</x><y>0.80581</y><y>0.82759</y></points><label>3</label><labelname>window</labelname><flag>1</flag></object><object><points><x>0.34783</x><x>0.43237</x><y>0.7441</y><y>0.7677</y></points><label>3</label><labelname>window</labelname><flag>1</flag></object><object><points><x>0.35024</x><x>0.43478</x><y>0.71869</y><y>0.74047</y></points><label>3</label><labelname>window</labelname><flag>1</flag></object><object><points><x>0.35266</x><x>0.4372</x><y>0.69147</y><y>0.71325</y></points><label>3</label><labelname>window</labelname><flag>1</flag></object><object><points><x>0.35266</x><x>0.4372</x><y>0.62976</y><y>0.65154</y></points><label>3</label><labelname>window</labelname><flag>1</flag></object><object><points><x>0.50483</x><x>0.58454</x><y>0.85299</y><y>0.87114</y></points><label>3</label><labelname>window</labelname><flag>1</flag></object><object><points><x>0.50242</x><x>0.58213</x><y>0.8294</y><y>0.84755</y></points><label>3</label><labelname>window</labelname><flag>1</flag></object><object><points><x>0.50483</x><x>0.58454</x><y>0.80762</y><y>0.82577</y></points><label>3</label><labelname>window</labelname><flag>1</flag></object><object><points><x>0.50725</x><x>0.58213</x><y>0.74047</y><y>0.75499</y></points><label>3</label><labelname>window</labelname><flag>1</flag></object><object><points><x>0.50966</x><x>0.58454</x><y>0.70599</y><y>0.72051</y></points><label>3</label><labelname>window</labelname><flag>1</flag></object><object><points><x>0.50966</x><x>0.58454</x><y>0.6824</y><y>0.69873</y></points><label>3</label><labelname>window</labelname><flag>1</flag></object><object><points><x>0.51208</x><x>0.58696</x><y>0.63158</y><y>0.65154</y></points><label>3</label><labelname>window</labelname><flag>1</flag></object><object><points><x>0.51208</x><x>0.58937</x><y>0.60799</y><y>0.62613</y></points><label>3</label><labelname>window</labelname><flag>1</flag></object><object><points><x>0.51449</x><x>0.59179</x><y>0.58439</y><y>0.60254</y></points><label>3</label><labelname>window</labelname><flag>1</flag></object><object><points><x>0.24396</x><x>0.32126</x><y>0.37205</y><y>0.3902</y></points><label>3</label><labelname>window</labelname><flag>1</flag></object><object><points><x>0.24396</x><x>0.32126</x><y>0.39927</y><y>0.41742</y></points><label>3</label><labelname>window</labelname><flag>1</flag></object><object><points><x>0.24155</x><x>0.31884</x><y>0.43194</y><y>0.45009</y></points><label>3</label><labelname>window</labelname><flag>1</flag></object><object><points><x>0.24155</x><x>0.31643</x><y>0.46098</y><y>0.47913</y></points><label>3</label><labelname>window</labelname><flag>1</flag></object><object><points><x>0.23913</x><x>0.31643</x><y>0.49183</y><y>0.51543</y></points><label>3</label><labelname>window</labelname><flag>1</flag></object><object><points><x>0.23913</x><x>0.31643</x><y>0.52087</y><y>0.54265</y></points><label>3</label><labelname>window</labelname><flag>1</flag></object><object><points><x>0.23671</x><x>0.31401</x><y>0.55354</y><y>0.57532</y></points><label>3</label><labelname>window</labelname><flag>1</flag></object><object><points><x>0.23671</x><x>0.31401</x><y>0.58258</y><y>0.60436</y></points><label>3</label><labelname>window</labelname><flag>1</flag></object><object><points><x>0.38164</x><x>0.44686</x><y>0.37387</y><y>0.41016</y></points><label>3</label><labelname>window</labelname><flag>1</flag></object><object><points><x>0.38164</x><x>0.44686</x><y>0.43557</y><y>0.47187</y></points><label>3</label><labelname>window</labelname><flag>1</flag></object><object><points><x>0.37681</x><x>0.44444</x><y>0.49728</y><y>0.53358</y></points><label>3</label><labelname>window</labelname><flag>1</flag></object><object><points><x>0.64493</x><x>0.75845</x><y>0.21053</y><y>0.28675</y></points><label>3</label><labelname>window</labelname><flag>1</flag></object><object><points><x>0.64493</x><x>0.75845</x><y>0.29946</y><y>0.37387</y></points><label>3</label><labelname>window</labelname><flag>1</flag></object><object><points><x>0.64493</x><x>0.75604</x><y>0.38475</y><y>0.46098</y></points><label>3</label><labelname>window</labelname><flag>1</flag></object><object><points><x>0.6401</x><x>0.75362</x><y>0.47368</y><y>0.51906</y></points><label>3</label><labelname>window</labelname><flag>1</flag></object><object><points><x>0.44686</x><x>0.49034</x><y>0.025408</y><y>0.041742</y></points><label>3</label><labelname>window</labelname><flag>1</flag></object><object><points><x>0.44928</x><x>0.49275</x><y>0.049002</y><y>0.065336</y></points><label>3</label><labelname>window</labelname><flag>1</flag></object><object><points><x>0.44928</x><x>0.49275</x><y>0.072595</y><y>0.088929</y></points><label>3</label><labelname>window</labelname><flag>1</flag></object><object><points><x>0.24879</x><x>0.29952</x><y>0.07078</y><y>0.085299</y></points><label>3</label><labelname>window</labelname><flag>1</flag></object><object><points><x>0.24879</x><x>0.29952</x><y>0.050817</y><y>0.065336</y></points><label>3</label><labelname>window</labelname><flag>1</flag></object><object><points><x>0.35749</x><x>0.41304</x><y>0.065336</y><y>0.08167</y></points><label>3</label><labelname>window</labelname><flag>1</flag></object><object><points><x>0.35749</x><x>0.41304</x><y>0.047187</y><y>0.061706</y></points><label>3</label><labelname>window</labelname><flag>1</flag></object><object><points><x>0.35749</x><x>0.41304</x><y>0.029038</y><y>0.045372</y></points><label>3</label><labelname>window</labelname><flag>1</flag></object><object><points><x>0.69324</x><x>0.80918</x><y>0.14156</y><y>0.17604</y></points><label>3</label><labelname>window</labelname><flag>1</flag></object><object><points><x>0.69565</x><x>0.81159</x><y>0.088929</y><y>0.12523</y></points><label>3</label><labelname>window</labelname><flag>1</flag></object><object><points><x>0.69807</x><x>0.81159</x><y>0.039927</y><y>0.07441</y></points><label>3</label><labelname>window</labelname><flag>1</flag></object><object><points><x>0.70048</x><x>0.80918</x><y>0.0018149</y><y>0.023593</y></points><label>3</label><labelname>window</labelname><flag>1</flag></object><object><points><x>0.22705</x><x>0.23671</x><y>0.12523</y><y>0.19056</y></points><label>6</label><labelname>sill</labelname><flag>1</flag></object><object><points><x>0.21981</x><x>0.22947</x><y>0.19238</y><y>0.25953</y></points><label>6</label><labelname>sill</labelname><flag>1</flag></object><object><points><x>0.21498</x><x>0.22464</x><y>0.25953</y><y>0.32486</y></points><label>6</label><labelname>sill</labelname><flag>1</flag></object><object><points><x>0.36232</x><x>0.37198</x><y>0.11978</y><y>0.18512</y></points><label>6</label><labelname>sill</labelname><flag>1</flag></object><object><points><x>0.35749</x><x>0.36957</x><y>0.19056</y><y>0.2559</y></points><label>6</label><labelname>sill</labelname><flag>1</flag></object><object><points><x>0.35507</x><x>0.36473</x><y>0.26134</y><y>0.32668</y></points><label>6</label><labelname>sill</labelname><flag>1</flag></object><object><points><x>0.5</x><x>0.50966</x><y>0.1216</y><y>0.18693</y></points><label>6</label><labelname>sill</labelname><flag>1</flag></object><object><points><x>0.1401</x><x>0.16184</x><y>0.43557</y><y>0.54991</y></points><label>7</label><labelname>balcony</labelname><flag>1</flag></object><object><points><x>0.35266</x><x>0.4372</x><y>0.66062</y><y>0.68603</y></points><label>8</label><labelname>blind</labelname><flag>1</flag></object><object><points><x>0.35266</x><x>0.4372</x><y>0.65336</y><y>0.68058</y></points><label>8</label><labelname>blind</labelname><flag>1</flag></object><object><points><x>0.34783</x><x>0.43237</x><y>0.76407</y><y>0.78947</y></points><label>8</label><labelname>blind</labelname><flag>1</flag></object><object><points><x>0.34783</x><x>0.43237</x><y>0.77495</y><y>0.80218</y></points><label>8</label><labelname>blind</labelname><flag>1</flag></object><object><points><x>0.50483</x><x>0.58454</x><y>0.77314</y><y>0.79855</y></points><label>8</label><labelname>blind</labelname><flag>1</flag></object><object><points><x>0.51208</x><x>0.59179</x><y>0.65336</y><y>0.67877</y></points><label>8</label><labelname>blind</labelname><flag>1</flag></object><object><points><x>0.64976</x><x>0.72947</x><y>0.86751</y><y>0.89292</y></points><label>8</label><labelname>blind</labelname><flag>1</flag></object><object><points><x>0.65217</x><x>0.73188</x><y>0.77314</y><y>0.79855</y></points><label>8</label><labelname>blind</labelname><flag>1</flag></object><object><points><x>0.657</x><x>0.73671</x><y>0.64791</y><y>0.66606</y></points><label>8</label><labelname>blind</labelname><flag>1</flag></object><object><points><x>0.65942</x><x>0.73913</x><y>0.54991</y><y>0.57532</y></points><label>8</label><labelname>blind</labelname><flag>1</flag></object><object><points><x>0.33575</x><x>0.37923</x><y>0.36842</y><y>0.41561</y></points><label>9</label><labelname>deco</labelname><flag>1</flag></object><object><points><x>0.33333</x><x>0.37681</x><y>0.43013</y><y>0.47731</y></points><label>9</label><labelname>deco</labelname><flag>1</flag></object><object><points><x>0.33092</x><x>0.3744</x><y>0.49365</y><y>0.53902</y></points><label>9</label><labelname>deco</labelname><flag>1</flag></object><object><points><x>0.3285</x><x>0.37198</x><y>0.55172</y><y>0.5971</y></points><label>9</label><labelname>deco</labelname><flag>1</flag></object><object><points><x>0.59179</x><x>0.6256</x><y>0.2069</y><y>0.53358</y></points><label>10</label><labelname>molding</labelname><flag>1</flag></object><object><points><x>0.74879</x><x>0.78261</x><y>0.2069</y><y>0.53358</y></points><label>10</label><labelname>molding</labelname><flag>1</flag></object><object><points><x>0.7343</x><x>0.76087</x><y>0.53902</y><y>0.90926</y></points><label>10</label><labelname>molding</labelname><flag>1</flag></object><object><points><x>0.37198</x><x>0.41063</x><y>0.17241</y><y>0.26497</y></points><label>12</label><labelname>shop</labelname><flag>1</flag></object><object><points><x>0.74879</x><x>0.83816</x><y>0.53902</y><y>0.90018</y></points><label>12</label><labelname>shop</labelname><flag>1</flag></object><object><points><x>0.70531</x><x>0.75604</x><y>0.090744</y><y>0.12704</y></points><label>12</label><labelname>shop</labelname><flag>1</flag></object><object><points><x>0.78019</x><x>0.81884</x><y>0.0036298</y><y>0.11434</y></points><label>12</label><labelname>shop</labelname><flag>1</flag></object><object><points><x>0.85266</x><x>0.96618</x><y>0.0018149</y><y>0.17967</y></points><label>12</label><labelname>shop</labelname><flag>1</flag></object><object><points><x>0.84541</x><x>0.95169</x><y>0.2922</y><y>0.44283</y></points><label>12</label><labelname>shop</labelname><flag>1</flag></object><object><points><x>0.84783</x><x>0.95652</x><y>0.21234</y><y>0.28857</y></points><label>12</label><labelname>shop</labelname><flag>1</flag></object><object><points><x>0.84541</x><x>0.95169</x><y>0.44465</y><y>0.51906</y></points><label>12</label><labelname>shop</labelname><flag>1</flag></object><object><points><x>0.843</x><x>0.94928</x><y>0.56624</y><y>0.6588</y></points><label>12</label><labelname>shop</labelname><flag>1</flag></object><object><points><x>0.84058</x><x>0.94928</x><y>0.66062</y><y>0.7804</y></points><label>12</label><labelname>shop</labelname><flag>1</flag></object><object><points><x>0.84058</x><x>0.95169</x><y>0.78221</y><y>0.88203</y></points><label>12</label><labelname>shop</labelname><flag>1</flag></object><object><points><x>0.85024</x><x>0.94928</x><y>0.88385</y><y>0.90926</y></points><label>12</label><labelname>shop</labelname><flag>1</flag></object><object><points><x>0.0024155</x><x>0.074879</x><y>0.39383</y><y>0.48639</y></points><label>12</label><labelname>shop</labelname><flag>1</flag></object>