<object><points><x>0.34969</x><x>0.44785</x><y>0.68345</y><y>0.72482</y></points><label>3</label><labelname>window</labelname><flag>1</flag></object><object><points><x>0.15644</x><x>0.23926</x><y>0.73381</y><y>0.77338</y></points><label>3</label><labelname>window</labelname><flag>1</flag></object><object><points><x>0.17791</x><x>0.27301</x><y>0.80755</y><y>0.85252</y></points><label>3</label><labelname>window</labelname><flag>1</flag></object><object><points><x>0.36503</x><x>0.46012</x><y>0.80396</y><y>0.84892</y></points><label>3</label><labelname>window</labelname><flag>1</flag></object><object><points><x>0.23313</x><x>0.31902</x><y>0.8795</y><y>0.91187</y></points><label>3</label><labelname>window</labelname><flag>1</flag></object><object><points><x>0.33129</x><x>0.42945</x><y>0.52338</y><y>0.55935</y></points><label>3</label><labelname>window</labelname><flag>1</flag></object><object><points><x>0.52454</x><x>0.6227</x><y>0.52158</y><y>0.55755</y></points><label>3</label><labelname>window</labelname><flag>1</flag></object><object><points><x>0.53988</x><x>0.63497</x><y>0.68165</y><y>0.72302</y></points><label>3</label><labelname>window</labelname><flag>1</flag></object><object><points><x>0.54908</x><x>0.64417</x><y>0.80036</y><y>0.84532</y></points><label>3</label><labelname>window</labelname><flag>1</flag></object><object><points><x>0.43252</x><x>0.52454</x><y>0.91187</y><y>0.93345</y></points><label>3</label><labelname>window</labelname><flag>1</flag></object><object><points><x>0.59509</x><x>0.68712</x><y>0.91187</y><y>0.93345</y></points><label>3</label><labelname>window</labelname><flag>1</flag></object><object><points><x>0.35276</x><x>0.44479</x><y>0.40647</y><y>0.44784</y></points><label>3</label><labelname>window</labelname><flag>1</flag></object><object><points><x>0.53374</x><x>0.6319</x><y>0.40288</y><y>0.44424</y></points><label>3</label><labelname>window</labelname><flag>1</flag></object><object><points><x>0.53374</x><x>0.63804</x><y>0.28597</y><y>0.32734</y></points><label>3</label><labelname>window</labelname><flag>1</flag></object><object><points><x>0.35583</x><x>0.45092</x><y>0.28777</y><y>0.32914</y></points><label>3</label><labelname>window</labelname><flag>1</flag></object><object><points><x>0.3589</x><x>0.43252</x><y>0.19424</y><y>0.22482</y></points><label>3</label><labelname>window</labelname><flag>1</flag></object><object><points><x>0.5184</x><x>0.62577</x><y>0.14568</y><y>0.18525</y></points><label>3</label><labelname>window</labelname><flag>1</flag></object><object><points><x>0.53374</x><x>0.6319</x><y>0.088129</y><y>0.1241</y></points><label>3</label><labelname>window</labelname><flag>1</flag></object><object><points><x>0.3589</x><x>0.45092</x><y>0.089928</y><y>0.1205</y></points><label>3</label><labelname>window</labelname><flag>1</flag></object><object><points><x>0.18098</x><x>0.2546</x><y>0.19065</y><y>0.22482</y></points><label>3</label><labelname>window</labelname><flag>1</flag></object><object><points><x>0.18712</x><x>0.2638</x><y>0.29496</y><y>0.32194</y></points><label>3</label><labelname>window</labelname><flag>1</flag></object><object><points><x>0.19632</x><x>0.26994</x><y>0.097122</y><y>0.1223</y></points><label>3</label><labelname>window</labelname><flag>1</flag></object><object><points><x>0.15951</x><x>0.2454</x><y>0.55036</y><y>0.58993</y></points><label>3</label><labelname>window</labelname><flag>1</flag></object><object><points><x>0.15644</x><x>0.24233</x><y>0.41187</y><y>0.45144</y></points><label>3</label><labelname>window</labelname><flag>1</flag></object><object><points><x>0.44785</x><x>0.4816</x><y>0.26799</y><y>0.33993</y></points><label>6</label><labelname>sill</labelname><flag>1</flag></object><object><points><x>0.44785</x><x>0.4816</x><y>0.06295</y><y>0.13489</y></points><label>6</label><labelname>sill</labelname><flag>1</flag></object><object><points><x>0.62883</x><x>0.66258</x><y>0.068345</y><y>0.1295</y></points><label>6</label><labelname>sill</labelname><flag>1</flag></object><object><points><x>0.6319</x><x>0.67178</x><y>0.26978</y><y>0.33453</y></points><label>6</label><labelname>sill</labelname><flag>1</flag></object><object><points><x>0.61963</x><x>0.65031</x><y>0.1295</y><y>0.19245</y></points><label>6</label><labelname>sill</labelname><flag>1</flag></object><object><points><x>0.62883</x><x>0.65951</x><y>0.39029</y><y>0.45324</y></points><label>6</label><labelname>sill</labelname><flag>1</flag></object><object><points><x>0.44479</x><x>0.47853</x><y>0.39209</y><y>0.45504</y></points><label>6</label><labelname>sill</labelname><flag>1</flag></object><object><points><x>0.43865</x><x>0.46626</x><y>0.66547</y><y>0.73561</y></points><label>6</label><labelname>sill</labelname><flag>1</flag></object><object><points><x>0.63497</x><x>0.66564</x><y>0.66547</y><y>0.73561</y></points><label>6</label><labelname>sill</labelname><flag>1</flag></object><object><points><x>0.6411</x><x>0.67791</x><y>0.78237</y><y>0.85971</y></points><label>6</label><labelname>sill</labelname><flag>1</flag></object><object><points><x>0.43865</x><x>0.49387</x><y>0.78597</y><y>0.86151</y></points><label>6</label><labelname>sill</labelname><flag>1</flag></object><object><points><x>0.17178</x><x>0.26074</x><y>0.16547</y><y>0.18705</y></points><label>8</label><labelname>blind</labelname><flag>1</flag></object><object><points><x>0.17485</x><x>0.2638</x><y>0.22482</y><y>0.2464</y></points><label>8</label><labelname>blind</labelname><flag>1</flag></object><object><points><x>0.18712</x><x>0.22393</x><y>0.29856</y><y>0.32194</y></points><label>8</label><labelname>blind</labelname><flag>1</flag></object><object><points><x>0.15951</x><x>0.23006</x><y>0.40108</y><y>0.44964</y></points><label>8</label><labelname>blind</labelname><flag>1</flag></object><object><points><x>0.15951</x><x>0.23313</x><y>0.53957</y><y>0.58813</y></points><label>8</label><labelname>blind</labelname><flag>1</flag></object><object><points><x>0.15951</x><x>0.21472</x><y>0.73561</y><y>0.77158</y></points><label>8</label><labelname>blind</labelname><flag>1</flag></object><object><points><x>0.35583</x><x>0.45399</x><y>0.064748</y><y>0.086331</y></points><label>8</label><labelname>blind</labelname><flag>1</flag></object><object><points><x>0.35583</x><x>0.45399</x><y>0.1223</y><y>0.14388</y></points><label>8</label><labelname>blind</labelname><flag>1</flag></object><object><points><x>0.34969</x><x>0.45092</x><y>0.26259</y><y>0.28417</y></points><label>8</label><labelname>blind</labelname><flag>1</flag></object><object><points><x>0.35583</x><x>0.44785</x><y>0.30755</y><y>0.32914</y></points><label>8</label><labelname>blind</labelname><flag>1</flag></object><object><points><x>0.34969</x><x>0.44172</x><y>0.40288</y><y>0.42446</y></points><label>8</label><labelname>blind</labelname><flag>1</flag></object><object><points><x>0.34969</x><x>0.44172</x><y>0.42626</y><y>0.44784</y></points><label>8</label><labelname>blind</labelname><flag>1</flag></object><object><points><x>0.52761</x><x>0.63497</x><y>0.061151</y><y>0.082734</y></points><label>8</label><labelname>blind</labelname><flag>1</flag></object><object><points><x>0.53067</x><x>0.6411</x><y>0.26079</y><y>0.28417</y></points><label>8</label><labelname>blind</labelname><flag>1</flag></object><object><points><x>0.53067</x><x>0.63804</x><y>0.32374</y><y>0.34712</y></points><label>8</label><labelname>blind</labelname><flag>1</flag></object><object><points><x>0.53374</x><x>0.63497</x><y>0.40468</y><y>0.42446</y></points><label>8</label><labelname>blind</labelname><flag>1</flag></object><object><points><x>0.53681</x><x>0.63497</x><y>0.42446</y><y>0.44424</y></points><label>8</label><labelname>blind</labelname><flag>1</flag></object><object><points><x>0.34663</x><x>0.44479</x><y>0.65647</y><y>0.67986</y></points><label>8</label><labelname>blind</labelname><flag>1</flag></object><object><points><x>0.34356</x><x>0.44479</x><y>0.72302</y><y>0.7482</y></points><label>8</label><labelname>blind</labelname><flag>1</flag></object><object><points><x>0.34969</x><x>0.44785</x><y>0.77158</y><y>0.80036</y></points><label>8</label><labelname>blind</labelname><flag>1</flag></object><object><points><x>0.37423</x><x>0.4816</x><y>0.85072</y><y>0.8741</y></points><label>8</label><labelname>blind</labelname><flag>1</flag></object><object><points><x>0.40491</x><x>0.5</x><y>0.89928</y><y>0.91367</y></points><label>8</label><labelname>blind</labelname><flag>1</flag></object><object><points><x>0.53681</x><x>0.63804</x><y>0.67986</y><y>0.70144</y></points><label>8</label><labelname>blind</labelname><flag>1</flag></object><object><points><x>0.53681</x><x>0.63804</x><y>0.70324</y><y>0.72302</y></points><label>8</label><labelname>blind</labelname><flag>1</flag></object><object><points><x>0.54908</x><x>0.65337</x><y>0.82734</y><y>0.84892</y></points><label>8</label><labelname>blind</labelname><flag>1</flag></object><object><points><x>0.54294</x><x>0.64417</x><y>0.80216</y><y>0.82554</y></points><label>8</label><labelname>blind</labelname><flag>1</flag></object><object><points><x>0.59202</x><x>0.68098</x><y>0.91187</y><y>0.92266</y></points><label>8</label><labelname>blind</labelname><flag>1</flag></object><object><points><x>0.59509</x><x>0.68405</x><y>0.92266</y><y>0.93345</y></points><label>8</label><labelname>blind</labelname><flag>1</flag></object><object><points><x>0.13497</x><x>0.2362</x><y>0.85791</y><y>0.92986</y></points><label>9</label><labelname>deco</labelname><flag>1</flag></object><object><points><x>0.2638</x><x>0.3773</x><y>0.36691</y><y>0.92806</y></points><label>10</label><labelname>molding</labelname><flag>1</flag></object><object><points><x>0.28834</x><x>0.31595</x><y>0.36691</y><y>0.39029</y></points><label>9</label><labelname>deco</labelname><flag>1</flag></object><object><points><x>0.28528</x><x>0.31902</x><y>0.39209</y><y>0.41906</y></points><label>9</label><labelname>deco</labelname><flag>1</flag></object><object><points><x>0.28528</x><x>0.31902</x><y>0.42086</y><y>0.44424</y></points><label>9</label><labelname>deco</labelname><flag>1</flag></object><object><points><x>0.28221</x><x>0.31595</x><y>0.44604</y><y>0.46942</y></points><label>9</label><labelname>deco</labelname><flag>1</flag></object><object><points><x>0.27914</x><x>0.31595</x><y>0.47302</y><y>0.4982</y></points><label>9</label><labelname>deco</labelname><flag>1</flag></object><object><points><x>0.28528</x><x>0.30675</x><y>0.34173</y><y>0.35791</y></points><label>9</label><labelname>deco</labelname><flag>1</flag></object><object><points><x>0.27914</x><x>0.30368</x><y>0.57554</y><y>0.59353</y></points><label>9</label><labelname>deco</labelname><flag>1</flag></object><object><points><x>0.28221</x><x>0.31902</x><y>0.59892</y><y>0.6241</y></points><label>9</label><labelname>deco</labelname><flag>1</flag></object><object><points><x>0.27914</x><x>0.31902</x><y>0.6295</y><y>0.65108</y></points><label>9</label><labelname>deco</labelname><flag>1</flag></object><object><points><x>0.28221</x><x>0.31595</x><y>0.65468</y><y>0.67806</y></points><label>9</label><labelname>deco</labelname><flag>1</flag></object><object><points><x>0.28221</x><x>0.31595</x><y>0.68165</y><y>0.70863</y></points><label>9</label><labelname>deco</labelname><flag>1</flag></object><object><points><x>0.28221</x><x>0.31902</x><y>0.71043</y><y>0.73741</y></points><label>9</label><labelname>deco</labelname><flag>1</flag></object><object><points><x>0.28528</x><x>0.31902</x><y>0.74101</y><y>0.76259</y></points><label>9</label><labelname>deco</labelname><flag>1</flag></object><object><points><x>0.28834</x><x>0.31902</x><y>0.76978</y><y>0.78597</y></points><label>9</label><labelname>deco</labelname><flag>1</flag></object><object><points><x>0.29755</x><x>0.32822</x><y>0.80036</y><y>0.81115</y></points><label>9</label><labelname>deco</labelname><flag>1</flag></object><object><points><x>0.30982</x><x>0.34049</x><y>0.82914</y><y>0.83993</y></points><label>9</label><labelname>deco</labelname><flag>1</flag></object><object><points><x>0.32209</x><x>0.34969</x><y>0.85971</y><y>0.86871</y></points><label>9</label><labelname>deco</labelname><flag>1</flag></object><object><points><x>0.006135</x><x>0.95092</x><y>0.034173</y><y>0.36691</y></points><label>2</label><labelname>facade</labelname><flag>1</flag></object><object><points><x>0.064417</x><x>0.96626</x><y>0.36691</y><y>0.93345</y></points><label>2</label><labelname>facade</labelname><flag>1</flag></object><object><points><x>0.73313</x><x>0.90491</x><y>0.26978</y><y>0.34712</y></points><label>3</label><labelname>window</labelname><flag>1</flag></object><object><points><x>0.72086</x><x>0.89264</x><y>0.066547</y><y>0.14388</y></points><label>3</label><labelname>window</labelname><flag>1</flag></object><object><points><x>0.77914</x><x>0.91411</x><y>0.17266</y><y>0.20863</y></points><label>4</label><labelname>door</labelname><flag>1</flag></object><object><points><x>0.78834</x><x>0.85583</x><y>0.21223</y><y>0.22302</y></points><label>3</label><labelname>window</labelname><flag>1</flag></object><object><points><x>0.33129</x><x>0.43865</x><y>0.57914</y><y>0.60791</y></points><label>3</label><labelname>window</labelname><flag>1</flag></object><object><points><x>0.52454</x><x>0.62883</x><y>0.57554</y><y>0.60612</y></points><label>3</label><labelname>window</labelname><flag>1</flag></object><object><points><x>0.34663</x><x>0.37423</x><y>0.88309</y><y>0.89748</y></points><label>9</label><labelname>deco</labelname><flag>1</flag></object><object><points><x>0.27301</x><x>0.33129</x><y>0.041367</y><y>0.36151</y></points><label>10</label><labelname>molding</labelname><flag>1</flag></object><object><points><x>0.73006</x><x>0.91104</x><y>0.66007</y><y>0.7464</y></points><label>12</label><labelname>shop</labelname><flag>1</flag></object><object><points><x>0.72699</x><x>0.92331</x><y>0.51978</y><y>0.60612</y></points><label>12</label><labelname>shop</labelname><flag>1</flag></object><object><points><x>0.72699</x><x>0.92331</x><y>0.38129</y><y>0.46583</y></points><label>12</label><labelname>shop</labelname><flag>1</flag></object><object><points><x>0.72393</x><x>0.90491</x><y>0.82014</y><y>0.92806</y></points><label>12</label><labelname>shop</labelname><flag>1</flag></object>