<object><points><x>0.3916</x><x>0.43848</x><y>0.38281</y><y>0.41276</y></points><label>3</label><labelname>window</labelname><flag>1</flag></object><object><points><x>0.3916</x><x>0.43945</x><y>0.44401</y><y>0.47266</y></points><label>3</label><labelname>window</labelname><flag>1</flag></object><object><points><x>0.48633</x><x>0.50098</x><y>0.39583</y><y>0.41276</y></points><label>3</label><labelname>window</labelname><flag>1</flag></object><object><points><x>0.48438</x><x>0.49707</x><y>0.41797</y><y>0.4375</y></points><label>3</label><labelname>window</labelname><flag>1</flag></object><object><points><x>0.4873</x><x>0.50195</x><y>0.44401</y><y>0.45833</y></points><label>3</label><labelname>window</labelname><flag>1</flag></object><object><points><x>0.50488</x><x>0.5332</x><y>0.39583</y><y>0.41276</y></points><label>3</label><labelname>window</labelname><flag>1</flag></object><object><points><x>0.50195</x><x>0.53418</x><y>0.41797</y><y>0.4375</y></points><label>3</label><labelname>window</labelname><flag>1</flag></object><object><points><x>0.50586</x><x>0.53418</x><y>0.44401</y><y>0.46094</y></points><label>3</label><labelname>window</labelname><flag>1</flag></object><object><points><x>0.58105</x><x>0.5957</x><y>0.39583</y><y>0.41406</y></points><label>3</label><labelname>window</labelname><flag>1</flag></object><object><points><x>0.59961</x><x>0.62598</x><y>0.39583</y><y>0.41406</y></points><label>3</label><labelname>window</labelname><flag>1</flag></object><object><points><x>0.59766</x><x>0.62695</x><y>0.41927</y><y>0.4388</y></points><label>3</label><labelname>window</labelname><flag>1</flag></object><object><points><x>0.60059</x><x>0.62695</x><y>0.44401</y><y>0.46224</y></points><label>3</label><labelname>window</labelname><flag>1</flag></object><object><points><x>0.58203</x><x>0.5957</x><y>0.44401</y><y>0.46224</y></points><label>3</label><labelname>window</labelname><flag>1</flag></object><object><points><x>0.58105</x><x>0.59277</x><y>0.41927</y><y>0.4388</y></points><label>3</label><labelname>window</labelname><flag>1</flag></object><object><points><x>0.67773</x><x>0.72852</x><y>0.38021</y><y>0.40885</y></points><label>3</label><labelname>window</labelname><flag>1</flag></object><object><points><x>0.67773</x><x>0.72949</x><y>0.44922</y><y>0.47917</y></points><label>3</label><labelname>window</labelname><flag>1</flag></object><object><points><x>0.77539</x><x>0.78711</x><y>0.39974</y><y>0.41276</y></points><label>3</label><labelname>window</labelname><flag>1</flag></object><object><points><x>0.77344</x><x>0.78711</x><y>0.41927</y><y>0.4388</y></points><label>3</label><labelname>window</labelname><flag>1</flag></object><object><points><x>0.77539</x><x>0.78711</x><y>0.44401</y><y>0.45833</y></points><label>3</label><labelname>window</labelname><flag>1</flag></object><object><points><x>0.79102</x><x>0.82422</x><y>0.39974</y><y>0.41406</y></points><label>3</label><labelname>window</labelname><flag>1</flag></object><object><points><x>0.79102</x><x>0.82422</x><y>0.41927</y><y>0.4401</y></points><label>3</label><labelname>window</labelname><flag>1</flag></object><object><points><x>0.79199</x><x>0.82422</x><y>0.44531</y><y>0.45964</y></points><label>3</label><labelname>window</labelname><flag>1</flag></object><object><points><x>0.77246</x><x>0.78418</x><y>0.55339</y><y>0.5651</y></points><label>3</label><labelname>window</labelname><flag>1</flag></object><object><points><x>0.77246</x><x>0.78418</x><y>0.57161</y><y>0.58464</y></points><label>3</label><labelname>window</labelname><flag>1</flag></object><object><points><x>0.78809</x><x>0.82422</x><y>0.55339</y><y>0.58464</y></points><label>3</label><labelname>window</labelname><flag>1</flag></object><object><points><x>0.77246</x><x>0.78516</x><y>0.60026</y><y>0.61458</y></points><label>3</label><labelname>window</labelname><flag>1</flag></object><object><points><x>0.77246</x><x>0.78418</x><y>0.61979</y><y>0.63151</y></points><label>3</label><labelname>window</labelname><flag>1</flag></object><object><points><x>0.78809</x><x>0.82422</x><y>0.60026</y><y>0.63281</y></points><label>3</label><labelname>window</labelname><flag>1</flag></object><object><points><x>0.8584</x><x>0.92285</x><y>0.69922</y><y>0.73047</y></points><label>4</label><labelname>door</labelname><flag>1</flag></object><object><points><x>0.84961</x><x>0.92285</x><y>0.76693</y><y>0.8112</y></points><label>4</label><labelname>door</labelname><flag>1</flag></object><object><points><x>0.77441</x><x>0.78906</x><y>0.69922</y><y>0.71224</y></points><label>3</label><labelname>window</labelname><flag>1</flag></object><object><points><x>0.77441</x><x>0.78906</x><y>0.71615</y><y>0.73047</y></points><label>3</label><labelname>window</labelname><flag>1</flag></object><object><points><x>0.79199</x><x>0.82617</x><y>0.69922</y><y>0.73047</y></points><label>3</label><labelname>window</labelname><flag>1</flag></object><object><points><x>0.69629</x><x>0.72559</x><y>0.72656</y><y>0.74219</y></points><label>3</label><labelname>window</labelname><flag>1</flag></object><object><points><x>0.68066</x><x>0.69238</x><y>0.72526</y><y>0.74219</y></points><label>3</label><labelname>window</labelname><flag>1</flag></object><object><points><x>0.67773</x><x>0.69043</x><y>0.7474</y><y>0.77214</y></points><label>3</label><labelname>window</labelname><flag>1</flag></object><object><points><x>0.68066</x><x>0.69336</x><y>0.77604</y><y>0.79427</y></points><label>3</label><labelname>window</labelname><flag>1</flag></object><object><points><x>0.69336</x><x>0.72363</x><y>0.7487</y><y>0.77214</y></points><label>3</label><labelname>window</labelname><flag>1</flag></object><object><points><x>0.69629</x><x>0.72559</x><y>0.77604</y><y>0.79427</y></points><label>3</label><labelname>window</labelname><flag>1</flag></object><object><points><x>0.58301</x><x>0.59766</x><y>0.72526</y><y>0.74219</y></points><label>3</label><labelname>window</labelname><flag>1</flag></object><object><points><x>0.58301</x><x>0.5957</x><y>0.7474</y><y>0.75781</y></points><label>3</label><labelname>window</labelname><flag>1</flag></object><object><points><x>0.58301</x><x>0.5957</x><y>0.76172</y><y>0.77083</y></points><label>3</label><labelname>window</labelname><flag>1</flag></object><object><points><x>0.58398</x><x>0.59668</x><y>0.77604</y><y>0.79427</y></points><label>3</label><labelname>window</labelname><flag>1</flag></object><object><points><x>0.60156</x><x>0.62402</x><y>0.72656</y><y>0.74219</y></points><label>3</label><labelname>window</labelname><flag>1</flag></object><object><points><x>0.59863</x><x>0.62402</x><y>0.7474</y><y>0.77214</y></points><label>3</label><labelname>window</labelname><flag>1</flag></object><object><points><x>0.60059</x><x>0.62402</x><y>0.77604</y><y>0.79427</y></points><label>3</label><labelname>window</labelname><flag>1</flag></object><object><points><x>0.48633</x><x>0.5</x><y>0.73568</y><y>0.75781</y></points><label>3</label><labelname>window</labelname><flag>1</flag></object><object><points><x>0.48633</x><x>0.5</x><y>0.76172</y><y>0.78385</y></points><label>3</label><labelname>window</labelname><flag>1</flag></object><object><points><x>0.50391</x><x>0.53711</x><y>0.73568</y><y>0.75521</y></points><label>3</label><labelname>window</labelname><flag>1</flag></object><object><points><x>0.50391</x><x>0.53809</x><y>0.76172</y><y>0.78385</y></points><label>3</label><labelname>window</labelname><flag>1</flag></object><object><points><x>0.38672</x><x>0.39844</x><y>0.7487</y><y>0.77083</y></points><label>3</label><labelname>window</labelname><flag>1</flag></object><object><points><x>0.40234</x><x>0.42285</x><y>0.72526</y><y>0.74219</y></points><label>3</label><labelname>window</labelname><flag>1</flag></object><object><points><x>0.40332</x><x>0.42285</x><y>0.77734</y><y>0.79427</y></points><label>3</label><labelname>window</labelname><flag>1</flag></object><object><points><x>0.40332</x><x>0.42285</x><y>0.7487</y><y>0.77083</y></points><label>3</label><labelname>window</labelname><flag>1</flag></object><object><points><x>0.36816</x><x>0.41602</x><y>0.56901</y><y>0.60026</y></points><label>3</label><labelname>window</labelname><flag>1</flag></object><object><points><x>0.375</x><x>0.42871</x><y>0.54036</y><y>0.55729</y></points><label>3</label><labelname>window</labelname><flag>1</flag></object><object><points><x>0.375</x><x>0.42969</x><y>0.61328</y><y>0.63802</y></points><label>3</label><labelname>window</labelname><flag>1</flag></object><object><points><x>0.46387</x><x>0.47754</x><y>0.54557</y><y>0.5612</y></points><label>3</label><labelname>window</labelname><flag>1</flag></object><object><points><x>0.46289</x><x>0.47754</x><y>0.56771</y><y>0.58203</y></points><label>3</label><labelname>window</labelname><flag>1</flag></object><object><points><x>0.46387</x><x>0.47754</x><y>0.58854</y><y>0.60156</y></points><label>3</label><labelname>window</labelname><flag>1</flag></object><object><points><x>0.46387</x><x>0.47754</x><y>0.60807</y><y>0.625</y></points><label>3</label><labelname>window</labelname><flag>1</flag></object><object><points><x>0.48242</x><x>0.51562</x><y>0.54557</y><y>0.5612</y></points><label>3</label><labelname>window</labelname><flag>1</flag></object><object><points><x>0.47949</x><x>0.51562</x><y>0.56771</y><y>0.60286</y></points><label>3</label><labelname>window</labelname><flag>1</flag></object><object><points><x>0.48242</x><x>0.51562</x><y>0.60807</y><y>0.625</y></points><label>3</label><labelname>window</labelname><flag>1</flag></object><object><points><x>0.56738</x><x>0.58203</x><y>0.54557</y><y>0.55859</y></points><label>3</label><labelname>window</labelname><flag>1</flag></object><object><points><x>0.56738</x><x>0.58203</x><y>0.5651</y><y>0.57682</y></points><label>3</label><labelname>window</labelname><flag>1</flag></object><object><points><x>0.56738</x><x>0.58203</x><y>0.59245</y><y>0.60677</y></points><label>3</label><labelname>window</labelname><flag>1</flag></object><object><points><x>0.56738</x><x>0.58203</x><y>0.61198</y><y>0.625</y></points><label>3</label><labelname>window</labelname><flag>1</flag></object><object><points><x>0.58594</x><x>0.62109</x><y>0.54557</y><y>0.57682</y></points><label>3</label><labelname>window</labelname><flag>1</flag></object><object><points><x>0.58691</x><x>0.62109</x><y>0.59245</y><y>0.625</y></points><label>3</label><labelname>window</labelname><flag>1</flag></object><object><points><x>0.67578</x><x>0.68945</x><y>0.55599</y><y>0.56771</y></points><label>3</label><labelname>window</labelname><flag>1</flag></object><object><points><x>0.67578</x><x>0.68945</x><y>0.57292</y><y>0.58594</y></points><label>3</label><labelname>window</labelname><flag>1</flag></object><object><points><x>0.67578</x><x>0.69043</x><y>0.60026</y><y>0.61328</y></points><label>3</label><labelname>window</labelname><flag>1</flag></object><object><points><x>0.67578</x><x>0.69043</x><y>0.61719</y><y>0.62891</y></points><label>3</label><labelname>window</labelname><flag>1</flag></object><object><points><x>0.69434</x><x>0.7207</x><y>0.55599</y><y>0.58594</y></points><label>3</label><labelname>window</labelname><flag>1</flag></object><object><points><x>0.69434</x><x>0.72168</x><y>0.59896</y><y>0.62891</y></points><label>3</label><labelname>window</labelname><flag>1</flag></object><object><points><x>0.25293</x><x>0.92676</x><y>0.35547</y><y>0.83464</y></points><label>2</label><labelname>facade</labelname><flag>1</flag></object><object><points><x>0.29688</x><x>0.32031</x><y>0.74089</y><y>0.75651</y></points><label>3</label><labelname>window</labelname><flag>1</flag></object><object><points><x>0.29688</x><x>0.32031</x><y>0.76302</y><y>0.77865</y></points><label>3</label><labelname>window</labelname><flag>1</flag></object><object><points><x>0.29395</x><x>0.32031</x><y>0.90365</y><y>0.9362</y></points><label>3</label><labelname>window</labelname><flag>1</flag></object><object><points><x>0.49414</x><x>0.54395</x><y>0.88411</y><y>0.94661</y></points><label>3</label><labelname>window</labelname><flag>1</flag></object><object><points><x>0.40332</x><x>0.44336</x><y>0.88411</y><y>0.94661</y></points><label>3</label><labelname>window</labelname><flag>1</flag></object><object><points><x>0.58887</x><x>0.64355</x><y>0.88281</y><y>0.95182</y></points><label>3</label><labelname>window</labelname><flag>1</flag></object><object><points><x>0.68359</x><x>0.73242</x><y>0.88281</y><y>0.95182</y></points><label>3</label><labelname>window</labelname><flag>1</flag></object><object><points><x>0.71875</x><x>0.75977</x><y>0.17188</y><y>0.22135</y></points><label>3</label><labelname>window</labelname><flag>1</flag></object><object><points><x>0.79102</x><x>0.8291</x><y>0.17188</y><y>0.22135</y></points><label>3</label><labelname>window</labelname><flag>1</flag></object><object><points><x>0.65137</x><x>0.68945</x><y>0.17057</y><y>0.22135</y></points><label>3</label><labelname>window</labelname><flag>1</flag></object><object><points><x>0.57227</x><x>0.61914</x><y>0.17188</y><y>0.22005</y></points><label>3</label><labelname>window</labelname><flag>1</flag></object><object><points><x>0.52246</x><x>0.56348</x><y>0.10547</y><y>0.15104</y></points><label>3</label><labelname>window</labelname><flag>1</flag></object><object><points><x>0.49902</x><x>0.54883</x><y>0.16797</y><y>0.22266</y></points><label>3</label><labelname>window</labelname><flag>1</flag></object><object><points><x>0.78711</x><x>0.82617</x><y>0.28385</y><y>0.32943</y></points><label>3</label><labelname>window</labelname><flag>1</flag></object><object><points><x>0.71387</x><x>0.75293</x><y>0.28516</y><y>0.33073</y></points><label>3</label><labelname>window</labelname><flag>1</flag></object><object><points><x>0.63867</x><x>0.67773</x><y>0.28646</y><y>0.33203</y></points><label>3</label><labelname>window</labelname><flag>1</flag></object><object><points><x>0.5625</x><x>0.60254</x><y>0.28385</y><y>0.32943</y></points><label>3</label><labelname>window</labelname><flag>1</flag></object><object><points><x>0.48828</x><x>0.52734</x><y>0.28516</y><y>0.33073</y></points><label>3</label><labelname>window</labelname><flag>1</flag></object><object><points><x>0.44238</x><x>0.46582</x><y>0.31641</y><y>0.34896</y></points><label>3</label><labelname>window</labelname><flag>1</flag></object><object><points><x>0.29395</x><x>0.33301</x><y>0.54688</y><y>0.63672</y></points><label>3</label><labelname>window</labelname><flag>1</flag></object><object><points><x>0.85742</x><x>0.92383</x><y>0.60026</y><y>0.63281</y></points><label>4</label><labelname>door</labelname><flag>1</flag></object><object><points><x>0.85742</x><x>0.92383</x><y>0.55078</y><y>0.58464</y></points><label>4</label><labelname>door</labelname><flag>1</flag></object><object><points><x>0.85742</x><x>0.9248</x><y>0.40495</y><y>0.45443</y></points><label>4</label><labelname>door</labelname><flag>1</flag></object><object><points><x>0.36816</x><x>0.41113</x><y>0.4349</y><y>0.48307</y></points><label>5</label><labelname>cornice</labelname><flag>1</flag></object><object><points><x>0.36719</x><x>0.41016</x><y>0.3724</y><y>0.42057</y></points><label>5</label><labelname>cornice</labelname><flag>1</flag></object><object><points><x>0.4375</x><x>0.45605</x><y>0.3737</y><y>0.41797</y></points><label>6</label><labelname>sill</labelname><flag>1</flag></object><object><points><x>0.4375</x><x>0.45605</x><y>0.43359</y><y>0.47786</y></points><label>6</label><labelname>sill</labelname><flag>1</flag></object><object><points><x>0.53223</x><x>0.58105</x><y>0.36589</y><y>0.4974</y></points><label>6</label><labelname>sill</labelname><flag>1</flag></object><object><points><x>0.51465</x><x>0.52441</x><y>0.52995</y><y>0.63802</y></points><label>6</label><labelname>sill</labelname><flag>1</flag></object><object><points><x>0.72852</x><x>0.75293</x><y>0.4388</y><y>0.48828</y></points><label>6</label><labelname>sill</labelname><flag>1</flag></object><object><points><x>0.72754</x><x>0.75293</x><y>0.36849</y><y>0.41797</y></points><label>6</label><labelname>sill</labelname><flag>1</flag></object><object><points><x>0.82324</x><x>0.83301</x><y>0.38411</y><y>0.47396</y></points><label>6</label><labelname>sill</labelname><flag>1</flag></object><object><points><x>0.71875</x><x>0.77051</x><y>0.52344</y><y>0.65495</y></points><label>7</label><labelname>balcony</labelname><flag>1</flag></object><object><points><x>0.72168</x><x>0.76953</x><y>0.71484</y><y>0.80729</y></points><label>7</label><labelname>balcony</labelname><flag>1</flag></object><object><points><x>0.71875</x><x>0.75488</x><y>0.84635</y><y>0.95964</y></points><label>7</label><labelname>balcony</labelname><flag>1</flag></object><object><points><x>0.62109</x><x>0.6709</x><y>0.84635</y><y>0.96094</y></points><label>7</label><labelname>balcony</labelname><flag>1</flag></object><object><points><x>0.62109</x><x>0.68164</x><y>0.71094</y><y>0.8138</y></points><label>7</label><labelname>balcony</labelname><flag>1</flag></object><object><points><x>0.52051</x><x>0.55957</x><y>0.71875</y><y>0.80339</y></points><label>7</label><labelname>balcony</labelname><flag>1</flag></object><object><points><x>0.41797</x><x>0.48047</x><y>0.70703</y><y>0.8099</y></points><label>7</label><labelname>balcony</labelname><flag>1</flag></object><object><points><x>0.5166</x><x>0.57715</x><y>0.84115</y><y>0.96615</y></points><label>7</label><labelname>balcony</labelname><flag>1</flag></object><object><points><x>0.41602</x><x>0.47461</x><y>0.84115</y><y>0.97656</y></points><label>7</label><labelname>balcony</labelname><flag>1</flag></object><object><points><x>0.31836</x><x>0.37012</x><y>0.88281</y><y>0.95833</y></points><label>7</label><labelname>balcony</labelname><flag>1</flag></object><object><points><x>0.31934</x><x>0.37012</x><y>0.72135</y><y>0.79818</y></points><label>7</label><labelname>balcony</labelname><flag>1</flag></object><object><points><x>0.31934</x><x>0.36133</x><y>0.53255</y><y>0.65104</y></points><label>7</label><labelname>balcony</labelname><flag>1</flag></object><object><points><x>0.41602</x><x>0.43359</x><y>0.5651</y><y>0.60938</y></points><label>6</label><labelname>sill</labelname><flag>1</flag></object><object><points><x>0.51367</x><x>0.56055</x><y>0.26042</y><y>0.33594</y></points><label>7</label><labelname>balcony</labelname><flag>1</flag></object><object><points><x>0.58984</x><x>0.63281</x><y>0.25911</y><y>0.33464</y></points><label>7</label><labelname>balcony</labelname><flag>1</flag></object><object><points><x>0.66699</x><x>0.70703</x><y>0.26042</y><y>0.33594</y></points><label>7</label><labelname>balcony</labelname><flag>1</flag></object><object><points><x>0.74414</x><x>0.7793</x><y>0.26042</y><y>0.33333</y></points><label>7</label><labelname>balcony</labelname><flag>1</flag></object><object><points><x>0.43652</x><x>0.48535</x><y>0.23698</y><y>0.34896</y></points><label>7</label><labelname>balcony</labelname><flag>1</flag></object><object><points><x>0.44727</x><x>0.51172</x><y>0.10807</y><y>0.23568</y></points><label>7</label><labelname>balcony</labelname><flag>1</flag></object><object><points><x>0.32617</x><x>0.35059</x><y>0.36068</y><y>0.50391</y></points><label>7</label><labelname>balcony</labelname><flag>1</flag></object><object><points><x>0.33105</x><x>0.35254</x><y>0.79818</y><y>0.82943</y></points><label>7</label><labelname>balcony</labelname><flag>1</flag></object><object><points><x>0.3291</x><x>0.35156</x><y>0.68359</y><y>0.72135</y></points><label>7</label><labelname>balcony</labelname><flag>1</flag></object><object><points><x>0.3291</x><x>0.35156</x><y>0.83984</y><y>0.88151</y></points><label>7</label><labelname>balcony</labelname><flag>1</flag></object><object><points><x>0.33008</x><x>0.35352</x><y>0.95833</y><y>0.9987</y></points><label>7</label><labelname>balcony</labelname><flag>1</flag></object><object><points><x>0.8252</x><x>0.84766</x><y>0.54297</y><y>0.59245</y></points><label>6</label><labelname>sill</labelname><flag>1</flag></object><object><points><x>0.8252</x><x>0.84961</x><y>0.59245</y><y>0.64193</y></points><label>6</label><labelname>sill</labelname><flag>1</flag></object><object><points><x>0.40332</x><x>0.43848</x><y>0.49219</y><y>0.51172</y></points><label>9</label><labelname>deco</labelname><flag>1</flag></object><object><points><x>0.4043</x><x>0.44043</x><y>0.67188</y><y>0.69141</y></points><label>9</label><labelname>deco</labelname><flag>1</flag></object><object><points><x>0.53906</x><x>0.56445</x><y>0.53776</y><y>0.58464</y></points><label>5</label><labelname>cornice</labelname><flag>1</flag></object><object><points><x>0.54004</x><x>0.56543</x><y>0.58724</y><y>0.63281</y></points><label>5</label><labelname>cornice</labelname><flag>1</flag></object><object><points><x>0.62109</x><x>0.63965</x><y>0.58984</y><y>0.6276</y></points><label>6</label><labelname>sill</labelname><flag>1</flag></object><object><points><x>0.62109</x><x>0.63965</x><y>0.53906</y><y>0.57682</y></points><label>6</label><labelname>sill</labelname><flag>1</flag></object><object><points><x>0.625</x><x>0.6748</x><y>0.36849</y><y>0.47786</y></points><label>7</label><labelname>balcony</labelname><flag>1</flag></object><object><points><x>0.81641</x><x>0.85156</x><y>0.84115</y><y>0.95443</y></points><label>7</label><labelname>balcony</labelname><flag>1</flag></object><object><points><x>0.77051</x><x>0.84961</x><y>0.7487</y><y>0.83073</y></points><label>9</label><labelname>deco</labelname><flag>1</flag></object><object><points><x>0.82422</x><x>0.83301</x><y>0.6849</y><y>0.74089</y></points><label>6</label><labelname>sill</labelname><flag>1</flag></object><object><points><x>0.44043</x><x>0.45898</x><y>0.56771</y><y>0.60417</y></points><label>9</label><labelname>deco</labelname><flag>1</flag></object><object><points><x>0.31641</x><x>0.33008</x><y>0.68359</y><y>0.71745</y></points><label>9</label><labelname>deco</labelname><flag>1</flag></object><object><points><x>0.31738</x><x>0.33105</x><y>0.48177</y><y>0.5026</y></points><label>9</label><labelname>deco</labelname><flag>1</flag></object><object><points><x>0.31738</x><x>0.33105</x><y>0.80208</y><y>0.82031</y></points><label>9</label><labelname>deco</labelname><flag>1</flag></object><object><points><x>0.31738</x><x>0.33105</x><y>0.85156</y><y>0.86849</y></points><label>9</label><labelname>deco</labelname><flag>1</flag></object><object><points><x>0.55371</x><x>0.58008</x><y>0.71484</y><y>0.80339</y></points><label>9</label><labelname>deco</labelname><flag>1</flag></object><object><points><x>0.8418</x><x>0.85156</x><y>0.36068</y><y>0.83333</y></points><label>10</label><labelname>molding</labelname><flag>1</flag></object><object><points><x>0.89258</x><x>0.90234</x><y>0.35677</y><y>0.82943</y></points><label>10</label><labelname>molding</labelname><flag>1</flag></object><object><points><x>0.74902</x><x>0.75879</x><y>0.35417</y><y>0.82812</y></points><label>10</label><labelname>molding</labelname><flag>1</flag></object><object><points><x>0.65234</x><x>0.66211</x><y>0.35938</y><y>0.83203</y></points><label>10</label><labelname>molding</labelname><flag>1</flag></object><object><points><x>0.45703</x><x>0.4668</x><y>0.35807</y><y>0.83073</y></points><label>10</label><labelname>molding</labelname><flag>1</flag></object><object><points><x>0.34863</x><x>0.36523</x><y>0.35807</y><y>0.83073</y></points><label>10</label><labelname>molding</labelname><flag>1</flag></object><object><points><x>0.67969</x><x>0.71777</x><y>0.63411</y><y>0.63932</y></points><label>11</label><labelname>pillar</labelname><flag>1</flag></object><object><points><x>0.67969</x><x>0.71777</x><y>0.53255</y><y>0.53776</y></points><label>11</label><labelname>pillar</labelname><flag>1</flag></object><object><points><x>0.6875</x><x>0.72168</x><y>0.54167</y><y>0.54688</y></points><label>11</label><labelname>pillar</labelname><flag>1</flag></object><object><points><x>0.68652</x><x>0.72168</x><y>0.64062</y><y>0.64453</y></points><label>11</label><labelname>pillar</labelname><flag>1</flag></object><object><points><x>0.77832</x><x>0.81836</x><y>0.58854</y><y>0.59505</y></points><label>11</label><labelname>pillar</labelname><flag>1</flag></object><object><points><x>0.7168</x><x>0.72168</x><y>0.52995</y><y>0.53906</y></points><label>11</label><labelname>pillar</labelname><flag>1</flag></object><object><points><x>0.71777</x><x>0.72168</x><y>0.63151</y><y>0.64062</y></points><label>11</label><labelname>pillar</labelname><flag>1</flag></object><object><points><x>0.67188</x><x>0.67969</x><y>0.52865</y><y>0.54297</y></points><label>11</label><labelname>pillar</labelname><flag>1</flag></object><object><points><x>0.68066</x><x>0.68652</x><y>0.54036</y><y>0.54948</y></points><label>11</label><labelname>pillar</labelname><flag>1</flag></object><object><points><x>0.67188</x><x>0.67969</x><y>0.63021</y><y>0.64193</y></points><label>11</label><labelname>pillar</labelname><flag>1</flag></object><object><points><x>0.68164</x><x>0.68652</x><y>0.64062</y><y>0.64583</y></points><label>11</label><labelname>pillar</labelname><flag>1</flag></object><object><points><x>0.77148</x><x>0.77832</x><y>0.58594</y><y>0.59635</y></points><label>11</label><labelname>pillar</labelname><flag>1</flag></object><object><points><x>0.81836</x><x>0.82422</x><y>0.58724</y><y>0.59635</y></points><label>11</label><labelname>pillar</labelname><flag>1</flag></object><object><points><x>0.86523</x><x>0.91895</x><y>0.20443</y><y>0.33984</y></points><label>12</label><labelname>shop</labelname><flag>1</flag></object><object><points><x>0.84961</x><x>0.8584</x><y>0.69661</y><y>0.73177</y></points><label>12</label><labelname>shop</labelname><flag>1</flag></object><object><points><x>0.87109</x><x>0.89551</x><y>0.73438</y><y>0.7513</y></points><label>12</label><labelname>shop</labelname><flag>1</flag></object><object><points><x>0.87207</x><x>0.89648</x><y>0.66797</y><y>0.6849</y></points><label>12</label><labelname>shop</labelname><flag>1</flag></object><object><points><x>0.84766</x><x>0.85645</x><y>0.60026</y><y>0.63411</y></points><label>12</label><labelname>shop</labelname><flag>1</flag></object><object><points><x>0.84863</x><x>0.85742</x><y>0.55078</y><y>0.58464</y></points><label>12</label><labelname>shop</labelname><flag>1</flag></object><object><points><x>0.84863</x><x>0.85742</x><y>0.40365</y><y>0.45573</y></points><label>12</label><labelname>shop</labelname><flag>1</flag></object>