<object><points><x>0.01776</x><x>0.99727</x><y>0.049805</y><y>0.94531</y></points><label>2</label><labelname>facade</labelname><flag>1</flag></object><object><points><x>0.12432</x><x>0.23087</x><y>0.13281</y><y>0.18652</y></points><label>3</label><labelname>window</labelname><flag>1</flag></object><object><points><x>0.12705</x><x>0.23224</x><y>0.26465</y><y>0.31836</y></points><label>3</label><labelname>window</labelname><flag>1</flag></object><object><points><x>0.12705</x><x>0.23224</x><y>0.38281</y><y>0.43652</y></points><label>3</label><labelname>window</labelname><flag>1</flag></object><object><points><x>0.13115</x><x>0.2377</x><y>0.56934</y><y>0.62402</y></points><label>3</label><labelname>window</labelname><flag>1</flag></object><object><points><x>0.18033</x><x>0.28005</x><y>0.74023</y><y>0.79004</y></points><label>3</label><labelname>window</labelname><flag>1</flag></object><object><points><x>0.18443</x><x>0.28279</x><y>0.85547</y><y>0.9043</y></points><label>3</label><labelname>window</labelname><flag>1</flag></object><object><points><x>0.36749</x><x>0.4918</x><y>0.74121</y><y>0.79004</y></points><label>3</label><labelname>window</labelname><flag>1</flag></object><object><points><x>0.36749</x><x>0.49044</x><y>0.85645</y><y>0.90625</y></points><label>3</label><labelname>window</labelname><flag>1</flag></object><object><points><x>0.3224</x><x>0.45492</x><y>0.55762</y><y>0.62207</y></points><label>3</label><labelname>window</labelname><flag>1</flag></object><object><points><x>0.3265</x><x>0.45628</x><y>0.38086</y><y>0.43555</y></points><label>3</label><labelname>window</labelname><flag>1</flag></object><object><points><x>0.3265</x><x>0.45628</x><y>0.26074</y><y>0.31543</y></points><label>3</label><labelname>window</labelname><flag>1</flag></object><object><points><x>0.3265</x><x>0.45628</x><y>0.12695</y><y>0.18164</y></points><label>3</label><labelname>window</labelname><flag>1</flag></object><object><points><x>0.57377</x><x>0.70355</x><y>0.12695</y><y>0.17969</y></points><label>3</label><labelname>window</labelname><flag>1</flag></object><object><points><x>0.5765</x><x>0.70628</x><y>0.26172</y><y>0.31348</y></points><label>3</label><labelname>window</labelname><flag>1</flag></object><object><points><x>0.57787</x><x>0.70765</x><y>0.37988</y><y>0.43164</y></points><label>3</label><labelname>window</labelname><flag>1</flag></object><object><points><x>0.56967</x><x>0.70628</x><y>0.55762</y><y>0.62305</y></points><label>3</label><labelname>window</labelname><flag>1</flag></object><object><points><x>0.59836</x><x>0.72814</x><y>0.74023</y><y>0.79199</y></points><label>3</label><labelname>window</labelname><flag>1</flag></object><object><points><x>0.59699</x><x>0.72541</x><y>0.85645</y><y>0.90918</y></points><label>3</label><labelname>window</labelname><flag>1</flag></object><object><points><x>0.78962</x><x>0.98634</x><y>0.11621</y><y>0.19238</y></points><label>4</label><labelname>door</labelname><flag>1</flag></object><object><points><x>0.80874</x><x>0.98497</x><y>0.25195</y><y>0.31934</y></points><label>4</label><labelname>door</labelname><flag>1</flag></object><object><points><x>0.80055</x><x>0.98634</x><y>0.37402</y><y>0.44141</y></points><label>4</label><labelname>door</labelname><flag>1</flag></object><object><points><x>0.81011</x><x>0.97678</x><y>0.85352</y><y>0.90625</y></points><label>4</label><labelname>door</labelname><flag>1</flag></object><object><points><x>0.81284</x><x>0.98087</x><y>0.7373</y><y>0.79297</y></points><label>4</label><labelname>door</labelname><flag>1</flag></object><object><points><x>0.80191</x><x>0.9918</x><y>0.55371</y><y>0.62793</y></points><label>4</label><labelname>door</labelname><flag>1</flag></object><object><points><x>0.27596</x><x>0.3429</x><y>0.10156</y><y>0.20508</y></points><label>5</label><labelname>cornice</labelname><flag>1</flag></object><object><points><x>0.27732</x><x>0.34426</x><y>0.23633</y><y>0.33984</y></points><label>5</label><labelname>cornice</labelname><flag>1</flag></object><object><points><x>0.27596</x><x>0.3429</x><y>0.35352</y><y>0.45703</y></points><label>5</label><labelname>cornice</labelname><flag>1</flag></object><object><points><x>0.32377</x><x>0.38525</x><y>0.7207</y><y>0.81152</y></points><label>5</label><labelname>cornice</labelname><flag>1</flag></object><object><points><x>0.32514</x><x>0.38661</x><y>0.83691</y><y>0.92773</y></points><label>5</label><labelname>cornice</labelname><flag>1</flag></object><object><points><x>0.53415</x><x>0.57104</x><y>0.11328</y><y>0.18945</y></points><label>5</label><labelname>cornice</labelname><flag>1</flag></object><object><points><x>0.53552</x><x>0.5724</x><y>0.24707</y><y>0.32324</y></points><label>5</label><labelname>cornice</labelname><flag>1</flag></object><object><points><x>0.53825</x><x>0.57514</x><y>0.36426</y><y>0.44043</y></points><label>5</label><labelname>cornice</labelname><flag>1</flag></object><object><points><x>0.56557</x><x>0.59699</x><y>0.73438</y><y>0.79883</y></points><label>5</label><labelname>cornice</labelname><flag>1</flag></object><object><points><x>0.56421</x><x>0.59563</x><y>0.84961</y><y>0.91406</y></points><label>5</label><labelname>cornice</labelname><flag>1</flag></object><object><points><x>0.45082</x><x>0.47541</x><y>0.11914</y><y>0.18555</y></points><label>6</label><labelname>sill</labelname><flag>1</flag></object><object><points><x>0.45082</x><x>0.47541</x><y>0.25293</y><y>0.32031</y></points><label>6</label><labelname>sill</labelname><flag>1</flag></object><object><points><x>0.45628</x><x>0.47951</x><y>0.37207</y><y>0.43945</y></points><label>6</label><labelname>sill</labelname><flag>1</flag></object><object><points><x>0.48907</x><x>0.50546</x><y>0.73535</y><y>0.7959</y></points><label>6</label><labelname>sill</labelname><flag>1</flag></object><object><points><x>0.4877</x><x>0.50546</x><y>0.85156</y><y>0.91211</y></points><label>6</label><labelname>sill</labelname><flag>1</flag></object><object><points><x>0.39344</x><x>0.54508</x><y>0.052734</y><y>0.12012</y></points><label>9</label><labelname>deco</labelname><flag>1</flag></object><object><points><x>0.39481</x><x>0.54508</x><y>0.1875</y><y>0.25391</y></points><label>9</label><labelname>deco</labelname><flag>1</flag></object><object><points><x>0.39481</x><x>0.54645</x><y>0.31934</y><y>0.37305</y></points><label>9</label><labelname>deco</labelname><flag>1</flag></object><object><points><x>0.39891</x><x>0.54918</x><y>0.44141</y><y>0.48828</y></points><label>9</label><labelname>deco</labelname><flag>1</flag></object><object><points><x>0.46038</x><x>0.53825</x><y>0.55371</y><y>0.62402</y></points><label>9</label><labelname>deco</labelname><flag>1</flag></object><object><points><x>0.43443</x><x>0.57377</x><y>0.70996</y><y>0.7373</y></points><label>9</label><labelname>deco</labelname><flag>1</flag></object><object><points><x>0.43306</x><x>0.5765</x><y>0.7959</y><y>0.85352</y></points><label>9</label><labelname>deco</labelname><flag>1</flag></object><object><points><x>0.43579</x><x>0.57787</x><y>0.91406</y><y>0.93848</y></points><label>9</label><labelname>deco</labelname><flag>1</flag></object><object><points><x>0.061475</x><x>0.12295</x><y>0.12598</y><y>0.19336</y></points><label>9</label><labelname>deco</labelname><flag>1</flag></object><object><points><x>0.064208</x><x>0.12568</x><y>0.25684</y><y>0.32422</y></points><label>9</label><labelname>deco</labelname><flag>1</flag></object><object><points><x>0.064208</x><x>0.12705</x><y>0.37598</y><y>0.44336</y></points><label>9</label><labelname>deco</labelname><flag>1</flag></object><object><points><x>0.06694</x><x>0.12978</x><y>0.5625</y><y>0.62891</y></points><label>9</label><labelname>deco</labelname><flag>1</flag></object><object><points><x>0.11749</x><x>0.18033</x><y>0.72949</y><y>0.7959</y></points><label>9</label><labelname>deco</labelname><flag>1</flag></object><object><points><x>0.12022</x><x>0.18306</x><y>0.84668</y><y>0.91309</y></points><label>9</label><labelname>deco</labelname><flag>1</flag></object><object><points><x>0.025956</x><x>0.12295</x><y>0.053711</y><y>0.71387</y></points><label>10</label><labelname>molding</labelname><flag>1</flag></object><object><points><x>0.22268</x><x>0.27049</x><y>0.058594</y><y>0.7041</y></points><label>10</label><labelname>molding</labelname><flag>1</flag></object><object><points><x>0.69672</x><x>0.7459</x><y>0.051758</y><y>0.94336</y></points><label>10</label><labelname>molding</labelname><flag>1</flag></object><object><points><x>0.56284</x><x>0.70765</x><y>0.53516</y><y>0.54883</y></points><label>11</label><labelname>pillar</labelname><flag>1</flag></object><object><points><x>0.56284</x><x>0.70765</x><y>0.62598</y><y>0.63965</y></points><label>11</label><labelname>pillar</labelname><flag>1</flag></object><object><points><x>0.30328</x><x>0.34016</x><y>0.53516</y><y>0.55078</y></points><label>9</label><labelname>deco</labelname><flag>1</flag></object><object><points><x>0.30738</x><x>0.34426</x><y>0.62598</y><y>0.6416</y></points><label>9</label><labelname>deco</labelname><flag>1</flag></object><object><points><x>0.70765</x><x>0.76366</x><y>0.53223</y><y>0.55176</y></points><label>11</label><labelname>pillar</labelname><flag>1</flag></object><object><points><x>0.70765</x><x>0.76366</x><y>0.62305</y><y>0.6416</y></points><label>11</label><labelname>pillar</labelname><flag>1</flag></object><object><points><x>0.53689</x><x>0.56148</x><y>0.5293</y><y>0.55371</y></points><label>11</label><labelname>pillar</labelname><flag>1</flag></object><object><points><x>0.53825</x><x>0.56284</x><y>0.62207</y><y>0.64551</y></points><label>11</label><labelname>pillar</labelname><flag>1</flag></object><object><points><x>0.094262</x><x>0.10929</x><y>0.21094</y><y>0.23633</y></points><label>11</label><labelname>pillar</labelname><flag>1</flag></object><object><points><x>0.096995</x><x>0.11066</x><y>0.33594</y><y>0.3623</y></points><label>11</label><labelname>pillar</labelname><flag>1</flag></object><object><points><x>0.096995</x><x>0.11066</x><y>0.45703</y><y>0.48242</y></points><label>11</label><labelname>pillar</labelname><flag>1</flag></object><object><points><x>0.095628</x><x>0.11066</x><y>0.081055</y><y>0.10645</y></points><label>11</label><labelname>pillar</labelname><flag>1</flag></object><object><points><x>0.095628</x><x>0.11066</x><y>0.052734</y><y>0.078125</y></points><label>11</label><labelname>pillar</labelname><flag>1</flag></object><object><points><x>0.15437</x><x>0.16667</x><y>0.81055</y><y>0.83105</y></points><label>11</label><labelname>pillar</labelname><flag>1</flag></object><object><points><x>0.15574</x><x>0.16803</x><y>0.92188</y><y>0.94336</y></points><label>11</label><labelname>pillar</labelname><flag>1</flag></object><object><points><x>0.11066</x><x>0.23087</x><y>0.084961</y><y>0.10059</y></points><label>11</label><labelname>pillar</labelname><flag>1</flag></object><object><points><x>0.11066</x><x>0.23087</x><y>0.056641</y><y>0.073242</y></points><label>11</label><labelname>pillar</labelname><flag>1</flag></object><object><points><x>0.10929</x><x>0.22951</x><y>0.21484</y><y>0.23145</y></points><label>11</label><labelname>pillar</labelname><flag>1</flag></object><object><points><x>0.11202</x><x>0.23224</x><y>0.3418</y><y>0.35742</y></points><label>11</label><labelname>pillar</labelname><flag>1</flag></object><object><points><x>0.11202</x><x>0.23087</x><y>0.46191</y><y>0.47852</y></points><label>11</label><labelname>pillar</labelname><flag>1</flag></object><object><points><x>0.16667</x><x>0.28005</x><y>0.81348</y><y>0.8291</y></points><label>11</label><labelname>pillar</labelname><flag>1</flag></object><object><points><x>0.16803</x><x>0.28279</x><y>0.9248</y><y>0.94141</y></points><label>11</label><labelname>pillar</labelname><flag>1</flag></object><object><points><x>0.10792</x><x>0.22951</x><y>0.48828</y><y>0.52734</y></points><label>11</label><labelname>pillar</labelname><flag>1</flag></object><object><points><x>0.11612</x><x>0.23634</x><y>0.65918</y><y>0.69824</y></points><label>11</label><labelname>pillar</labelname><flag>1</flag></object><object><points><x>0.096995</x><x>0.10792</x><y>0.48535</y><y>0.53125</y></points><label>11</label><labelname>pillar</labelname><flag>1</flag></object><object><points><x>0.10383</x><x>0.11612</x><y>0.65527</y><y>0.70117</y></points><label>11</label><labelname>pillar</labelname><flag>1</flag></object><object><points><x>0.23087</x><x>0.25</x><y>0.48145</y><y>0.53223</y></points><label>11</label><labelname>pillar</labelname><flag>1</flag></object><object><points><x>0.23634</x><x>0.25546</x><y>0.65332</y><y>0.70312</y></points><label>11</label><labelname>pillar</labelname><flag>1</flag></object><object><points><x>0.25</x><x>0.71175</x><y>0.4873</y><y>0.52539</y></points><label>11</label><labelname>pillar</labelname><flag>1</flag></object><object><points><x>0.2541</x><x>0.71585</x><y>0.65918</y><y>0.69824</y></points><label>11</label><labelname>pillar</labelname><flag>1</flag></object><object><points><x>0.69945</x><x>0.79235</x><y>0.21191</y><y>0.34766</y></points><label>12</label><labelname>shop</labelname><flag>1</flag></object><object><points><x>0.71858</x><x>0.81148</x><y>0.7627</y><y>0.88477</y></points><label>12</label><labelname>shop</labelname><flag>1</flag></object><object><points><x>0.82787</x><x>0.90027</x><y>0.068359</y><y>0.099609</y></points><label>12</label><labelname>shop</labelname><flag>1</flag></object><object><points><x>0.8347</x><x>0.9071</x><y>0.20215</y><y>0.2334</y></points><label>12</label><labelname>shop</labelname><flag>1</flag></object><object><points><x>0.8347</x><x>0.90574</x><y>0.33105</y><y>0.3623</y></points><label>12</label><labelname>shop</labelname><flag>1</flag></object><object><points><x>0.83743</x><x>0.90984</x><y>0.44727</y><y>0.47852</y></points><label>12</label><labelname>shop</labelname><flag>1</flag></object><object><points><x>0.85109</x><x>0.89344</x><y>0.48535</y><y>0.52344</y></points><label>12</label><labelname>shop</labelname><flag>1</flag></object><object><points><x>0.86475</x><x>0.89891</x><y>0.52539</y><y>0.54102</y></points><label>12</label><labelname>shop</labelname><flag>1</flag></object><object><points><x>0.94126</x><x>0.95355</x><y>0.5293</y><y>0.53613</y></points><label>12</label><labelname>shop</labelname><flag>1</flag></object><object><points><x>0.91393</x><x>0.93169</x><y>0.52734</y><y>0.53906</y></points><label>12</label><labelname>shop</labelname><flag>1</flag></object><object><points><x>0.89481</x><x>0.9235</x><y>0.54102</y><y>0.55273</y></points><label>12</label><labelname>shop</labelname><flag>1</flag></object><object><points><x>0.90164</x><x>0.91393</x><y>0.52832</y><y>0.53809</y></points><label>12</label><labelname>shop</labelname><flag>1</flag></object><object><points><x>0.86339</x><x>0.93579</x><y>0.62793</y><y>0.65723</y></points><label>12</label><labelname>shop</labelname><flag>1</flag></object><object><points><x>0.85656</x><x>0.89754</x><y>0.65918</y><y>0.69629</y></points><label>12</label><labelname>shop</labelname><flag>1</flag></object><object><points><x>0.84426</x><x>0.91393</x><y>0.71094</y><y>0.73633</y></points><label>12</label><labelname>shop</labelname><flag>1</flag></object><object><points><x>0.84426</x><x>0.9153</x><y>0.79297</y><y>0.82129</y></points><label>12</label><labelname>shop</labelname><flag>1</flag></object><object><points><x>0.84426</x><x>0.91393</x><y>0.82324</y><y>0.85059</y></points><label>12</label><labelname>shop</labelname><flag>1</flag></object><object><points><x>0.84699</x><x>0.91393</x><y>0.91016</y><y>0.94238</y></points><label>12</label><labelname>shop</labelname><flag>1</flag></object><object><points><x>0.77869</x><x>0.98497</x><y>0.060547</y><y>0.10938</y></points><label>8</label><labelname>blind</labelname><flag>1</flag></object><object><points><x>0.78689</x><x>0.99317</x><y>0.19531</y><y>0.24414</y></points><label>8</label><labelname>blind</labelname><flag>1</flag></object><object><points><x>0.79098</x><x>0.9877</x><y>0.32324</y><y>0.36719</y></points><label>8</label><labelname>blind</labelname><flag>1</flag></object><object><points><x>0.79098</x><x>0.9877</x><y>0.44434</y><y>0.48438</y></points><label>8</label><labelname>blind</labelname><flag>1</flag></object><object><points><x>0.80874</x><x>0.98224</x><y>0.70312</y><y>0.73438</y></points><label>8</label><labelname>blind</labelname><flag>1</flag></object><object><points><x>0.80874</x><x>0.98361</x><y>0.79395</y><y>0.8252</y></points><label>8</label><labelname>blind</labelname><flag>1</flag></object><object><points><x>0.81011</x><x>0.97678</x><y>0.82715</y><y>0.85059</y></points><label>8</label><labelname>blind</labelname><flag>1</flag></object><object><points><x>0.80464</x><x>0.97951</x><y>0.91211</y><y>0.94238</y></points><label>8</label><labelname>blind</labelname><flag>1</flag></object>