<object><points><x>0.37416</x><x>0.8686</x><y>0.75781</y><y>0.98242</y></points><label>2</label><labelname>facade</labelname><flag>1</flag></object><object><points><x>0.40757</x><x>0.87751</x><y>0.55176</y><y>0.75488</y></points><label>2</label><labelname>facade</labelname><flag>1</flag></object><object><points><x>0.41203</x><x>0.87973</x><y>0.32422</y><y>0.5498</y></points><label>2</label><labelname>facade</labelname><flag>1</flag></object><object><points><x>0.44098</x><x>0.87305</x><y>0.19922</y><y>0.32227</y></points><label>2</label><labelname>facade</labelname><flag>1</flag></object><object><points><x>0.58129</x><x>0.87973</x><y>0.024414</y><y>0.19922</y></points><label>2</label><labelname>facade</labelname><flag>1</flag></object><object><points><x>0.6392</x><x>0.70379</x><y>0.048828</y><y>0.064453</y></points><label>3</label><labelname>window</labelname><flag>1</flag></object><object><points><x>0.6392</x><x>0.70379</x><y>0.09668</y><y>0.11133</y></points><label>3</label><labelname>window</labelname><flag>1</flag></object><object><points><x>0.64143</x><x>0.70601</x><y>0.14746</y><y>0.16309</y></points><label>3</label><labelname>window</labelname><flag>1</flag></object><object><points><x>0.64143</x><x>0.70601</x><y>0.18262</y><y>0.19727</y></points><label>3</label><labelname>window</labelname><flag>1</flag></object><object><points><x>0.4922</x><x>0.56347</x><y>0.2207</y><y>0.2373</y></points><label>3</label><labelname>window</labelname><flag>1</flag></object><object><points><x>0.4922</x><x>0.56347</x><y>0.25195</y><y>0.26855</y></points><label>3</label><labelname>window</labelname><flag>1</flag></object><object><points><x>0.4922</x><x>0.56347</x><y>0.28418</y><y>0.30176</y></points><label>3</label><labelname>window</labelname><flag>1</flag></object><object><points><x>0.63252</x><x>0.70824</x><y>0.22168</y><y>0.23828</y></points><label>3</label><labelname>window</labelname><flag>1</flag></object><object><points><x>0.63474</x><x>0.70824</x><y>0.25293</y><y>0.27051</y></points><label>3</label><labelname>window</labelname><flag>1</flag></object><object><points><x>0.63474</x><x>0.71047</x><y>0.28613</y><y>0.30273</y></points><label>3</label><labelname>window</labelname><flag>1</flag></object><object><points><x>0.45434</x><x>0.53229</x><y>0.34277</y><y>0.36133</y></points><label>3</label><labelname>window</labelname><flag>1</flag></object><object><points><x>0.45657</x><x>0.53229</x><y>0.38281</y><y>0.40137</y></points><label>3</label><labelname>window</labelname><flag>1</flag></object><object><points><x>0.45657</x><x>0.53452</x><y>0.4248</y><y>0.44336</y></points><label>3</label><labelname>window</labelname><flag>1</flag></object><object><points><x>0.45657</x><x>0.53452</x><y>0.46582</y><y>0.48438</y></points><label>3</label><labelname>window</labelname><flag>1</flag></object><object><points><x>0.45434</x><x>0.53229</x><y>0.50879</y><y>0.52734</y></points><label>3</label><labelname>window</labelname><flag>1</flag></object><object><points><x>0.59688</x><x>0.68374</x><y>0.50684</y><y>0.52637</y></points><label>3</label><labelname>window</labelname><flag>1</flag></object><object><points><x>0.59688</x><x>0.68374</x><y>0.4668</y><y>0.48633</y></points><label>3</label><labelname>window</labelname><flag>1</flag></object><object><points><x>0.59911</x><x>0.68374</x><y>0.42383</y><y>0.44434</y></points><label>3</label><labelname>window</labelname><flag>1</flag></object><object><points><x>0.59688</x><x>0.68374</x><y>0.38281</y><y>0.40234</y></points><label>3</label><labelname>window</labelname><flag>1</flag></object><object><points><x>0.59688</x><x>0.68151</x><y>0.3418</y><y>0.36133</y></points><label>3</label><labelname>window</labelname><flag>1</flag></object><object><points><x>0.46771</x><x>0.52561</x><y>0.58008</y><y>0.59473</y></points><label>3</label><labelname>window</labelname><flag>1</flag></object><object><points><x>0.46771</x><x>0.52561</x><y>0.59961</y><y>0.61328</y></points><label>3</label><labelname>window</labelname><flag>1</flag></object><object><points><x>0.46771</x><x>0.52561</x><y>0.63574</y><y>0.65039</y></points><label>3</label><labelname>window</labelname><flag>1</flag></object><object><points><x>0.46771</x><x>0.52561</x><y>0.65527</y><y>0.66992</y></points><label>3</label><labelname>window</labelname><flag>1</flag></object><object><points><x>0.46771</x><x>0.52561</x><y>0.69238</y><y>0.70703</y></points><label>3</label><labelname>window</labelname><flag>1</flag></object><object><points><x>0.46771</x><x>0.52561</x><y>0.71094</y><y>0.72559</y></points><label>3</label><labelname>window</labelname><flag>1</flag></object><object><points><x>0.59465</x><x>0.65256</x><y>0.5791</y><y>0.59473</y></points><label>3</label><labelname>window</labelname><flag>1</flag></object><object><points><x>0.59465</x><x>0.65033</x><y>0.59766</y><y>0.61328</y></points><label>3</label><labelname>window</labelname><flag>1</flag></object><object><points><x>0.59465</x><x>0.65256</x><y>0.63477</y><y>0.65039</y></points><label>3</label><labelname>window</labelname><flag>1</flag></object><object><points><x>0.59688</x><x>0.65256</x><y>0.65332</y><y>0.66992</y></points><label>3</label><labelname>window</labelname><flag>1</flag></object><object><points><x>0.59688</x><x>0.65479</x><y>0.69043</y><y>0.70703</y></points><label>3</label><labelname>window</labelname><flag>1</flag></object><object><points><x>0.59688</x><x>0.65256</x><y>0.70996</y><y>0.72559</y></points><label>3</label><labelname>window</labelname><flag>1</flag></object><object><points><x>0.41203</x><x>0.48107</x><y>0.77441</y><y>0.79395</y></points><label>3</label><labelname>window</labelname><flag>1</flag></object><object><points><x>0.41203</x><x>0.48107</x><y>0.83008</y><y>0.84961</y></points><label>3</label><labelname>window</labelname><flag>1</flag></object><object><points><x>0.41425</x><x>0.4833</x><y>0.87402</y><y>0.89453</y></points><label>3</label><labelname>window</labelname><flag>1</flag></object><object><points><x>0.55679</x><x>0.62361</x><y>0.77246</y><y>0.79199</y></points><label>3</label><labelname>window</labelname><flag>1</flag></object><object><points><x>0.55679</x><x>0.62361</x><y>0.82812</y><y>0.84766</y></points><label>3</label><labelname>window</labelname><flag>1</flag></object><object><points><x>0.55679</x><x>0.62584</x><y>0.87305</y><y>0.89258</y></points><label>3</label><labelname>window</labelname><flag>1</flag></object><object><points><x>0.41425</x><x>0.48107</x><y>0.9209</y><y>0.94043</y></points><label>3</label><labelname>window</labelname><flag>1</flag></object><object><points><x>0.55679</x><x>0.62584</x><y>0.91797</y><y>0.9375</y></points><label>3</label><labelname>window</labelname><flag>1</flag></object><object><points><x>0.72606</x><x>0.83519</x><y>0.82617</y><y>0.84863</y></points><label>4</label><labelname>door</labelname><flag>1</flag></object><object><points><x>0.75278</x><x>0.87751</x><y>0.46191</y><y>0.48535</y></points><label>4</label><labelname>door</labelname><flag>1</flag></object><object><points><x>0.58797</x><x>0.62138</x><y>0.24609</y><y>0.27441</y></points><label>5</label><labelname>cornice</labelname><flag>1</flag></object><object><points><x>0.59243</x><x>0.61915</x><y>0.21387</y><y>0.24316</y></points><label>5</label><labelname>cornice</labelname><flag>1</flag></object><object><points><x>0.59243</x><x>0.62138</x><y>0.27832</y><y>0.30762</y></points><label>5</label><labelname>cornice</labelname><flag>1</flag></object><object><points><x>0.55011</x><x>0.60134</x><y>0.33105</y><y>0.37109</y></points><label>5</label><labelname>cornice</labelname><flag>1</flag></object><object><points><x>0.55011</x><x>0.60134</x><y>0.37207</y><y>0.41309</y></points><label>5</label><labelname>cornice</labelname><flag>1</flag></object><object><points><x>0.55011</x><x>0.60134</x><y>0.41309</y><y>0.4541</y></points><label>5</label><labelname>cornice</labelname><flag>1</flag></object><object><points><x>0.55234</x><x>0.60356</x><y>0.4541</y><y>0.49512</y></points><label>5</label><labelname>cornice</labelname><flag>1</flag></object><object><points><x>0.55234</x><x>0.60356</x><y>0.49707</y><y>0.53809</y></points><label>5</label><labelname>cornice</labelname><flag>1</flag></object><object><points><x>0.56125</x><x>0.57461</x><y>0.21484</y><y>0.24219</y></points><label>6</label><labelname>sill</labelname><flag>1</flag></object><object><points><x>0.56125</x><x>0.57461</x><y>0.24707</y><y>0.27441</y></points><label>6</label><labelname>sill</labelname><flag>1</flag></object><object><points><x>0.56125</x><x>0.57461</x><y>0.28027</y><y>0.30762</y></points><label>6</label><labelname>sill</labelname><flag>1</flag></object><object><points><x>0.70379</x><x>0.71715</x><y>0.2168</y><y>0.24316</y></points><label>6</label><labelname>sill</labelname><flag>1</flag></object><object><points><x>0.70601</x><x>0.71938</x><y>0.24805</y><y>0.27539</y></points><label>6</label><labelname>sill</labelname><flag>1</flag></object><object><points><x>0.70601</x><x>0.71938</x><y>0.28027</y><y>0.30762</y></points><label>6</label><labelname>sill</labelname><flag>1</flag></object><object><points><x>0.53007</x><x>0.54788</x><y>0.33496</y><y>0.36816</y></points><label>6</label><labelname>sill</labelname><flag>1</flag></object><object><points><x>0.53007</x><x>0.54788</x><y>0.375</y><y>0.40918</y></points><label>6</label><labelname>sill</labelname><flag>1</flag></object><object><points><x>0.53007</x><x>0.54788</x><y>0.41699</y><y>0.45117</y></points><label>6</label><labelname>sill</labelname><flag>1</flag></object><object><points><x>0.53229</x><x>0.55011</x><y>0.45898</y><y>0.49219</y></points><label>6</label><labelname>sill</labelname><flag>1</flag></object><object><points><x>0.53229</x><x>0.55011</x><y>0.5</y><y>0.53418</y></points><label>6</label><labelname>sill</labelname><flag>1</flag></object><object><points><x>0.47661</x><x>0.4922</x><y>0.7666</y><y>0.79785</y></points><label>6</label><labelname>sill</labelname><flag>1</flag></object><object><points><x>0.47661</x><x>0.4922</x><y>0.82422</y><y>0.85547</y></points><label>6</label><labelname>sill</labelname><flag>1</flag></object><object><points><x>0.47884</x><x>0.49443</x><y>0.86719</y><y>0.89844</y></points><label>6</label><labelname>sill</labelname><flag>1</flag></object><object><points><x>0.47661</x><x>0.4922</x><y>0.91504</y><y>0.94629</y></points><label>6</label><labelname>sill</labelname><flag>1</flag></object><object><points><x>0.61915</x><x>0.63474</x><y>0.76562</y><y>0.79688</y></points><label>6</label><labelname>sill</labelname><flag>1</flag></object><object><points><x>0.62138</x><x>0.63697</x><y>0.82129</y><y>0.85254</y></points><label>6</label><labelname>sill</labelname><flag>1</flag></object><object><points><x>0.61915</x><x>0.63474</x><y>0.86719</y><y>0.89844</y></points><label>6</label><labelname>sill</labelname><flag>1</flag></object><object><points><x>0.62361</x><x>0.6392</x><y>0.91309</y><y>0.94434</y></points><label>6</label><labelname>sill</labelname><flag>1</flag></object><object><points><x>0.53452</x><x>0.58575</x><y>0.58398</y><y>0.72559</y></points><label>9</label><labelname>deco</labelname><flag>1</flag></object><object><points><x>0.46548</x><x>0.61247</x><y>0.55371</y><y>0.57617</y></points><label>9</label><labelname>deco</labelname><flag>1</flag></object><object><points><x>0.46548</x><x>0.61247</x><y>0.72949</y><y>0.75293</y></points><label>9</label><labelname>deco</labelname><flag>1</flag></object><object><points><x>0.46325</x><x>0.49666</x><y>0.61719</y><y>0.63184</y></points><label>9</label><labelname>deco</labelname><flag>1</flag></object><object><points><x>0.46102</x><x>0.49889</x><y>0.67383</y><y>0.68848</y></points><label>9</label><labelname>deco</labelname><flag>1</flag></object><object><points><x>0.42539</x><x>0.44989</x><y>0.37695</y><y>0.38379</y></points><label>9</label><labelname>deco</labelname><flag>1</flag></object><object><points><x>0.42539</x><x>0.44766</x><y>0.35938</y><y>0.36621</y></points><label>9</label><labelname>deco</labelname><flag>1</flag></object><object><points><x>0.42539</x><x>0.44766</x><y>0.33496</y><y>0.3418</y></points><label>9</label><labelname>deco</labelname><flag>1</flag></object><object><points><x>0.42539</x><x>0.44989</x><y>0.32422</y><y>0.33105</y></points><label>9</label><labelname>deco</labelname><flag>1</flag></object><object><points><x>0.42539</x><x>0.44989</x><y>0.40039</y><y>0.40723</y></points><label>9</label><labelname>deco</labelname><flag>1</flag></object><object><points><x>0.42762</x><x>0.45212</x><y>0.41699</y><y>0.42383</y></points><label>9</label><labelname>deco</labelname><flag>1</flag></object><object><points><x>0.42539</x><x>0.44989</x><y>0.44238</y><y>0.44922</y></points><label>9</label><labelname>deco</labelname><flag>1</flag></object><object><points><x>0.42539</x><x>0.44989</x><y>0.45996</y><y>0.4668</y></points><label>9</label><labelname>deco</labelname><flag>1</flag></object><object><points><x>0.42762</x><x>0.44989</x><y>0.48438</y><y>0.49023</y></points><label>9</label><labelname>deco</labelname><flag>1</flag></object><object><points><x>0.42762</x><x>0.44989</x><y>0.50195</y><y>0.50781</y></points><label>9</label><labelname>deco</labelname><flag>1</flag></object><object><points><x>0.42539</x><x>0.44766</x><y>0.52734</y><y>0.53418</y></points><label>9</label><labelname>deco</labelname><flag>1</flag></object><object><points><x>0.42539</x><x>0.44766</x><y>0.53711</y><y>0.54395</y></points><label>9</label><labelname>deco</labelname><flag>1</flag></object><object><points><x>0.4343</x><x>0.44766</x><y>0.3418</y><y>0.36035</y></points><label>9</label><labelname>deco</labelname><flag>1</flag></object><object><points><x>0.4343</x><x>0.44766</x><y>0.36719</y><y>0.37695</y></points><label>9</label><labelname>deco</labelname><flag>1</flag></object><object><points><x>0.4343</x><x>0.44766</x><y>0.38281</y><y>0.40039</y></points><label>9</label><labelname>deco</labelname><flag>1</flag></object><object><points><x>0.4343</x><x>0.44766</x><y>0.4248</y><y>0.44238</y></points><label>9</label><labelname>deco</labelname><flag>1</flag></object><object><points><x>0.43653</x><x>0.44989</x><y>0.46582</y><y>0.4834</y></points><label>9</label><labelname>deco</labelname><flag>1</flag></object><object><points><x>0.4343</x><x>0.44766</x><y>0.50977</y><y>0.52734</y></points><label>9</label><labelname>deco</labelname><flag>1</flag></object><object><points><x>0.43653</x><x>0.44989</x><y>0.4082</y><y>0.41699</y></points><label>9</label><labelname>deco</labelname><flag>1</flag></object><object><points><x>0.43653</x><x>0.44989</x><y>0.4502</y><y>0.45898</y></points><label>9</label><labelname>deco</labelname><flag>1</flag></object><object><points><x>0.43653</x><x>0.44989</x><y>0.49219</y><y>0.50098</y></points><label>9</label><labelname>deco</labelname><flag>1</flag></object><object><points><x>0.58575</x><x>0.60802</x><y>0.026367</y><y>0.19824</y></points><label>10</label><labelname>molding</labelname><flag>1</flag></object><object><points><x>0.73274</x><x>0.75501</x><y>0.026367</y><y>0.19629</y></points><label>10</label><labelname>molding</labelname><flag>1</flag></object><object><points><x>0.7216</x><x>0.7461</x><y>0.20312</y><y>0.32031</y></points><label>10</label><labelname>molding</labelname><flag>1</flag></object><object><points><x>0.44321</x><x>0.46993</x><y>0.20312</y><y>0.32129</y></points><label>10</label><labelname>molding</labelname><flag>1</flag></object><object><points><x>0.41648</x><x>0.4588</x><y>0.3291</y><y>0.54785</y></points><label>10</label><labelname>molding</labelname><flag>1</flag></object><object><points><x>0.53007</x><x>0.5412</x><y>0.3252</y><y>0.54785</y></points><label>10</label><labelname>molding</labelname><flag>1</flag></object><object><points><x>0.6882</x><x>0.71715</x><y>0.32617</y><y>0.54688</y></points><label>10</label><labelname>molding</labelname><flag>1</flag></object><object><points><x>0.4098</x><x>0.44989</x><y>0.55371</y><y>0.75293</y></points><label>10</label><labelname>molding</labelname><flag>1</flag></object><object><points><x>0.37862</x><x>0.40089</x><y>0.76074</y><y>0.98242</y></points><label>10</label><labelname>molding</labelname><flag>1</flag></object><object><points><x>0.64365</x><x>0.69488</x><y>0.79785</y><y>0.97949</y></points><label>10</label><labelname>molding</labelname><flag>1</flag></object><object><points><x>0.46771</x><x>0.52561</x><y>0.32617</y><y>0.33203</y></points><label>11</label><labelname>pillar</labelname><flag>1</flag></object><object><points><x>0.46548</x><x>0.52561</x><y>0.33691</y><y>0.34277</y></points><label>11</label><labelname>pillar</labelname><flag>1</flag></object><object><points><x>0.46548</x><x>0.52561</x><y>0.36035</y><y>0.36621</y></points><label>11</label><labelname>pillar</labelname><flag>1</flag></object><object><points><x>0.46771</x><x>0.52561</x><y>0.37793</y><y>0.38379</y></points><label>11</label><labelname>pillar</labelname><flag>1</flag></object><object><points><x>0.46771</x><x>0.52561</x><y>0.40234</y><y>0.4082</y></points><label>11</label><labelname>pillar</labelname><flag>1</flag></object><object><points><x>0.46771</x><x>0.52561</x><y>0.41992</y><y>0.42578</y></points><label>11</label><labelname>pillar</labelname><flag>1</flag></object><object><points><x>0.46771</x><x>0.52561</x><y>0.44336</y><y>0.44922</y></points><label>11</label><labelname>pillar</labelname><flag>1</flag></object><object><points><x>0.46771</x><x>0.52561</x><y>0.46094</y><y>0.4668</y></points><label>11</label><labelname>pillar</labelname><flag>1</flag></object><object><points><x>0.46548</x><x>0.52561</x><y>0.48535</y><y>0.49121</y></points><label>11</label><labelname>pillar</labelname><flag>1</flag></object><object><points><x>0.46771</x><x>0.52561</x><y>0.50293</y><y>0.50879</y></points><label>11</label><labelname>pillar</labelname><flag>1</flag></object><object><points><x>0.46771</x><x>0.52784</x><y>0.52734</y><y>0.53223</y></points><label>11</label><labelname>pillar</labelname><flag>1</flag></object><object><points><x>0.46548</x><x>0.52561</x><y>0.53809</y><y>0.54297</y></points><label>11</label><labelname>pillar</labelname><flag>1</flag></object><object><points><x>0.60356</x><x>0.66592</x><y>0.33594</y><y>0.34082</y></points><label>11</label><labelname>pillar</labelname><flag>1</flag></object><object><points><x>0.60579</x><x>0.66815</x><y>0.3623</y><y>0.36816</y></points><label>11</label><labelname>pillar</labelname><flag>1</flag></object><object><points><x>0.60579</x><x>0.66815</x><y>0.37598</y><y>0.38184</y></points><label>11</label><labelname>pillar</labelname><flag>1</flag></object><object><points><x>0.60579</x><x>0.66815</x><y>0.40234</y><y>0.4082</y></points><label>11</label><labelname>pillar</labelname><flag>1</flag></object><object><points><x>0.60579</x><x>0.66815</x><y>0.41699</y><y>0.42285</y></points><label>11</label><labelname>pillar</labelname><flag>1</flag></object><object><points><x>0.60579</x><x>0.66815</x><y>0.44434</y><y>0.4502</y></points><label>11</label><labelname>pillar</labelname><flag>1</flag></object><object><points><x>0.60579</x><x>0.67038</x><y>0.45898</y><y>0.46484</y></points><label>11</label><labelname>pillar</labelname><flag>1</flag></object><object><points><x>0.60579</x><x>0.66815</x><y>0.48633</y><y>0.49121</y></points><label>11</label><labelname>pillar</labelname><flag>1</flag></object><object><points><x>0.60579</x><x>0.67038</x><y>0.5</y><y>0.50586</y></points><label>11</label><labelname>pillar</labelname><flag>1</flag></object><object><points><x>0.60579</x><x>0.67038</x><y>0.52734</y><y>0.5332</y></points><label>11</label><labelname>pillar</labelname><flag>1</flag></object><object><points><x>0.52561</x><x>0.53229</x><y>0.3252</y><y>0.33203</y></points><label>11</label><labelname>pillar</labelname><flag>1</flag></object><object><points><x>0.52561</x><x>0.53229</x><y>0.33594</y><y>0.34277</y></points><label>11</label><labelname>pillar</labelname><flag>1</flag></object><object><points><x>0.52561</x><x>0.53229</x><y>0.36035</y><y>0.36719</y></points><label>11</label><labelname>pillar</labelname><flag>1</flag></object><object><points><x>0.52561</x><x>0.53452</x><y>0.37695</y><y>0.38379</y></points><label>11</label><labelname>pillar</labelname><flag>1</flag></object><object><points><x>0.52561</x><x>0.53452</x><y>0.40137</y><y>0.4082</y></points><label>11</label><labelname>pillar</labelname><flag>1</flag></object><object><points><x>0.52561</x><x>0.53452</x><y>0.41895</y><y>0.42578</y></points><label>11</label><labelname>pillar</labelname><flag>1</flag></object><object><points><x>0.52561</x><x>0.53452</x><y>0.44238</y><y>0.44922</y></points><label>11</label><labelname>pillar</labelname><flag>1</flag></object><object><points><x>0.52561</x><x>0.53452</x><y>0.45996</y><y>0.46777</y></points><label>11</label><labelname>pillar</labelname><flag>1</flag></object><object><points><x>0.52561</x><x>0.53452</x><y>0.48438</y><y>0.49121</y></points><label>11</label><labelname>pillar</labelname><flag>1</flag></object><object><points><x>0.52561</x><x>0.53229</x><y>0.50195</y><y>0.50977</y></points><label>11</label><labelname>pillar</labelname><flag>1</flag></object><object><points><x>0.52784</x><x>0.53452</x><y>0.52637</y><y>0.5332</y></points><label>11</label><labelname>pillar</labelname><flag>1</flag></object><object><points><x>0.52561</x><x>0.53229</x><y>0.53613</y><y>0.54395</y></points><label>11</label><labelname>pillar</labelname><flag>1</flag></object><object><points><x>0.67038</x><x>0.69488</x><y>0.52734</y><y>0.53418</y></points><label>11</label><labelname>pillar</labelname><flag>1</flag></object><object><points><x>0.67038</x><x>0.69488</x><y>0.5</y><y>0.50684</y></points><label>11</label><labelname>pillar</labelname><flag>1</flag></object><object><points><x>0.67038</x><x>0.69488</x><y>0.48535</y><y>0.49219</y></points><label>11</label><labelname>pillar</labelname><flag>1</flag></object><object><points><x>0.67038</x><x>0.69488</x><y>0.45898</y><y>0.46484</y></points><label>11</label><labelname>pillar</labelname><flag>1</flag></object><object><points><x>0.66815</x><x>0.69488</x><y>0.44434</y><y>0.4502</y></points><label>11</label><labelname>pillar</labelname><flag>1</flag></object><object><points><x>0.66815</x><x>0.69265</x><y>0.41699</y><y>0.42285</y></points><label>11</label><labelname>pillar</labelname><flag>1</flag></object><object><points><x>0.66815</x><x>0.69265</x><y>0.40234</y><y>0.40918</y></points><label>11</label><labelname>pillar</labelname><flag>1</flag></object><object><points><x>0.66815</x><x>0.69265</x><y>0.37598</y><y>0.38281</y></points><label>11</label><labelname>pillar</labelname><flag>1</flag></object><object><points><x>0.66815</x><x>0.69265</x><y>0.36133</y><y>0.36816</y></points><label>11</label><labelname>pillar</labelname><flag>1</flag></object><object><points><x>0.66592</x><x>0.69265</x><y>0.33496</y><y>0.3418</y></points><label>11</label><labelname>pillar</labelname><flag>1</flag></object><object><points><x>0.59465</x><x>0.60356</x><y>0.33496</y><y>0.3418</y></points><label>11</label><labelname>pillar</labelname><flag>1</flag></object><object><points><x>0.59688</x><x>0.60579</x><y>0.36133</y><y>0.36816</y></points><label>11</label><labelname>pillar</labelname><flag>1</flag></object><object><points><x>0.59688</x><x>0.60579</x><y>0.375</y><y>0.38184</y></points><label>11</label><labelname>pillar</labelname><flag>1</flag></object><object><points><x>0.59688</x><x>0.60579</x><y>0.40234</y><y>0.40918</y></points><label>11</label><labelname>pillar</labelname><flag>1</flag></object><object><points><x>0.59688</x><x>0.60579</x><y>0.41699</y><y>0.42383</y></points><label>11</label><labelname>pillar</labelname><flag>1</flag></object><object><points><x>0.59688</x><x>0.60579</x><y>0.44434</y><y>0.45117</y></points><label>11</label><labelname>pillar</labelname><flag>1</flag></object><object><points><x>0.59688</x><x>0.60579</x><y>0.45801</y><y>0.46484</y></points><label>11</label><labelname>pillar</labelname><flag>1</flag></object><object><points><x>0.59688</x><x>0.60579</x><y>0.48535</y><y>0.49219</y></points><label>11</label><labelname>pillar</labelname><flag>1</flag></object><object><points><x>0.59688</x><x>0.60579</x><y>0.5</y><y>0.50586</y></points><label>11</label><labelname>pillar</labelname><flag>1</flag></object><object><points><x>0.59911</x><x>0.60802</x><y>0.52734</y><y>0.53418</y></points><label>11</label><labelname>pillar</labelname><flag>1</flag></object><object><points><x>0.45434</x><x>0.46548</x><y>0.3252</y><y>0.33203</y></points><label>11</label><labelname>pillar</labelname><flag>1</flag></object><object><points><x>0.45434</x><x>0.46548</x><y>0.33594</y><y>0.34277</y></points><label>11</label><labelname>pillar</labelname><flag>1</flag></object><object><points><x>0.45434</x><x>0.46548</x><y>0.36035</y><y>0.36719</y></points><label>11</label><labelname>pillar</labelname><flag>1</flag></object><object><points><x>0.45434</x><x>0.46771</x><y>0.37695</y><y>0.38379</y></points><label>11</label><labelname>pillar</labelname><flag>1</flag></object><object><points><x>0.45434</x><x>0.46771</x><y>0.40137</y><y>0.4082</y></points><label>11</label><labelname>pillar</labelname><flag>1</flag></object><object><points><x>0.45434</x><x>0.46548</x><y>0.41797</y><y>0.42578</y></points><label>11</label><labelname>pillar</labelname><flag>1</flag></object><object><points><x>0.45434</x><x>0.46771</x><y>0.44238</y><y>0.4502</y></points><label>11</label><labelname>pillar</labelname><flag>1</flag></object><object><points><x>0.45434</x><x>0.46771</x><y>0.45996</y><y>0.46777</y></points><label>11</label><labelname>pillar</labelname><flag>1</flag></object><object><points><x>0.45434</x><x>0.46548</x><y>0.48438</y><y>0.49121</y></points><label>11</label><labelname>pillar</labelname><flag>1</flag></object><object><points><x>0.45434</x><x>0.46771</x><y>0.50195</y><y>0.50977</y></points><label>11</label><labelname>pillar</labelname><flag>1</flag></object><object><points><x>0.45657</x><x>0.46771</x><y>0.52539</y><y>0.5332</y></points><label>11</label><labelname>pillar</labelname><flag>1</flag></object><object><points><x>0.45434</x><x>0.46771</x><y>0.53711</y><y>0.54395</y></points><label>11</label><labelname>pillar</labelname><flag>1</flag></object><object><points><x>0.69042</x><x>0.72829</x><y>0.55176</y><y>0.75293</y></points><label>12</label><labelname>shop</labelname><flag>1</flag></object><object><points><x>0.73274</x><x>0.83296</x><y>0.55273</y><y>0.75293</y></points><label>12</label><labelname>shop</labelname><flag>1</flag></object><object><points><x>0.72606</x><x>0.84855</x><y>0.7666</y><y>0.80664</y></points><label>12</label><labelname>shop</labelname><flag>1</flag></object><object><points><x>0.67929</x><x>0.85301</x><y>0.87305</y><y>0.94043</y></points><label>12</label><labelname>shop</labelname><flag>1</flag></object><object><points><x>0.71269</x><x>0.75501</x><y>0.50098</y><y>0.53711</y></points><label>12</label><labelname>shop</labelname><flag>1</flag></object><object><points><x>0.74833</x><x>0.8441</x><y>0.50391</y><y>0.53027</y></points><label>12</label><labelname>shop</labelname><flag>1</flag></object><object><points><x>0.76837</x><x>0.84187</x><y>0.4248</y><y>0.44336</y></points><label>12</label><labelname>shop</labelname><flag>1</flag></object><object><points><x>0.75056</x><x>0.83964</x><y>0.37988</y><y>0.4043</y></points><label>12</label><labelname>shop</labelname><flag>1</flag></object><object><points><x>0.75056</x><x>0.83964</x><y>0.3418</y><y>0.36523</y></points><label>12</label><labelname>shop</labelname><flag>1</flag></object><object><points><x>0.75947</x><x>0.77951</x><y>0.25391</y><y>0.29883</y></points><label>12</label><labelname>shop</labelname><flag>1</flag></object><object><points><x>0.78174</x><x>0.84633</x><y>0.25586</y><y>0.31543</y></points><label>12</label><labelname>shop</labelname><flag>1</flag></object><object><points><x>0.76392</x><x>0.85969</x><y>0.21582</y><y>0.25195</y></points><label>12</label><labelname>shop</labelname><flag>1</flag></object><object><points><x>0.76837</x><x>0.7951</x><y>0.14453</y><y>0.19824</y></points><label>12</label><labelname>shop</labelname><flag>1</flag></object><object><points><x>0.79733</x><x>0.86192</x><y>0.14551</y><y>0.16992</y></points><label>12</label><labelname>shop</labelname><flag>1</flag></object><object><points><x>0.79733</x><x>0.85746</x><y>0.18164</y><y>0.19824</y></points><label>12</label><labelname>shop</labelname><flag>1</flag></object><object><points><x>0.49889</x><x>0.53229</x><y>0.61719</y><y>0.63184</y></points><label>9</label><labelname>deco</labelname><flag>1</flag></object><object><points><x>0.58797</x><x>0.62138</x><y>0.61621</y><y>0.63086</y></points><label>9</label><labelname>deco</labelname><flag>1</flag></object><object><points><x>0.62361</x><x>0.65924</x><y>0.61621</y><y>0.63086</y></points><label>9</label><labelname>deco</labelname><flag>1</flag></object><object><points><x>0.62584</x><x>0.66147</x><y>0.67188</y><y>0.68652</y></points><label>9</label><labelname>deco</labelname><flag>1</flag></object><object><points><x>0.5902</x><x>0.62361</x><y>0.67188</y><y>0.68652</y></points><label>9</label><labelname>deco</labelname><flag>1</flag></object><object><points><x>0.50111</x><x>0.53452</x><y>0.67383</y><y>0.68848</y></points><label>9</label><labelname>deco</labelname><flag>1</flag></object><object><points><x>0.66592</x><x>0.6882</x><y>0.55273</y><y>0.74902</y></points><label>10</label><labelname>molding</labelname><flag>1</flag></object>