<object><points><x>0.11443</x><x>0.99751</x><y>0.38208</y><y>0.97877</y></points><label>2</label><labelname>facade</labelname><flag>1</flag></object><object><points><x>0.074627</x><x>0.99502</x><y>0.04717</y><y>0.37264</y></points><label>2</label><labelname>facade</labelname><flag>1</flag></object><object><points><x>0.14925</x><x>0.23881</x><y>0.41038</y><y>0.45283</y></points><label>3</label><labelname>window</labelname><flag>1</flag></object><object><points><x>0.14925</x><x>0.23881</x><y>0.46462</y><y>0.50708</y></points><label>3</label><labelname>window</labelname><flag>1</flag></object><object><points><x>0.14925</x><x>0.23881</x><y>0.625</y><y>0.67453</y></points><label>3</label><labelname>window</labelname><flag>1</flag></object><object><points><x>0.14925</x><x>0.23881</x><y>0.81368</y><y>0.86321</y></points><label>3</label><labelname>window</labelname><flag>1</flag></object><object><points><x>0.32338</x><x>0.4403</x><y>0.4717</y><y>0.51651</y></points><label>3</label><labelname>window</labelname><flag>1</flag></object><object><points><x>0.32338</x><x>0.4403</x><y>0.41274</y><y>0.45755</y></points><label>3</label><labelname>window</labelname><flag>1</flag></object><object><points><x>0.52239</x><x>0.6393</x><y>0.41274</y><y>0.45755</y></points><label>3</label><labelname>window</labelname><flag>1</flag></object><object><points><x>0.52239</x><x>0.6393</x><y>0.46934</y><y>0.51415</y></points><label>3</label><labelname>window</labelname><flag>1</flag></object><object><points><x>0.73134</x><x>0.85075</x><y>0.41038</y><y>0.45519</y></points><label>3</label><labelname>window</labelname><flag>1</flag></object><object><points><x>0.72886</x><x>0.84577</x><y>0.46698</y><y>0.51179</y></points><label>3</label><labelname>window</labelname><flag>1</flag></object><object><points><x>0.12687</x><x>0.22886</x><y>0.091981</y><y>0.12736</y></points><label>3</label><labelname>window</labelname><flag>1</flag></object><object><points><x>0.14179</x><x>0.22886</x><y>0.14387</y><y>0.16274</y></points><label>3</label><labelname>window</labelname><flag>1</flag></object><object><points><x>0.13184</x><x>0.23383</x><y>0.066038</y><y>0.084906</y></points><label>3</label><labelname>window</labelname><flag>1</flag></object><object><points><x>0.31592</x><x>0.43532</x><y>0.09434</y><y>0.12972</y></points><label>3</label><labelname>window</labelname><flag>1</flag></object><object><points><x>0.31592</x><x>0.43532</x><y>0.13443</y><y>0.16038</y></points><label>3</label><labelname>window</labelname><flag>1</flag></object><object><points><x>0.31841</x><x>0.43781</x><y>0.061321</y><y>0.080189</y></points><label>3</label><labelname>window</labelname><flag>1</flag></object><object><points><x>0.51741</x><x>0.6393</x><y>0.091981</y><y>0.12972</y></points><label>3</label><labelname>window</labelname><flag>1</flag></object><object><points><x>0.51741</x><x>0.64677</x><y>0.061321</y><y>0.082547</y></points><label>3</label><labelname>window</labelname><flag>1</flag></object><object><points><x>0.52239</x><x>0.64677</x><y>0.13679</y><y>0.16274</y></points><label>3</label><labelname>window</labelname><flag>1</flag></object><object><points><x>0.35323</x><x>0.43781</x><y>0.76179</y><y>0.91981</y></points><label>3</label><labelname>window</labelname><flag>1</flag></object><object><points><x>0.53483</x><x>0.63682</x><y>0.76179</y><y>0.91981</y></points><label>3</label><labelname>window</labelname><flag>1</flag></object><object><points><x>0.73881</x><x>0.84328</x><y>0.75943</y><y>0.91745</y></points><label>3</label><labelname>window</labelname><flag>1</flag></object><object><points><x>0.73881</x><x>0.84577</x><y>0.62028</y><y>0.68868</y></points><label>3</label><labelname>window</labelname><flag>1</flag></object><object><points><x>0.53234</x><x>0.64179</x><y>0.62264</y><y>0.69104</y></points><label>3</label><labelname>window</labelname><flag>1</flag></object><object><points><x>0.3209</x><x>0.44279</x><y>0.61792</y><y>0.68632</y></points><label>3</label><labelname>window</labelname><flag>1</flag></object><object><points><x>0.81841</x><x>0.95274</x><y>0.15802</y><y>0.33726</y></points><label>3</label><labelname>window</labelname><flag>1</flag></object><object><points><x>0.32338</x><x>0.44776</x><y>0.26415</y><y>0.33726</y></points><label>3</label><labelname>window</labelname><flag>1</flag></object><object><points><x>0.52488</x><x>0.64428</x><y>0.26887</y><y>0.33726</y></points><label>3</label><labelname>window</labelname><flag>1</flag></object><object><points><x>0.16169</x><x>0.23881</x><y>0.26887</y><y>0.33962</y></points><label>3</label><labelname>window</labelname><flag>1</flag></object><object><points><x>0.28607</x><x>0.35075</x><y>0.73585</y><y>0.9434</y></points><label>5</label><labelname>cornice</labelname><flag>1</flag></object><object><points><x>0.10448</x><x>0.14677</x><y>0.24528</y><y>0.36321</y></points><label>5</label><labelname>cornice</labelname><flag>1</flag></object><object><points><x>0.11692</x><x>0.14428</x><y>0.38915</y><y>0.53302</y></points><label>5</label><labelname>cornice</labelname><flag>1</flag></object><object><points><x>0.11692</x><x>0.13433</x><y>0.59906</y><y>0.70519</y></points><label>5</label><labelname>cornice</labelname><flag>1</flag></object><object><points><x>0.1194</x><x>0.1393</x><y>0.79009</y><y>0.89387</y></points><label>5</label><labelname>cornice</labelname><flag>1</flag></object><object><points><x>0.6393</x><x>0.72388</x><y>0.25472</y><y>0.34906</y></points><label>6</label><labelname>sill</labelname><flag>1</flag></object><object><points><x>0.43781</x><x>0.45771</x><y>0.25236</y><y>0.34434</y></points><label>6</label><labelname>sill</labelname><flag>1</flag></object><object><points><x>0.43532</x><x>0.45771</x><y>0.40094</y><y>0.52123</y></points><label>6</label><labelname>sill</labelname><flag>1</flag></object><object><points><x>0.43532</x><x>0.45522</x><y>0.60613</y><y>0.70047</y></points><label>6</label><labelname>sill</labelname><flag>1</flag></object><object><points><x>0.63433</x><x>0.71393</x><y>0.60613</y><y>0.70283</y></points><label>6</label><labelname>sill</labelname><flag>1</flag></object><object><points><x>0.6393</x><x>0.71642</x><y>0.39387</y><y>0.52594</y></points><label>6</label><labelname>sill</labelname><flag>1</flag></object><object><points><x>0.84328</x><x>0.8607</x><y>0.40094</y><y>0.52358</y></points><label>6</label><labelname>sill</labelname><flag>1</flag></object><object><points><x>0.83831</x><x>0.85572</x><y>0.60377</y><y>0.69575</y></points><label>6</label><labelname>sill</labelname><flag>1</flag></object><object><points><x>0.83085</x><x>0.84826</x><y>0.75236</y><y>0.92689</y></points><label>6</label><labelname>sill</labelname><flag>1</flag></object><object><points><x>0.63184</x><x>0.70398</x><y>0.75472</y><y>0.91981</y></points><label>6</label><labelname>sill</labelname><flag>1</flag></object><object><points><x>0.43532</x><x>0.50995</x><y>0.75708</y><y>0.91981</y></points><label>6</label><labelname>sill</labelname><flag>1</flag></object><object><points><x>0.32338</x><x>0.43781</x><y>0.41509</y><y>0.45283</y></points><label>8</label><labelname>blind</labelname><flag>1</flag></object><object><points><x>0.32338</x><x>0.4403</x><y>0.62028</y><y>0.68632</y></points><label>8</label><labelname>blind</labelname><flag>1</flag></object><object><points><x>0.52239</x><x>0.6194</x><y>0.41509</y><y>0.45519</y></points><label>8</label><labelname>blind</labelname><flag>1</flag></object><object><points><x>0.52239</x><x>0.62189</x><y>0.4717</y><y>0.51179</y></points><label>8</label><labelname>blind</labelname><flag>1</flag></object><object><points><x>0.53483</x><x>0.62438</x><y>0.62264</y><y>0.68632</y></points><label>8</label><labelname>blind</labelname><flag>1</flag></object><object><points><x>0.74129</x><x>0.80597</x><y>0.62264</y><y>0.68396</y></points><label>8</label><labelname>blind</labelname><flag>1</flag></object><object><points><x>0.74378</x><x>0.77861</x><y>0.76415</y><y>0.91038</y></points><label>8</label><labelname>blind</labelname><flag>1</flag></object><object><points><x>0.72886</x><x>0.75622</x><y>0.4717</y><y>0.50943</y></points><label>8</label><labelname>blind</labelname><flag>1</flag></object><object><points><x>0.73134</x><x>0.75871</x><y>0.41509</y><y>0.45283</y></points><label>8</label><labelname>blind</labelname><flag>1</flag></object><object><points><x>0.022388</x><x>0.084577</x><y>0.36557</y><y>0.71462</y></points><label>7</label><labelname>balcony</labelname><flag>1</flag></object><object><points><x>0.23881</x><x>0.29602</x><y>0.39151</y><y>0.97406</y></points><label>10</label><labelname>molding</labelname><flag>1</flag></object><object><points><x>0.24378</x><x>0.29602</x><y>0.073113</y><y>0.36321</y></points><label>10</label><labelname>molding</labelname><flag>1</flag></object><object><points><x>0.68159</x><x>0.75871</x><y>0.93632</y><y>0.97877</y></points><label>12</label><labelname>shop</labelname><flag>1</flag></object><object><points><x>0.15174</x><x>0.23632</x><y>0.81368</y><y>0.86085</y></points><label>8</label><labelname>blind</labelname><flag>1</flag></object>