<object><points><x>0.0039062</x><x>0.99805</x><y>0.0097222</y><y>0.99861</y></points><label>2</label><labelname>facade</labelname><flag>1</flag></object><object><points><x>0.16992</x><x>0.30078</x><y>0.525</y><y>0.66806</y></points><label>3</label><labelname>window</labelname><flag>1</flag></object><object><points><x>0.44824</x><x>0.62402</x><y>0.50417</y><y>0.67778</y></points><label>3</label><labelname>window</labelname><flag>1</flag></object><object><points><x>0.71582</x><x>0.9873</x><y>0.4375</y><y>0.74306</y></points><label>4</label><labelname>door</labelname><flag>1</flag></object><object><points><x>0.7666</x><x>0.85645</x><y>0.17361</y><y>0.25833</y></points><label>3</label><labelname>window</labelname><flag>1</flag></object><object><points><x>0.37695</x><x>0.44727</x><y>0.44306</y><y>0.74028</y></points><label>5</label><labelname>cornice</labelname><flag>1</flag></object><object><points><x>0.083008</x><x>0.15137</x><y>0.44722</y><y>0.74028</y></points><label>5</label><labelname>cornice</labelname><flag>1</flag></object><object><points><x>0.29004</x><x>0.3457</x><y>0.44583</y><y>0.73194</y></points><label>6</label><labelname>sill</labelname><flag>1</flag></object><object><points><x>0.61426</x><x>0.68262</x><y>0.44167</y><y>0.73056</y></points><label>6</label><labelname>sill</labelname><flag>1</flag></object><object><points><x>0.30859</x><x>0.50684</x><y>0.40139</y><y>0.77361</y></points><label>9</label><labelname>deco</labelname><flag>1</flag></object><object><points><x>0.66504</x><x>0.7666</x><y>0.15139</y><y>0.22361</y></points><label>9</label><labelname>deco</labelname><flag>1</flag></object><object><points><x>0.65918</x><x>0.76074</x><y>0.87222</y><y>0.94444</y></points><label>9</label><labelname>deco</labelname><flag>1</flag></object><object><points><x>0.44336</x><x>0.58203</x><y>0.47361</y><y>0.4875</y></points><label>11</label><labelname>pillar</labelname><flag>1</flag></object><object><points><x>0.44238</x><x>0.58203</x><y>0.69306</y><y>0.70833</y></points><label>11</label><labelname>pillar</labelname><flag>1</flag></object><object><points><x>0.58301</x><x>0.61914</x><y>0.4625</y><y>0.49583</y></points><label>11</label><labelname>pillar</labelname><flag>1</flag></object><object><points><x>0.58203</x><x>0.62109</x><y>0.68611</y><y>0.71806</y></points><label>11</label><labelname>pillar</labelname><flag>1</flag></object><object><points><x>0.4248</x><x>0.44336</x><y>0.46389</y><y>0.49722</y></points><label>11</label><labelname>pillar</labelname><flag>1</flag></object><object><points><x>0.4248</x><x>0.44336</x><y>0.68611</y><y>0.71528</y></points><label>11</label><labelname>pillar</labelname><flag>1</flag></object>