<object><points><x>0.084459</x><x>0.99155</x><y>0.07221</y><y>1</y></points><label>2</label><labelname>facade</labelname><flag>1</flag></object><object><points><x>0.36486</x><x>0.46115</x><y>0.32385</y><y>0.45077</y></points><label>3</label><labelname>window</labelname><flag>1</flag></object><object><points><x>0.36655</x><x>0.46284</x><y>0.60613</y><y>0.73304</y></points><label>3</label><labelname>window</labelname><flag>1</flag></object><object><points><x>0.57432</x><x>0.67061</x><y>0.32604</y><y>0.45295</y></points><label>3</label><labelname>window</labelname><flag>1</flag></object><object><points><x>0.57601</x><x>0.6723</x><y>0.6105</y><y>0.73742</y></points><label>3</label><labelname>window</labelname><flag>1</flag></object><object><points><x>0.15034</x><x>0.28041</x><y>0.59737</y><y>0.72648</y></points><label>3</label><labelname>window</labelname><flag>1</flag></object><object><points><x>0.14696</x><x>0.27703</x><y>0.33042</y><y>0.45733</y></points><label>3</label><labelname>window</labelname><flag>1</flag></object><object><points><x>0.78378</x><x>0.94088</x><y>0.23414</y><y>0.4442</y></points><label>3</label><labelname>window</labelname><flag>1</flag></object><object><points><x>0.78209</x><x>0.96622</x><y>0.47921</y><y>0.58643</y></points><label>4</label><labelname>door</labelname><flag>1</flag></object><object><points><x>0.45608</x><x>0.47804</x><y>0.31072</y><y>0.46827</y></points><label>6</label><labelname>sill</labelname><flag>1</flag></object><object><points><x>0.45946</x><x>0.47973</x><y>0.593</y><y>0.75055</y></points><label>6</label><labelname>sill</labelname><flag>1</flag></object><object><points><x>0.66723</x><x>0.6875</x><y>0.593</y><y>0.75055</y></points><label>6</label><labelname>sill</labelname><flag>1</flag></object><object><points><x>0.66385</x><x>0.68581</x><y>0.3151</y><y>0.47265</y></points><label>6</label><labelname>sill</labelname><flag>1</flag></object><object><points><x>0.20101</x><x>0.33446</x><y>0.28665</y><y>0.80306</y></points><label>7</label><labelname>balcony</labelname><flag>1</flag></object><object><points><x>0.35811</x><x>0.46284</x><y>0.25164</y><y>0.32166</y></points><label>8</label><labelname>blind</labelname><flag>1</flag></object><object><points><x>0.3598</x><x>0.46284</x><y>0.45077</y><y>0.52079</y></points><label>8</label><labelname>blind</labelname><flag>1</flag></object><object><points><x>0.35811</x><x>0.46284</x><y>0.54048</y><y>0.6105</y></points><label>8</label><labelname>blind</labelname><flag>1</flag></object><object><points><x>0.3598</x><x>0.46284</x><y>0.73742</y><y>0.80088</y></points><label>8</label><labelname>blind</labelname><flag>1</flag></object><object><points><x>0.57095</x><x>0.6723</x><y>0.73742</y><y>0.80306</y></points><label>8</label><labelname>blind</labelname><flag>1</flag></object><object><points><x>0.57264</x><x>0.67399</x><y>0.53829</y><y>0.60394</y></points><label>8</label><labelname>blind</labelname><flag>1</flag></object><object><points><x>0.57095</x><x>0.6723</x><y>0.45733</y><y>0.52298</y></points><label>8</label><labelname>blind</labelname><flag>1</flag></object><object><points><x>0.57264</x><x>0.6723</x><y>0.26039</y><y>0.32604</y></points><label>8</label><labelname>blind</labelname><flag>1</flag></object><object><points><x>0.14865</x><x>0.27703</x><y>0.33479</y><y>0.39387</y></points><label>8</label><labelname>blind</labelname><flag>1</flag></object><object><points><x>0.14865</x><x>0.27703</x><y>0.39606</y><y>0.45733</y></points><label>8</label><labelname>blind</labelname><flag>1</flag></object><object><points><x>0.14189</x><x>0.28209</x><y>0.52735</y><y>0.59737</y></points><label>8</label><labelname>blind</labelname><flag>1</flag></object><object><points><x>0.27872</x><x>0.34122</x><y>0.085339</y><y>0.99781</y></points><label>10</label><labelname>molding</labelname><flag>1</flag></object><object><points><x>0.75845</x><x>0.78547</x><y>0.14223</y><y>0.91466</y></points><label>10</label><labelname>molding</labelname><flag>1</flag></object><object><points><x>0.097973</x><x>0.16216</x><y>0.15098</y><y>0.87746</y></points><label>10</label><labelname>molding</labelname><flag>1</flag></object><object><points><x>0.78209</x><x>0.94257</x><y>0.61926</y><y>0.83151</y></points><label>12</label><labelname>shop</labelname><flag>1</flag></object>