<object><points><x>0.0051546</x><x>1</x><y>0.18359</y><y>0.91361</y></points><label>2</label><labelname>facade</labelname><flag>1</flag></object><object><points><x>0.36598</x><x>0.50515</x><y>0.33045</y><y>0.37797</y></points><label>3</label><labelname>window</labelname><flag>1</flag></object><object><points><x>0.36598</x><x>0.50515</x><y>0.39093</y><y>0.4406</y></points><label>3</label><labelname>window</labelname><flag>1</flag></object><object><points><x>0.62371</x><x>0.78866</x><y>0.39309</y><y>0.44276</y></points><label>3</label><labelname>window</labelname><flag>1</flag></object><object><points><x>0.62371</x><x>0.79124</x><y>0.33261</y><y>0.38013</y></points><label>3</label><labelname>window</labelname><flag>1</flag></object><object><points><x>0.60567</x><x>0.76031</x><y>0.66955</y><y>0.74514</y></points><label>3</label><labelname>window</labelname><flag>1</flag></object><object><points><x>0.39948</x><x>0.55928</x><y>0.73218</y><y>0.79914</y></points><label>3</label><labelname>window</labelname><flag>1</flag></object><object><points><x>0.15722</x><x>0.26031</x><y>0.34341</y><y>0.38013</y></points><label>3</label><labelname>window</labelname><flag>1</flag></object><object><points><x>0.15722</x><x>0.25773</x><y>0.39093</y><y>0.42765</y></points><label>3</label><labelname>window</labelname><flag>1</flag></object><object><points><x>0.53866</x><x>0.60309</x><y>0.30238</y><y>0.46868</y></points><label>5</label><labelname>cornice</labelname><flag>1</flag></object><object><points><x>0.29639</x><x>0.3634</x><y>0.30238</y><y>0.46868</y></points><label>5</label><labelname>cornice</labelname><flag>1</flag></object><object><points><x>0.49485</x><x>0.54124</x><y>0.30022</y><y>0.46436</y></points><label>6</label><labelname>sill</labelname><flag>1</flag></object><object><points><x>0.70103</x><x>0.82474</x><y>0.19222</y><y>0.85961</y></points><label>7</label><labelname>balcony</labelname><flag>1</flag></object><object><points><x>0.48454</x><x>0.58763</x><y>0.54428</y><y>0.90713</y></points><label>7</label><labelname>balcony</labelname><flag>1</flag></object><object><points><x>0.36598</x><x>0.50773</x><y>0.26998</y><y>0.32397</y></points><label>8</label><labelname>blind</labelname><flag>1</flag></object><object><points><x>0.36598</x><x>0.50515</x><y>0.44276</y><y>0.49676</y></points><label>8</label><labelname>blind</labelname><flag>1</flag></object><object><points><x>0.6134</x><x>0.78866</x><y>0.26998</y><y>0.32181</y></points><label>8</label><labelname>blind</labelname><flag>1</flag></object><object><points><x>0.61856</x><x>0.79124</x><y>0.44492</y><y>0.49892</y></points><label>8</label><labelname>blind</labelname><flag>1</flag></object><object><points><x>0.60052</x><x>0.76031</x><y>0.62419</y><y>0.66523</y></points><label>8</label><labelname>blind</labelname><flag>1</flag></object><object><points><x>0.60309</x><x>0.76031</x><y>0.7473</y><y>0.78834</y></points><label>8</label><labelname>blind</labelname><flag>1</flag></object><object><points><x>0.39691</x><x>0.55928</x><y>0.8013</y><y>0.83369</y></points><label>8</label><labelname>blind</labelname><flag>1</flag></object><object><points><x>0.39691</x><x>0.5567</x><y>0.68683</y><y>0.72354</y></points><label>8</label><labelname>blind</labelname><flag>1</flag></object><object><points><x>0.15979</x><x>0.25773</x><y>0.34557</y><y>0.37797</y></points><label>8</label><labelname>blind</labelname><flag>1</flag></object><object><points><x>0.15979</x><x>0.25773</x><y>0.39093</y><y>0.42549</y></points><label>8</label><labelname>blind</labelname><flag>1</flag></object><object><points><x>0.007732</x><x>0.10052</x><y>0.27862</y><y>0.46436</y></points><label>9</label><labelname>deco</labelname><flag>1</flag></object><object><points><x>0.15206</x><x>0.23969</x><y>0.5054</y><y>0.5378</y></points><label>9</label><labelname>deco</labelname><flag>1</flag></object><object><points><x>0.14948</x><x>0.23454</x><y>0.20086</y><y>0.23542</y></points><label>9</label><labelname>deco</labelname><flag>1</flag></object><object><points><x>0.48969</x><x>0.54124</x><y>0.1879</y><y>0.53564</y></points><label>10</label><labelname>molding</labelname><flag>1</flag></object><object><points><x>0.32732</x><x>0.39691</x><y>0.19222</y><y>0.90929</y></points><label>10</label><labelname>molding</labelname><flag>1</flag></object><object><points><x>0.82216</x><x>0.99227</x><y>0.025918</y><y>0.13823</y></points><label>12</label><labelname>shop</labelname><flag>1</flag></object>