<object><points><x>0.099281</x><x>0.85468</x><y>0.16504</y><y>0.9248</y></points><label>2</label><labelname>facade</labelname><flag>1</flag></object><object><points><x>0.24317</x><x>0.39424</x><y>0.22559</y><y>0.28516</y></points><label>3</label><labelname>window</labelname><flag>1</flag></object><object><points><x>0.24029</x><x>0.39137</x><y>0.4082</y><y>0.46777</y></points><label>3</label><labelname>window</labelname><flag>1</flag></object><object><points><x>0.22878</x><x>0.38849</x><y>0.79004</y><y>0.8584</y></points><label>3</label><labelname>window</labelname><flag>1</flag></object><object><points><x>0.23597</x><x>0.39424</x><y>0.59668</y><y>0.66211</y></points><label>3</label><labelname>window</labelname><flag>1</flag></object><object><points><x>0.26043</x><x>0.41295</x><y>0.0048828</y><y>0.071289</y></points><label>3</label><labelname>window</labelname><flag>1</flag></object><object><points><x>0.63741</x><x>0.80144</x><y>0.19727</y><y>0.2627</y></points><label>3</label><labelname>window</labelname><flag>1</flag></object><object><points><x>0.63309</x><x>0.79424</x><y>0.018555</y><y>0.11914</y></points><label>3</label><labelname>window</labelname><flag>1</flag></object><object><points><x>0.56115</x><x>0.84892</x><y>0.35742</y><y>0.51855</y></points><label>4</label><labelname>door</labelname><flag>1</flag></object><object><points><x>0.38849</x><x>0.41583</x><y>0.19922</y><y>0.31641</y></points><label>6</label><labelname>sill</labelname><flag>1</flag></object><object><points><x>0.38849</x><x>0.41583</x><y>0.37988</y><y>0.49707</y></points><label>6</label><labelname>sill</labelname><flag>1</flag></object><object><points><x>0.38561</x><x>0.41439</x><y>0.5791</y><y>0.67676</y></points><label>6</label><labelname>sill</labelname><flag>1</flag></object><object><points><x>0.38705</x><x>0.41295</x><y>0.76855</y><y>0.87891</y></points><label>6</label><labelname>sill</labelname><flag>1</flag></object><object><points><x>0.42446</x><x>0.50935</x><y>0.3916</y><y>0.44336</y></points><label>9</label><labelname>deco</labelname><flag>1</flag></object><object><points><x>0.10647</x><x>0.19281</x><y>0.1709</y><y>0.91895</y></points><label>10</label><labelname>molding</labelname><flag>1</flag></object><object><points><x>0.58705</x><x>0.74388</x><y>0.59668</y><y>0.66895</y></points><label>12</label><labelname>shop</labelname><flag>1</flag></object><object><points><x>0.58993</x><x>0.75252</x><y>0.78906</y><y>0.86719</y></points><label>12</label><labelname>shop</labelname><flag>1</flag></object><object><points><x>0.4777</x><x>0.58705</x><y>0.52246</y><y>0.56445</y></points><label>12</label><labelname>shop</labelname><flag>1</flag></object><object><points><x>0.62878</x><x>0.68633</x><y>0.53613</y><y>0.58008</y></points><label>12</label><labelname>shop</labelname><flag>1</flag></object><object><points><x>0.67338</x><x>0.74388</x><y>0.32031</y><y>0.35059</y></points><label>12</label><labelname>shop</labelname><flag>1</flag></object>