<object><points><x>0.39825</x><x>0.49015</x><y>0.33816</y><y>0.4372</y></points><label>3</label><labelname>window</labelname><flag>1</flag></object><object><points><x>0.40044</x><x>0.49234</x><y>0.58454</y><y>0.68357</y></points><label>3</label><labelname>window</labelname><flag>1</flag></object><object><points><x>0.39387</x><x>0.49672</x><y>0.074879</y><y>0.18116</y></points><label>3</label><labelname>window</labelname><flag>1</flag></object><object><points><x>0.57768</x><x>0.6849</x><y>0.074879</y><y>0.18116</y></points><label>3</label><labelname>window</labelname><flag>1</flag></object><object><points><x>0.57768</x><x>0.6849</x><y>0.33333</y><y>0.43961</y></points><label>3</label><labelname>window</labelname><flag>1</flag></object><object><points><x>0.5733</x><x>0.68053</x><y>0.58696</y><y>0.68357</y></points><label>3</label><labelname>window</labelname><flag>1</flag></object><object><points><x>0.21882</x><x>0.30197</x><y>0.88647</y><y>0.95411</y></points><label>3</label><labelname>window</labelname><flag>1</flag></object><object><points><x>0.20569</x><x>0.30197</x><y>0.60386</y><y>0.69082</y></points><label>3</label><labelname>window</labelname><flag>1</flag></object><object><points><x>0.2035</x><x>0.29978</x><y>0.40338</y><y>0.49034</y></points><label>3</label><labelname>window</labelname><flag>1</flag></object><object><points><x>0.40263</x><x>0.48796</x><y>0.88647</y><y>0.92995</y></points><label>3</label><labelname>window</labelname><flag>1</flag></object><object><points><x>0.77024</x><x>0.89497</x><y>0.14734</y><y>0.25362</y></points><label>3</label><labelname>window</labelname><flag>1</flag></object><object><points><x>0.77024</x><x>0.84683</x><y>0.6256</y><y>0.69565</y></points><label>3</label><labelname>window</labelname><flag>1</flag></object><object><points><x>0.76586</x><x>0.9256</x><y>0.52657</y><y>0.61111</y></points><label>4</label><labelname>door</labelname><flag>1</flag></object><object><points><x>0.48578</x><x>0.51422</x><y>0.048309</y><y>0.20048</y></points><label>6</label><labelname>sill</labelname><flag>1</flag></object><object><points><x>0.4814</x><x>0.50985</x><y>0.31159</y><y>0.46377</y></points><label>6</label><labelname>sill</labelname><flag>1</flag></object><object><points><x>0.48578</x><x>0.51422</x><y>0.56039</y><y>0.71014</y></points><label>6</label><labelname>sill</labelname><flag>1</flag></object><object><points><x>0.66958</x><x>0.69803</x><y>0.57005</y><y>0.72222</y></points><label>6</label><labelname>sill</labelname><flag>1</flag></object><object><points><x>0.67615</x><x>0.70678</x><y>0.31643</y><y>0.4686</y></points><label>6</label><labelname>sill</labelname><flag>1</flag></object><object><points><x>0.68053</x><x>0.71116</x><y>0.055556</y><y>0.20773</y></points><label>6</label><labelname>sill</labelname><flag>1</flag></object><object><points><x>0.28884</x><x>0.3151</x><y>0.38889</y><y>0.51449</y></points><label>6</label><labelname>sill</labelname><flag>1</flag></object><object><points><x>0.29322</x><x>0.31947</x><y>0.58696</y><y>0.71014</y></points><label>6</label><labelname>sill</labelname><flag>1</flag></object><object><points><x>0.48359</x><x>0.50985</x><y>0.87198</y><y>0.9372</y></points><label>6</label><labelname>sill</labelname><flag>1</flag></object><object><points><x>0.29759</x><x>0.32166</x><y>0.86715</y><y>0.9372</y></points><label>6</label><labelname>sill</labelname><flag>1</flag></object><object><points><x>0.89278</x><x>0.91028</x><y>0.13043</y><y>0.28019</y></points><label>6</label><labelname>sill</labelname><flag>1</flag></object><object><points><x>0.3895</x><x>0.49234</x><y>0.012077</y><y>0.070048</y></points><label>8</label><labelname>blind</labelname><flag>1</flag></object><object><points><x>0.013129</x><x>0.96937</x><y>0.0072464</y><y>0.99758</y></points><label>2</label><labelname>facade</labelname><flag>1</flag></object><object><points><x>0.39387</x><x>0.49672</x><y>0.18357</y><y>0.23913</y></points><label>8</label><labelname>blind</labelname><flag>1</flag></object><object><points><x>0.39387</x><x>0.49891</x><y>0.27536</y><y>0.33333</y></points><label>8</label><labelname>blind</labelname><flag>1</flag></object><object><points><x>0.39387</x><x>0.49891</x><y>0.44203</y><y>0.49758</y></points><label>8</label><labelname>blind</labelname><flag>1</flag></object><object><points><x>0.39606</x><x>0.50109</x><y>0.5314</y><y>0.58696</y></points><label>8</label><labelname>blind</labelname><flag>1</flag></object><object><points><x>0.39825</x><x>0.49891</x><y>0.69324</y><y>0.74396</y></points><label>8</label><labelname>blind</labelname><flag>1</flag></object><object><points><x>0.57112</x><x>0.67834</x><y>0.69082</y><y>0.74396</y></points><label>8</label><labelname>blind</labelname><flag>1</flag></object><object><points><x>0.57549</x><x>0.68271</x><y>0.53382</y><y>0.58696</y></points><label>8</label><labelname>blind</labelname><flag>1</flag></object><object><points><x>0.5733</x><x>0.68053</x><y>0.44686</y><y>0.5</y></points><label>8</label><labelname>blind</labelname><flag>1</flag></object><object><points><x>0.57768</x><x>0.6849</x><y>0.28261</y><y>0.33575</y></points><label>8</label><labelname>blind</labelname><flag>1</flag></object><object><points><x>0.57549</x><x>0.68709</x><y>0.18841</y><y>0.24638</y></points><label>8</label><labelname>blind</labelname><flag>1</flag></object><object><points><x>0.57768</x><x>0.68928</x><y>0.012077</y><y>0.070048</y></points><label>8</label><labelname>blind</labelname><flag>1</flag></object><object><points><x>0.2035</x><x>0.29978</x><y>0.57005</y><y>0.6087</y></points><label>8</label><labelname>blind</labelname><flag>1</flag></object><object><points><x>0.20788</x><x>0.2954</x><y>0.44928</y><y>0.48792</y></points><label>8</label><labelname>blind</labelname><flag>1</flag></object><object><points><x>0.20569</x><x>0.29103</x><y>0.40821</y><y>0.44686</y></points><label>8</label><labelname>blind</labelname><flag>1</flag></object><object><points><x>0.20569</x><x>0.30197</x><y>0.69082</y><y>0.72705</y></points><label>8</label><labelname>blind</labelname><flag>1</flag></object><object><points><x>0.074398</x><x>0.1291</x><y>0.72705</y><y>0.77053</y></points><label>3</label><labelname>window</labelname><flag>1</flag></object><object><points><x>0.076586</x><x>0.12473</x><y>0.73188</y><y>0.76329</y></points><label>8</label><labelname>blind</labelname><flag>1</flag></object><object><points><x>0.77243</x><x>0.90153</x><y>0.091787</y><y>0.14734</y></points><label>8</label><labelname>blind</labelname><flag>1</flag></object><object><points><x>0.76586</x><x>0.89716</x><y>0.26087</y><y>0.31159</y></points><label>8</label><labelname>blind</labelname><flag>1</flag></object><object><points><x>0.47921</x><x>0.58862</x><y>0.25604</y><y>0.30918</y></points><label>9</label><labelname>deco</labelname><flag>1</flag></object><object><points><x>0.69584</x><x>0.75055</x><y>0.17391</y><y>0.47101</y></points><label>9</label><labelname>deco</labelname><flag>1</flag></object><object><points><x>0.6477</x><x>0.90372</x><y>0.93237</y><y>0.9686</y></points><label>11</label><labelname>pillar</labelname><flag>1</flag></object>