<object><points><x>0.0075567</x><x>0.9068</x><y>0.18874</y><y>0.5586</y></points><label>2</label><labelname>facade</labelname><flag>1</flag></object><object><points><x>0.0050378</x><x>0.9068</x><y>0.56012</y><y>0.92542</y></points><label>2</label><labelname>facade</labelname><flag>1</flag></object><object><points><x>0.73552</x><x>0.90176</x><y>0.57534</y><y>0.61644</y></points><label>4</label><labelname>door</labelname><flag>1</flag></object><object><points><x>0.19647</x><x>0.2796</x><y>0.31963</y><y>0.34551</y></points><label>3</label><labelname>window</labelname><flag>1</flag></object><object><points><x>0.19899</x><x>0.2796</x><y>0.35008</y><y>0.37595</y></points><label>3</label><labelname>window</labelname><flag>1</flag></object><object><points><x>0.19647</x><x>0.2796</x><y>0.44901</y><y>0.47336</y></points><label>3</label><labelname>window</labelname><flag>1</flag></object><object><points><x>0.19647</x><x>0.2796</x><y>0.47945</y><y>0.50533</y></points><label>3</label><labelname>window</labelname><flag>1</flag></object><object><points><x>0.20403</x><x>0.2796</x><y>0.60274</y><y>0.62861</y></points><label>3</label><labelname>window</labelname><flag>1</flag></object><object><points><x>0.20655</x><x>0.2796</x><y>0.6347</y><y>0.65906</y></points><label>3</label><labelname>window</labelname><flag>1</flag></object><object><points><x>0.20655</x><x>0.2796</x><y>0.76256</y><y>0.78843</y></points><label>3</label><labelname>window</labelname><flag>1</flag></object><object><points><x>0.20655</x><x>0.28212</x><y>0.793</y><y>0.81887</y></points><label>3</label><labelname>window</labelname><flag>1</flag></object><object><points><x>0.36524</x><x>0.45592</x><y>0.31811</y><y>0.34247</y></points><label>3</label><labelname>window</labelname><flag>1</flag></object><object><points><x>0.36272</x><x>0.4534</x><y>0.35008</y><y>0.37595</y></points><label>3</label><labelname>window</labelname><flag>1</flag></object><object><points><x>0.53904</x><x>0.62217</x><y>0.31659</y><y>0.34247</y></points><label>3</label><labelname>window</labelname><flag>1</flag></object><object><points><x>0.53904</x><x>0.62217</x><y>0.35008</y><y>0.37443</y></points><label>3</label><labelname>window</labelname><flag>1</flag></object><object><points><x>0.37028</x><x>0.4534</x><y>0.76104</y><y>0.78843</y></points><label>3</label><labelname>window</labelname><flag>1</flag></object><object><points><x>0.37028</x><x>0.4534</x><y>0.79452</y><y>0.81887</y></points><label>3</label><labelname>window</labelname><flag>1</flag></object><object><points><x>0.53652</x><x>0.62217</x><y>0.76104</y><y>0.78539</y></points><label>3</label><labelname>window</labelname><flag>1</flag></object><object><points><x>0.53652</x><x>0.61965</x><y>0.79452</y><y>0.81887</y></points><label>3</label><labelname>window</labelname><flag>1</flag></object><object><points><x>0.36272</x><x>0.43325</x><y>0.44749</y><y>0.47336</y></points><label>3</label><labelname>window</labelname><flag>1</flag></object><object><points><x>0.36776</x><x>0.43577</x><y>0.48097</y><y>0.50685</y></points><label>3</label><labelname>window</labelname><flag>1</flag></object><object><points><x>0.53652</x><x>0.60705</x><y>0.63318</y><y>0.66058</y></points><label>3</label><labelname>window</labelname><flag>1</flag></object><object><points><x>0.53652</x><x>0.60705</x><y>0.5997</y><y>0.62557</y></points><label>3</label><labelname>window</labelname><flag>1</flag></object><object><points><x>0.36524</x><x>0.43325</x><y>0.5997</y><y>0.62557</y></points><label>3</label><labelname>window</labelname><flag>1</flag></object><object><points><x>0.36524</x><x>0.43325</x><y>0.63318</y><y>0.65906</y></points><label>3</label><labelname>window</labelname><flag>1</flag></object><object><points><x>0.53904</x><x>0.60957</x><y>0.47945</y><y>0.50533</y></points><label>3</label><labelname>window</labelname><flag>1</flag></object><object><points><x>0.54156</x><x>0.61209</x><y>0.44597</y><y>0.47184</y></points><label>3</label><labelname>window</labelname><flag>1</flag></object><object><points><x>0.53149</x><x>0.62469</x><y>0.20852</y><y>0.22222</y></points><label>3</label><labelname>window</labelname><flag>1</flag></object><object><points><x>0.53149</x><x>0.62469</x><y>0.22983</y><y>0.24505</y></points><label>3</label><labelname>window</labelname><flag>1</flag></object><object><points><x>0.3602</x><x>0.45088</x><y>0.20852</y><y>0.22374</y></points><label>3</label><labelname>window</labelname><flag>1</flag></object><object><points><x>0.3602</x><x>0.45088</x><y>0.23135</y><y>0.24658</y></points><label>3</label><labelname>window</labelname><flag>1</flag></object><object><points><x>0.3602</x><x>0.4534</x><y>0.90411</y><y>0.91781</y></points><label>3</label><labelname>window</labelname><flag>1</flag></object><object><points><x>0.36524</x><x>0.45592</x><y>0.87823</y><y>0.89346</y></points><label>3</label><labelname>window</labelname><flag>1</flag></object><object><points><x>0.53149</x><x>0.62217</x><y>0.87976</y><y>0.89498</y></points><label>3</label><labelname>window</labelname><flag>1</flag></object><object><points><x>0.52897</x><x>0.62217</x><y>0.90411</y><y>0.91781</y></points><label>3</label><labelname>window</labelname><flag>1</flag></object><object><points><x>0.18892</x><x>0.2796</x><y>0.90259</y><y>0.91781</y></points><label>3</label><labelname>window</labelname><flag>1</flag></object><object><points><x>0.19144</x><x>0.28212</x><y>0.87976</y><y>0.89498</y></points><label>3</label><labelname>window</labelname><flag>1</flag></object><object><points><x>0.1864</x><x>0.27708</x><y>0.21005</y><y>0.22527</y></points><label>3</label><labelname>window</labelname><flag>1</flag></object><object><points><x>0.18388</x><x>0.27456</x><y>0.2344</y><y>0.24962</y></points><label>3</label><labelname>window</labelname><flag>1</flag></object><object><points><x>0.22922</x><x>0.31234</x><y>0.14003</y><y>0.1583</y></points><label>3</label><labelname>window</labelname><flag>1</flag></object><object><points><x>0.23678</x><x>0.31738</x><y>0.11872</y><y>0.13699</y></points><label>3</label><labelname>window</labelname><flag>1</flag></object><object><points><x>0.70781</x><x>0.80353</x><y>0.21461</y><y>0.24201</y></points><label>3</label><labelname>window</labelname><flag>1</flag></object><object><points><x>0.70529</x><x>0.80353</x><y>0.30898</y><y>0.34094</y></points><label>3</label><labelname>window</labelname><flag>1</flag></object><object><points><x>0.70781</x><x>0.80353</x><y>0.35008</y><y>0.38204</y></points><label>3</label><labelname>window</labelname><flag>1</flag></object><object><points><x>0.71537</x><x>0.81108</x><y>0.43988</y><y>0.47184</y></points><label>3</label><labelname>window</labelname><flag>1</flag></object><object><points><x>0.71285</x><x>0.80856</x><y>0.4825</y><y>0.51294</y></points><label>3</label><labelname>window</labelname><flag>1</flag></object><object><points><x>0.70025</x><x>0.79597</x><y>0.65145</y><y>0.68341</y></points><label>3</label><labelname>window</labelname><flag>1</flag></object><object><points><x>0.70529</x><x>0.80101</x><y>0.75342</y><y>0.78539</y></points><label>3</label><labelname>window</labelname><flag>1</flag></object><object><points><x>0.70277</x><x>0.80101</x><y>0.79756</y><y>0.82953</y></points><label>3</label><labelname>window</labelname><flag>1</flag></object><object><points><x>0.70529</x><x>0.80101</x><y>0.87519</y><y>0.90107</y></points><label>3</label><labelname>window</labelname><flag>1</flag></object><object><points><x>0.71285</x><x>0.80353</x><y>0.12177</y><y>0.13242</y></points><label>3</label><labelname>window</labelname><flag>1</flag></object><object><points><x>0.71033</x><x>0.80353</x><y>0.14003</y><y>0.15221</y></points><label>3</label><labelname>window</labelname><flag>1</flag></object><object><points><x>0.39043</x><x>0.47103</x><y>0.1446</y><y>0.16134</y></points><label>3</label><labelname>window</labelname><flag>1</flag></object><object><points><x>0.39547</x><x>0.47859</x><y>0.12177</y><y>0.13699</y></points><label>3</label><labelname>window</labelname><flag>1</flag></object><object><points><x>0.55164</x><x>0.63728</x><y>0.14003</y><y>0.1583</y></points><label>3</label><labelname>window</labelname><flag>1</flag></object><object><points><x>0.55416</x><x>0.63728</x><y>0.11872</y><y>0.13546</y></points><label>3</label><labelname>window</labelname><flag>1</flag></object><object><points><x>0.42065</x><x>0.50126</x><y>0.060883</y><y>0.091324</y></points><label>3</label><labelname>window</labelname><flag>1</flag></object><object><points><x>0.56927</x><x>0.64987</x><y>0.062405</y><y>0.091324</y></points><label>3</label><labelname>window</labelname><flag>1</flag></object><object><points><x>0.71788</x><x>0.81108</x><y>0.059361</y><y>0.089802</y></points><label>3</label><labelname>window</labelname><flag>1</flag></object><object><points><x>0.55164</x><x>0.64232</x><y>0.96195</y><y>0.9726</y></points><label>3</label><labelname>window</labelname><flag>1</flag></object><object><points><x>0.55416</x><x>0.64736</x><y>0.97565</y><y>0.98935</y></points><label>3</label><labelname>window</labelname><flag>1</flag></object><object><points><x>0.4005</x><x>0.48363</x><y>0.97717</y><y>0.99087</y></points><label>3</label><labelname>window</labelname><flag>1</flag></object><object><points><x>0.39798</x><x>0.48111</x><y>0.96043</y><y>0.97412</y></points><label>3</label><labelname>window</labelname><flag>1</flag></object><object><points><x>0.45088</x><x>0.46851</x><y>0.30594</y><y>0.38661</y></points><label>6</label><labelname>sill</labelname><flag>1</flag></object><object><points><x>0.62217</x><x>0.6398</x><y>0.30594</y><y>0.38661</y></points><label>6</label><labelname>sill</labelname><flag>1</flag></object><object><points><x>0.63728</x><x>0.65239</x><y>0.10807</y><y>0.16743</y></points><label>6</label><labelname>sill</labelname><flag>1</flag></object><object><points><x>0.46851</x><x>0.49622</x><y>0.10959</y><y>0.16591</y></points><label>6</label><labelname>sill</labelname><flag>1</flag></object><object><points><x>0.49118</x><x>0.50882</x><y>0.053272</y><y>0.092846</y></points><label>6</label><labelname>sill</labelname><flag>1</flag></object><object><points><x>0.64736</x><x>0.66247</x><y>0.05175</y><y>0.091324</y></points><label>6</label><labelname>sill</labelname><flag>1</flag></object><object><points><x>0.45088</x><x>0.47103</x><y>0.74886</y><y>0.83257</y></points><label>6</label><labelname>sill</labelname><flag>1</flag></object><object><points><x>0.61713</x><x>0.63728</x><y>0.75038</y><y>0.83409</y></points><label>6</label><labelname>sill</labelname><flag>1</flag></object><object><points><x>0.47607</x><x>0.49622</x><y>0.95434</y><y>0.99696</y></points><label>6</label><labelname>sill</labelname><flag>1</flag></object><object><points><x>0.63728</x><x>0.65743</x><y>0.95434</y><y>0.99696</y></points><label>6</label><labelname>sill</labelname><flag>1</flag></object><object><points><x>0.43073</x><x>0.51889</x><y>0.41096</y><y>0.53425</y></points><label>7</label><labelname>balcony</labelname><flag>1</flag></object><object><points><x>0.60453</x><x>0.69521</x><y>0.41248</y><y>0.53577</y></points><label>7</label><labelname>balcony</labelname><flag>1</flag></object><object><points><x>0.42821</x><x>0.51637</x><y>0.57839</y><y>0.71537</y></points><label>7</label><labelname>balcony</labelname><flag>1</flag></object><object><points><x>0.5995</x><x>0.68766</x><y>0.57839</y><y>0.71385</y></points><label>7</label><labelname>balcony</labelname><flag>1</flag></object><object><points><x>0.36272</x><x>0.44081</x><y>0.2344</y><y>0.24658</y></points><label>8</label><labelname>blind</labelname><flag>1</flag></object><object><points><x>0.36272</x><x>0.39043</x><y>0.21005</y><y>0.22222</y></points><label>8</label><labelname>blind</labelname><flag>1</flag></object><object><points><x>0.55416</x><x>0.63476</x><y>0.14307</y><y>0.15677</y></points><label>8</label><labelname>blind</labelname><flag>1</flag></object><object><points><x>0.55668</x><x>0.63728</x><y>0.12024</y><y>0.13394</y></points><label>8</label><labelname>blind</labelname><flag>1</flag></object><object><points><x>0.71285</x><x>0.80101</x><y>0.14155</y><y>0.15068</y></points><label>8</label><labelname>blind</labelname><flag>1</flag></object><object><points><x>0.70781</x><x>0.76322</x><y>0.3105</y><y>0.33942</y></points><label>8</label><labelname>blind</labelname><flag>1</flag></object><object><points><x>0.70781</x><x>0.75063</x><y>0.3516</y><y>0.38052</y></points><label>8</label><labelname>blind</labelname><flag>1</flag></object><object><points><x>0.71788</x><x>0.80353</x><y>0.4414</y><y>0.4688</y></points><label>8</label><labelname>blind</labelname><flag>1</flag></object><object><points><x>0.71537</x><x>0.80605</x><y>0.4825</y><y>0.51142</y></points><label>8</label><labelname>blind</labelname><flag>1</flag></object><object><points><x>0.54156</x><x>0.60957</x><y>0.48097</y><y>0.50381</y></points><label>8</label><labelname>blind</labelname><flag>1</flag></object><object><points><x>0.54408</x><x>0.59698</x><y>0.44749</y><y>0.47184</y></points><label>8</label><labelname>blind</labelname><flag>1</flag></object><object><points><x>0.36524</x><x>0.38791</x><y>0.31963</y><y>0.34247</y></points><label>8</label><labelname>blind</labelname><flag>1</flag></object><object><points><x>0.36272</x><x>0.38791</x><y>0.3516</y><y>0.37443</y></points><label>8</label><labelname>blind</labelname><flag>1</flag></object><object><points><x>0.36524</x><x>0.39798</x><y>0.44901</y><y>0.47184</y></points><label>8</label><labelname>blind</labelname><flag>1</flag></object><object><points><x>0.36776</x><x>0.43577</x><y>0.48097</y><y>0.50381</y></points><label>8</label><labelname>blind</labelname><flag>1</flag></object><object><points><x>0.19899</x><x>0.25945</x><y>0.45053</y><y>0.47489</y></points><label>8</label><labelname>blind</labelname><flag>1</flag></object><object><points><x>0.20151</x><x>0.26196</x><y>0.4825</y><y>0.50533</y></points><label>8</label><labelname>blind</labelname><flag>1</flag></object><object><points><x>0.3728</x><x>0.39547</x><y>0.76256</y><y>0.78387</y></points><label>8</label><labelname>blind</labelname><flag>1</flag></object><object><points><x>0.36524</x><x>0.43325</x><y>0.63318</y><y>0.65753</y></points><label>8</label><labelname>blind</labelname><flag>1</flag></object><object><points><x>0.36776</x><x>0.43325</x><y>0.60122</y><y>0.62405</y></points><label>8</label><labelname>blind</labelname><flag>1</flag></object><object><points><x>0.70025</x><x>0.78086</x><y>0.65297</y><y>0.68037</y></points><label>8</label><labelname>blind</labelname><flag>1</flag></object><object><points><x>0.70781</x><x>0.79849</x><y>0.75495</y><y>0.78234</y></points><label>8</label><labelname>blind</labelname><flag>1</flag></object><object><points><x>0.70781</x><x>0.79849</x><y>0.79909</y><y>0.82648</y></points><label>8</label><labelname>blind</labelname><flag>1</flag></object><object><points><x>0.70529</x><x>0.73048</x><y>0.87519</y><y>0.89802</y></points><label>8</label><labelname>blind</labelname><flag>1</flag></object><object><points><x>0.24685</x><x>0.3199</x><y>0.97717</y><y>0.99239</y></points><label>3</label><labelname>window</labelname><flag>1</flag></object><object><points><x>0.25189</x><x>0.31738</x><y>0.98021</y><y>0.99087</y></points><label>8</label><labelname>blind</labelname><flag>1</flag></object><object><points><x>0.29471</x><x>0.35013</x><y>0.25266</y><y>0.54795</y></points><label>10</label><labelname>molding</labelname><flag>1</flag></object><object><points><x>0.29723</x><x>0.34257</x><y>0.56469</y><y>0.8828</y></points><label>10</label><labelname>molding</labelname><flag>1</flag></object>