<object><points><x>0.4668</x><x>0.51367</x><y>0.3112</y><y>0.34766</y></points><label>3</label><labelname>window</labelname><flag>1</flag></object><object><points><x>0.53125</x><x>0.5752</x><y>0.3112</y><y>0.34766</y></points><label>3</label><labelname>window</labelname><flag>1</flag></object><object><points><x>0.46484</x><x>0.50195</x><y>0.35677</y><y>0.38672</y></points><label>3</label><labelname>window</labelname><flag>1</flag></object><object><points><x>0.53027</x><x>0.56738</x><y>0.35677</y><y>0.38672</y></points><label>3</label><labelname>window</labelname><flag>1</flag></object><object><points><x>0.59668</x><x>0.63574</x><y>0.35677</y><y>0.38802</y></points><label>3</label><labelname>window</labelname><flag>1</flag></object><object><points><x>0.66602</x><x>0.7041</x><y>0.35807</y><y>0.38802</y></points><label>3</label><labelname>window</labelname><flag>1</flag></object><object><points><x>0.59863</x><x>0.64258</x><y>0.3112</y><y>0.34766</y></points><label>3</label><labelname>window</labelname><flag>1</flag></object><object><points><x>0.66699</x><x>0.70801</x><y>0.3112</y><y>0.34766</y></points><label>3</label><labelname>window</labelname><flag>1</flag></object><object><points><x>0.67285</x><x>0.70996</x><y>0.41927</y><y>0.46875</y></points><label>3</label><labelname>window</labelname><flag>1</flag></object><object><points><x>0.60742</x><x>0.64355</x><y>0.41927</y><y>0.46875</y></points><label>3</label><labelname>window</labelname><flag>1</flag></object><object><points><x>0.47949</x><x>0.51562</x><y>0.41797</y><y>0.46745</y></points><label>3</label><labelname>window</labelname><flag>1</flag></object><object><points><x>0.54199</x><x>0.5791</x><y>0.41927</y><y>0.46875</y></points><label>3</label><labelname>window</labelname><flag>1</flag></object><object><points><x>0.47852</x><x>0.51465</x><y>0.23438</y><y>0.28516</y></points><label>3</label><labelname>window</labelname><flag>1</flag></object><object><points><x>0.54102</x><x>0.57715</x><y>0.23438</y><y>0.28516</y></points><label>3</label><labelname>window</labelname><flag>1</flag></object><object><points><x>0.60645</x><x>0.64355</x><y>0.23438</y><y>0.28385</y></points><label>3</label><labelname>window</labelname><flag>1</flag></object><object><points><x>0.67188</x><x>0.70898</x><y>0.23438</y><y>0.28385</y></points><label>3</label><labelname>window</labelname><flag>1</flag></object><object><points><x>0.73633</x><x>0.78125</x><y>0.23177</y><y>0.3125</y></points><label>3</label><labelname>window</labelname><flag>1</flag></object><object><points><x>0.73633</x><x>0.78125</x><y>0.33073</y><y>0.3763</y></points><label>3</label><labelname>window</labelname><flag>1</flag></object><object><points><x>0.73633</x><x>0.78125</x><y>0.39453</y><y>0.47396</y></points><label>3</label><labelname>window</labelname><flag>1</flag></object><object><points><x>0.40039</x><x>0.85938</x><y>0.21354</y><y>0.49609</y></points><label>2</label><labelname>facade</labelname><flag>1</flag></object><object><points><x>0.38281</x><x>0.85547</x><y>0.54818</y><y>0.93099</y></points><label>2</label><labelname>facade</labelname><flag>1</flag></object><object><points><x>0.42676</x><x>0.4375</x><y>0.23828</y><y>0.27344</y></points><label>3</label><labelname>window</labelname><flag>1</flag></object><object><points><x>0.43164</x><x>0.43848</x><y>0.41927</y><y>0.45443</y></points><label>3</label><labelname>window</labelname><flag>1</flag></object><object><points><x>0.4082</x><x>0.43164</x><y>0.35547</y><y>0.38802</y></points><label>3</label><labelname>window</labelname><flag>1</flag></object><object><points><x>0.41211</x><x>0.4375</x><y>0.3125</y><y>0.34766</y></points><label>3</label><labelname>window</labelname><flag>1</flag></object><object><points><x>0.43359</x><x>0.4502</x><y>0.15365</y><y>0.18359</y></points><label>3</label><labelname>window</labelname><flag>1</flag></object><object><points><x>0.4834</x><x>0.5166</x><y>0.17318</y><y>0.19271</y></points><label>3</label><labelname>window</labelname><flag>1</flag></object><object><points><x>0.4834</x><x>0.5166</x><y>0.14714</y><y>0.16667</y></points><label>3</label><labelname>window</labelname><flag>1</flag></object><object><points><x>0.47559</x><x>0.50977</x><y>0.0625</y><y>0.08724</y></points><label>3</label><labelname>window</labelname><flag>1</flag></object><object><points><x>0.53906</x><x>0.57617</x><y>0.061198</y><y>0.08724</y></points><label>3</label><labelname>window</labelname><flag>1</flag></object><object><points><x>0.60547</x><x>0.64258</x><y>0.059896</y><y>0.085938</y></points><label>3</label><labelname>window</labelname><flag>1</flag></object><object><points><x>0.67285</x><x>0.70996</x><y>0.058594</y><y>0.084635</y></points><label>3</label><labelname>window</labelname><flag>1</flag></object><object><points><x>0.6748</x><x>0.71191</x><y>0.14453</y><y>0.16536</y></points><label>3</label><labelname>window</labelname><flag>1</flag></object><object><points><x>0.6748</x><x>0.71191</x><y>0.17057</y><y>0.19271</y></points><label>3</label><labelname>window</labelname><flag>1</flag></object><object><points><x>0.54688</x><x>0.58008</x><y>0.14453</y><y>0.16406</y></points><label>3</label><labelname>window</labelname><flag>1</flag></object><object><points><x>0.60938</x><x>0.64648</x><y>0.14323</y><y>0.16536</y></points><label>3</label><labelname>window</labelname><flag>1</flag></object><object><points><x>0.60938</x><x>0.64648</x><y>0.17057</y><y>0.19141</y></points><label>3</label><labelname>window</labelname><flag>1</flag></object><object><points><x>0.5459</x><x>0.58105</x><y>0.17318</y><y>0.19271</y></points><label>3</label><labelname>window</labelname><flag>1</flag></object><object><points><x>0.42773</x><x>0.44043</x><y>0.045573</y><y>0.059896</y></points><label>3</label><labelname>window</labelname><flag>1</flag></object><object><points><x>0.42871</x><x>0.44141</x><y>0.067708</y><y>0.080729</y></points><label>3</label><labelname>window</labelname><flag>1</flag></object><object><points><x>0.42871</x><x>0.44238</x><y>0.08724</y><y>0.10156</y></points><label>3</label><labelname>window</labelname><flag>1</flag></object><object><points><x>0.47852</x><x>0.51172</x><y>0.091146</y><y>0.10547</y></points><label>3</label><labelname>window</labelname><flag>1</flag></object><object><points><x>0.47949</x><x>0.51367</x><y>0.042969</y><y>0.057292</y></points><label>3</label><labelname>window</labelname><flag>1</flag></object><object><points><x>0.54199</x><x>0.57812</x><y>0.040365</y><y>0.054688</y></points><label>3</label><labelname>window</labelname><flag>1</flag></object><object><points><x>0.60742</x><x>0.64355</x><y>0.040365</y><y>0.054688</y></points><label>3</label><labelname>window</labelname><flag>1</flag></object><object><points><x>0.54102</x><x>0.5791</x><y>0.092448</y><y>0.10286</y></points><label>3</label><labelname>window</labelname><flag>1</flag></object><object><points><x>0.60742</x><x>0.64551</x><y>0.089844</y><y>0.10156</y></points><label>3</label><labelname>window</labelname><flag>1</flag></object><object><points><x>0.67383</x><x>0.71191</x><y>0.091146</y><y>0.10286</y></points><label>3</label><labelname>window</labelname><flag>1</flag></object><object><points><x>0.67383</x><x>0.71094</x><y>0.039062</y><y>0.053385</y></points><label>3</label><labelname>window</labelname><flag>1</flag></object><object><points><x>0.74023</x><x>0.7832</x><y>0.12891</y><y>0.1888</y></points><label>3</label><labelname>window</labelname><flag>1</flag></object><object><points><x>0.73926</x><x>0.7832</x><y>0.074219</y><y>0.10807</y></points><label>3</label><labelname>window</labelname><flag>1</flag></object><object><points><x>0.53516</x><x>0.57227</x><y>0.60156</y><y>0.62891</y></points><label>3</label><labelname>window</labelname><flag>1</flag></object><object><points><x>0.53418</x><x>0.57227</x><y>0.63932</y><y>0.66667</y></points><label>3</label><labelname>window</labelname><flag>1</flag></object><object><points><x>0.5332</x><x>0.57129</x><y>0.73177</y><y>0.76042</y></points><label>3</label><labelname>window</labelname><flag>1</flag></object><object><points><x>0.53418</x><x>0.57129</x><y>0.79818</y><y>0.82682</y></points><label>3</label><labelname>window</labelname><flag>1</flag></object><object><points><x>0.53223</x><x>0.57031</x><y>0.86719</y><y>0.89453</y></points><label>3</label><labelname>window</labelname><flag>1</flag></object><object><points><x>0.46191</x><x>0.48242</x><y>0.59115</y><y>0.625</y></points><label>3</label><labelname>window</labelname><flag>1</flag></object><object><points><x>0.46094</x><x>0.48145</x><y>0.65495</y><y>0.6888</y></points><label>3</label><labelname>window</labelname><flag>1</flag></object><object><points><x>0.45996</x><x>0.48047</x><y>0.72266</y><y>0.75651</y></points><label>3</label><labelname>window</labelname><flag>1</flag></object><object><points><x>0.45898</x><x>0.48145</x><y>0.79036</y><y>0.82422</y></points><label>3</label><labelname>window</labelname><flag>1</flag></object><object><points><x>0.45801</x><x>0.48047</x><y>0.85807</y><y>0.89193</y></points><label>3</label><labelname>window</labelname><flag>1</flag></object><object><points><x>0.40332</x><x>0.42871</x><y>0.58724</y><y>0.63021</y></points><label>3</label><labelname>window</labelname><flag>1</flag></object><object><points><x>0.40137</x><x>0.42676</x><y>0.65234</y><y>0.69661</y></points><label>3</label><labelname>window</labelname><flag>1</flag></object><object><points><x>0.40039</x><x>0.42676</x><y>0.72005</y><y>0.76432</y></points><label>3</label><labelname>window</labelname><flag>1</flag></object><object><points><x>0.39941</x><x>0.42578</x><y>0.78776</y><y>0.83203</y></points><label>3</label><labelname>window</labelname><flag>1</flag></object><object><points><x>0.39844</x><x>0.42383</x><y>0.85417</y><y>0.89844</y></points><label>3</label><labelname>window</labelname><flag>1</flag></object><object><points><x>0.60645</x><x>0.65039</x><y>0.64453</y><y>0.67448</y></points><label>3</label><labelname>window</labelname><flag>1</flag></object><object><points><x>0.60742</x><x>0.65137</x><y>0.59896</y><y>0.62891</y></points><label>3</label><labelname>window</labelname><flag>1</flag></object><object><points><x>0.69141</x><x>0.73926</x><y>0.64583</y><y>0.67578</y></points><label>3</label><labelname>window</labelname><flag>1</flag></object><object><points><x>0.69141</x><x>0.73926</x><y>0.60156</y><y>0.63151</y></points><label>3</label><labelname>window</labelname><flag>1</flag></object><object><points><x>0.80957</x><x>0.85254</x><y>0.33464</y><y>0.3737</y></points><label>4</label><labelname>door</labelname><flag>1</flag></object><object><points><x>0.58398</x><x>0.60449</x><y>0.57682</y><y>0.70443</y></points><label>5</label><labelname>cornice</labelname><flag>1</flag></object><object><points><x>0.58789</x><x>0.60742</x><y>0.71224</y><y>0.85286</y></points><label>5</label><labelname>cornice</labelname><flag>1</flag></object><object><points><x>0.52051</x><x>0.53223</x><y>0.71875</y><y>0.85026</y></points><label>5</label><labelname>cornice</labelname><flag>1</flag></object><object><points><x>0.51953</x><x>0.5332</x><y>0.58724</y><y>0.6888</y></points><label>5</label><labelname>cornice</labelname><flag>1</flag></object><object><points><x>0.66699</x><x>0.69043</x><y>0.58203</y><y>0.70573</y></points><label>5</label><labelname>cornice</labelname><flag>1</flag></object><object><points><x>0.57812</x><x>0.6084</x><y>0.13802</y><y>0.19922</y></points><label>6</label><labelname>sill</labelname><flag>1</flag></object><object><points><x>0.64551</x><x>0.6748</x><y>0.13802</y><y>0.19922</y></points><label>6</label><labelname>sill</labelname><flag>1</flag></object><object><points><x>0.57129</x><x>0.59766</x><y>0.3151</y><y>0.34375</y></points><label>6</label><labelname>sill</labelname><flag>1</flag></object><object><points><x>0.57031</x><x>0.59375</x><y>0.35807</y><y>0.38672</y></points><label>6</label><labelname>sill</labelname><flag>1</flag></object><object><points><x>0.57422</x><x>0.60059</x><y>0.39323</y><y>0.40104</y></points><label>6</label><labelname>sill</labelname><flag>1</flag></object><object><points><x>0.65039</x><x>0.66602</x><y>0.58594</y><y>0.69401</y></points><label>7</label><labelname>balcony</labelname><flag>1</flag></object><object><points><x>0.4082</x><x>0.42676</x><y>0.0625</y><y>0.08724</y></points><label>9</label><labelname>deco</labelname><flag>1</flag></object><object><points><x>0.47168</x><x>0.51562</x><y>0.10807</y><y>0.14062</y></points><label>9</label><labelname>deco</labelname><flag>1</flag></object><object><points><x>0.47168</x><x>0.51465</x><y>0.0065104</y><y>0.03776</y></points><label>9</label><labelname>deco</labelname><flag>1</flag></object><object><points><x>0.58789</x><x>0.59766</x><y>0.067708</y><y>0.080729</y></points><label>9</label><labelname>deco</labelname><flag>1</flag></object><object><points><x>0.65527</x><x>0.66504</x><y>0.067708</y><y>0.080729</y></points><label>9</label><labelname>deco</labelname><flag>1</flag></object><object><points><x>0.75684</x><x>0.78418</x><y>0.11198</y><y>0.13932</y></points><label>9</label><labelname>deco</labelname><flag>1</flag></object><object><points><x>0.75586</x><x>0.7832</x><y>0.057292</y><y>0.072917</y></points><label>9</label><labelname>deco</labelname><flag>1</flag></object><object><points><x>0.7832</x><x>0.80078</x><y>0.076823</y><y>0.11328</y></points><label>9</label><labelname>deco</labelname><flag>1</flag></object><object><points><x>0.43848</x><x>0.46289</x><y>0.22005</y><y>0.48828</y></points><label>10</label><labelname>molding</labelname><flag>1</flag></object><object><points><x>0.51074</x><x>0.52539</x><y>0.22005</y><y>0.48698</y></points><label>10</label><labelname>molding</labelname><flag>1</flag></object><object><points><x>0.70801</x><x>0.71387</x><y>0.21875</y><y>0.48828</y></points><label>10</label><labelname>molding</labelname><flag>1</flag></object><object><points><x>0.78125</x><x>0.79102</x><y>0.22135</y><y>0.48698</y></points><label>10</label><labelname>molding</labelname><flag>1</flag></object><object><points><x>0.42188</x><x>0.45605</x><y>0.5625</y><y>0.92969</y></points><label>10</label><labelname>molding</labelname><flag>1</flag></object><object><points><x>0.47852</x><x>0.50293</x><y>0.55078</y><y>0.92839</y></points><label>10</label><labelname>molding</labelname><flag>1</flag></object><object><points><x>0.57031</x><x>0.58496</x><y>0.55599</y><y>0.92839</y></points><label>10</label><labelname>molding</labelname><flag>1</flag></object><object><points><x>0.73535</x><x>0.75</x><y>0.55599</y><y>0.92839</y></points><label>10</label><labelname>molding</labelname><flag>1</flag></object><object><points><x>0.80762</x><x>0.85352</x><y>0.11849</y><y>0.12891</y></points><label>11</label><labelname>pillar</labelname><flag>1</flag></object><object><points><x>0.80762</x><x>0.85352</x><y>0.061198</y><y>0.071615</y></points><label>11</label><labelname>pillar</labelname><flag>1</flag></object><object><points><x>0.55273</x><x>0.69922</x><y>0.11198</y><y>0.13411</y></points><label>11</label><labelname>pillar</labelname><flag>1</flag></object><object><points><x>0.60156</x><x>0.64258</x><y>0.67839</y><y>0.6888</y></points><label>9</label><labelname>deco</labelname><flag>1</flag></object><object><points><x>0.60156</x><x>0.64258</x><y>0.63281</y><y>0.64323</y></points><label>9</label><labelname>deco</labelname><flag>1</flag></object><object><points><x>0.51855</x><x>0.5332</x><y>0.85417</y><y>0.92448</y></points><label>5</label><labelname>cornice</labelname><flag>1</flag></object><object><points><x>0.64355</x><x>0.65039</x><y>0.67708</y><y>0.6888</y></points><label>11</label><labelname>pillar</labelname><flag>1</flag></object><object><points><x>0.64355</x><x>0.65039</x><y>0.63151</y><y>0.64453</y></points><label>11</label><labelname>pillar</labelname><flag>1</flag></object><object><points><x>0.7334</x><x>0.73926</x><y>0.68099</y><y>0.69401</y></points><label>11</label><labelname>pillar</labelname><flag>1</flag></object><object><points><x>0.73438</x><x>0.73926</x><y>0.63411</y><y>0.64714</y></points><label>11</label><labelname>pillar</labelname><flag>1</flag></object><object><points><x>0.73438</x><x>0.74023</x><y>0.58854</y><y>0.60156</y></points><label>11</label><labelname>pillar</labelname><flag>1</flag></object><object><points><x>0.69531</x><x>0.73438</x><y>0.63542</y><y>0.64453</y></points><label>11</label><labelname>pillar</labelname><flag>1</flag></object><object><points><x>0.69434</x><x>0.7334</x><y>0.68229</y><y>0.69141</y></points><label>11</label><labelname>pillar</labelname><flag>1</flag></object><object><points><x>0.69531</x><x>0.73438</x><y>0.59115</y><y>0.59896</y></points><label>11</label><labelname>pillar</labelname><flag>1</flag></object><object><points><x>0.68652</x><x>0.69434</x><y>0.68099</y><y>0.69271</y></points><label>11</label><labelname>pillar</labelname><flag>1</flag></object><object><points><x>0.6875</x><x>0.69531</x><y>0.63542</y><y>0.64583</y></points><label>11</label><labelname>pillar</labelname><flag>1</flag></object><object><points><x>0.79883</x><x>0.80762</x><y>0.11719</y><y>0.13151</y></points><label>11</label><labelname>pillar</labelname><flag>1</flag></object><object><points><x>0.79883</x><x>0.80762</x><y>0.058594</y><y>0.072917</y></points><label>11</label><labelname>pillar</labelname><flag>1</flag></object><object><points><x>0.53906</x><x>0.55273</x><y>0.10807</y><y>0.14062</y></points><label>11</label><labelname>pillar</labelname><flag>1</flag></object><object><points><x>0.53809</x><x>0.55273</x><y>0.0052083</y><y>0.039062</y></points><label>11</label><labelname>pillar</labelname><flag>1</flag></object><object><points><x>0.69824</x><x>0.71484</x><y>0.10807</y><y>0.13802</y></points><label>11</label><labelname>pillar</labelname><flag>1</flag></object><object><points><x>0.78809</x><x>0.80176</x><y>0.13281</y><y>0.1875</y></points><label>12</label><labelname>shop</labelname><flag>1</flag></object><object><points><x>0.80273</x><x>0.85352</x><y>0.12891</y><y>0.1888</y></points><label>12</label><labelname>shop</labelname><flag>1</flag></object><object><points><x>0.80371</x><x>0.81152</x><y>0.19661</y><y>0.21224</y></points><label>12</label><labelname>shop</labelname><flag>1</flag></object><object><points><x>0.81445</x><x>0.85156</x><y>0.1888</y><y>0.20964</y></points><label>12</label><labelname>shop</labelname><flag>1</flag></object><object><points><x>0.80176</x><x>0.84766</x><y>0.076823</y><y>0.11068</y></points><label>12</label><labelname>shop</labelname><flag>1</flag></object><object><points><x>0.82617</x><x>0.84668</x><y>0.11198</y><y>0.11719</y></points><label>12</label><labelname>shop</labelname><flag>1</flag></object><object><points><x>0.79102</x><x>0.80762</x><y>0.21484</y><y>0.33073</y></points><label>12</label><labelname>shop</labelname><flag>1</flag></object><object><points><x>0.80762</x><x>0.82227</x><y>0.31771</y><y>0.34505</y></points><label>12</label><labelname>shop</labelname><flag>1</flag></object><object><points><x>0.80762</x><x>0.85547</x><y>0.21484</y><y>0.31641</y></points><label>12</label><labelname>shop</labelname><flag>1</flag></object><object><points><x>0.80859</x><x>0.85059</x><y>0.39714</y><y>0.47786</y></points><label>12</label><labelname>shop</labelname><flag>1</flag></object><object><points><x>0.79004</x><x>0.8125</x><y>0.48568</y><y>0.49479</y></points><label>12</label><labelname>shop</labelname><flag>1</flag></object><object><points><x>0.70117</x><x>0.73828</x><y>0.5026</y><y>0.54036</y></points><label>12</label><labelname>shop</labelname><flag>1</flag></object><object><points><x>0.75391</x><x>0.77734</x><y>0.49609</y><y>0.54557</y></points><label>12</label><labelname>shop</labelname><flag>1</flag></object><object><points><x>0.80859</x><x>0.85352</x><y>0.55729</y><y>0.625</y></points><label>12</label><labelname>shop</labelname><flag>1</flag></object><object><points><x>0.80957</x><x>0.85254</x><y>0.67839</y><y>0.76172</y></points><label>12</label><labelname>shop</labelname><flag>1</flag></object><object><points><x>0.80957</x><x>0.85254</x><y>0.63151</y><y>0.67839</y></points><label>12</label><labelname>shop</labelname><flag>1</flag></object>