<object><points><x>0.29297</x><x>0.35449</x><y>0.42318</y><y>0.47005</y></points><label>3</label><labelname>window</labelname><flag>1</flag></object><object><points><x>0.29297</x><x>0.35254</x><y>0.52865</y><y>0.57682</y></points><label>3</label><labelname>window</labelname><flag>1</flag></object><object><points><x>0.41211</x><x>0.4707</x><y>0.42318</y><y>0.47005</y></points><label>3</label><labelname>window</labelname><flag>1</flag></object><object><points><x>0.39551</x><x>0.45605</x><y>0.52865</y><y>0.57812</y></points><label>3</label><labelname>window</labelname><flag>1</flag></object><object><points><x>0.5</x><x>0.55957</x><y>0.52865</y><y>0.57812</y></points><label>3</label><labelname>window</labelname><flag>1</flag></object><object><points><x>0.51758</x><x>0.5752</x><y>0.42318</y><y>0.47005</y></points><label>3</label><labelname>window</labelname><flag>1</flag></object><object><points><x>0.29688</x><x>0.35645</x><y>0.63542</y><y>0.68229</y></points><label>3</label><labelname>window</labelname><flag>1</flag></object><object><points><x>0.29395</x><x>0.35547</x><y>0.73958</y><y>0.78776</y></points><label>3</label><labelname>window</labelname><flag>1</flag></object><object><points><x>0.39648</x><x>0.45703</x><y>0.73958</y><y>0.78776</y></points><label>3</label><labelname>window</labelname><flag>1</flag></object><object><points><x>0.5</x><x>0.56055</x><y>0.73828</y><y>0.78516</y></points><label>3</label><labelname>window</labelname><flag>1</flag></object><object><points><x>0.41602</x><x>0.47559</x><y>0.63542</y><y>0.68229</y></points><label>3</label><labelname>window</labelname><flag>1</flag></object><object><points><x>0.52051</x><x>0.57812</x><y>0.63542</y><y>0.68229</y></points><label>3</label><labelname>window</labelname><flag>1</flag></object><object><points><x>0.60449</x><x>0.66211</x><y>0.73828</y><y>0.78776</y></points><label>3</label><labelname>window</labelname><flag>1</flag></object><object><points><x>0.62207</x><x>0.68066</x><y>0.63411</y><y>0.68099</y></points><label>3</label><labelname>window</labelname><flag>1</flag></object><object><points><x>0.72559</x><x>0.7832</x><y>0.63411</y><y>0.68099</y></points><label>3</label><labelname>window</labelname><flag>1</flag></object><object><points><x>0.70703</x><x>0.76562</x><y>0.73828</y><y>0.78776</y></points><label>3</label><labelname>window</labelname><flag>1</flag></object><object><points><x>0.82617</x><x>0.86816</x><y>0.63411</y><y>0.68099</y></points><label>3</label><labelname>window</labelname><flag>1</flag></object><object><points><x>0.82617</x><x>0.86816</x><y>0.73828</y><y>0.78646</y></points><label>3</label><labelname>window</labelname><flag>1</flag></object><object><points><x>0.60449</x><x>0.66309</x><y>0.52865</y><y>0.57682</y></points><label>3</label><labelname>window</labelname><flag>1</flag></object><object><points><x>0.62109</x><x>0.67871</x><y>0.42448</y><y>0.47135</y></points><label>3</label><labelname>window</labelname><flag>1</flag></object><object><points><x>0.70703</x><x>0.76465</x><y>0.52865</y><y>0.57682</y></points><label>3</label><labelname>window</labelname><flag>1</flag></object><object><points><x>0.72461</x><x>0.78223</x><y>0.42578</y><y>0.47135</y></points><label>3</label><labelname>window</labelname><flag>1</flag></object><object><points><x>0.82617</x><x>0.86816</x><y>0.42708</y><y>0.47266</y></points><label>3</label><labelname>window</labelname><flag>1</flag></object><object><points><x>0.82617</x><x>0.86719</x><y>0.52995</y><y>0.57682</y></points><label>3</label><labelname>window</labelname><flag>1</flag></object><object><points><x>0.19238</x><x>0.99707</x><y>0.14974</y><y>0.87891</y></points><label>2</label><labelname>facade</labelname><flag>1</flag></object><object><points><x>0.30273</x><x>0.36035</x><y>0.32031</y><y>0.36589</y></points><label>3</label><labelname>window</labelname><flag>1</flag></object><object><points><x>0.31738</x><x>0.37402</x><y>0.22526</y><y>0.26302</y></points><label>3</label><labelname>window</labelname><flag>1</flag></object><object><points><x>0.3418</x><x>0.40332</x><y>0.15495</y><y>0.17969</y></points><label>3</label><labelname>window</labelname><flag>1</flag></object><object><points><x>0.43848</x><x>0.5</x><y>0.15365</y><y>0.17839</y></points><label>3</label><labelname>window</labelname><flag>1</flag></object><object><points><x>0.43164</x><x>0.49121</x><y>0.22396</y><y>0.26302</y></points><label>3</label><labelname>window</labelname><flag>1</flag></object><object><points><x>0.40137</x><x>0.46094</x><y>0.31901</y><y>0.36328</y></points><label>3</label><labelname>window</labelname><flag>1</flag></object><object><points><x>0.50488</x><x>0.56445</x><y>0.31901</y><y>0.36328</y></points><label>3</label><labelname>window</labelname><flag>1</flag></object><object><points><x>0.53418</x><x>0.58984</x><y>0.22656</y><y>0.26172</y></points><label>3</label><labelname>window</labelname><flag>1</flag></object><object><points><x>0.53516</x><x>0.5918</x><y>0.15625</y><y>0.18229</y></points><label>3</label><labelname>window</labelname><flag>1</flag></object><object><points><x>0.60938</x><x>0.66504</x><y>0.31901</y><y>0.36328</y></points><label>3</label><labelname>window</labelname><flag>1</flag></object><object><points><x>0.6377</x><x>0.69141</x><y>0.23438</y><y>0.26953</y></points><label>3</label><labelname>window</labelname><flag>1</flag></object><object><points><x>0.63477</x><x>0.68652</x><y>0.16146</y><y>0.19141</y></points><label>3</label><labelname>window</labelname><flag>1</flag></object><object><points><x>0.71387</x><x>0.76953</x><y>0.32943</y><y>0.3724</y></points><label>3</label><labelname>window</labelname><flag>1</flag></object><object><points><x>0.83203</x><x>0.87109</x><y>0.33464</y><y>0.3724</y></points><label>3</label><labelname>window</labelname><flag>1</flag></object><object><points><x>0.83691</x><x>0.875</x><y>0.26042</y><y>0.29167</y></points><label>3</label><labelname>window</labelname><flag>1</flag></object><object><points><x>0.83984</x><x>0.87793</x><y>0.19922</y><y>0.22917</y></points><label>3</label><labelname>window</labelname><flag>1</flag></object><object><points><x>0.73535</x><x>0.79395</x><y>0.25</y><y>0.27865</y></points><label>3</label><labelname>window</labelname><flag>1</flag></object><object><points><x>0.7334</x><x>0.78418</x><y>0.17708</y><y>0.20703</y></points><label>3</label><labelname>window</labelname><flag>1</flag></object><object><points><x>0.90723</x><x>0.99512</x><y>0.3763</y><y>0.56901</y></points><label>3</label><labelname>window</labelname><flag>1</flag></object><object><points><x>0.90332</x><x>0.99414</x><y>0.625</y><y>0.83333</y></points><label>3</label><labelname>window</labelname><flag>1</flag></object><object><points><x>0.90527</x><x>0.99609</x><y>0.22396</y><y>0.31771</y></points><label>3</label><labelname>window</labelname><flag>1</flag></object><object><points><x>0.90625</x><x>0.99609</x><y>0.32031</y><y>0.3737</y></points><label>11</label><labelname>pillar</labelname><flag>1</flag></object><object><points><x>0.90332</x><x>0.99316</x><y>0.57031</y><y>0.6237</y></points><label>11</label><labelname>pillar</labelname><flag>1</flag></object>