<object><points><x>0.19449</x><x>0.9759</x><y>0.48438</y><y>0.89941</y></points><label>2</label><labelname>facade</labelname><flag>1</flag></object><object><points><x>0.036145</x><x>0.94492</x><y>0.0078125</y><y>0.48828</y></points><label>2</label><labelname>facade</labelname><flag>1</flag></object><object><points><x>0.11188</x><x>0.19966</x><y>0.029297</y><y>0.083008</y></points><label>3</label><labelname>window</labelname><flag>1</flag></object><object><points><x>0.11532</x><x>0.19966</x><y>0.11816</y><y>0.16699</y></points><label>3</label><labelname>window</labelname><flag>1</flag></object><object><points><x>0.27883</x><x>0.36833</x><y>0.11816</y><y>0.16699</y></points><label>3</label><labelname>window</labelname><flag>1</flag></object><object><points><x>0.27711</x><x>0.36833</x><y>0.029297</y><y>0.083008</y></points><label>3</label><labelname>window</labelname><flag>1</flag></object><object><points><x>0.4475</x><x>0.53356</x><y>0.02832</y><y>0.082031</y></points><label>3</label><labelname>window</labelname><flag>1</flag></object><object><points><x>0.61962</x><x>0.70568</x><y>0.029297</y><y>0.082031</y></points><label>3</label><labelname>window</labelname><flag>1</flag></object><object><points><x>0.6179</x><x>0.70568</x><y>0.11816</y><y>0.16699</y></points><label>3</label><labelname>window</labelname><flag>1</flag></object><object><points><x>0.4475</x><x>0.53184</x><y>0.11719</y><y>0.16699</y></points><label>3</label><labelname>window</labelname><flag>1</flag></object><object><points><x>0.10155</x><x>0.18589</x><y>0.20312</y><y>0.25684</y></points><label>3</label><labelname>window</labelname><flag>1</flag></object><object><points><x>0.2685</x><x>0.35456</x><y>0.2002</y><y>0.25488</y></points><label>3</label><labelname>window</labelname><flag>1</flag></object><object><points><x>0.44234</x><x>0.52668</x><y>0.20117</y><y>0.25586</y></points><label>3</label><labelname>window</labelname><flag>1</flag></object><object><points><x>0.61102</x><x>0.69535</x><y>0.2002</y><y>0.25488</y></points><label>3</label><labelname>window</labelname><flag>1</flag></object><object><points><x>0.28227</x><x>0.36661</x><y>0.3252</y><y>0.37891</y></points><label>3</label><labelname>window</labelname><flag>1</flag></object><object><points><x>0.11532</x><x>0.19966</x><y>0.32422</y><y>0.37891</y></points><label>3</label><labelname>window</labelname><flag>1</flag></object><object><points><x>0.1136</x><x>0.19793</x><y>0.41211</y><y>0.4668</y></points><label>3</label><labelname>window</labelname><flag>1</flag></object><object><points><x>0.28227</x><x>0.36661</x><y>0.41309</y><y>0.46777</y></points><label>3</label><labelname>window</labelname><flag>1</flag></object><object><points><x>0.44923</x><x>0.53356</x><y>0.32422</y><y>0.37891</y></points><label>3</label><labelname>window</labelname><flag>1</flag></object><object><points><x>0.44923</x><x>0.53356</x><y>0.41211</y><y>0.4668</y></points><label>3</label><labelname>window</labelname><flag>1</flag></object><object><points><x>0.61962</x><x>0.70396</x><y>0.3252</y><y>0.37891</y></points><label>3</label><labelname>window</labelname><flag>1</flag></object><object><points><x>0.6179</x><x>0.70224</x><y>0.41504</y><y>0.46875</y></points><label>3</label><labelname>window</labelname><flag>1</flag></object><object><points><x>0.79174</x><x>0.87608</x><y>0.41309</y><y>0.46777</y></points><label>3</label><labelname>window</labelname><flag>1</flag></object><object><points><x>0.79174</x><x>0.8778</x><y>0.32422</y><y>0.37891</y></points><label>3</label><labelname>window</labelname><flag>1</flag></object><object><points><x>0.79174</x><x>0.8778</x><y>0.025391</y><y>0.079102</y></points><label>3</label><labelname>window</labelname><flag>1</flag></object><object><points><x>0.79174</x><x>0.8778</x><y>0.11816</y><y>0.17188</y></points><label>3</label><labelname>window</labelname><flag>1</flag></object><object><points><x>0.29776</x><x>0.38038</x><y>0.52344</y><y>0.55078</y></points><label>3</label><labelname>window</labelname><flag>1</flag></object><object><points><x>0.29948</x><x>0.38382</x><y>0.63867</y><y>0.66699</y></points><label>3</label><labelname>window</labelname><flag>1</flag></object><object><points><x>0.29776</x><x>0.3821</x><y>0.7207</y><y>0.74902</y></points><label>3</label><labelname>window</labelname><flag>1</flag></object><object><points><x>0.29776</x><x>0.3821</x><y>0.75781</y><y>0.78516</y></points><label>3</label><labelname>window</labelname><flag>1</flag></object><object><points><x>0.29948</x><x>0.38382</x><y>0.83496</y><y>0.8623</y></points><label>3</label><labelname>window</labelname><flag>1</flag></object><object><points><x>0.29776</x><x>0.3821</x><y>0.60156</y><y>0.62891</y></points><label>3</label><labelname>window</labelname><flag>1</flag></object><object><points><x>0.47332</x><x>0.55594</x><y>0.52539</y><y>0.55273</y></points><label>3</label><labelname>window</labelname><flag>1</flag></object><object><points><x>0.47504</x><x>0.55766</x><y>0.60059</y><y>0.62793</y></points><label>3</label><labelname>window</labelname><flag>1</flag></object><object><points><x>0.47504</x><x>0.55766</x><y>0.63867</y><y>0.66699</y></points><label>3</label><labelname>window</labelname><flag>1</flag></object><object><points><x>0.47332</x><x>0.55594</x><y>0.71875</y><y>0.74609</y></points><label>3</label><labelname>window</labelname><flag>1</flag></object><object><points><x>0.47332</x><x>0.55766</x><y>0.75781</y><y>0.78516</y></points><label>3</label><labelname>window</labelname><flag>1</flag></object><object><points><x>0.47332</x><x>0.55594</x><y>0.83496</y><y>0.8623</y></points><label>3</label><labelname>window</labelname><flag>1</flag></object><object><points><x>0.64888</x><x>0.7315</x><y>0.52441</y><y>0.55176</y></points><label>3</label><labelname>window</labelname><flag>1</flag></object><object><points><x>0.64888</x><x>0.73322</x><y>0.60059</y><y>0.62793</y></points><label>3</label><labelname>window</labelname><flag>1</flag></object><object><points><x>0.64888</x><x>0.73322</x><y>0.63965</y><y>0.66699</y></points><label>3</label><labelname>window</labelname><flag>1</flag></object><object><points><x>0.64716</x><x>0.72978</x><y>0.71875</y><y>0.74609</y></points><label>3</label><labelname>window</labelname><flag>1</flag></object><object><points><x>0.64888</x><x>0.7315</x><y>0.75781</y><y>0.78516</y></points><label>3</label><labelname>window</labelname><flag>1</flag></object><object><points><x>0.64888</x><x>0.73322</x><y>0.83496</y><y>0.8623</y></points><label>3</label><labelname>window</labelname><flag>1</flag></object><object><points><x>0.30637</x><x>0.39587</x><y>0.92773</y><y>0.94336</y></points><label>3</label><labelname>window</labelname><flag>1</flag></object><object><points><x>0.30809</x><x>0.39759</x><y>0.95117</y><y>0.96582</y></points><label>3</label><labelname>window</labelname><flag>1</flag></object><object><points><x>0.48193</x><x>0.56971</x><y>0.93066</y><y>0.94531</y></points><label>3</label><labelname>window</labelname><flag>1</flag></object><object><points><x>0.48193</x><x>0.56971</x><y>0.95215</y><y>0.9668</y></points><label>3</label><labelname>window</labelname><flag>1</flag></object><object><points><x>0.65404</x><x>0.74871</x><y>0.93066</y><y>0.9668</y></points><label>3</label><labelname>window</labelname><flag>1</flag></object><object><points><x>0.82444</x><x>0.91738</x><y>0.7627</y><y>0.78613</y></points><label>3</label><labelname>window</labelname><flag>1</flag></object><object><points><x>0.82788</x><x>0.91738</x><y>0.7207</y><y>0.74414</y></points><label>3</label><labelname>window</labelname><flag>1</flag></object><object><points><x>0.82616</x><x>0.9191</x><y>0.64258</y><y>0.66602</y></points><label>3</label><labelname>window</labelname><flag>1</flag></object><object><points><x>0.82788</x><x>0.91566</x><y>0.60254</y><y>0.625</y></points><label>3</label><labelname>window</labelname><flag>1</flag></object><object><points><x>0.82444</x><x>0.95869</x><y>0.51074</y><y>0.56738</y></points><label>4</label><labelname>door</labelname><flag>1</flag></object><object><points><x>0.83477</x><x>0.9432</x><y>0.92285</y><y>0.97656</y></points><label>3</label><labelname>window</labelname><flag>1</flag></object><object><points><x>0.82272</x><x>0.97762</x><y>0.81738</y><y>0.88184</y></points><label>4</label><labelname>door</labelname><flag>1</flag></object><object><points><x>0.26678</x><x>0.28744</x><y>0.5127</y><y>0.56152</y></points><label>5</label><labelname>cornice</labelname><flag>1</flag></object><object><points><x>0.2685</x><x>0.28916</x><y>0.5918</y><y>0.63086</y></points><label>5</label><labelname>cornice</labelname><flag>1</flag></object><object><points><x>0.2685</x><x>0.28744</x><y>0.63184</y><y>0.6748</y></points><label>5</label><labelname>cornice</labelname><flag>1</flag></object><object><points><x>0.26678</x><x>0.28744</x><y>0.70996</y><y>0.75195</y></points><label>5</label><labelname>cornice</labelname><flag>1</flag></object><object><points><x>0.26678</x><x>0.28744</x><y>0.75098</y><y>0.79492</y></points><label>5</label><labelname>cornice</labelname><flag>1</flag></object><object><points><x>0.27022</x><x>0.28744</x><y>0.82617</y><y>0.87402</y></points><label>5</label><labelname>cornice</labelname><flag>1</flag></object><object><points><x>0.42169</x><x>0.43546</x><y>0.51758</y><y>0.55566</y></points><label>5</label><labelname>cornice</labelname><flag>1</flag></object><object><points><x>0.42341</x><x>0.43546</x><y>0.59375</y><y>0.63086</y></points><label>5</label><labelname>cornice</labelname><flag>1</flag></object><object><points><x>0.42341</x><x>0.43546</x><y>0.63281</y><y>0.66992</y></points><label>5</label><labelname>cornice</labelname><flag>1</flag></object><object><points><x>0.42169</x><x>0.43546</x><y>0.71387</y><y>0.75098</y></points><label>5</label><labelname>cornice</labelname><flag>1</flag></object><object><points><x>0.42341</x><x>0.43546</x><y>0.75391</y><y>0.79102</y></points><label>5</label><labelname>cornice</labelname><flag>1</flag></object><object><points><x>0.42169</x><x>0.43546</x><y>0.82812</y><y>0.86914</y></points><label>5</label><labelname>cornice</labelname><flag>1</flag></object><object><points><x>0.38038</x><x>0.39071</x><y>0.51855</y><y>0.55469</y></points><label>6</label><labelname>sill</labelname><flag>1</flag></object><object><points><x>0.55766</x><x>0.58003</x><y>0.52051</y><y>0.55566</y></points><label>6</label><labelname>sill</labelname><flag>1</flag></object><object><points><x>0.73494</x><x>0.75559</x><y>0.52148</y><y>0.55469</y></points><label>6</label><labelname>sill</labelname><flag>1</flag></object><object><points><x>0.3821</x><x>0.39243</x><y>0.59668</y><y>0.63086</y></points><label>6</label><labelname>sill</labelname><flag>1</flag></object><object><points><x>0.38382</x><x>0.39243</x><y>0.63574</y><y>0.66992</y></points><label>6</label><labelname>sill</labelname><flag>1</flag></object><object><points><x>0.38382</x><x>0.39243</x><y>0.7168</y><y>0.75</y></points><label>6</label><labelname>sill</labelname><flag>1</flag></object><object><points><x>0.3821</x><x>0.39243</x><y>0.75586</y><y>0.78906</y></points><label>6</label><labelname>sill</labelname><flag>1</flag></object><object><points><x>0.3821</x><x>0.39243</x><y>0.83105</y><y>0.86621</y></points><label>6</label><labelname>sill</labelname><flag>1</flag></object><object><points><x>0.55938</x><x>0.58176</x><y>0.59668</y><y>0.63184</y></points><label>6</label><labelname>sill</labelname><flag>1</flag></object><object><points><x>0.5611</x><x>0.58348</x><y>0.63477</y><y>0.6709</y></points><label>6</label><labelname>sill</labelname><flag>1</flag></object><object><points><x>0.55938</x><x>0.58176</x><y>0.71484</y><y>0.75</y></points><label>6</label><labelname>sill</labelname><flag>1</flag></object><object><points><x>0.55938</x><x>0.58176</x><y>0.75391</y><y>0.79004</y></points><label>6</label><labelname>sill</labelname><flag>1</flag></object><object><points><x>0.55938</x><x>0.58176</x><y>0.83105</y><y>0.86621</y></points><label>6</label><labelname>sill</labelname><flag>1</flag></object><object><points><x>0.73494</x><x>0.75559</x><y>0.59766</y><y>0.63086</y></points><label>6</label><labelname>sill</labelname><flag>1</flag></object><object><points><x>0.73322</x><x>0.75559</x><y>0.63574</y><y>0.66895</y></points><label>6</label><labelname>sill</labelname><flag>1</flag></object><object><points><x>0.73494</x><x>0.75559</x><y>0.71582</y><y>0.74902</y></points><label>6</label><labelname>sill</labelname><flag>1</flag></object><object><points><x>0.73322</x><x>0.75387</x><y>0.75586</y><y>0.78906</y></points><label>6</label><labelname>sill</labelname><flag>1</flag></object><object><points><x>0.73494</x><x>0.75731</x><y>0.83301</y><y>0.86523</y></points><label>6</label><labelname>sill</labelname><flag>1</flag></object><object><points><x>0.64544</x><x>0.74355</x><y>0.67285</y><y>0.71191</y></points><label>9</label><labelname>deco</labelname><flag>1</flag></object><object><points><x>0.2031</x><x>0.24441</x><y>0.48828</y><y>0.89941</y></points><label>10</label><labelname>molding</labelname><flag>1</flag></object><object><points><x>0.68675</x><x>0.79002</x><y>0.48926</y><y>0.89844</y></points><label>10</label><labelname>molding</labelname><flag>1</flag></object><object><points><x>0.75215</x><x>0.76592</x><y>0.011719</y><y>0.48242</y></points><label>10</label><labelname>molding</labelname><flag>1</flag></object><object><points><x>0.22031</x><x>0.68503</x><y>0.49023</y><y>0.50781</y></points><label>11</label><labelname>pillar</labelname><flag>1</flag></object><object><points><x>0.22547</x><x>0.69019</x><y>0.56836</y><y>0.58496</y></points><label>11</label><labelname>pillar</labelname><flag>1</flag></object><object><points><x>0.22547</x><x>0.6506</x><y>0.68359</y><y>0.70117</y></points><label>11</label><labelname>pillar</labelname><flag>1</flag></object><object><points><x>0.22547</x><x>0.69191</x><y>0.80078</y><y>0.81836</y></points><label>11</label><labelname>pillar</labelname><flag>1</flag></object><object><points><x>0.22375</x><x>0.68847</x><y>0.87988</y><y>0.89648</y></points><label>11</label><labelname>pillar</labelname><flag>1</flag></object><object><points><x>0.043029</x><x>0.76076</x><y>0.16309</y><y>0.30371</y></points><label>11</label><labelname>pillar</labelname><flag>1</flag></object><object><points><x>0.79002</x><x>0.81928</x><y>0.81641</y><y>0.88184</y></points><label>12</label><labelname>shop</labelname><flag>1</flag></object>