<object><points><x>0.8585</x><x>0.9346</x><y>0.82227</y><y>0.85547</y></points><label>3</label><labelname>window</labelname><flag>1</flag></object><object><points><x>0.8585</x><x>0.93341</x><y>0.74219</y><y>0.77637</y></points><label>3</label><labelname>window</labelname><flag>1</flag></object><object><points><x>0.86088</x><x>0.9346</x><y>0.63184</y><y>0.66797</y></points><label>3</label><labelname>window</labelname><flag>1</flag></object><object><points><x>0.8585</x><x>0.9346</x><y>0.53613</y><y>0.57031</y></points><label>3</label><labelname>window</labelname><flag>1</flag></object><object><points><x>0.8585</x><x>0.9346</x><y>0.46777</y><y>0.50195</y></points><label>3</label><labelname>window</labelname><flag>1</flag></object><object><points><x>0.8585</x><x>0.9346</x><y>0.39844</y><y>0.43262</y></points><label>3</label><labelname>window</labelname><flag>1</flag></object><object><points><x>0.85969</x><x>0.93579</x><y>0.3291</y><y>0.36328</y></points><label>3</label><labelname>window</labelname><flag>1</flag></object><object><points><x>0.26159</x><x>0.99405</x><y>0.29297</y><y>0.89551</y></points><label>2</label><labelname>facade</labelname><flag>1</flag></object><object><points><x>0.70987</x><x>0.78597</x><y>0.33105</y><y>0.36426</y></points><label>3</label><labelname>window</labelname><flag>1</flag></object><object><points><x>0.70987</x><x>0.78716</x><y>0.53906</y><y>0.57129</y></points><label>3</label><labelname>window</labelname><flag>1</flag></object><object><points><x>0.70987</x><x>0.78716</x><y>0.46973</y><y>0.50293</y></points><label>3</label><labelname>window</labelname><flag>1</flag></object><object><points><x>0.70987</x><x>0.78597</x><y>0.40137</y><y>0.43359</y></points><label>3</label><labelname>window</labelname><flag>1</flag></object><object><points><x>0.68371</x><x>0.76694</x><y>0.62012</y><y>0.65918</y></points><label>3</label><labelname>window</labelname><flag>1</flag></object><object><points><x>0.70868</x><x>0.78597</x><y>0.74121</y><y>0.77832</y></points><label>3</label><labelname>window</labelname><flag>1</flag></object><object><points><x>0.70987</x><x>0.78597</x><y>0.82031</y><y>0.85645</y></points><label>3</label><labelname>window</labelname><flag>1</flag></object><object><points><x>0.55172</x><x>0.63139</x><y>0.74121</y><y>0.77637</y></points><label>3</label><labelname>window</labelname><flag>1</flag></object><object><points><x>0.55172</x><x>0.63139</x><y>0.82129</y><y>0.85352</y></points><label>3</label><labelname>window</labelname><flag>1</flag></object><object><points><x>0.40785</x><x>0.47681</x><y>0.82129</y><y>0.85352</y></points><label>3</label><labelname>window</labelname><flag>1</flag></object><object><points><x>0.40785</x><x>0.47681</x><y>0.74316</y><y>0.77539</y></points><label>3</label><labelname>window</labelname><flag>1</flag></object><object><points><x>0.3591</x><x>0.43282</x><y>0.62305</y><y>0.65625</y></points><label>3</label><labelname>window</labelname><flag>1</flag></object><object><points><x>0.51605</x><x>0.59929</x><y>0.62207</y><y>0.6582</y></points><label>3</label><labelname>window</labelname><flag>1</flag></object><object><points><x>0.55172</x><x>0.63139</x><y>0.54004</y><y>0.57129</y></points><label>3</label><labelname>window</labelname><flag>1</flag></object><object><points><x>0.40904</x><x>0.47681</x><y>0.54199</y><y>0.57031</y></points><label>3</label><labelname>window</labelname><flag>1</flag></object><object><points><x>0.55172</x><x>0.63139</x><y>0.40234</y><y>0.43457</y></points><label>3</label><labelname>window</labelname><flag>1</flag></object><object><points><x>0.55291</x><x>0.63139</x><y>0.4707</y><y>0.50195</y></points><label>3</label><labelname>window</labelname><flag>1</flag></object><object><points><x>0.55291</x><x>0.63139</x><y>0.33203</y><y>0.36621</y></points><label>3</label><labelname>window</labelname><flag>1</flag></object><object><points><x>0.40785</x><x>0.47681</x><y>0.47363</y><y>0.50195</y></points><label>3</label><labelname>window</labelname><flag>1</flag></object><object><points><x>0.40785</x><x>0.47681</x><y>0.4043</y><y>0.43359</y></points><label>3</label><labelname>window</labelname><flag>1</flag></object><object><points><x>0.40904</x><x>0.47562</x><y>0.33496</y><y>0.36523</y></points><label>3</label><labelname>window</labelname><flag>1</flag></object><object><points><x>0.41736</x><x>0.47206</x><y>0.23633</y><y>0.26758</y></points><label>3</label><labelname>window</labelname><flag>1</flag></object><object><points><x>0.41855</x><x>0.47206</x><y>0.19824</y><y>0.22949</y></points><label>3</label><labelname>window</labelname><flag>1</flag></object><object><points><x>0.42331</x><x>0.47681</x><y>0.15137</y><y>0.17773</y></points><label>3</label><labelname>window</labelname><flag>1</flag></object><object><points><x>0.42331</x><x>0.47681</x><y>0.1123</y><y>0.14355</y></points><label>3</label><labelname>window</labelname><flag>1</flag></object><object><points><x>0.55054</x><x>0.63258</x><y>0.21094</y><y>0.25195</y></points><label>3</label><labelname>window</labelname><flag>1</flag></object><object><points><x>0.70155</x><x>0.78716</x><y>0.20898</y><y>0.25</y></points><label>3</label><labelname>window</labelname><flag>1</flag></object><object><points><x>0.4019</x><x>0.47919</x><y>0.92871</y><y>0.96191</y></points><label>3</label><labelname>window</labelname><flag>1</flag></object><object><points><x>0.54935</x><x>0.6302</x><y>0.92871</y><y>0.96484</y></points><label>3</label><labelname>window</labelname><flag>1</flag></object><object><points><x>0.62901</x><x>0.68609</x><y>0.31934</y><y>0.37793</y></points><label>6</label><labelname>sill</labelname><flag>1</flag></object><object><points><x>0.62901</x><x>0.68609</x><y>0.38965</y><y>0.44434</y></points><label>6</label><labelname>sill</labelname><flag>1</flag></object><object><points><x>0.63139</x><x>0.68847</x><y>0.45801</y><y>0.51172</y></points><label>6</label><labelname>sill</labelname><flag>1</flag></object><object><points><x>0.62901</x><x>0.68609</x><y>0.52832</y><y>0.58301</y></points><label>6</label><labelname>sill</labelname><flag>1</flag></object><object><points><x>0.59929</x><x>0.65636</x><y>0.6123</y><y>0.66699</y></points><label>6</label><labelname>sill</labelname><flag>1</flag></object><object><points><x>0.6302</x><x>0.68728</x><y>0.81055</y><y>0.86523</y></points><label>6</label><labelname>sill</labelname><flag>1</flag></object><object><points><x>0.62901</x><x>0.68609</x><y>0.72852</y><y>0.7832</y></points><label>6</label><labelname>sill</labelname><flag>1</flag></object><object><points><x>0.7824</x><x>0.81213</x><y>0.31738</y><y>0.37305</y></points><label>6</label><labelname>sill</labelname><flag>1</flag></object><object><points><x>0.78478</x><x>0.81332</x><y>0.3877</y><y>0.44238</y></points><label>6</label><labelname>sill</labelname><flag>1</flag></object><object><points><x>0.78597</x><x>0.81213</x><y>0.45898</y><y>0.5127</y></points><label>6</label><labelname>sill</labelname><flag>1</flag></object><object><points><x>0.78597</x><x>0.81213</x><y>0.52734</y><y>0.58008</y></points><label>6</label><labelname>sill</labelname><flag>1</flag></object><object><points><x>0.76576</x><x>0.79191</x><y>0.6123</y><y>0.66602</y></points><label>6</label><labelname>sill</labelname><flag>1</flag></object><object><points><x>0.78478</x><x>0.81213</x><y>0.80859</y><y>0.86523</y></points><label>6</label><labelname>sill</labelname><flag>1</flag></object><object><points><x>0.78359</x><x>0.81094</x><y>0.73047</y><y>0.78711</y></points><label>6</label><labelname>sill</labelname><flag>1</flag></object><object><points><x>0.62545</x><x>0.68847</x><y>0.91797</y><y>0.97168</y></points><label>6</label><labelname>sill</labelname><flag>1</flag></object><object><points><x>0.63139</x><x>0.66468</x><y>0.20801</y><y>0.25488</y></points><label>7</label><labelname>balcony</labelname><flag>1</flag></object><object><points><x>0.78478</x><x>0.8157</x><y>0.20117</y><y>0.25488</y></points><label>7</label><labelname>balcony</labelname><flag>1</flag></object><object><points><x>0.37931</x><x>0.40666</x><y>0.32715</y><y>0.37207</y></points><label>5</label><labelname>cornice</labelname><flag>1</flag></object><object><points><x>0.3805</x><x>0.40785</x><y>0.39551</y><y>0.44043</y></points><label>5</label><labelname>cornice</labelname><flag>1</flag></object><object><points><x>0.3805</x><x>0.40785</x><y>0.46582</y><y>0.51074</y></points><label>5</label><labelname>cornice</labelname><flag>1</flag></object><object><points><x>0.37931</x><x>0.40666</x><y>0.5332</y><y>0.57812</y></points><label>5</label><labelname>cornice</labelname><flag>1</flag></object><object><points><x>0.3805</x><x>0.40785</x><y>0.73633</y><y>0.78125</y></points><label>5</label><labelname>cornice</labelname><flag>1</flag></object><object><points><x>0.3805</x><x>0.40785</x><y>0.81445</y><y>0.85938</y></points><label>5</label><labelname>cornice</labelname><flag>1</flag></object><object><points><x>0.38407</x><x>0.40547</x><y>0.9248</y><y>0.96973</y></points><label>5</label><labelname>cornice</labelname><flag>1</flag></object><object><points><x>0.32699</x><x>0.35553</x><y>0.6123</y><y>0.66406</y></points><label>5</label><labelname>cornice</labelname><flag>1</flag></object><object><points><x>0.48514</x><x>0.51843</x><y>0.61719</y><y>0.66406</y></points><label>9</label><labelname>deco</labelname><flag>1</flag></object><object><points><x>0.522</x><x>0.55648</x><y>0.53418</y><y>0.57715</y></points><label>9</label><labelname>deco</labelname><flag>1</flag></object><object><points><x>0.52319</x><x>0.55767</x><y>0.4668</y><y>0.50977</y></points><label>9</label><labelname>deco</labelname><flag>1</flag></object><object><points><x>0.52438</x><x>0.55886</x><y>0.39551</y><y>0.43945</y></points><label>9</label><labelname>deco</labelname><flag>1</flag></object><object><points><x>0.52319</x><x>0.55886</x><y>0.32715</y><y>0.37012</y></points><label>9</label><labelname>deco</labelname><flag>1</flag></object><object><points><x>0.52319</x><x>0.55767</x><y>0.81641</y><y>0.86035</y></points><label>9</label><labelname>deco</labelname><flag>1</flag></object><object><points><x>0.52319</x><x>0.55767</x><y>0.7373</y><y>0.78125</y></points><label>9</label><labelname>deco</labelname><flag>1</flag></object><object><points><x>0.52319</x><x>0.55767</x><y>0.9248</y><y>0.96875</y></points><label>9</label><labelname>deco</labelname><flag>1</flag></object><object><points><x>0.31034</x><x>0.41736</x><y>0.29785</y><y>0.89746</y></points><label>10</label><labelname>molding</labelname><flag>1</flag></object><object><points><x>0.46968</x><x>0.52319</x><y>0.29688</y><y>0.89355</y></points><label>10</label><labelname>molding</labelname><flag>1</flag></object><object><points><x>0.80856</x><x>0.83948</x><y>0.29785</y><y>0.8916</y></points><label>10</label><labelname>molding</labelname><flag>1</flag></object><object><points><x>0.93222</x><x>0.94887</x><y>0.29688</y><y>0.89355</y></points><label>10</label><labelname>molding</labelname><flag>1</flag></object><object><points><x>0.97503</x><x>0.98692</x><y>0.29395</y><y>0.89062</y></points><label>10</label><labelname>molding</labelname><flag>1</flag></object><object><points><x>0.54816</x><x>0.74554</x><y>0.2627</y><y>0.27832</y></points><label>11</label><labelname>pillar</labelname><flag>1</flag></object><object><points><x>0.54816</x><x>0.74435</x><y>0.17578</y><y>0.19141</y></points><label>11</label><labelname>pillar</labelname><flag>1</flag></object><object><points><x>0.54935</x><x>0.80856</x><y>0.30273</y><y>0.31934</y></points><label>11</label><labelname>pillar</labelname><flag>1</flag></object><object><points><x>0.55054</x><x>0.80737</x><y>0.37402</y><y>0.38867</y></points><label>11</label><labelname>pillar</labelname><flag>1</flag></object><object><points><x>0.55054</x><x>0.80856</x><y>0.44336</y><y>0.45801</y></points><label>11</label><labelname>pillar</labelname><flag>1</flag></object><object><points><x>0.55054</x><x>0.80737</x><y>0.51172</y><y>0.52637</y></points><label>11</label><labelname>pillar</labelname><flag>1</flag></object><object><points><x>0.5113</x><x>0.75981</x><y>0.66797</y><y>0.68359</y></points><label>11</label><labelname>pillar</labelname><flag>1</flag></object><object><points><x>0.51249</x><x>0.75981</x><y>0.59473</y><y>0.61035</y></points><label>11</label><labelname>pillar</labelname><flag>1</flag></object><object><points><x>0.54816</x><x>0.80856</x><y>0.86719</y><y>0.88672</y></points><label>11</label><labelname>pillar</labelname><flag>1</flag></object><object><points><x>0.54935</x><x>0.80618</x><y>0.78809</y><y>0.80762</y></points><label>11</label><labelname>pillar</labelname><flag>1</flag></object><object><points><x>0.54935</x><x>0.80737</x><y>0.7168</y><y>0.72852</y></points><label>11</label><labelname>pillar</labelname><flag>1</flag></object><object><points><x>0.80737</x><x>0.81688</x><y>0.78516</y><y>0.81152</y></points><label>11</label><labelname>pillar</labelname><flag>1</flag></object><object><points><x>0.80737</x><x>0.81807</x><y>0.86328</y><y>0.88965</y></points><label>11</label><labelname>pillar</labelname><flag>1</flag></object><object><points><x>0.80618</x><x>0.81688</x><y>0.71387</y><y>0.73242</y></points><label>11</label><labelname>pillar</labelname><flag>1</flag></object><object><points><x>0.75862</x><x>0.77527</x><y>0.66406</y><y>0.68652</y></points><label>11</label><labelname>pillar</labelname><flag>1</flag></object><object><points><x>0.75862</x><x>0.77527</x><y>0.59082</y><y>0.6123</y></points><label>11</label><labelname>pillar</labelname><flag>1</flag></object><object><points><x>0.80737</x><x>0.81688</x><y>0.50879</y><y>0.53027</y></points><label>11</label><labelname>pillar</labelname><flag>1</flag></object><object><points><x>0.80856</x><x>0.81688</x><y>0.43945</y><y>0.45996</y></points><label>11</label><labelname>pillar</labelname><flag>1</flag></object><object><points><x>0.80856</x><x>0.81688</x><y>0.29883</y><y>0.32031</y></points><label>11</label><labelname>pillar</labelname><flag>1</flag></object><object><points><x>0.80856</x><x>0.81807</x><y>0.36914</y><y>0.39062</y></points><label>11</label><labelname>pillar</labelname><flag>1</flag></object><object><points><x>0.50892</x><x>0.54935</x><y>0.30176</y><y>0.32227</y></points><label>11</label><labelname>pillar</labelname><flag>1</flag></object><object><points><x>0.5113</x><x>0.55054</x><y>0.37012</y><y>0.3916</y></points><label>11</label><labelname>pillar</labelname><flag>1</flag></object><object><points><x>0.5113</x><x>0.55054</x><y>0.44141</y><y>0.46289</y></points><label>11</label><labelname>pillar</labelname><flag>1</flag></object><object><points><x>0.51011</x><x>0.54935</x><y>0.50781</y><y>0.5293</y></points><label>11</label><labelname>pillar</labelname><flag>1</flag></object><object><points><x>0.47325</x><x>0.51249</x><y>0.59082</y><y>0.6123</y></points><label>11</label><labelname>pillar</labelname><flag>1</flag></object><object><points><x>0.47206</x><x>0.5113</x><y>0.66504</y><y>0.68555</y></points><label>11</label><labelname>pillar</labelname><flag>1</flag></object><object><points><x>0.51011</x><x>0.54935</x><y>0.78711</y><y>0.80859</y></points><label>11</label><labelname>pillar</labelname><flag>1</flag></object><object><points><x>0.50892</x><x>0.54816</x><y>0.86523</y><y>0.88574</y></points><label>11</label><labelname>pillar</labelname><flag>1</flag></object><object><points><x>0.51011</x><x>0.54935</x><y>0.71582</y><y>0.73047</y></points><label>11</label><labelname>pillar</labelname><flag>1</flag></object><object><points><x>0.51605</x><x>0.54697</x><y>0.17188</y><y>0.19727</y></points><label>11</label><labelname>pillar</labelname><flag>1</flag></object><object><points><x>0.51724</x><x>0.54935</x><y>0.25684</y><y>0.2832</y></points><label>11</label><labelname>pillar</labelname><flag>1</flag></object><object><points><x>0.74435</x><x>0.81451</x><y>0.25781</y><y>0.2793</y></points><label>11</label><labelname>pillar</labelname><flag>1</flag></object><object><points><x>0.77883</x><x>0.81688</x><y>0.89648</y><y>0.92188</y></points><label>11</label><labelname>pillar</labelname><flag>1</flag></object><object><points><x>0.54935</x><x>0.77883</x><y>0.89746</y><y>0.91699</y></points><label>11</label><labelname>pillar</labelname><flag>1</flag></object><object><points><x>0.5113</x><x>0.54816</x><y>0.89648</y><y>0.9209</y></points><label>11</label><labelname>pillar</labelname><flag>1</flag></object><object><points><x>0.95244</x><x>0.97265</x><y>0.29492</y><y>0.89258</y></points><label>12</label><labelname>shop</labelname><flag>1</flag></object>