<object><points><x>0.13453</x><x>0.86547</x><y>0.0047771</y><y>0.94108</y></points><label>2</label><labelname>facade</labelname><flag>1</flag></object><object><points><x>0.47982</x><x>0.63004</x><y>0.24841</y><y>0.37261</y></points><label>3</label><labelname>window</labelname><flag>1</flag></object><object><points><x>0.4843</x><x>0.63004</x><y>0.42675</y><y>0.55414</y></points><label>3</label><labelname>window</labelname><flag>1</flag></object><object><points><x>0.48206</x><x>0.6278</x><y>0.6051</y><y>0.73248</y></points><label>3</label><labelname>window</labelname><flag>1</flag></object><object><points><x>0.48879</x><x>0.6278</x><y>0.78025</y><y>0.8965</y></points><label>3</label><labelname>window</labelname><flag>1</flag></object><object><points><x>0.47982</x><x>0.59417</x><y>0.13217</y><y>0.19745</y></points><label>3</label><labelname>window</labelname><flag>1</flag></object><object><points><x>0.24888</x><x>0.35426</x><y>0.041401</y><y>0.22293</y></points><label>3</label><labelname>window</labelname><flag>1</flag></object><object><points><x>0.24888</x><x>0.35202</x><y>0.22293</y><y>0.40446</y></points><label>3</label><labelname>window</labelname><flag>1</flag></object><object><points><x>0.25336</x><x>0.3565</x><y>0.40446</y><y>0.58439</y></points><label>3</label><labelname>window</labelname><flag>1</flag></object><object><points><x>0.25785</x><x>0.36099</x><y>0.58439</y><y>0.76433</y></points><label>3</label><labelname>window</labelname><flag>1</flag></object><object><points><x>0.29821</x><x>0.36323</x><y>0.76752</y><y>0.93631</y></points><label>3</label><labelname>window</labelname><flag>1</flag></object><object><points><x>0.044843</x><x>0.09417</x><y>0.42197</y><y>0.45701</y></points><label>3</label><labelname>window</labelname><flag>1</flag></object><object><points><x>0.049327</x><x>0.096413</x><y>0.57166</y><y>0.60669</y></points><label>3</label><labelname>window</labelname><flag>1</flag></object><object><points><x>0.047085</x><x>0.096413</x><y>0.20064</y><y>0.23567</y></points><label>3</label><labelname>window</labelname><flag>1</flag></object><object><points><x>0.049327</x><x>0.098655</x><y>0.052548</y><y>0.08758</y></points><label>3</label><labelname>window</labelname><flag>1</flag></object><object><points><x>0.058296</x><x>0.089686</x><y>0.12102</y><y>0.14331</y></points><label>3</label><labelname>window</labelname><flag>1</flag></object><object><points><x>0.056054</x><x>0.087444</x><y>0.14968</y><y>0.17038</y></points><label>3</label><labelname>window</labelname><flag>1</flag></object><object><points><x>0.053812</x><x>0.087444</x><y>0.27229</y><y>0.29459</y></points><label>3</label><labelname>window</labelname><flag>1</flag></object><object><points><x>0.053812</x><x>0.087444</x><y>0.29777</y><y>0.31847</y></points><label>3</label><labelname>window</labelname><flag>1</flag></object><object><points><x>0.053812</x><x>0.085202</x><y>0.34395</y><y>0.36465</y></points><label>3</label><labelname>window</labelname><flag>1</flag></object><object><points><x>0.053812</x><x>0.085202</x><y>0.36943</y><y>0.39013</y></points><label>3</label><labelname>window</labelname><flag>1</flag></object><object><points><x>0.058296</x><x>0.091928</x><y>0.49204</y><y>0.51433</y></points><label>3</label><labelname>window</labelname><flag>1</flag></object><object><points><x>0.060538</x><x>0.091928</x><y>0.51911</y><y>0.53981</y></points><label>3</label><labelname>window</labelname><flag>1</flag></object><object><points><x>0.0089686</x><x>0.040359</x><y>0.55255</y><y>0.63694</y></points><label>5</label><labelname>cornice</labelname><flag>1</flag></object><object><points><x>0.0022422</x><x>0.035874</x><y>0.39968</y><y>0.48408</y></points><label>5</label><labelname>cornice</labelname><flag>1</flag></object><object><points><x>0.0022422</x><x>0.035874</x><y>0.39968</y><y>0.48408</y></points><label>5</label><labelname>cornice</labelname><flag>1</flag></object><object><points><x>0.0044843</x><x>0.038117</x><y>0.17834</y><y>0.26274</y></points><label>5</label><labelname>cornice</labelname><flag>1</flag></object><object><points><x>0.0089686</x><x>0.042601</x><y>0.031847</y><y>0.11624</y></points><label>5</label><labelname>cornice</labelname><flag>1</flag></object>