<object><points><x>0.27302</x><x>0.99894</x><y>0.20312</y><y>0.92871</y></points><label>2</label><labelname>facade</labelname><flag>1</flag></object><object><points><x>0.72804</x><x>0.79683</x><y>0.3125</y><y>0.375</y></points><label>3</label><labelname>window</labelname><flag>1</flag></object><object><points><x>0.59471</x><x>0.65714</x><y>0.3125</y><y>0.37402</y></points><label>3</label><labelname>window</labelname><flag>1</flag></object><object><points><x>0.59577</x><x>0.65926</x><y>0.22656</y><y>0.28809</y></points><label>3</label><labelname>window</labelname><flag>1</flag></object><object><points><x>0.38624</x><x>0.41693</x><y>0.30957</y><y>0.37012</y></points><label>3</label><labelname>window</labelname><flag>1</flag></object><object><points><x>0.46561</x><x>0.52698</x><y>0.31055</y><y>0.37305</y></points><label>3</label><labelname>window</labelname><flag>1</flag></object><object><points><x>0.46561</x><x>0.52698</x><y>0.22559</y><y>0.28809</y></points><label>3</label><labelname>window</labelname><flag>1</flag></object><object><points><x>0.40741</x><x>0.46455</x><y>0.77832</y><y>0.81055</y></points><label>3</label><labelname>window</labelname><flag>1</flag></object><object><points><x>0.88042</x><x>0.94815</x><y>0.86035</y><y>0.89258</y></points><label>3</label><labelname>window</labelname><flag>1</flag></object><object><points><x>0.88042</x><x>0.94709</x><y>0.7793</y><y>0.8125</y></points><label>3</label><labelname>window</labelname><flag>1</flag></object><object><points><x>0.88042</x><x>0.94709</x><y>0.69727</y><y>0.72949</y></points><label>3</label><labelname>window</labelname><flag>1</flag></object><object><points><x>0.88042</x><x>0.94709</x><y>0.61621</y><y>0.64746</y></points><label>3</label><labelname>window</labelname><flag>1</flag></object><object><points><x>0.88148</x><x>0.94815</x><y>0.53418</y><y>0.56641</y></points><label>3</label><labelname>window</labelname><flag>1</flag></object><object><points><x>0.88148</x><x>0.94815</x><y>0.44922</y><y>0.4834</y></points><label>3</label><labelname>window</labelname><flag>1</flag></object><object><points><x>0.88148</x><x>0.94815</x><y>0.36523</y><y>0.39844</y></points><label>3</label><labelname>window</labelname><flag>1</flag></object><object><points><x>0.62857</x><x>0.68783</x><y>0.53125</y><y>0.56641</y></points><label>3</label><labelname>window</labelname><flag>1</flag></object><object><points><x>0.62857</x><x>0.68783</x><y>0.44824</y><y>0.48242</y></points><label>3</label><labelname>window</labelname><flag>1</flag></object><object><points><x>0.75344</x><x>0.81481</x><y>0.44824</y><y>0.4834</y></points><label>3</label><labelname>window</labelname><flag>1</flag></object><object><points><x>0.75344</x><x>0.81376</x><y>0.53223</y><y>0.56641</y></points><label>3</label><labelname>window</labelname><flag>1</flag></object><object><points><x>0.75344</x><x>0.81376</x><y>0.61426</y><y>0.64844</y></points><label>3</label><labelname>window</labelname><flag>1</flag></object><object><points><x>0.62963</x><x>0.68783</x><y>0.61328</y><y>0.64746</y></points><label>3</label><labelname>window</labelname><flag>1</flag></object><object><points><x>0.75344</x><x>0.81376</x><y>0.85938</y><y>0.89258</y></points><label>3</label><labelname>window</labelname><flag>1</flag></object><object><points><x>0.75344</x><x>0.81376</x><y>0.77734</y><y>0.8125</y></points><label>3</label><labelname>window</labelname><flag>1</flag></object><object><points><x>0.75344</x><x>0.81481</x><y>0.69531</y><y>0.72949</y></points><label>3</label><labelname>window</labelname><flag>1</flag></object><object><points><x>0.62857</x><x>0.68783</x><y>0.85938</y><y>0.89258</y></points><label>3</label><labelname>window</labelname><flag>1</flag></object><object><points><x>0.62857</x><x>0.68783</x><y>0.77734</y><y>0.81152</y></points><label>3</label><labelname>window</labelname><flag>1</flag></object><object><points><x>0.62963</x><x>0.68783</x><y>0.69531</y><y>0.72949</y></points><label>3</label><labelname>window</labelname><flag>1</flag></object><object><points><x>0.51005</x><x>0.56508</x><y>0.85156</y><y>0.90234</y></points><label>3</label><labelname>window</labelname><flag>1</flag></object><object><points><x>0.51005</x><x>0.56508</x><y>0.76855</y><y>0.81934</y></points><label>3</label><labelname>window</labelname><flag>1</flag></object><object><points><x>0.51005</x><x>0.56508</x><y>0.68652</y><y>0.7373</y></points><label>3</label><labelname>window</labelname><flag>1</flag></object><object><points><x>0.50899</x><x>0.56508</x><y>0.60449</y><y>0.65527</y></points><label>3</label><labelname>window</labelname><flag>1</flag></object><object><points><x>0.40635</x><x>0.46455</x><y>0.69531</y><y>0.72852</y></points><label>3</label><labelname>window</labelname><flag>1</flag></object><object><points><x>0.40529</x><x>0.46349</x><y>0.61328</y><y>0.64648</y></points><label>3</label><labelname>window</labelname><flag>1</flag></object><object><points><x>0.50899</x><x>0.56614</x><y>0.52246</y><y>0.57422</y></points><label>3</label><labelname>window</labelname><flag>1</flag></object><object><points><x>0.50899</x><x>0.56508</x><y>0.43945</y><y>0.49023</y></points><label>3</label><labelname>window</labelname><flag>1</flag></object><object><points><x>0.40635</x><x>0.46243</x><y>0.53418</y><y>0.56543</y></points><label>3</label><labelname>window</labelname><flag>1</flag></object><object><points><x>0.40529</x><x>0.46243</x><y>0.44922</y><y>0.48242</y></points><label>3</label><labelname>window</labelname><flag>1</flag></object><object><points><x>0.57354</x><x>0.6127</x><y>0.90918</y><y>0.92578</y></points><label>9</label><labelname>deco</labelname><flag>1</flag></object><object><points><x>0.57566</x><x>0.61587</x><y>0.8252</y><y>0.84473</y></points><label>9</label><labelname>deco</labelname><flag>1</flag></object><object><points><x>0.57672</x><x>0.61587</x><y>0.74121</y><y>0.7627</y></points><label>9</label><labelname>deco</labelname><flag>1</flag></object><object><points><x>0.57354</x><x>0.61905</x><y>0.6582</y><y>0.67969</y></points><label>9</label><labelname>deco</labelname><flag>1</flag></object><object><points><x>0.57249</x><x>0.61376</x><y>0.49219</y><y>0.51562</y></points><label>9</label><labelname>deco</labelname><flag>1</flag></object><object><points><x>0.57354</x><x>0.61481</x><y>0.57422</y><y>0.59766</y></points><label>9</label><labelname>deco</labelname><flag>1</flag></object><object><points><x>0.53757</x><x>0.57672</x><y>0.95215</y><y>0.96289</y></points><label>9</label><labelname>deco</labelname><flag>1</flag></object><object><points><x>0.53968</x><x>0.57989</x><y>0.9668</y><y>0.97754</y></points><label>9</label><labelname>deco</labelname><flag>1</flag></object><object><points><x>0.81058</x><x>0.87513</x><y>0.20996</y><y>0.9248</y></points><label>10</label><labelname>molding</labelname><flag>1</flag></object><object><points><x>0.41164</x><x>0.5164</x><y>0.20801</y><y>0.92383</y></points><label>10</label><labelname>molding</labelname><flag>1</flag></object>