<object><points><x>0.0082418</x><x>0.97253</x><y>0.13965</y><y>0.80273</y></points><label>2</label><labelname>facade</labelname><flag>1</flag></object><object><points><x>0.1456</x><x>0.18269</x><y>0.43555</y><y>0.47363</y></points><label>3</label><labelname>window</labelname><flag>1</flag></object><object><points><x>0.1456</x><x>0.18269</x><y>0.49121</y><y>0.52832</y></points><label>3</label><labelname>window</labelname><flag>1</flag></object><object><points><x>0.14698</x><x>0.18544</x><y>0.61133</y><y>0.65234</y></points><label>3</label><labelname>window</labelname><flag>1</flag></object><object><points><x>0.14698</x><x>0.18544</x><y>0.70117</y><y>0.74219</y></points><label>3</label><labelname>window</labelname><flag>1</flag></object><object><points><x>0.26374</x><x>0.39423</x><y>0.22363</y><y>0.26562</y></points><label>3</label><labelname>window</labelname><flag>1</flag></object><object><points><x>0.26374</x><x>0.39423</x><y>0.32422</y><y>0.36719</y></points><label>3</label><labelname>window</labelname><flag>1</flag></object><object><points><x>0.26099</x><x>0.39148</x><y>0.43359</y><y>0.47559</y></points><label>3</label><labelname>window</labelname><flag>1</flag></object><object><points><x>0.26236</x><x>0.39286</x><y>0.48828</y><y>0.53027</y></points><label>3</label><labelname>window</labelname><flag>1</flag></object><object><points><x>0.26648</x><x>0.39423</x><y>0.6084</y><y>0.6543</y></points><label>3</label><labelname>window</labelname><flag>1</flag></object><object><points><x>0.26374</x><x>0.39423</x><y>0.69824</y><y>0.74316</y></points><label>3</label><labelname>window</labelname><flag>1</flag></object><object><points><x>0.50962</x><x>0.64286</x><y>0.3252</y><y>0.36523</y></points><label>3</label><labelname>window</labelname><flag>1</flag></object><object><points><x>0.51236</x><x>0.6456</x><y>0.22559</y><y>0.26562</y></points><label>3</label><labelname>window</labelname><flag>1</flag></object><object><points><x>0.50824</x><x>0.64286</x><y>0.43555</y><y>0.47656</y></points><label>3</label><labelname>window</labelname><flag>1</flag></object><object><points><x>0.50962</x><x>0.64286</x><y>0.48828</y><y>0.52832</y></points><label>3</label><labelname>window</labelname><flag>1</flag></object><object><points><x>0.50687</x><x>0.64148</x><y>0.60742</y><y>0.65332</y></points><label>3</label><labelname>window</labelname><flag>1</flag></object><object><points><x>0.50824</x><x>0.64286</x><y>0.69531</y><y>0.74121</y></points><label>3</label><labelname>window</labelname><flag>1</flag></object><object><points><x>0.28297</x><x>0.41209</x><y>0.93359</y><y>0.96875</y></points><label>3</label><labelname>window</labelname><flag>1</flag></object><object><points><x>0.28159</x><x>0.41071</x><y>0.89453</y><y>0.92969</y></points><label>3</label><labelname>window</labelname><flag>1</flag></object><object><points><x>0.17995</x><x>0.20742</x><y>0.90918</y><y>0.95898</y></points><label>3</label><labelname>window</labelname><flag>1</flag></object><object><points><x>0.51648</x><x>0.6456</x><y>0.88477</y><y>0.92285</y></points><label>3</label><labelname>window</labelname><flag>1</flag></object><object><points><x>0.51648</x><x>0.6456</x><y>0.93066</y><y>0.9707</y></points><label>3</label><labelname>window</labelname><flag>1</flag></object><object><points><x>0.44231</x><x>0.47253</x><y>0.84473</y><y>0.99805</y></points><label>5</label><labelname>cornice</labelname><flag>1</flag></object><object><points><x>0.19918</x><x>0.26374</x><y>0.86719</y><y>0.99902</y></points><label>5</label><labelname>cornice</labelname><flag>1</flag></object><object><points><x>0.40247</x><x>0.44505</x><y>0.86133</y><y>0.99805</y></points><label>6</label><labelname>sill</labelname><flag>1</flag></object><object><points><x>0.63599</x><x>0.69231</x><y>0.85547</y><y>0.99512</y></points><label>6</label><labelname>sill</labelname><flag>1</flag></object><object><points><x>0.38874</x><x>0.4217</x><y>0.59961</y><y>0.75098</y></points><label>6</label><labelname>sill</labelname><flag>1</flag></object><object><points><x>0.63736</x><x>0.67582</x><y>0.59863</y><y>0.75</y></points><label>6</label><labelname>sill</labelname><flag>1</flag></object><object><points><x>0.64148</x><x>0.67582</x><y>0.42578</y><y>0.54102</y></points><label>6</label><labelname>sill</labelname><flag>1</flag></object><object><points><x>0.38736</x><x>0.41758</x><y>0.42578</y><y>0.53809</y></points><label>6</label><labelname>sill</labelname><flag>1</flag></object><object><points><x>0.64011</x><x>0.67857</x><y>0.31738</y><y>0.37402</y></points><label>6</label><labelname>sill</labelname><flag>1</flag></object><object><points><x>0.39011</x><x>0.42033</x><y>0.31641</y><y>0.37305</y></points><label>6</label><labelname>sill</labelname><flag>1</flag></object><object><points><x>0.39148</x><x>0.42033</x><y>0.21582</y><y>0.27246</y></points><label>6</label><labelname>sill</labelname><flag>1</flag></object><object><points><x>0.64286</x><x>0.67445</x><y>0.21484</y><y>0.27441</y></points><label>6</label><labelname>sill</labelname><flag>1</flag></object><object><points><x>0.64973</x><x>0.68819</x><y>0.15137</y><y>0.18164</y></points><label>6</label><labelname>sill</labelname><flag>1</flag></object><object><points><x>0.40522</x><x>0.44918</x><y>0.15137</y><y>0.18066</y></points><label>6</label><labelname>sill</labelname><flag>1</flag></object><object><points><x>0.10852</x><x>0.17308</x><y>0.19043</y><y>0.38379</y></points><label>7</label><labelname>balcony</labelname><flag>1</flag></object><object><points><x>0.4011</x><x>0.4794</x><y>0.43652</y><y>0.53125</y></points><label>9</label><labelname>deco</labelname><flag>1</flag></object><object><points><x>0.4011</x><x>0.48352</x><y>0.60547</y><y>0.74512</y></points><label>9</label><labelname>deco</labelname><flag>1</flag></object><object><points><x>0.41484</x><x>0.4794</x><y>0.32324</y><y>0.36914</y></points><label>9</label><labelname>deco</labelname><flag>1</flag></object><object><points><x>0.41484</x><x>0.47802</x><y>0.22168</y><y>0.26855</y></points><label>9</label><labelname>deco</labelname><flag>1</flag></object><object><points><x>0.44505</x><x>0.50412</x><y>0.15625</y><y>0.17871</y></points><label>9</label><labelname>deco</labelname><flag>1</flag></object><object><points><x>0.68819</x><x>0.70742</x><y>0.21387</y><y>0.27246</y></points><label>9</label><labelname>deco</labelname><flag>1</flag></object><object><points><x>0.68681</x><x>0.70604</x><y>0.32129</y><y>0.36816</y></points><label>9</label><labelname>deco</labelname><flag>1</flag></object><object><points><x>0.69093</x><x>0.72115</x><y>0.14941</y><y>0.18164</y></points><label>9</label><labelname>deco</labelname><flag>1</flag></object><object><points><x>0.68544</x><x>0.70604</x><y>0.42188</y><y>0.54102</y></points><label>9</label><labelname>deco</labelname><flag>1</flag></object><object><points><x>0.68544</x><x>0.70604</x><y>0.59668</y><y>0.75293</y></points><label>9</label><labelname>deco</labelname><flag>1</flag></object><object><points><x>0.22802</x><x>0.25687</x><y>0.42578</y><y>0.53906</y></points><label>9</label><labelname>deco</labelname><flag>1</flag></object><object><points><x>0.27885</x><x>0.38599</x><y>0.53027</y><y>0.54199</y></points><label>9</label><labelname>deco</labelname><flag>1</flag></object><object><points><x>0.27885</x><x>0.38736</x><y>0.42188</y><y>0.43359</y></points><label>9</label><labelname>deco</labelname><flag>1</flag></object><object><points><x>0.25824</x><x>0.38874</x><y>0.47656</y><y>0.48828</y></points><label>9</label><labelname>deco</labelname><flag>1</flag></object><object><points><x>0.22802</x><x>0.26374</x><y>0.60449</y><y>0.67773</y></points><label>9</label><labelname>deco</labelname><flag>1</flag></object><object><points><x>0.26236</x><x>0.39698</x><y>0.6543</y><y>0.66797</y></points><label>9</label><labelname>deco</labelname><flag>1</flag></object><object><points><x>0.29396</x><x>0.39423</x><y>0.5957</y><y>0.60742</y></points><label>9</label><labelname>deco</labelname><flag>1</flag></object><object><points><x>0.27885</x><x>0.38874</x><y>0.74414</y><y>0.75684</y></points><label>9</label><labelname>deco</labelname><flag>1</flag></object><object><points><x>0.23077</x><x>0.25962</x><y>0.67676</y><y>0.75</y></points><label>9</label><labelname>deco</labelname><flag>1</flag></object><object><points><x>0.23214</x><x>0.25962</x><y>0.30664</y><y>0.37402</y></points><label>9</label><labelname>deco</labelname><flag>1</flag></object><object><points><x>0.25962</x><x>0.39423</x><y>0.31055</y><y>0.32422</y></points><label>9</label><labelname>deco</labelname><flag>1</flag></object><object><points><x>0.27473</x><x>0.39286</x><y>0.36719</y><y>0.37695</y></points><label>9</label><labelname>deco</labelname><flag>1</flag></object><object><points><x>0.28297</x><x>0.39423</x><y>0.2666</y><y>0.2793</y></points><label>9</label><labelname>deco</labelname><flag>1</flag></object><object><points><x>0.25824</x><x>0.39286</x><y>0.20898</y><y>0.22168</y></points><label>9</label><labelname>deco</labelname><flag>1</flag></object><object><points><x>0.23214</x><x>0.25824</x><y>0.2041</y><y>0.27344</y></points><label>9</label><labelname>deco</labelname><flag>1</flag></object><object><points><x>0.33379</x><x>0.4217</x><y>0.15039</y><y>0.1582</y></points><label>9</label><labelname>deco</labelname><flag>1</flag></object><object><points><x>0.31456</x><x>0.40385</x><y>0.17676</y><y>0.18457</y></points><label>9</label><labelname>deco</labelname><flag>1</flag></object><object><points><x>0.53022</x><x>0.64011</x><y>0.20898</y><y>0.22363</y></points><label>9</label><labelname>deco</labelname><flag>1</flag></object><object><points><x>0.53159</x><x>0.64286</x><y>0.2666</y><y>0.28223</y></points><label>9</label><labelname>deco</labelname><flag>1</flag></object><object><points><x>0.53022</x><x>0.64148</x><y>0.30957</y><y>0.32422</y></points><label>9</label><labelname>deco</labelname><flag>1</flag></object><object><points><x>0.52885</x><x>0.64011</x><y>0.36621</y><y>0.375</y></points><label>9</label><labelname>deco</labelname><flag>1</flag></object><object><points><x>0.54945</x><x>0.64973</x><y>0.17676</y><y>0.18555</y></points><label>9</label><labelname>deco</labelname><flag>1</flag></object><object><points><x>0.55907</x><x>0.65797</x><y>0.15039</y><y>0.16016</y></points><label>9</label><labelname>deco</labelname><flag>1</flag></object><object><points><x>0.48489</x><x>0.50824</x><y>0.42773</y><y>0.54102</y></points><label>9</label><labelname>deco</labelname><flag>1</flag></object><object><points><x>0.53297</x><x>0.63736</x><y>0.53125</y><y>0.54395</y></points><label>9</label><labelname>deco</labelname><flag>1</flag></object><object><points><x>0.50824</x><x>0.63599</x><y>0.47754</y><y>0.4873</y></points><label>9</label><labelname>deco</labelname><flag>1</flag></object><object><points><x>0.52747</x><x>0.63874</x><y>0.41992</y><y>0.43359</y></points><label>9</label><labelname>deco</labelname><flag>1</flag></object><object><points><x>0.52747</x><x>0.63874</x><y>0.5918</y><y>0.60645</y></points><label>9</label><labelname>deco</labelname><flag>1</flag></object><object><points><x>0.53297</x><x>0.63736</x><y>0.74414</y><y>0.75781</y></points><label>9</label><labelname>deco</labelname><flag>1</flag></object><object><points><x>0.50687</x><x>0.63874</x><y>0.65332</y><y>0.66504</y></points><label>9</label><labelname>deco</labelname><flag>1</flag></object><object><points><x>0.48489</x><x>0.50824</x><y>0.60645</y><y>0.75293</y></points><label>9</label><labelname>deco</labelname><flag>1</flag></object><object><points><x>0.17582</x><x>0.20742</x><y>0.82617</y><y>0.90234</y></points><label>9</label><labelname>deco</labelname><flag>1</flag></object><object><points><x>0.17857</x><x>0.20604</x><y>0.96777</y><y>0.99805</y></points><label>9</label><labelname>deco</labelname><flag>1</flag></object><object><points><x>0.66758</x><x>0.74451</x><y>0.14062</y><y>0.79688</y></points><label>10</label><labelname>molding</labelname><flag>1</flag></object><object><points><x>0.18819</x><x>0.21566</x><y>0.41016</y><y>0.79688</y></points><label>10</label><labelname>molding</labelname><flag>1</flag></object><object><points><x>0.061813</x><x>0.13187</x><y>0.39062</y><y>0.79297</y></points><label>10</label><labelname>molding</labelname><flag>1</flag></object><object><points><x>0.125</x><x>0.71978</x><y>0.375</y><y>0.41309</y></points><label>11</label><labelname>pillar</labelname><flag>1</flag></object><object><points><x>0.12775</x><x>0.71291</x><y>0.54883</y><y>0.58789</y></points><label>11</label><labelname>pillar</labelname><flag>1</flag></object><object><points><x>0.13462</x><x>0.71291</x><y>0.76172</y><y>0.80176</y></points><label>11</label><labelname>pillar</labelname><flag>1</flag></object><object><points><x>0.21291</x><x>0.71566</x><y>0.28125</y><y>0.30762</y></points><label>11</label><labelname>pillar</labelname><flag>1</flag></object><object><points><x>0.20879</x><x>0.71566</x><y>0.18848</y><y>0.2041</y></points><label>11</label><labelname>pillar</labelname><flag>1</flag></object><object><points><x>0.75549</x><x>0.95467</x><y>0.31738</y><y>0.52051</y></points><label>12</label><labelname>shop</labelname><flag>1</flag></object><object><points><x>0.75412</x><x>0.95467</x><y>0.6123</y><y>0.73535</y></points><label>12</label><labelname>shop</labelname><flag>1</flag></object><object><points><x>0.76511</x><x>0.96841</x><y>0.20703</y><y>0.24121</y></points><label>12</label><labelname>shop</labelname><flag>1</flag></object><object><points><x>0.74176</x><x>0.9272</x><y>0.8457</y><y>0.9502</y></points><label>12</label><labelname>shop</labelname><flag>1</flag></object>