<object><points><x>0.34668</x><x>0.4248</x><y>0.28385</y><y>0.34635</y></points><label>3</label><labelname>window</labelname><flag>1</flag></object><object><points><x>0.34668</x><x>0.42383</x><y>0.35807</y><y>0.41927</y></points><label>3</label><labelname>window</labelname><flag>1</flag></object><object><points><x>0.34766</x><x>0.42578</x><y>0.5638</y><y>0.6237</y></points><label>3</label><labelname>window</labelname><flag>1</flag></object><object><points><x>0.52539</x><x>0.6084</x><y>0.55859</y><y>0.6276</y></points><label>3</label><labelname>window</labelname><flag>1</flag></object><object><points><x>0.69141</x><x>0.77051</x><y>0.55729</y><y>0.6263</y></points><label>3</label><labelname>window</labelname><flag>1</flag></object><object><points><x>0.64062</x><x>0.69238</x><y>0.53125</y><y>0.66536</y></points><label>5</label><labelname>cornice</labelname><flag>1</flag></object><object><points><x>0.87012</x><x>0.97461</x><y>0.55208</y><y>0.63932</y></points><label>4</label><labelname>door</labelname><flag>1</flag></object><object><points><x>0.69238</x><x>0.77148</x><y>0.27865</y><y>0.34896</y></points><label>3</label><labelname>window</labelname><flag>1</flag></object><object><points><x>0.69141</x><x>0.77051</x><y>0.35156</y><y>0.42188</y></points><label>3</label><labelname>window</labelname><flag>1</flag></object><object><points><x>0.52539</x><x>0.6084</x><y>0.27995</y><y>0.34896</y></points><label>3</label><labelname>window</labelname><flag>1</flag></object><object><points><x>0.52539</x><x>0.6084</x><y>0.35156</y><y>0.42057</y></points><label>3</label><labelname>window</labelname><flag>1</flag></object><object><points><x>0.63965</x><x>0.68945</x><y>0.25911</y><y>0.44792</y></points><label>5</label><labelname>cornice</labelname><flag>1</flag></object><object><points><x>0.095703</x><x>0.97949</x><y>0.20443</y><y>0.70052</y></points><label>2</label><labelname>facade</labelname><flag>1</flag></object><object><points><x>0.12598</x><x>0.21582</x><y>0.77865</y><y>0.85417</y></points><label>3</label><labelname>window</labelname><flag>1</flag></object><object><points><x>0.13281</x><x>0.22363</x><y>0.91536</y><y>0.99089</y></points><label>3</label><labelname>window</labelname><flag>1</flag></object><object><points><x>0.30078</x><x>0.3916</x><y>0.91016</y><y>0.98568</y></points><label>3</label><labelname>window</labelname><flag>1</flag></object><object><points><x>0.29688</x><x>0.3877</x><y>0.77604</y><y>0.85156</y></points><label>3</label><labelname>window</labelname><flag>1</flag></object><object><points><x>0.48438</x><x>0.5752</x><y>0.89844</y><y>0.97396</y></points><label>3</label><labelname>window</labelname><flag>1</flag></object><object><points><x>0.48242</x><x>0.57227</x><y>0.76823</y><y>0.84375</y></points><label>3</label><labelname>window</labelname><flag>1</flag></object><object><points><x>0.6709</x><x>0.77539</x><y>0.90104</y><y>0.97396</y></points><label>3</label><labelname>window</labelname><flag>1</flag></object><object><points><x>0.66895</x><x>0.77344</x><y>0.76823</y><y>0.84245</y></points><label>3</label><labelname>window</labelname><flag>1</flag></object><object><points><x>0.85742</x><x>0.94336</x><y>0.77083</y><y>0.83724</y></points><label>3</label><labelname>window</labelname><flag>1</flag></object><object><points><x>0.85742</x><x>0.97656</x><y>0.89974</y><y>0.98177</y></points><label>4</label><labelname>door</labelname><flag>1</flag></object><object><points><x>0.45508</x><x>0.48242</x><y>0.7513</y><y>0.8737</y></points><label>5</label><labelname>cornice</labelname><flag>1</flag></object><object><points><x>0.45898</x><x>0.48633</x><y>0.88411</y><y>0.9974</y></points><label>5</label><labelname>cornice</labelname><flag>1</flag></object><object><points><x>0.61035</x><x>0.66699</x><y>0.73568</y><y>0.8776</y></points><label>5</label><labelname>cornice</labelname><flag>1</flag></object><object><points><x>0.61328</x><x>0.66797</x><y>0.88151</y><y>0.98958</y></points><label>5</label><labelname>cornice</labelname><flag>1</flag></object><object><points><x>0.81738</x><x>0.85645</x><y>0.74609</y><y>0.86589</y></points><label>5</label><labelname>cornice</labelname><flag>1</flag></object><object><points><x>0.20898</x><x>0.28711</x><y>0.75</y><y>0.88021</y></points><label>6</label><labelname>sill</labelname><flag>1</flag></object><object><points><x>0.21875</x><x>0.29395</x><y>0.89193</y><y>0.99609</y></points><label>6</label><labelname>sill</labelname><flag>1</flag></object><object><points><x>0.38184</x><x>0.41113</x><y>0.7487</y><y>0.8776</y></points><label>6</label><labelname>sill</labelname><flag>1</flag></object><object><points><x>0.38672</x><x>0.41602</x><y>0.88672</y><y>0.99089</y></points><label>6</label><labelname>sill</labelname><flag>1</flag></object><object><points><x>0.57129</x><x>0.60254</x><y>0.88021</y><y>0.99349</y></points><label>6</label><labelname>sill</labelname><flag>1</flag></object><object><points><x>0.56543</x><x>0.59961</x><y>0.75</y><y>0.86979</y></points><label>6</label><labelname>sill</labelname><flag>1</flag></object><object><points><x>0.77246</x><x>0.81445</x><y>0.87891</y><y>0.98958</y></points><label>6</label><labelname>sill</labelname><flag>1</flag></object><object><points><x>0.77051</x><x>0.81445</x><y>0.7474</y><y>0.86719</y></points><label>6</label><labelname>sill</labelname><flag>1</flag></object><object><points><x>0.066406</x><x>0.11426</x><y>0.90234</y><y>0.93359</y></points><label>9</label><labelname>deco</labelname><flag>1</flag></object><object><points><x>0.061523</x><x>0.11035</x><y>0.86589</y><y>0.89844</y></points><label>9</label><labelname>deco</labelname><flag>1</flag></object><object><points><x>0.060547</x><x>0.1084</x><y>0.82552</y><y>0.85677</y></points><label>9</label><labelname>deco</labelname><flag>1</flag></object><object><points><x>0.066406</x><x>0.11426</x><y>0.9388</y><y>0.97005</y></points><label>9</label><labelname>deco</labelname><flag>1</flag></object><object><points><x>0.81738</x><x>0.85449</x><y>0.8776</y><y>0.99479</y></points><label>9</label><labelname>deco</labelname><flag>1</flag></object><object><points><x>0.25293</x><x>0.33203</x><y>0.21094</y><y>0.6901</y></points><label>10</label><labelname>molding</labelname><flag>1</flag></object><object><points><x>0.47559</x><x>0.50879</x><y>0.20833</y><y>0.69531</y></points><label>10</label><labelname>molding</labelname><flag>1</flag></object><object><points><x>0.81934</x><x>0.83496</x><y>0.29167</y><y>0.49349</y></points><label>12</label><labelname>shop</labelname><flag>1</flag></object><object><points><x>0.81934</x><x>0.83496</x><y>0.57943</y><y>0.64062</y></points><label>12</label><labelname>shop</labelname><flag>1</flag></object><object><points><x>0.8252</x><x>0.84863</x><y>0.73307</y><y>0.80729</y></points><label>12</label><labelname>shop</labelname><flag>1</flag></object><object><points><x>0.4209</x><x>0.45801</x><y>0.25651</y><y>0.45052</y></points><label>6</label><labelname>sill</labelname><flag>1</flag></object><object><points><x>0.4209</x><x>0.45801</x><y>0.53516</y><y>0.65365</y></points><label>6</label><labelname>sill</labelname><flag>1</flag></object>