<object><points><x>0.23519</x><x>0.33164</x><y>0.20278</y><y>0.30219</y></points><label>3</label><labelname>window</labelname><flag>1</flag></object><object><points><x>0.28426</x><x>0.34179</x><y>0.5825</y><y>0.67197</y></points><label>3</label><labelname>window</labelname><flag>1</flag></object><object><points><x>0.41794</x><x>0.53807</x><y>0.18489</y><y>0.24254</y></points><label>3</label><labelname>window</labelname><flag>1</flag></object><object><points><x>0.41794</x><x>0.53807</x><y>0.26441</y><y>0.32008</y></points><label>3</label><labelname>window</labelname><flag>1</flag></object><object><points><x>0.45685</x><x>0.55161</x><y>0.58449</y><y>0.67594</y></points><label>3</label><labelname>window</labelname><flag>1</flag></object><object><points><x>0.62267</x><x>0.75465</x><y>0.19085</y><y>0.31213</y></points><label>3</label><labelname>window</labelname><flag>1</flag></object><object><points><x>0.59729</x><x>0.74619</x><y>0.63022</y><y>0.77535</y></points><label>3</label><labelname>window</labelname><flag>1</flag></object><object><points><x>0.5956</x><x>0.74619</x><y>0.44533</y><y>0.59046</y></points><label>3</label><labelname>window</labelname><flag>1</flag></object><object><points><x>0.18951</x><x>0.20812</x><y>0.61034</y><y>0.66998</y></points><label>3</label><labelname>window</labelname><flag>1</flag></object><object><points><x>0.32657</x><x>0.34349</x><y>0.1829</y><y>0.31809</y></points><label>6</label><labelname>sill</labelname><flag>1</flag></object><object><points><x>0.53469</x><x>0.55499</x><y>0.16899</y><y>0.33002</y></points><label>6</label><labelname>sill</labelname><flag>1</flag></object><object><points><x>0.48562</x><x>0.56176</x><y>0.42346</y><y>0.79722</y></points><label>7</label><labelname>balcony</labelname><flag>1</flag></object><object><points><x>0.23519</x><x>0.33503</x><y>0.14513</y><y>0.19682</y></points><label>8</label><labelname>blind</labelname><flag>1</flag></object><object><points><x>0.23519</x><x>0.33503</x><y>0.30417</y><y>0.35586</y></points><label>8</label><labelname>blind</labelname><flag>1</flag></object><object><points><x>0.41286</x><x>0.54146</x><y>0.10736</y><y>0.17694</y></points><label>8</label><labelname>blind</labelname><flag>1</flag></object><object><points><x>0.40948</x><x>0.53807</x><y>0.32008</y><y>0.38966</y></points><label>8</label><labelname>blind</labelname><flag>1</flag></object><object><points><x>0.4467</x><x>0.55161</x><y>0.52684</y><y>0.57455</y></points><label>8</label><labelname>blind</labelname><flag>1</flag></object><object><points><x>0.44501</x><x>0.54992</x><y>0.68191</y><y>0.73161</y></points><label>8</label><labelname>blind</labelname><flag>1</flag></object><object><points><x>0.58037</x><x>0.7022</x><y>0.62028</y><y>0.7833</y></points><label>8</label><labelname>blind</labelname><flag>1</flag></object><object><points><x>0.58037</x><x>0.74958</x><y>0.42942</y><y>0.59245</y></points><label>8</label><labelname>blind</labelname><flag>1</flag></object><object><points><x>0.7225</x><x>0.82572</x><y>0.84493</y><y>0.87475</y></points><label>3</label><labelname>window</labelname><flag>1</flag></object><object><points><x>0.12352</x><x>0.87986</x><y>0.0099404</y><y>0.88469</y></points><label>2</label><labelname>facade</labelname><flag>1</flag></object>