<object><points><x>0.014648</x><x>0.99316</x><y>0.056662</y><y>0.9219</y></points><label>2</label><labelname>facade</labelname><flag>1</flag></object><object><points><x>0.12207</x><x>0.2002</x><y>0.14855</y><y>0.21133</y></points><label>3</label><labelname>window</labelname><flag>1</flag></object><object><points><x>0.12402</x><x>0.2002</x><y>0.22971</y><y>0.2925</y></points><label>3</label><labelname>window</labelname><flag>1</flag></object><object><points><x>0.12402</x><x>0.20117</x><y>0.41807</y><y>0.47779</y></points><label>3</label><labelname>window</labelname><flag>1</flag></object><object><points><x>0.12402</x><x>0.20117</x><y>0.49923</y><y>0.55896</y></points><label>3</label><labelname>window</labelname><flag>1</flag></object><object><points><x>0.125</x><x>0.20117</x><y>0.69066</y><y>0.75038</y></points><label>3</label><labelname>window</labelname><flag>1</flag></object><object><points><x>0.125</x><x>0.20215</x><y>0.77182</y><y>0.83155</y></points><label>3</label><labelname>window</labelname><flag>1</flag></object><object><points><x>0.28418</x><x>0.36328</x><y>0.14701</y><y>0.20827</y></points><label>3</label><labelname>window</labelname><flag>1</flag></object><object><points><x>0.28516</x><x>0.36328</x><y>0.41807</y><y>0.47779</y></points><label>3</label><labelname>window</labelname><flag>1</flag></object><object><points><x>0.28516</x><x>0.36328</x><y>0.22818</y><y>0.28943</y></points><label>3</label><labelname>window</labelname><flag>1</flag></object><object><points><x>0.28613</x><x>0.36426</x><y>0.4977</y><y>0.55743</y></points><label>3</label><labelname>window</labelname><flag>1</flag></object><object><points><x>0.28516</x><x>0.36328</x><y>0.69066</y><y>0.75038</y></points><label>3</label><labelname>window</labelname><flag>1</flag></object><object><points><x>0.28516</x><x>0.36328</x><y>0.77182</y><y>0.83155</y></points><label>3</label><labelname>window</labelname><flag>1</flag></object><object><points><x>0.44824</x><x>0.52637</x><y>0.14701</y><y>0.20827</y></points><label>3</label><labelname>window</labelname><flag>1</flag></object><object><points><x>0.44824</x><x>0.52637</x><y>0.22665</y><y>0.2879</y></points><label>3</label><labelname>window</labelname><flag>1</flag></object><object><points><x>0.41895</x><x>0.50293</x><y>0.47626</y><y>0.54211</y></points><label>3</label><labelname>window</labelname><flag>1</flag></object><object><points><x>0.43359</x><x>0.50977</x><y>0.40888</y><y>0.45023</y></points><label>3</label><labelname>window</labelname><flag>1</flag></object><object><points><x>0.43652</x><x>0.51074</x><y>0.56355</y><y>0.58959</y></points><label>3</label><labelname>window</labelname><flag>1</flag></object><object><points><x>0.4502</x><x>0.52832</x><y>0.69066</y><y>0.75038</y></points><label>3</label><labelname>window</labelname><flag>1</flag></object><object><points><x>0.4502</x><x>0.52832</x><y>0.77335</y><y>0.83308</y></points><label>3</label><labelname>window</labelname><flag>1</flag></object><object><points><x>0.6123</x><x>0.69043</x><y>0.13783</y><y>0.19908</y></points><label>3</label><labelname>window</labelname><flag>1</flag></object><object><points><x>0.6123</x><x>0.69043</x><y>0.24043</y><y>0.30168</y></points><label>3</label><labelname>window</labelname><flag>1</flag></object><object><points><x>0.59668</x><x>0.68066</x><y>0.47626</y><y>0.54518</y></points><label>3</label><labelname>window</labelname><flag>1</flag></object><object><points><x>0.60547</x><x>0.68262</x><y>0.41041</y><y>0.45176</y></points><label>3</label><labelname>window</labelname><flag>1</flag></object><object><points><x>0.60645</x><x>0.68457</x><y>0.56355</y><y>0.58652</y></points><label>3</label><labelname>window</labelname><flag>1</flag></object><object><points><x>0.61328</x><x>0.69141</x><y>0.67841</y><y>0.73813</y></points><label>3</label><labelname>window</labelname><flag>1</flag></object><object><points><x>0.61426</x><x>0.69141</x><y>0.78407</y><y>0.8438</y></points><label>3</label><labelname>window</labelname><flag>1</flag></object><object><points><x>0.7793</x><x>0.85742</x><y>0.14701</y><y>0.20827</y></points><label>3</label><labelname>window</labelname><flag>1</flag></object><object><points><x>0.77832</x><x>0.86035</x><y>0.22818</y><y>0.28637</y></points><label>3</label><labelname>window</labelname><flag>1</flag></object><object><points><x>0.77734</x><x>0.8584</x><y>0.39969</y><y>0.46248</y></points><label>3</label><labelname>window</labelname><flag>1</flag></object><object><points><x>0.77832</x><x>0.85742</x><y>0.51455</y><y>0.5758</y></points><label>3</label><labelname>window</labelname><flag>1</flag></object><object><points><x>0.78711</x><x>0.82324</x><y>0.78254</y><y>0.84074</y></points><label>3</label><labelname>window</labelname><flag>1</flag></object><object><points><x>0.9082</x><x>0.99121</x><y>0.14701</y><y>0.27718</y></points><label>4</label><labelname>door</labelname><flag>1</flag></object><object><points><x>0.85254</x><x>0.99023</x><y>0.70291</y><y>0.85145</y></points><label>4</label><labelname>door</labelname><flag>1</flag></object><object><points><x>0.19629</x><x>0.21582</x><y>0.12251</y><y>0.317</y></points><label>6</label><labelname>sill</labelname><flag>1</flag></object><object><points><x>0.19824</x><x>0.21582</x><y>0.39204</y><y>0.58806</y></points><label>6</label><labelname>sill</labelname><flag>1</flag></object><object><points><x>0.19824</x><x>0.21777</x><y>0.66156</y><y>0.86064</y></points><label>6</label><labelname>sill</labelname><flag>1</flag></object><object><points><x>0.36035</x><x>0.37402</x><y>0.1317</y><y>0.21899</y></points><label>6</label><labelname>sill</labelname><flag>1</flag></object><object><points><x>0.35938</x><x>0.37305</x><y>0.22052</y><y>0.30322</y></points><label>6</label><labelname>sill</labelname><flag>1</flag></object><object><points><x>0.3623</x><x>0.37402</x><y>0.40735</y><y>0.57121</y></points><label>6</label><labelname>sill</labelname><flag>1</flag></object><object><points><x>0.35938</x><x>0.37402</x><y>0.67534</y><y>0.7611</y></points><label>6</label><labelname>sill</labelname><flag>1</flag></object><object><points><x>0.36133</x><x>0.37402</x><y>0.76417</y><y>0.84686</y></points><label>6</label><labelname>sill</labelname><flag>1</flag></object><object><points><x>0.52539</x><x>0.56641</x><y>0.13629</y><y>0.30322</y></points><label>6</label><labelname>sill</labelname><flag>1</flag></object><object><points><x>0.52539</x><x>0.56836</x><y>0.67688</y><y>0.8438</y></points><label>6</label><labelname>sill</labelname><flag>1</flag></object><object><points><x>0.8584</x><x>0.88184</x><y>0.13783</y><y>0.29862</y></points><label>6</label><labelname>sill</labelname><flag>1</flag></object><object><points><x>0.85547</x><x>0.86914</x><y>0.5023</y><y>0.59112</y></points><label>6</label><labelname>sill</labelname><flag>1</flag></object><object><points><x>0.85547</x><x>0.86816</x><y>0.39051</y><y>0.46861</y></points><label>6</label><labelname>sill</labelname><flag>1</flag></object><object><points><x>0.68945</x><x>0.70215</x><y>0.12404</y><y>0.2098</y></points><label>6</label><labelname>sill</labelname><flag>1</flag></object><object><points><x>0.68945</x><x>0.70312</x><y>0.22665</y><y>0.31394</y></points><label>6</label><labelname>sill</labelname><flag>1</flag></object><object><points><x>0.69043</x><x>0.70508</x><y>0.76876</y><y>0.86217</y></points><label>6</label><labelname>sill</labelname><flag>1</flag></object><object><points><x>0.68945</x><x>0.70312</x><y>0.66156</y><y>0.75345</y></points><label>6</label><labelname>sill</labelname><flag>1</flag></object><object><points><x>0.50684</x><x>0.57324</x><y>0.47014</y><y>0.55283</y></points><label>9</label><labelname>deco</labelname><flag>1</flag></object><object><points><x>0.53613</x><x>0.59082</x><y>0.56355</y><y>0.59877</y></points><label>9</label><labelname>deco</labelname><flag>1</flag></object><object><points><x>0.52051</x><x>0.62598</x><y>0.60031</y><y>0.63859</y></points><label>9</label><labelname>deco</labelname><flag>1</flag></object><object><points><x>0.53906</x><x>0.58887</x><y>0.39663</y><y>0.44717</y></points><label>9</label><labelname>deco</labelname><flag>1</flag></object><object><points><x>0.52344</x><x>0.625</x><y>0.3415</y><y>0.38132</y></points><label>9</label><labelname>deco</labelname><flag>1</flag></object><object><points><x>0.37891</x><x>0.41992</x><y>0.49311</y><y>0.53599</y></points><label>9</label><labelname>deco</labelname><flag>1</flag></object><object><points><x>0.74219</x><x>0.78223</x><y>0.13783</y><y>0.29862</y></points><label>5</label><labelname>cornice</labelname><flag>1</flag></object><object><points><x>0.068359</x><x>0.11719</x><y>0.44717</y><y>0.53139</y></points><label>9</label><labelname>deco</labelname><flag>1</flag></object><object><points><x>0.083008</x><x>0.13086</x><y>0.59571</y><y>0.65391</y></points><label>9</label><labelname>deco</labelname><flag>1</flag></object><object><points><x>0.082031</x><x>0.12988</x><y>0.32466</y><y>0.38285</y></points><label>9</label><labelname>deco</labelname><flag>1</flag></object><object><points><x>0.80176</x><x>0.8457</x><y>0.46861</y><y>0.50689</y></points><label>9</label><labelname>deco</labelname><flag>1</flag></object><object><points><x>0.69629</x><x>0.72852</x><y>0.38591</y><y>0.59571</y></points><label>9</label><labelname>deco</labelname><flag>1</flag></object><object><points><x>0.68945</x><x>0.75488</x><y>0.60184</y><y>0.67381</y></points><label>9</label><labelname>deco</labelname><flag>1</flag></object><object><points><x>0.69043</x><x>0.75195</x><y>0.86064</y><y>0.91424</y></points><label>9</label><labelname>deco</labelname><flag>1</flag></object><object><points><x>0.6875</x><x>0.75586</x><y>0.317</y><y>0.37825</y></points><label>9</label><labelname>deco</labelname><flag>1</flag></object><object><points><x>0.69043</x><x>0.75488</x><y>0.058193</y><y>0.12864</y></points><label>9</label><labelname>deco</labelname><flag>1</flag></object><object><points><x>0.21875</x><x>0.34766</x><y>0.067381</y><y>0.91884</y></points><label>10</label><labelname>molding</labelname><flag>1</flag></object><object><points><x>0.69824</x><x>0.74219</x><y>0.064319</y><y>0.9173</y></points><label>10</label><labelname>molding</labelname><flag>1</flag></object><object><points><x>0.89258</x><x>0.99121</x><y>0.39816</y><y>0.46248</y></points><label>12</label><labelname>shop</labelname><flag>1</flag></object><object><points><x>0.89258</x><x>0.99023</x><y>0.51608</y><y>0.58193</y></points><label>12</label><labelname>shop</labelname><flag>1</flag></object><object><points><x>0.88574</x><x>0.9082</x><y>0.48392</y><y>0.51608</y></points><label>12</label><labelname>shop</labelname><flag>1</flag></object><object><points><x>0.89355</x><x>0.90723</x><y>0.1562</y><y>0.26799</y></points><label>12</label><labelname>shop</labelname><flag>1</flag></object><object><points><x>0.25098</x><x>0.30664</x><y>0.11639</y><y>0.32159</y></points><label>5</label><labelname>cornice</labelname><flag>1</flag></object><object><points><x>0.25391</x><x>0.30859</x><y>0.38591</y><y>0.59112</y></points><label>5</label><labelname>cornice</labelname><flag>1</flag></object><object><points><x>0.25391</x><x>0.30957</x><y>0.6585</y><y>0.86371</y></points><label>5</label><labelname>cornice</labelname><flag>1</flag></object>