<object><points><x>0.0068143</x><x>0.97615</x><y>0.0010288</y><y>0.98765</y></points><label>2</label><labelname>facade</labelname><flag>1</flag></object><object><points><x>0.10733</x><x>0.17888</x><y>0.26029</y><y>0.29218</y></points><label>3</label><labelname>window</labelname><flag>1</flag></object><object><points><x>0.30664</x><x>0.38842</x><y>0.25823</y><y>0.29012</y></points><label>3</label><labelname>window</labelname><flag>1</flag></object><object><points><x>0.31175</x><x>0.39353</x><y>0.44959</y><y>0.48148</y></points><label>3</label><labelname>window</labelname><flag>1</flag></object><object><points><x>0.11073</x><x>0.18739</x><y>0.44856</y><y>0.4784</y></points><label>3</label><labelname>window</labelname><flag>1</flag></object><object><points><x>0.51448</x><x>0.59796</x><y>0.25926</y><y>0.29115</y></points><label>3</label><labelname>window</labelname><flag>1</flag></object><object><points><x>0.52129</x><x>0.60477</x><y>0.45062</y><y>0.48251</y></points><label>3</label><labelname>window</labelname><flag>1</flag></object><object><points><x>0.72913</x><x>0.8092</x><y>0.45165</y><y>0.48148</y></points><label>3</label><labelname>window</labelname><flag>1</flag></object><object><points><x>0.72572</x><x>0.8092</x><y>0.26029</y><y>0.29115</y></points><label>3</label><labelname>window</labelname><flag>1</flag></object><object><points><x>0.13629</x><x>0.20954</x><y>0.8323</y><y>0.86008</y></points><label>3</label><labelname>window</labelname><flag>1</flag></object><object><points><x>0.32879</x><x>0.40716</x><y>0.83745</y><y>0.86317</y></points><label>3</label><labelname>window</labelname><flag>1</flag></object><object><points><x>0.52811</x><x>0.60647</x><y>0.83745</y><y>0.86317</y></points><label>3</label><labelname>window</labelname><flag>1</flag></object><object><points><x>0.72402</x><x>0.80239</x><y>0.83436</y><y>0.86008</y></points><label>3</label><labelname>window</labelname><flag>1</flag></object><object><points><x>0.018739</x><x>0.17376</x><y>0.34979</y><y>0.38992</y></points><label>3</label><labelname>window</labelname><flag>1</flag></object><object><points><x>0.19761</x><x>0.37649</x><y>0.34979</y><y>0.3858</y></points><label>3</label><labelname>window</labelname><flag>1</flag></object><object><points><x>0.39864</x><x>0.58433</x><y>0.34671</y><y>0.38786</y></points><label>3</label><labelname>window</labelname><flag>1</flag></object><object><points><x>0.60818</x><x>0.72572</x><y>0.34979</y><y>0.38786</y></points><label>3</label><labelname>window</labelname><flag>1</flag></object><object><points><x>0.056218</x><x>0.20273</x><y>0.91255</y><y>0.9465</y></points><label>3</label><labelname>window</labelname><flag>1</flag></object><object><points><x>0.22487</x><x>0.39012</x><y>0.91152</y><y>0.94342</y></points><label>3</label><labelname>window</labelname><flag>1</flag></object><object><points><x>0.41738</x><x>0.58262</x><y>0.91255</y><y>0.94547</y></points><label>3</label><labelname>window</labelname><flag>1</flag></object><object><points><x>0.60647</x><x>0.71891</x><y>0.91255</y><y>0.94959</y></points><label>3</label><labelname>window</labelname><flag>1</flag></object><object><points><x>0.30324</x><x>0.38842</x><y>0.1358</y><y>0.20062</y></points><label>3</label><labelname>window</labelname><flag>1</flag></object><object><points><x>0.51789</x><x>0.60307</x><y>0.13477</y><y>0.19959</y></points><label>3</label><labelname>window</labelname><flag>1</flag></object><object><points><x>0.72913</x><x>0.82283</x><y>0.13786</y><y>0.19547</y></points><label>3</label><labelname>window</labelname><flag>1</flag></object><object><points><x>0.72743</x><x>0.82283</x><y>0.53704</y><y>0.59156</y></points><label>3</label><labelname>window</labelname><flag>1</flag></object><object><points><x>0.51959</x><x>0.61499</x><y>0.54012</y><y>0.58951</y></points><label>3</label><labelname>window</labelname><flag>1</flag></object><object><points><x>0.31857</x><x>0.40545</x><y>0.54012</y><y>0.59362</y></points><label>3</label><labelname>window</labelname><flag>1</flag></object><object><points><x>0.32368</x><x>0.41056</x><y>0.72531</y><y>0.77778</y></points><label>3</label><labelname>window</labelname><flag>1</flag></object><object><points><x>0.5247</x><x>0.6201</x><y>0.72531</y><y>0.77881</y></points><label>3</label><labelname>window</labelname><flag>1</flag></object><object><points><x>0.72402</x><x>0.81772</x><y>0.71914</y><y>0.77263</y></points><label>3</label><labelname>window</labelname><flag>1</flag></object><object><points><x>0.11925</x><x>0.19761</x><y>0.51646</y><y>0.56996</y></points><label>3</label><labelname>window</labelname><flag>1</flag></object><object><points><x>0.13629</x><x>0.21465</x><y>0.74486</y><y>0.79835</y></points><label>3</label><labelname>window</labelname><flag>1</flag></object><object><points><x>0.10562</x><x>0.22828</x><y>0.16564</y><y>0.21914</y></points><label>3</label><labelname>window</labelname><flag>1</flag></object><object><points><x>0.92334</x><x>0.96763</x><y>0.75103</y><y>0.78704</y></points><label>3</label><labelname>window</labelname><flag>1</flag></object><object><points><x>0.92675</x><x>0.96593</x><y>0.6821</y><y>0.71708</y></points><label>3</label><labelname>window</labelname><flag>1</flag></object><object><points><x>0.93015</x><x>0.96593</x><y>0.60802</y><y>0.64609</y></points><label>3</label><labelname>window</labelname><flag>1</flag></object><object><points><x>0.93186</x><x>0.97274</x><y>0.53395</y><y>0.57202</y></points><label>3</label><labelname>window</labelname><flag>1</flag></object><object><points><x>0.9046</x><x>0.94719</x><y>0.83128</y><y>0.8642</y></points><label>3</label><labelname>window</labelname><flag>1</flag></object><object><points><x>0.91823</x><x>0.96422</x><y>0.44753</y><y>0.48457</y></points><label>3</label><labelname>window</labelname><flag>1</flag></object><object><points><x>0.81261</x><x>0.96934</x><y>0.34156</y><y>0.40021</y></points><label>4</label><labelname>door</labelname><flag>1</flag></object><object><points><x>0.80239</x><x>0.95911</x><y>0.90741</y><y>0.96708</y></points><label>4</label><labelname>door</labelname><flag>1</flag></object><object><points><x>0.17547</x><x>0.1908</x><y>0.25309</y><y>0.29938</y></points><label>6</label><labelname>sill</labelname><flag>1</flag></object><object><points><x>0.18058</x><x>0.19591</x><y>0.44136</y><y>0.48765</y></points><label>6</label><labelname>sill</labelname><flag>1</flag></object><object><points><x>0.39012</x><x>0.40545</x><y>0.44342</y><y>0.48971</y></points><label>6</label><labelname>sill</labelname><flag>1</flag></object><object><points><x>0.38842</x><x>0.40375</x><y>0.25206</y><y>0.29938</y></points><label>6</label><labelname>sill</labelname><flag>1</flag></object><object><points><x>0.59966</x><x>0.6167</x><y>0.44239</y><y>0.48868</y></points><label>6</label><labelname>sill</labelname><flag>1</flag></object><object><points><x>0.59796</x><x>0.61329</x><y>0.25103</y><y>0.29835</y></points><label>6</label><labelname>sill</labelname><flag>1</flag></object><object><points><x>0.80409</x><x>0.81942</x><y>0.25206</y><y>0.29938</y></points><label>6</label><labelname>sill</labelname><flag>1</flag></object><object><points><x>0.80579</x><x>0.82112</x><y>0.44444</y><y>0.49177</y></points><label>6</label><labelname>sill</labelname><flag>1</flag></object><object><points><x>0.20784</x><x>0.22317</x><y>0.82202</y><y>0.86934</y></points><label>6</label><labelname>sill</labelname><flag>1</flag></object><object><points><x>0.40375</x><x>0.41908</x><y>0.8251</y><y>0.8714</y></points><label>6</label><labelname>sill</labelname><flag>1</flag></object><object><points><x>0.59796</x><x>0.61329</x><y>0.8251</y><y>0.87243</y></points><label>6</label><labelname>sill</labelname><flag>1</flag></object><object><points><x>0.79557</x><x>0.8109</x><y>0.82716</y><y>0.87346</y></points><label>6</label><labelname>sill</labelname><flag>1</flag></object><object><points><x>0.14651</x><x>0.27087</x><y>0.14918</y><y>0.24794</y></points><label>7</label><labelname>balcony</labelname><flag>1</flag></object><object><points><x>0.37308</x><x>0.49744</x><y>0.09465</y><y>0.2428</y></points><label>7</label><labelname>balcony</labelname><flag>1</flag></object><object><points><x>0.58944</x><x>0.7155</x><y>0.095679</y><y>0.24383</y></points><label>7</label><labelname>balcony</labelname><flag>1</flag></object><object><points><x>0.81772</x><x>0.91312</x><y>0.099794</y><y>0.24794</y></points><label>7</label><labelname>balcony</labelname><flag>1</flag></object><object><points><x>0.16184</x><x>0.29813</x><y>0.50412</y><y>0.60802</y></points><label>7</label><labelname>balcony</labelname><flag>1</flag></object><object><points><x>0.18399</x><x>0.30494</x><y>0.73868</y><y>0.85391</y></points><label>7</label><labelname>balcony</labelname><flag>1</flag></object><object><points><x>0.3833</x><x>0.50596</x><y>0.5</y><y>0.65638</y></points><label>7</label><labelname>balcony</labelname><flag>1</flag></object><object><points><x>0.38501</x><x>0.50767</x><y>0.68621</y><y>0.84259</y></points><label>7</label><labelname>balcony</labelname><flag>1</flag></object><object><points><x>0.60477</x><x>0.7155</x><y>0.5</y><y>0.65638</y></points><label>7</label><labelname>balcony</labelname><flag>1</flag></object><object><points><x>0.59455</x><x>0.70528</x><y>0.68827</y><y>0.84465</y></points><label>7</label><labelname>balcony</labelname><flag>1</flag></object><object><points><x>0.81261</x><x>0.9029</x><y>0.68519</y><y>0.84156</y></points><label>7</label><labelname>balcony</labelname><flag>1</flag></object><object><points><x>0.81942</x><x>0.91141</x><y>0.50103</y><y>0.65741</y></points><label>7</label><labelname>balcony</labelname><flag>1</flag></object><object><points><x>0.29813</x><x>0.39864</x><y>0.10494</y><y>0.1358</y></points><label>8</label><labelname>blind</labelname><flag>1</flag></object><object><points><x>0.29813</x><x>0.38842</x><y>0.20165</y><y>0.23251</y></points><label>8</label><labelname>blind</labelname><flag>1</flag></object><object><points><x>0.50596</x><x>0.6167</x><y>0.10391</y><y>0.13477</y></points><label>8</label><labelname>blind</labelname><flag>1</flag></object><object><points><x>0.50767</x><x>0.60647</x><y>0.20062</y><y>0.23148</y></points><label>8</label><labelname>blind</labelname><flag>1</flag></object><object><points><x>0.72402</x><x>0.82453</x><y>0.13272</y><y>0.1677</y></points><label>8</label><labelname>blind</labelname><flag>1</flag></object><object><points><x>0.71891</x><x>0.82283</x><y>0.19959</y><y>0.23148</y></points><label>8</label><labelname>blind</labelname><flag>1</flag></object><object><points><x>0.30835</x><x>0.41227</x><y>0.50823</y><y>0.54012</y></points><label>8</label><labelname>blind</labelname><flag>1</flag></object><object><points><x>0.31005</x><x>0.39012</x><y>0.60185</y><y>0.63066</y></points><label>8</label><labelname>blind</labelname><flag>1</flag></object><object><points><x>0.31516</x><x>0.41397</x><y>0.69547</y><y>0.72428</y></points><label>8</label><labelname>blind</labelname><flag>1</flag></object><object><points><x>0.31857</x><x>0.39693</x><y>0.78498</y><y>0.81379</y></points><label>8</label><labelname>blind</labelname><flag>1</flag></object><object><points><x>0.51448</x><x>0.6167</x><y>0.50926</y><y>0.54115</y></points><label>8</label><labelname>blind</labelname><flag>1</flag></object><object><points><x>0.51618</x><x>0.60988</x><y>0.60082</y><y>0.63477</y></points><label>8</label><labelname>blind</labelname><flag>1</flag></object><object><points><x>0.51789</x><x>0.60988</x><y>0.78395</y><y>0.81481</y></points><label>8</label><labelname>blind</labelname><flag>1</flag></object><object><points><x>0.51959</x><x>0.62181</x><y>0.69753</y><y>0.72737</y></points><label>8</label><labelname>blind</labelname><flag>1</flag></object><object><points><x>0.72232</x><x>0.82112</x><y>0.60082</y><y>0.63272</y></points><label>8</label><labelname>blind</labelname><flag>1</flag></object><object><points><x>0.72402</x><x>0.82112</x><y>0.51029</y><y>0.54218</y></points><label>8</label><labelname>blind</labelname><flag>1</flag></object><object><points><x>0.71721</x><x>0.81772</x><y>0.78086</y><y>0.81173</y></points><label>8</label><labelname>blind</labelname><flag>1</flag></object><object><points><x>0.71891</x><x>0.81942</x><y>0.69547</y><y>0.72737</y></points><label>8</label><labelname>blind</labelname><flag>1</flag></object><object><points><x>0.063032</x><x>0.11073</x><y>0.15226</y><y>0.25617</y></points><label>5</label><labelname>cornice</labelname><flag>1</flag></object><object><points><x>0.074957</x><x>0.12095</x><y>0.5</y><y>0.60391</y></points><label>5</label><labelname>cornice</labelname><flag>1</flag></object><object><points><x>0.088586</x><x>0.13458</x><y>0.73765</y><y>0.84156</y></points><label>5</label><labelname>cornice</labelname><flag>1</flag></object><object><points><x>0.75298</x><x>0.8109</x><y>0.30967</y><y>0.43004</y></points><label>9</label><labelname>deco</labelname><flag>1</flag></object><object><points><x>0.74446</x><x>0.79216</x><y>0.88374</y><y>0.97119</y></points><label>9</label><labelname>deco</labelname><flag>1</flag></object>