<object><points><x>0.1565</x><x>0.91667</x><y>0.03271</y><y>0.93925</y></points><label>2</label><labelname>facade</labelname><flag>1</flag></object><object><points><x>0.48577</x><x>0.55691</x><y>0.062305</y><y>0.08567</y></points><label>3</label><labelname>window</labelname><flag>1</flag></object><object><points><x>0.49187</x><x>0.55691</x><y>0.11526</y><y>0.14019</y></points><label>3</label><labelname>window</labelname><flag>1</flag></object><object><points><x>0.4939</x><x>0.55488</x><y>0.18536</y><y>0.21028</y></points><label>3</label><labelname>window</labelname><flag>1</flag></object><object><points><x>0.4939</x><x>0.55488</x><y>0.23209</y><y>0.25389</y></points><label>3</label><labelname>window</labelname><flag>1</flag></object><object><points><x>0.4939</x><x>0.55488</x><y>0.28505</y><y>0.30841</y></points><label>3</label><labelname>window</labelname><flag>1</flag></object><object><points><x>0.49593</x><x>0.55691</x><y>0.33178</y><y>0.35514</y></points><label>3</label><labelname>window</labelname><flag>1</flag></object><object><points><x>0.49797</x><x>0.55894</x><y>0.38474</y><y>0.4081</y></points><label>3</label><labelname>window</labelname><flag>1</flag></object><object><points><x>0.49593</x><x>0.55894</x><y>0.43302</y><y>0.45794</y></points><label>3</label><labelname>window</labelname><flag>1</flag></object><object><points><x>0.49797</x><x>0.55894</x><y>0.48598</y><y>0.5109</y></points><label>3</label><labelname>window</labelname><flag>1</flag></object><object><points><x>0.5</x><x>0.56098</x><y>0.53427</y><y>0.55763</y></points><label>3</label><labelname>window</labelname><flag>1</flag></object><object><points><x>0.50203</x><x>0.56301</x><y>0.58879</y><y>0.61215</y></points><label>3</label><labelname>window</labelname><flag>1</flag></object><object><points><x>0.50203</x><x>0.56301</x><y>0.63396</y><y>0.65732</y></points><label>3</label><labelname>window</labelname><flag>1</flag></object><object><points><x>0.5</x><x>0.56098</x><y>0.68847</y><y>0.7134</y></points><label>3</label><labelname>window</labelname><flag>1</flag></object><object><points><x>0.50407</x><x>0.56504</x><y>0.73832</y><y>0.76168</y></points><label>3</label><labelname>window</labelname><flag>1</flag></object><object><points><x>0.35163</x><x>0.40244</x><y>0.060748</y><y>0.080997</y></points><label>3</label><labelname>window</labelname><flag>1</flag></object><object><points><x>0.35163</x><x>0.40244</x><y>0.0919</y><y>0.11215</y></points><label>3</label><labelname>window</labelname><flag>1</flag></object><object><points><x>0.35163</x><x>0.40244</x><y>0.12305</y><y>0.1433</y></points><label>3</label><labelname>window</labelname><flag>1</flag></object><object><points><x>0.39024</x><x>0.40447</x><y>0.19315</y><y>0.20717</y></points><label>3</label><labelname>window</labelname><flag>1</flag></object><object><points><x>0.39024</x><x>0.40447</x><y>0.2352</y><y>0.24922</y></points><label>3</label><labelname>window</labelname><flag>1</flag></object><object><points><x>0.39024</x><x>0.4065</x><y>0.28972</y><y>0.30374</y></points><label>3</label><labelname>window</labelname><flag>1</flag></object><object><points><x>0.39228</x><x>0.4065</x><y>0.33333</y><y>0.34735</y></points><label>3</label><labelname>window</labelname><flag>1</flag></object><object><points><x>0.39228</x><x>0.40854</x><y>0.38941</y><y>0.40343</y></points><label>3</label><labelname>window</labelname><flag>1</flag></object><object><points><x>0.39228</x><x>0.40854</x><y>0.43302</y><y>0.44704</y></points><label>3</label><labelname>window</labelname><flag>1</flag></object><object><points><x>0.39431</x><x>0.40854</x><y>0.4891</y><y>0.50156</y></points><label>3</label><labelname>window</labelname><flag>1</flag></object><object><points><x>0.39431</x><x>0.41057</x><y>0.53271</y><y>0.54673</y></points><label>3</label><labelname>window</labelname><flag>1</flag></object><object><points><x>0.39634</x><x>0.41057</x><y>0.58723</y><y>0.60125</y></points><label>3</label><labelname>window</labelname><flag>1</flag></object><object><points><x>0.39431</x><x>0.41057</x><y>0.6324</y><y>0.64642</y></points><label>3</label><labelname>window</labelname><flag>1</flag></object><object><points><x>0.39634</x><x>0.41057</x><y>0.68847</y><y>0.70249</y></points><label>3</label><labelname>window</labelname><flag>1</flag></object><object><points><x>0.39634</x><x>0.41057</x><y>0.73209</y><y>0.74611</y></points><label>3</label><labelname>window</labelname><flag>1</flag></object><object><points><x>0.5874</x><x>0.68496</x><y>0.077882</y><y>0.11994</y></points><label>3</label><labelname>window</labelname><flag>1</flag></object><object><points><x>0.5874</x><x>0.6748</x><y>0.19938</y><y>0.23988</y></points><label>3</label><labelname>window</labelname><flag>1</flag></object><object><points><x>0.59146</x><x>0.68089</x><y>0.29907</y><y>0.33956</y></points><label>3</label><labelname>window</labelname><flag>1</flag></object><object><points><x>0.5935</x><x>0.68293</x><y>0.40031</y><y>0.44081</y></points><label>3</label><labelname>window</labelname><flag>1</flag></object><object><points><x>0.5935</x><x>0.68293</x><y>0.50156</y><y>0.54361</y></points><label>3</label><labelname>window</labelname><flag>1</flag></object><object><points><x>0.59756</x><x>0.68699</x><y>0.60436</y><y>0.64486</y></points><label>3</label><labelname>window</labelname><flag>1</flag></object><object><points><x>0.49593</x><x>0.51423</x><y>0.19003</y><y>0.20717</y></points><label>8</label><labelname>blind</labelname><flag>1</flag></object><object><points><x>0.49593</x><x>0.52846</x><y>0.23364</y><y>0.25389</y></points><label>8</label><labelname>blind</labelname><flag>1</flag></object><object><points><x>0.49593</x><x>0.51423</x><y>0.2866</y><y>0.30685</y></points><label>8</label><labelname>blind</labelname><flag>1</flag></object><object><points><x>0.49797</x><x>0.51423</x><y>0.33333</y><y>0.35358</y></points><label>8</label><labelname>blind</labelname><flag>1</flag></object><object><points><x>0.49797</x><x>0.54472</x><y>0.43458</y><y>0.45639</y></points><label>8</label><labelname>blind</labelname><flag>1</flag></object><object><points><x>0.5</x><x>0.54065</x><y>0.38629</y><y>0.40654</y></points><label>8</label><labelname>blind</labelname><flag>1</flag></object><object><points><x>0.5</x><x>0.52846</x><y>0.48754</y><y>0.50779</y></points><label>8</label><labelname>blind</labelname><flag>1</flag></object><object><points><x>0.50407</x><x>0.53659</x><y>0.53583</y><y>0.55452</y></points><label>8</label><labelname>blind</labelname><flag>1</flag></object><object><points><x>0.50407</x><x>0.55488</x><y>0.59034</y><y>0.61059</y></points><label>8</label><labelname>blind</labelname><flag>1</flag></object><object><points><x>0.50407</x><x>0.55691</x><y>0.63551</y><y>0.65576</y></points><label>8</label><labelname>blind</labelname><flag>1</flag></object><object><points><x>0.50203</x><x>0.55894</x><y>0.69159</y><y>0.71184</y></points><label>8</label><labelname>blind</labelname><flag>1</flag></object><object><points><x>0.27439</x><x>0.36179</x><y>0.82555</y><y>0.88941</y></points><label>9</label><labelname>deco</labelname><flag>1</flag></object><object><points><x>0.42886</x><x>0.47358</x><y>0.81464</y><y>0.90654</y></points><label>5</label><labelname>cornice</labelname><flag>1</flag></object><object><points><x>0.4878</x><x>0.56301</x><y>0.86449</y><y>0.88785</y></points><label>3</label><labelname>window</labelname><flag>1</flag></object><object><points><x>0.4878</x><x>0.56301</x><y>0.83489</y><y>0.8567</y></points><label>3</label><labelname>window</labelname><flag>1</flag></object><object><points><x>0.41057</x><x>0.47967</x><y>0.035826</y><y>0.79283</y></points><label>10</label><labelname>molding</labelname><flag>1</flag></object><object><points><x>0.54878</x><x>0.57724</x><y>0.035826</y><y>0.93302</y></points><label>10</label><labelname>molding</labelname><flag>1</flag></object><object><points><x>0.5122</x><x>0.68089</x><y>0.26324</y><y>0.27882</y></points><label>11</label><labelname>pillar</labelname><flag>1</flag></object><object><points><x>0.5122</x><x>0.68089</x><y>0.46417</y><y>0.47975</y></points><label>11</label><labelname>pillar</labelname><flag>1</flag></object><object><points><x>0.51016</x><x>0.67886</x><y>0.56542</y><y>0.581</y></points><label>11</label><labelname>pillar</labelname><flag>1</flag></object><object><points><x>0.51423</x><x>0.68293</x><y>0.66822</y><y>0.6838</y></points><label>11</label><labelname>pillar</labelname><flag>1</flag></object><object><points><x>0.5122</x><x>0.68089</x><y>0.36293</y><y>0.38006</y></points><label>11</label><labelname>pillar</labelname><flag>1</flag></object><object><points><x>0.47967</x><x>0.5122</x><y>0.26168</y><y>0.28037</y></points><label>11</label><labelname>pillar</labelname><flag>1</flag></object><object><points><x>0.48171</x><x>0.5122</x><y>0.46262</y><y>0.48287</y></points><label>11</label><labelname>pillar</labelname><flag>1</flag></object><object><points><x>0.47967</x><x>0.5122</x><y>0.56231</y><y>0.58255</y></points><label>11</label><labelname>pillar</labelname><flag>1</flag></object><object><points><x>0.48171</x><x>0.51423</x><y>0.66511</y><y>0.68536</y></points><label>11</label><labelname>pillar</labelname><flag>1</flag></object><object><points><x>0.48171</x><x>0.5122</x><y>0.36137</y><y>0.38162</y></points><label>11</label><labelname>pillar</labelname><flag>1</flag></object>