<object><points><x>0.28906</x><x>0.31055</x><y>0.3763</y><y>0.51172</y></points><label>5</label><labelname>cornice</labelname><flag>1</flag></object><object><points><x>0.13281</x><x>0.98828</x><y>0.17708</y><y>0.71224</y></points><label>2</label><labelname>facade</labelname><flag>1</flag></object><object><points><x>0.71094</x><x>0.75293</x><y>0.38672</y><y>0.40625</y></points><label>3</label><labelname>window</labelname><flag>1</flag></object><object><points><x>0.67773</x><x>0.70801</x><y>0.38802</y><y>0.40625</y></points><label>3</label><labelname>window</labelname><flag>1</flag></object><object><points><x>0.57129</x><x>0.625</x><y>0.38672</y><y>0.40625</y></points><label>3</label><labelname>window</labelname><flag>1</flag></object><object><points><x>0.54199</x><x>0.57324</x><y>0.38542</y><y>0.40625</y></points><label>3</label><labelname>window</labelname><flag>1</flag></object><object><points><x>0.70801</x><x>0.74902</x><y>0.42839</y><y>0.47786</y></points><label>3</label><labelname>window</labelname><flag>1</flag></object><object><points><x>0.6748</x><x>0.70117</x><y>0.42839</y><y>0.47656</y></points><label>3</label><labelname>window</labelname><flag>1</flag></object><object><points><x>0.56738</x><x>0.61719</x><y>0.42839</y><y>0.47786</y></points><label>3</label><labelname>window</labelname><flag>1</flag></object><object><points><x>0.53711</x><x>0.56348</x><y>0.42839</y><y>0.47917</y></points><label>3</label><labelname>window</labelname><flag>1</flag></object><object><points><x>0.71777</x><x>0.75488</x><y>0.27604</y><y>0.3151</y></points><label>3</label><labelname>window</labelname><flag>1</flag></object><object><points><x>0.71777</x><x>0.75488</x><y>0.22786</y><y>0.26693</y></points><label>3</label><labelname>window</labelname><flag>1</flag></object><object><points><x>0.68652</x><x>0.71094</x><y>0.27604</y><y>0.31641</y></points><label>3</label><labelname>window</labelname><flag>1</flag></object><object><points><x>0.68652</x><x>0.71094</x><y>0.22786</y><y>0.26693</y></points><label>3</label><labelname>window</labelname><flag>1</flag></object><object><points><x>0.58105</x><x>0.62598</x><y>0.29948</y><y>0.32161</y></points><label>3</label><labelname>window</labelname><flag>1</flag></object><object><points><x>0.58105</x><x>0.625</x><y>0.2526</y><y>0.29167</y></points><label>3</label><labelname>window</labelname><flag>1</flag></object><object><points><x>0.58105</x><x>0.625</x><y>0.22396</y><y>0.24609</y></points><label>3</label><labelname>window</labelname><flag>1</flag></object><object><points><x>0.55273</x><x>0.57812</x><y>0.29818</y><y>0.32031</y></points><label>3</label><labelname>window</labelname><flag>1</flag></object><object><points><x>0.55273</x><x>0.57715</x><y>0.2526</y><y>0.29167</y></points><label>3</label><labelname>window</labelname><flag>1</flag></object><object><points><x>0.55273</x><x>0.57715</x><y>0.22396</y><y>0.24609</y></points><label>3</label><labelname>window</labelname><flag>1</flag></object><object><points><x>0.30957</x><x>0.37207</x><y>0.22396</y><y>0.26693</y></points><label>3</label><labelname>window</labelname><flag>1</flag></object><object><points><x>0.30957</x><x>0.37305</x><y>0.27604</y><y>0.32031</y></points><label>3</label><labelname>window</labelname><flag>1</flag></object><object><points><x>0.42969</x><x>0.50098</x><y>0.22396</y><y>0.24609</y></points><label>3</label><labelname>window</labelname><flag>1</flag></object><object><points><x>0.42969</x><x>0.50098</x><y>0.2526</y><y>0.29167</y></points><label>3</label><labelname>window</labelname><flag>1</flag></object><object><points><x>0.43066</x><x>0.50098</x><y>0.29948</y><y>0.32031</y></points><label>3</label><labelname>window</labelname><flag>1</flag></object><object><points><x>0.40918</x><x>0.48535</x><y>0.42578</y><y>0.48047</y></points><label>3</label><labelname>window</labelname><flag>1</flag></object><object><points><x>0.41699</x><x>0.5</x><y>0.38281</y><y>0.40625</y></points><label>3</label><labelname>window</labelname><flag>1</flag></object><object><points><x>0.41504</x><x>0.5</x><y>0.49349</y><y>0.50651</y></points><label>3</label><labelname>window</labelname><flag>1</flag></object><object><points><x>0.31152</x><x>0.36133</x><y>0.39193</y><y>0.41406</y></points><label>3</label><labelname>window</labelname><flag>1</flag></object><object><points><x>0.3125</x><x>0.35059</x><y>0.42188</y><y>0.45964</y></points><label>3</label><labelname>window</labelname><flag>1</flag></object><object><points><x>0.3125</x><x>0.35156</x><y>0.46745</y><y>0.49089</y></points><label>3</label><labelname>window</labelname><flag>1</flag></object><object><points><x>0.31348</x><x>0.375</x><y>0.5625</y><y>0.60417</y></points><label>3</label><labelname>window</labelname><flag>1</flag></object><object><points><x>0.31348</x><x>0.375</x><y>0.61458</y><y>0.65625</y></points><label>3</label><labelname>window</labelname><flag>1</flag></object><object><points><x>0.43262</x><x>0.50391</x><y>0.5625</y><y>0.58464</y></points><label>3</label><labelname>window</labelname><flag>1</flag></object><object><points><x>0.43262</x><x>0.50293</x><y>0.59115</y><y>0.6276</y></points><label>3</label><labelname>window</labelname><flag>1</flag></object><object><points><x>0.43359</x><x>0.50293</x><y>0.63542</y><y>0.65625</y></points><label>3</label><labelname>window</labelname><flag>1</flag></object><object><points><x>0.55371</x><x>0.57812</x><y>0.5625</y><y>0.58464</y></points><label>3</label><labelname>window</labelname><flag>1</flag></object><object><points><x>0.55371</x><x>0.57812</x><y>0.59115</y><y>0.62891</y></points><label>3</label><labelname>window</labelname><flag>1</flag></object><object><points><x>0.55371</x><x>0.57812</x><y>0.63672</y><y>0.65755</y></points><label>3</label><labelname>window</labelname><flag>1</flag></object><object><points><x>0.58301</x><x>0.62695</x><y>0.63672</y><y>0.65625</y></points><label>3</label><labelname>window</labelname><flag>1</flag></object><object><points><x>0.58301</x><x>0.62695</x><y>0.59115</y><y>0.62891</y></points><label>3</label><labelname>window</labelname><flag>1</flag></object><object><points><x>0.58301</x><x>0.62695</x><y>0.5625</y><y>0.58464</y></points><label>3</label><labelname>window</labelname><flag>1</flag></object><object><points><x>0.68555</x><x>0.71094</x><y>0.56641</y><y>0.60547</y></points><label>3</label><labelname>window</labelname><flag>1</flag></object><object><points><x>0.68555</x><x>0.71094</x><y>0.61328</y><y>0.65234</y></points><label>3</label><labelname>window</labelname><flag>1</flag></object><object><points><x>0.71777</x><x>0.75293</x><y>0.56641</y><y>0.60417</y></points><label>3</label><labelname>window</labelname><flag>1</flag></object><object><points><x>0.71777</x><x>0.75391</x><y>0.61328</y><y>0.65234</y></points><label>3</label><labelname>window</labelname><flag>1</flag></object><object><points><x>0.8623</x><x>0.98633</x><y>0.62109</y><y>0.69141</y></points><label>4</label><labelname>door</labelname><flag>1</flag></object><object><points><x>0.81152</x><x>0.87891</x><y>0.48047</y><y>0.52344</y></points><label>3</label><labelname>window</labelname><flag>1</flag></object><object><points><x>0.81152</x><x>0.87891</x><y>0.36198</y><y>0.40365</y></points><label>3</label><labelname>window</labelname><flag>1</flag></object><object><points><x>0.81152</x><x>0.87891</x><y>0.24219</y><y>0.28516</y></points><label>3</label><labelname>window</labelname><flag>1</flag></object><object><points><x>0.3125</x><x>0.37207</x><y>0.08724</y><y>0.1263</y></points><label>3</label><labelname>window</labelname><flag>1</flag></object><object><points><x>0.3125</x><x>0.37109</x><y>0.0013021</y><y>0.041667</y></points><label>3</label><labelname>window</labelname><flag>1</flag></object><object><points><x>0.43555</x><x>0.49609</x><y>0.085938</y><y>0.1263</y></points><label>3</label><labelname>window</labelname><flag>1</flag></object><object><points><x>0.56152</x><x>0.62305</x><y>0.08724</y><y>0.1263</y></points><label>3</label><labelname>window</labelname><flag>1</flag></object><object><points><x>0.69141</x><x>0.75391</x><y>0.083333</y><y>0.1263</y></points><label>3</label><labelname>window</labelname><flag>1</flag></object><object><points><x>0.16113</x><x>0.19434</x><y>0.45964</y><y>0.48047</y></points><label>3</label><labelname>window</labelname><flag>1</flag></object><object><points><x>0.16016</x><x>0.19336</x><y>0.40365</y><y>0.42318</y></points><label>3</label><labelname>window</labelname><flag>1</flag></object><object><points><x>0.25586</x><x>0.31543</x><y>0.8776</y><y>0.95182</y></points><label>3</label><labelname>window</labelname><flag>1</flag></object><object><points><x>0.37891</x><x>0.43945</x><y>0.8776</y><y>0.95182</y></points><label>3</label><labelname>window</labelname><flag>1</flag></object><object><points><x>0.27832</x><x>0.31348</x><y>0.063802</y><y>0.14844</y></points><label>5</label><labelname>cornice</labelname><flag>1</flag></object><object><points><x>0.2793</x><x>0.3125</x><y>0.0013021</y><y>0.0625</y></points><label>5</label><labelname>cornice</labelname><flag>1</flag></object><object><points><x>0.40625</x><x>0.43652</x><y>0.065104</y><y>0.14714</y></points><label>5</label><labelname>cornice</labelname><flag>1</flag></object><object><points><x>0.40332</x><x>0.4375</x><y>0.0039062</y><y>0.065104</y></points><label>5</label><labelname>cornice</labelname><flag>1</flag></object><object><points><x>0.52637</x><x>0.58984</x><y>0.065104</y><y>0.14714</y></points><label>5</label><labelname>cornice</labelname><flag>1</flag></object><object><points><x>0.40723</x><x>0.42871</x><y>0.21745</y><y>0.32812</y></points><label>5</label><labelname>cornice</labelname><flag>1</flag></object><object><points><x>0.4082</x><x>0.43262</x><y>0.55469</y><y>0.66536</y></points><label>5</label><labelname>cornice</labelname><flag>1</flag></object><object><points><x>0.5332</x><x>0.5498</x><y>0.20833</y><y>0.33594</y></points><label>5</label><labelname>cornice</labelname><flag>1</flag></object><object><points><x>0.53418</x><x>0.55078</x><y>0.54948</y><y>0.67708</y></points><label>5</label><labelname>cornice</labelname><flag>1</flag></object><object><points><x>0.36816</x><x>0.39746</x><y>0.21224</y><y>0.33203</y></points><label>6</label><labelname>sill</labelname><flag>1</flag></object><object><points><x>0.37207</x><x>0.40039</x><y>0.55339</y><y>0.67318</y></points><label>6</label><labelname>sill</labelname><flag>1</flag></object><object><points><x>0.50488</x><x>0.52148</x><y>0.22135</y><y>0.2487</y></points><label>6</label><labelname>sill</labelname><flag>1</flag></object><object><points><x>0.50586</x><x>0.52246</x><y>0.29688</y><y>0.32422</y></points><label>6</label><labelname>sill</labelname><flag>1</flag></object><object><points><x>0.50488</x><x>0.52441</x><y>0.2526</y><y>0.29297</y></points><label>6</label><labelname>sill</labelname><flag>1</flag></object><object><points><x>0.50879</x><x>0.52539</x><y>0.58984</y><y>0.63021</y></points><label>6</label><labelname>sill</labelname><flag>1</flag></object><object><points><x>0.50879</x><x>0.52539</x><y>0.5625</y><y>0.58594</y></points><label>6</label><labelname>sill</labelname><flag>1</flag></object><object><points><x>0.50879</x><x>0.52539</x><y>0.63542</y><y>0.65885</y></points><label>6</label><labelname>sill</labelname><flag>1</flag></object><object><points><x>0.49414</x><x>0.51758</x><y>0.070312</y><y>0.14323</y></points><label>6</label><labelname>sill</labelname><flag>1</flag></object><object><points><x>0.62207</x><x>0.64355</x><y>0.070312</y><y>0.14062</y></points><label>6</label><labelname>sill</labelname><flag>1</flag></object><object><points><x>0.75195</x><x>0.76465</x><y>0.071615</y><y>0.14062</y></points><label>6</label><labelname>sill</labelname><flag>1</flag></object><object><points><x>0.75293</x><x>0.7627</x><y>0.22135</y><y>0.32292</y></points><label>6</label><labelname>sill</labelname><flag>1</flag></object><object><points><x>0.62305</x><x>0.63672</x><y>0.21354</y><y>0.33073</y></points><label>6</label><labelname>sill</labelname><flag>1</flag></object><object><points><x>0.625</x><x>0.63867</x><y>0.55469</y><y>0.67188</y></points><label>6</label><labelname>sill</labelname><flag>1</flag></object><object><points><x>0.48633</x><x>0.50488</x><y>0.42839</y><y>0.48047</y></points><label>6</label><labelname>sill</labelname><flag>1</flag></object><object><points><x>0.49609</x><x>0.51758</x><y>0.38281</y><y>0.40625</y></points><label>6</label><labelname>sill</labelname><flag>1</flag></object><object><points><x>0.49707</x><x>0.5166</x><y>0.49479</y><y>0.50781</y></points><label>6</label><labelname>sill</labelname><flag>1</flag></object><object><points><x>0.75293</x><x>0.7627</x><y>0.5625</y><y>0.66406</y></points><label>6</label><labelname>sill</labelname><flag>1</flag></object><object><points><x>0.74414</x><x>0.75684</x><y>0.42188</y><y>0.48828</y></points><label>6</label><labelname>sill</labelname><flag>1</flag></object><object><points><x>0.74902</x><x>0.7627</x><y>0.3776</y><y>0.41276</y></points><label>6</label><labelname>sill</labelname><flag>1</flag></object><object><points><x>0.74902</x><x>0.76172</x><y>0.49479</y><y>0.51302</y></points><label>6</label><labelname>sill</labelname><flag>1</flag></object><object><points><x>0.34961</x><x>0.40137</x><y>0.3724</y><y>0.51172</y></points><label>7</label><labelname>balcony</labelname><flag>1</flag></object><object><points><x>0.23828</x><x>0.29102</x><y>0.38281</y><y>0.5013</y></points><label>9</label><labelname>deco</labelname><flag>1</flag></object><object><points><x>0.20508</x><x>0.22754</x><y>0.43229</y><y>0.45443</y></points><label>9</label><labelname>deco</labelname><flag>1</flag></object><object><points><x>0.14746</x><x>0.19629</x><y>0.49219</y><y>0.55339</y></points><label>9</label><labelname>deco</labelname><flag>1</flag></object><object><points><x>0.25684</x><x>0.28711</x><y>0.54818</y><y>0.70964</y></points><label>9</label><labelname>deco</labelname><flag>1</flag></object><object><points><x>0.25391</x><x>0.28418</x><y>0.17969</y><y>0.33464</y></points><label>9</label><labelname>deco</labelname><flag>1</flag></object><object><points><x>0.63574</x><x>0.69531</x><y>0.53516</y><y>0.6875</y></points><label>9</label><labelname>deco</labelname><flag>1</flag></object><object><points><x>0.63574</x><x>0.69629</x><y>0.19531</y><y>0.34896</y></points><label>9</label><labelname>deco</labelname><flag>1</flag></object><object><points><x>0.82812</x><x>0.875</x><y>0.42057</y><y>0.47396</y></points><label>9</label><labelname>deco</labelname><flag>1</flag></object><object><points><x>0.79395</x><x>0.85352</x><y>0.58854</y><y>0.71224</y></points><label>9</label><labelname>deco</labelname><flag>1</flag></object><object><points><x>0.5166</x><x>0.54004</x><y>0.18359</y><y>0.70833</y></points><label>10</label><labelname>molding</labelname><flag>1</flag></object><object><points><x>0.78223</x><x>0.80078</x><y>0.18359</y><y>0.71224</y></points><label>10</label><labelname>molding</labelname><flag>1</flag></object><object><points><x>0.90137</x><x>0.98438</x><y>0.46875</y><y>0.54036</y></points><label>3</label><labelname>window</labelname><flag>1</flag></object><object><points><x>0.90234</x><x>0.98633</x><y>0.34896</y><y>0.42057</y></points><label>3</label><labelname>window</labelname><flag>1</flag></object><object><points><x>0.90234</x><x>0.98633</x><y>0.22786</y><y>0.29948</y></points><label>3</label><labelname>window</labelname><flag>1</flag></object>