<object><points><x>0.15918</x><x>0.22754</x><y>0.1888</y><y>0.23438</y></points><label>3</label><labelname>window</labelname><flag>1</flag></object><object><points><x>0.15918</x><x>0.22852</x><y>0.29818</y><y>0.34505</y></points><label>3</label><labelname>window</labelname><flag>1</flag></object><object><points><x>0.29883</x><x>0.37207</x><y>0.1901</y><y>0.23828</y></points><label>3</label><labelname>window</labelname><flag>1</flag></object><object><points><x>0.29883</x><x>0.37207</x><y>0.29948</y><y>0.34635</y></points><label>3</label><labelname>window</labelname><flag>1</flag></object><object><points><x>0.43848</x><x>0.5166</x><y>0.1901</y><y>0.23828</y></points><label>3</label><labelname>window</labelname><flag>1</flag></object><object><points><x>0.43848</x><x>0.51855</x><y>0.29948</y><y>0.34635</y></points><label>3</label><labelname>window</labelname><flag>1</flag></object><object><points><x>0.58496</x><x>0.66406</x><y>0.1901</y><y>0.23828</y></points><label>3</label><labelname>window</labelname><flag>1</flag></object><object><points><x>0.58496</x><x>0.66406</x><y>0.29948</y><y>0.34635</y></points><label>3</label><labelname>window</labelname><flag>1</flag></object><object><points><x>0.74414</x><x>0.8252</x><y>0.21354</y><y>0.25911</y></points><label>3</label><labelname>window</labelname><flag>1</flag></object><object><points><x>0.74414</x><x>0.8252</x><y>0.27865</y><y>0.32422</y></points><label>3</label><labelname>window</labelname><flag>1</flag></object><object><points><x>0.41406</x><x>0.43457</x><y>0.16797</y><y>0.25781</y></points><label>5</label><labelname>cornice</labelname><flag>1</flag></object><object><points><x>0.41504</x><x>0.43359</x><y>0.27734</y><y>0.36719</y></points><label>5</label><labelname>cornice</labelname><flag>1</flag></object><object><points><x>0.90137</x><x>0.97266</x><y>0.21224</y><y>0.32552</y></points><label>3</label><labelname>window</labelname><flag>1</flag></object><object><points><x>0.7998</x><x>0.99609</x><y>0.42448</y><y>0.52995</y></points><label>4</label><labelname>door</labelname><flag>1</flag></object><object><points><x>0.56543</x><x>0.64941</x><y>0.44661</y><y>0.55208</y></points><label>3</label><labelname>window</labelname><flag>1</flag></object><object><points><x>0.40918</x><x>0.49316</x><y>0.44661</y><y>0.55078</y></points><label>3</label><labelname>window</labelname><flag>1</flag></object><object><points><x>0.29883</x><x>0.36426</x><y>0.42969</y><y>0.47786</y></points><label>3</label><labelname>window</labelname><flag>1</flag></object><object><points><x>0.29883</x><x>0.36426</x><y>0.49479</y><y>0.54167</y></points><label>3</label><labelname>window</labelname><flag>1</flag></object><object><points><x>0.16016</x><x>0.22949</x><y>0.42839</y><y>0.54167</y></points><label>3</label><labelname>window</labelname><flag>1</flag></object><object><points><x>0.16016</x><x>0.22852</x><y>0.6263</y><y>0.67318</y></points><label>3</label><labelname>window</labelname><flag>1</flag></object><object><points><x>0.16113</x><x>0.22852</x><y>0.73438</y><y>0.78125</y></points><label>3</label><labelname>window</labelname><flag>1</flag></object><object><points><x>0.2998</x><x>0.37207</x><y>0.6263</y><y>0.67318</y></points><label>3</label><labelname>window</labelname><flag>1</flag></object><object><points><x>0.30078</x><x>0.37109</x><y>0.73438</y><y>0.78255</y></points><label>3</label><labelname>window</labelname><flag>1</flag></object><object><points><x>0.43848</x><x>0.51855</x><y>0.6276</y><y>0.67448</y></points><label>3</label><labelname>window</labelname><flag>1</flag></object><object><points><x>0.43848</x><x>0.51758</x><y>0.73568</y><y>0.78385</y></points><label>3</label><labelname>window</labelname><flag>1</flag></object><object><points><x>0.58496</x><x>0.66406</x><y>0.62891</y><y>0.67448</y></points><label>3</label><labelname>window</labelname><flag>1</flag></object><object><points><x>0.58398</x><x>0.66211</x><y>0.73698</y><y>0.78385</y></points><label>3</label><labelname>window</labelname><flag>1</flag></object><object><points><x>0.41504</x><x>0.43359</x><y>0.60677</y><y>0.69661</y></points><label>5</label><labelname>cornice</labelname><flag>1</flag></object><object><points><x>0.41602</x><x>0.43457</x><y>0.71745</y><y>0.80599</y></points><label>5</label><labelname>cornice</labelname><flag>1</flag></object><object><points><x>0.55273</x><x>0.56934</x><y>0.60677</y><y>0.69661</y></points><label>5</label><labelname>cornice</labelname><flag>1</flag></object><object><points><x>0.55371</x><x>0.56934</x><y>0.71745</y><y>0.80599</y></points><label>5</label><labelname>cornice</labelname><flag>1</flag></object><object><points><x>0.74316</x><x>0.82422</x><y>0.65365</y><y>0.70182</y></points><label>3</label><labelname>window</labelname><flag>1</flag></object><object><points><x>0.74316</x><x>0.82422</x><y>0.72005</y><y>0.76693</y></points><label>3</label><labelname>window</labelname><flag>1</flag></object><object><points><x>0.90234</x><x>0.9707</x><y>0.65755</y><y>0.77083</y></points><label>3</label><labelname>window</labelname><flag>1</flag></object><object><points><x>0.073242</x><x>0.99805</x><y>0.15625</y><y>0.82682</y></points><label>2</label><labelname>facade</labelname><flag>1</flag></object><object><points><x>0.22461</x><x>0.24512</x><y>0.18099</y><y>0.24219</y></points><label>6</label><labelname>sill</labelname><flag>1</flag></object><object><points><x>0.22656</x><x>0.24609</x><y>0.29167</y><y>0.35286</y></points><label>6</label><labelname>sill</labelname><flag>1</flag></object><object><points><x>0.22754</x><x>0.24707</x><y>0.61979</y><y>0.67969</y></points><label>6</label><labelname>sill</labelname><flag>1</flag></object><object><points><x>0.22754</x><x>0.24707</x><y>0.72917</y><y>0.79036</y></points><label>6</label><labelname>sill</labelname><flag>1</flag></object><object><points><x>0.22852</x><x>0.24707</x><y>0.42318</y><y>0.55078</y></points><label>6</label><labelname>sill</labelname><flag>1</flag></object><object><points><x>0.23535</x><x>0.3125</x><y>0.023438</y><y>0.06901</y></points><label>3</label><labelname>window</labelname><flag>1</flag></object><object><points><x>0.20508</x><x>0.27539</x><y>0.85938</y><y>0.90885</y></points><label>3</label><labelname>window</labelname><flag>1</flag></object><object><points><x>0.34375</x><x>0.41406</x><y>0.86198</y><y>0.90885</y></points><label>3</label><labelname>window</labelname><flag>1</flag></object><object><points><x>0.4873</x><x>0.56836</x><y>0.86198</y><y>0.91016</y></points><label>3</label><labelname>window</labelname><flag>1</flag></object><object><points><x>0.55078</x><x>0.56934</x><y>0.27604</y><y>0.3724</y></points><label>5</label><labelname>cornice</labelname><flag>1</flag></object><object><points><x>0.55176</x><x>0.57031</x><y>0.16797</y><y>0.26432</y></points><label>5</label><labelname>cornice</labelname><flag>1</flag></object><object><points><x>0.51562</x><x>0.55273</x><y>0.17057</y><y>0.25781</y></points><label>6</label><labelname>sill</labelname><flag>1</flag></object><object><points><x>0.51562</x><x>0.55371</x><y>0.28125</y><y>0.36849</y></points><label>6</label><labelname>sill</labelname><flag>1</flag></object><object><points><x>0.5166</x><x>0.55371</x><y>0.71745</y><y>0.80469</y></points><label>6</label><labelname>sill</labelname><flag>1</flag></object><object><points><x>0.51562</x><x>0.55371</x><y>0.60677</y><y>0.69401</y></points><label>6</label><labelname>sill</labelname><flag>1</flag></object><object><points><x>0.66211</x><x>0.68555</x><y>0.17057</y><y>0.25781</y></points><label>6</label><labelname>sill</labelname><flag>1</flag></object><object><points><x>0.66309</x><x>0.68652</x><y>0.28125</y><y>0.36719</y></points><label>6</label><labelname>sill</labelname><flag>1</flag></object><object><points><x>0.66211</x><x>0.68555</x><y>0.71875</y><y>0.80599</y></points><label>6</label><labelname>sill</labelname><flag>1</flag></object><object><points><x>0.66211</x><x>0.68555</x><y>0.60938</y><y>0.69661</y></points><label>6</label><labelname>sill</labelname><flag>1</flag></object><object><points><x>0.31055</x><x>0.3252</x><y>0.010417</y><y>0.079427</y></points><label>6</label><labelname>sill</labelname><flag>1</flag></object><object><points><x>0.20801</x><x>0.23633</x><y>0.010417</y><y>0.083333</y></points><label>5</label><labelname>cornice</labelname><flag>1</flag></object><object><points><x>0.43164</x><x>0.4834</x><y>0.84115</y><y>0.9375</y></points><label>5</label><labelname>cornice</labelname><flag>1</flag></object><object><points><x>0.28809</x><x>0.33789</x><y>0.83854</y><y>0.9362</y></points><label>5</label><labelname>cornice</labelname><flag>1</flag></object><object><points><x>0.16797</x><x>0.20703</x><y>0.83724</y><y>0.93229</y></points><label>5</label><labelname>cornice</labelname><flag>1</flag></object><object><points><x>0.56543</x><x>0.58105</x><y>0.84245</y><y>0.92969</y></points><label>6</label><labelname>sill</labelname><flag>1</flag></object><object><points><x>0.49121</x><x>0.55273</x><y>0.4375</y><y>0.5625</y></points><label>6</label><labelname>sill</labelname><flag>1</flag></object><object><points><x>0.64746</x><x>0.68359</x><y>0.4401</y><y>0.55859</y></points><label>6</label><labelname>sill</labelname><flag>1</flag></object><object><points><x>0.32422</x><x>0.36523</x><y>0.40885</y><y>0.58724</y></points><label>7</label><labelname>balcony</labelname><flag>1</flag></object><object><points><x>0.77246</x><x>0.84473</x><y>0.39714</y><y>0.55729</y></points><label>9</label><labelname>deco</labelname><flag>1</flag></object><object><points><x>0.69434</x><x>0.72168</x><y>0.16536</y><y>0.82422</y></points><label>10</label><labelname>molding</labelname><flag>1</flag></object><object><points><x>0.83984</x><x>0.86621</x><y>0.16276</y><y>0.82161</y></points><label>10</label><labelname>molding</labelname><flag>1</flag></object><object><points><x>0.88672</x><x>0.92871</x><y>0.57161</y><y>0.60026</y></points><label>12</label><labelname>shop</labelname><flag>1</flag></object>