<object><points><x>0.0024845</x><x>0.99379</x><y>0.027068</y><y>0.96541</y></points><label>2</label><labelname>facade</labelname><flag>1</flag></object><object><points><x>0.074534</x><x>0.15776</x><y>0.18195</y><y>0.24511</y></points><label>3</label><labelname>window</labelname><flag>1</flag></object><object><points><x>0.27205</x><x>0.3354</x><y>0.44662</y><y>0.50226</y></points><label>3</label><labelname>window</labelname><flag>1</flag></object><object><points><x>0.27453</x><x>0.33789</x><y>0.63759</y><y>0.69323</y></points><label>3</label><labelname>window</labelname><flag>1</flag></object><object><points><x>0.27329</x><x>0.33665</x><y>0.83158</y><y>0.88722</y></points><label>3</label><labelname>window</labelname><flag>1</flag></object><object><points><x>0.2472</x><x>0.33292</x><y>0.10827</y><y>0.13985</y></points><label>3</label><labelname>window</labelname><flag>1</flag></object><object><points><x>0.24472</x><x>0.32919</x><y>0.24962</y><y>0.29624</y></points><label>3</label><labelname>window</labelname><flag>1</flag></object><object><points><x>0.2472</x><x>0.33292</x><y>0.1594</y><y>0.23459</y></points><label>3</label><labelname>window</labelname><flag>1</flag></object><object><points><x>0.41242</x><x>0.50062</x><y>0.16241</y><y>0.23609</y></points><label>3</label><labelname>window</labelname><flag>1</flag></object><object><points><x>0.41739</x><x>0.50559</x><y>0.42256</y><y>0.49624</y></points><label>3</label><labelname>window</labelname><flag>1</flag></object><object><points><x>0.58261</x><x>0.68075</x><y>0.1594</y><y>0.2391</y></points><label>3</label><labelname>window</labelname><flag>1</flag></object><object><points><x>0.58634</x><x>0.68323</x><y>0.42105</y><y>0.49774</y></points><label>3</label><labelname>window</labelname><flag>1</flag></object><object><points><x>0.58758</x><x>0.68447</x><y>0.60902</y><y>0.68571</y></points><label>3</label><labelname>window</labelname><flag>1</flag></object><object><points><x>0.58758</x><x>0.68571</x><y>0.79549</y><y>0.87218</y></points><label>3</label><labelname>window</labelname><flag>1</flag></object><object><points><x>0.41615</x><x>0.46335</x><y>0.8</y><y>0.87218</y></points><label>3</label><labelname>window</labelname><flag>1</flag></object><object><points><x>0.41491</x><x>0.46335</x><y>0.64962</y><y>0.71579</y></points><label>3</label><labelname>window</labelname><flag>1</flag></object><object><points><x>0.41615</x><x>0.48944</x><y>0.58195</y><y>0.6391</y></points><label>3</label><labelname>window</labelname><flag>1</flag></object><object><points><x>0.75031</x><x>0.84472</x><y>0.16692</y><y>0.24361</y></points><label>3</label><labelname>window</labelname><flag>1</flag></object><object><points><x>0.75155</x><x>0.84596</x><y>0.41805</y><y>0.49474</y></points><label>3</label><labelname>window</labelname><flag>1</flag></object><object><points><x>0.7528</x><x>0.8472</x><y>0.60451</y><y>0.6812</y></points><label>3</label><labelname>window</labelname><flag>1</flag></object><object><points><x>0.75155</x><x>0.84596</x><y>0.79248</y><y>0.86917</y></points><label>3</label><labelname>window</labelname><flag>1</flag></object><object><points><x>0.91056</x><x>0.9441</x><y>0.42556</y><y>0.49624</y></points><label>3</label><labelname>window</labelname><flag>1</flag></object><object><points><x>0.90932</x><x>0.9441</x><y>0.60902</y><y>0.6797</y></points><label>3</label><labelname>window</labelname><flag>1</flag></object><object><points><x>0.90932</x><x>0.9441</x><y>0.78947</y><y>0.86015</y></points><label>3</label><labelname>window</labelname><flag>1</flag></object><object><points><x>0.90932</x><x>0.96025</x><y>0.21654</y><y>0.27519</y></points><label>3</label><labelname>window</labelname><flag>1</flag></object><object><points><x>0.90807</x><x>0.95776</x><y>0.14436</y><y>0.2015</y></points><label>3</label><labelname>window</labelname><flag>1</flag></object><object><points><x>0.36894</x><x>0.4087</x><y>0.12782</y><y>0.27218</y></points><label>5</label><labelname>cornice</labelname><flag>1</flag></object><object><points><x>0.5441</x><x>0.58882</x><y>0.38947</y><y>0.52481</y></points><label>5</label><labelname>cornice</labelname><flag>1</flag></object><object><points><x>0.54037</x><x>0.58634</x><y>0.77293</y><y>0.91429</y></points><label>5</label><labelname>cornice</labelname><flag>1</flag></object><object><points><x>0.1913</x><x>0.26832</x><y>0.43008</y><y>0.57744</y></points><label>5</label><labelname>cornice</labelname><flag>1</flag></object><object><points><x>0.18509</x><x>0.27205</x><y>0.62556</y><y>0.77143</y></points><label>5</label><labelname>cornice</labelname><flag>1</flag></object><object><points><x>0.18758</x><x>0.27329</x><y>0.81654</y><y>0.96391</y></points><label>5</label><labelname>cornice</labelname><flag>1</flag></object><object><points><x>0.0062112</x><x>0.075776</x><y>0.1609</y><y>0.30677</y></points><label>5</label><labelname>cornice</labelname><flag>1</flag></object><object><points><x>0.51677</x><x>0.62484</x><y>0.1203</y><y>0.2812</y></points><label>5</label><labelname>cornice</labelname><flag>1</flag></object><object><points><x>0.49938</x><x>0.5205</x><y>0.15338</y><y>0.24662</y></points><label>6</label><labelname>sill</labelname><flag>1</flag></object><object><points><x>0.50062</x><x>0.5205</x><y>0.41353</y><y>0.50677</y></points><label>6</label><labelname>sill</labelname><flag>1</flag></object><object><points><x>0.6795</x><x>0.70932</x><y>0.14135</y><y>0.25714</y></points><label>6</label><labelname>sill</labelname><flag>1</flag></object><object><points><x>0.68075</x><x>0.70062</x><y>0.41203</y><y>0.51429</y></points><label>6</label><labelname>sill</labelname><flag>1</flag></object><object><points><x>0.68199</x><x>0.69938</x><y>0.59549</y><y>0.69624</y></points><label>6</label><labelname>sill</labelname><flag>1</flag></object><object><points><x>0.33043</x><x>0.34907</x><y>0.096241</y><y>0.30677</y></points><label>6</label><labelname>sill</labelname><flag>1</flag></object><object><points><x>0.68075</x><x>0.70062</x><y>0.77594</y><y>0.8812</y></points><label>6</label><labelname>sill</labelname><flag>1</flag></object><object><points><x>0.84224</x><x>0.85714</x><y>0.15338</y><y>0.25564</y></points><label>6</label><labelname>sill</labelname><flag>1</flag></object><object><points><x>0.84596</x><x>0.85839</x><y>0.40902</y><y>0.50677</y></points><label>6</label><labelname>sill</labelname><flag>1</flag></object><object><points><x>0.84472</x><x>0.85714</x><y>0.59398</y><y>0.69323</y></points><label>6</label><labelname>sill</labelname><flag>1</flag></object><object><points><x>0.84348</x><x>0.85714</x><y>0.77594</y><y>0.87519</y></points><label>6</label><labelname>sill</labelname><flag>1</flag></object><object><points><x>0.45839</x><x>0.62484</x><y>0.53835</y><y>0.86767</y></points><label>7</label><labelname>balcony</labelname><flag>1</flag></object><object><points><x>0.71304</x><x>0.74037</x><y>0.075188</y><y>0.95188</y></points><label>10</label><labelname>molding</labelname><flag>1</flag></object><object><points><x>0.33416</x><x>0.42112</x><y>0.34286</y><y>0.95639</y></points><label>10</label><labelname>molding</labelname><flag>1</flag></object><object><points><x>0.25093</x><x>0.3118</x><y>0.16391</y><y>0.23158</y></points><label>8</label><labelname>blind</labelname><flag>1</flag></object><object><points><x>0.25093</x><x>0.31925</x><y>0.25113</y><y>0.28722</y></points><label>8</label><labelname>blind</labelname><flag>1</flag></object><object><points><x>0.41863</x><x>0.4472</x><y>0.16692</y><y>0.22707</y></points><label>8</label><labelname>blind</labelname><flag>1</flag></object><object><points><x>0.42236</x><x>0.44224</x><y>0.42556</y><y>0.48271</y></points><label>8</label><labelname>blind</labelname><flag>1</flag></object><object><points><x>0.58882</x><x>0.66211</x><y>0.16241</y><y>0.22857</y></points><label>8</label><labelname>blind</labelname><flag>1</flag></object><object><points><x>0.59255</x><x>0.68323</x><y>0.7985</y><y>0.85263</y></points><label>8</label><labelname>blind</labelname><flag>1</flag></object>