<object><points><x>0.0019531</x><x>0.99512</x><y>0.20554</y><y>0.7449</y></points><label>2</label><labelname>facade</labelname><flag>1</flag></object><object><points><x>0.19043</x><x>0.25586</x><y>0.42274</y><y>0.5277</y></points><label>3</label><labelname>window</labelname><flag>1</flag></object><object><points><x>0.55273</x><x>0.64062</x><y>0.43732</y><y>0.5277</y></points><label>3</label><labelname>window</labelname><flag>1</flag></object><object><points><x>0.39355</x><x>0.44727</x><y>0.44315</y><y>0.49854</y></points><label>3</label><labelname>window</labelname><flag>1</flag></object><object><points><x>0.77344</x><x>0.86328</x><y>0.85131</y><y>0.88776</y></points><label>3</label><labelname>window</labelname><flag>1</flag></object><object><points><x>0.77441</x><x>0.86328</x><y>0.8965</y><y>0.93294</y></points><label>3</label><labelname>window</labelname><flag>1</flag></object><object><points><x>0.76758</x><x>0.88574</x><y>0.49271</y><y>0.52187</y></points><label>3</label><labelname>window</labelname><flag>1</flag></object><object><points><x>0.76465</x><x>0.88574</x><y>0.45773</y><y>0.48834</y></points><label>3</label><labelname>window</labelname><flag>1</flag></object><object><points><x>0.051758</x><x>0.083008</x><y>0.41108</y><y>0.49563</y></points><label>3</label><labelname>window</labelname><flag>1</flag></object><object><points><x>0.13086</x><x>0.21484</x><y>0.3965</y><y>0.55102</y></points><label>9</label><labelname>deco</labelname><flag>1</flag></object><object><points><x>0.47168</x><x>0.5957</x><y>0.3863</y><y>0.57872</y></points><label>9</label><labelname>deco</labelname><flag>1</flag></object><object><points><x>0.66699</x><x>0.80859</x><y>0.41691</y><y>0.56997</y></points><label>5</label><labelname>cornice</labelname><flag>1</flag></object><object><points><x>0.90723</x><x>0.95312</x><y>0.45627</y><y>0.53644</y></points><label>9</label><labelname>deco</labelname><flag>1</flag></object><object><points><x>0.9043</x><x>0.92188</x><y>0.57289</y><y>0.65889</y></points><label>9</label><labelname>deco</labelname><flag>1</flag></object><object><points><x>0.90332</x><x>0.92383</x><y>0.66618</y><y>0.74052</y></points><label>9</label><labelname>deco</labelname><flag>1</flag></object><object><points><x>0.90137</x><x>0.91992</x><y>0.31778</y><y>0.40671</y></points><label>9</label><labelname>deco</labelname><flag>1</flag></object><object><points><x>0.90137</x><x>0.91699</x><y>0.24344</y><y>0.31195</y></points><label>9</label><labelname>deco</labelname><flag>1</flag></object><object><points><x>0.7832</x><x>0.93457</x><y>0.207</y><y>0.2449</y></points><label>9</label><labelname>deco</labelname><flag>1</flag></object><object><points><x>0.029297</x><x>0.12988</x><y>0.24052</y><y>0.70408</y></points><label>7</label><labelname>balcony</labelname><flag>1</flag></object><object><points><x>0.125</x><x>0.16992</x><y>0.21283</y><y>0.73761</y></points><label>10</label><labelname>molding</labelname><flag>1</flag></object><object><points><x>0.46582</x><x>0.55078</x><y>0.21137</y><y>0.73761</y></points><label>10</label><labelname>molding</labelname><flag>1</flag></object><object><points><x>0.8916</x><x>0.91504</x><y>0.21137</y><y>0.73907</y></points><label>10</label><labelname>molding</labelname><flag>1</flag></object><object><points><x>0.18945</x><x>0.44238</x><y>0.32362</y><y>0.38192</y></points><label>11</label><labelname>pillar</labelname><flag>1</flag></object><object><points><x>0.18945</x><x>0.44238</x><y>0.23178</y><y>0.29009</y></points><label>11</label><labelname>pillar</labelname><flag>1</flag></object><object><points><x>0.19141</x><x>0.44434</x><y>0.57143</y><y>0.62974</y></points><label>11</label><labelname>pillar</labelname><flag>1</flag></object><object><points><x>0.19043</x><x>0.44434</x><y>0.66327</y><y>0.72157</y></points><label>11</label><labelname>pillar</labelname><flag>1</flag></object><object><points><x>0.5625</x><x>0.87109</x><y>0.58017</y><y>0.63994</y></points><label>11</label><labelname>pillar</labelname><flag>1</flag></object><object><points><x>0.56152</x><x>0.86914</x><y>0.67347</y><y>0.73324</y></points><label>11</label><labelname>pillar</labelname><flag>1</flag></object><object><points><x>0.55859</x><x>0.86719</x><y>0.32945</y><y>0.38921</y></points><label>11</label><labelname>pillar</labelname><flag>1</flag></object><object><points><x>0.55859</x><x>0.86816</x><y>0.2449</y><y>0.29592</y></points><label>11</label><labelname>pillar</labelname><flag>1</flag></object><object><points><x>0.44238</x><x>0.46191</x><y>0.22449</y><y>0.29592</y></points><label>11</label><labelname>pillar</labelname><flag>1</flag></object><object><points><x>0.44238</x><x>0.46191</x><y>0.31633</y><y>0.38776</y></points><label>11</label><labelname>pillar</labelname><flag>1</flag></object><object><points><x>0.44434</x><x>0.46387</x><y>0.56706</y><y>0.63848</y></points><label>11</label><labelname>pillar</labelname><flag>1</flag></object><object><points><x>0.44434</x><x>0.4668</x><y>0.65743</y><y>0.72886</y></points><label>11</label><labelname>pillar</labelname><flag>1</flag></object><object><points><x>0.87109</x><x>0.90332</x><y>0.5758</y><y>0.64431</y></points><label>11</label><labelname>pillar</labelname><flag>1</flag></object><object><points><x>0.86914</x><x>0.90332</x><y>0.6691</y><y>0.73761</y></points><label>11</label><labelname>pillar</labelname><flag>1</flag></object><object><points><x>0.86719</x><x>0.90234</x><y>0.32216</y><y>0.39504</y></points><label>11</label><labelname>pillar</labelname><flag>1</flag></object><object><points><x>0.86816</x><x>0.90137</x><y>0.2449</y><y>0.30321</y></points><label>11</label><labelname>pillar</labelname><flag>1</flag></object><object><points><x>0.53906</x><x>0.56152</x><y>0.65889</y><y>0.74052</y></points><label>11</label><labelname>pillar</labelname><flag>1</flag></object><object><points><x>0.54004</x><x>0.5625</x><y>0.56997</y><y>0.6516</y></points><label>11</label><labelname>pillar</labelname><flag>1</flag></object><object><points><x>0.53613</x><x>0.55859</x><y>0.31487</y><y>0.3965</y></points><label>11</label><labelname>pillar</labelname><flag>1</flag></object><object><points><x>0.53711</x><x>0.55957</x><y>0.22886</y><y>0.3105</y></points><label>11</label><labelname>pillar</labelname><flag>1</flag></object><object><points><x>0.16699</x><x>0.18945</x><y>0.31778</y><y>0.38776</y></points><label>11</label><labelname>pillar</labelname><flag>1</flag></object><object><points><x>0.16699</x><x>0.18945</x><y>0.22741</y><y>0.29592</y></points><label>11</label><labelname>pillar</labelname><flag>1</flag></object><object><points><x>0.16895</x><x>0.19141</x><y>0.5656</y><y>0.63557</y></points><label>11</label><labelname>pillar</labelname><flag>1</flag></object><object><points><x>0.16797</x><x>0.19043</x><y>0.65743</y><y>0.72741</y></points><label>11</label><labelname>pillar</labelname><flag>1</flag></object><object><points><x>0.78125</x><x>0.86328</x><y>0.79155</y><y>0.82507</y></points><label>9</label><labelname>deco</labelname><flag>1</flag></object><object><points><x>0.9248</x><x>0.99414</x><y>0.69825</y><y>0.74052</y></points><label>9</label><labelname>deco</labelname><flag>1</flag></object><object><points><x>0.68945</x><x>0.74219</x><y>0.79883</y><y>0.98688</y></points><label>9</label><labelname>deco</labelname><flag>1</flag></object><object><points><x>0.52051</x><x>0.64551</x><y>0.90962</y><y>0.98105</y></points><label>9</label><labelname>deco</labelname><flag>1</flag></object>