<object><points><x>0.069405</x><x>0.95609</x><y>0.16016</y><y>0.95703</y></points><label>2</label><labelname>facade</labelname><flag>1</flag></object><object><points><x>0.12323</x><x>0.1983</x><y>0.17969</y><y>0.23828</y></points><label>3</label><labelname>window</labelname><flag>1</flag></object><object><points><x>0.12323</x><x>0.1983</x><y>0.2666</y><y>0.3252</y></points><label>3</label><labelname>window</labelname><flag>1</flag></object><object><points><x>0.12323</x><x>0.1983</x><y>0.35352</y><y>0.41211</y></points><label>3</label><labelname>window</labelname><flag>1</flag></object><object><points><x>0.12465</x><x>0.1983</x><y>0.44141</y><y>0.49902</y></points><label>3</label><labelname>window</labelname><flag>1</flag></object><object><points><x>0.12465</x><x>0.1983</x><y>0.52832</y><y>0.58691</y></points><label>3</label><labelname>window</labelname><flag>1</flag></object><object><points><x>0.12465</x><x>0.1983</x><y>0.61816</y><y>0.67676</y></points><label>3</label><labelname>window</labelname><flag>1</flag></object><object><points><x>0.28895</x><x>0.3711</x><y>0.19434</y><y>0.21191</y></points><label>3</label><labelname>window</labelname><flag>1</flag></object><object><points><x>0.28754</x><x>0.36969</x><y>0.21875</y><y>0.23633</y></points><label>3</label><labelname>window</labelname><flag>1</flag></object><object><points><x>0.28895</x><x>0.3711</x><y>0.28125</y><y>0.29883</y></points><label>3</label><labelname>window</labelname><flag>1</flag></object><object><points><x>0.28895</x><x>0.3711</x><y>0.30469</y><y>0.32227</y></points><label>3</label><labelname>window</labelname><flag>1</flag></object><object><points><x>0.28895</x><x>0.3711</x><y>0.36816</y><y>0.38574</y></points><label>3</label><labelname>window</labelname><flag>1</flag></object><object><points><x>0.28895</x><x>0.3711</x><y>0.39258</y><y>0.41016</y></points><label>3</label><labelname>window</labelname><flag>1</flag></object><object><points><x>0.28895</x><x>0.36969</x><y>0.45312</y><y>0.4707</y></points><label>3</label><labelname>window</labelname><flag>1</flag></object><object><points><x>0.28895</x><x>0.36969</x><y>0.47852</y><y>0.49609</y></points><label>3</label><labelname>window</labelname><flag>1</flag></object><object><points><x>0.28895</x><x>0.36969</x><y>0.54004</y><y>0.55859</y></points><label>3</label><labelname>window</labelname><flag>1</flag></object><object><points><x>0.28895</x><x>0.3711</x><y>0.56348</y><y>0.58301</y></points><label>3</label><labelname>window</labelname><flag>1</flag></object><object><points><x>0.28895</x><x>0.3711</x><y>0.6582</y><y>0.67773</y></points><label>3</label><labelname>window</labelname><flag>1</flag></object><object><points><x>0.28895</x><x>0.3711</x><y>0.68359</y><y>0.70312</y></points><label>3</label><labelname>window</labelname><flag>1</flag></object><object><points><x>0.28895</x><x>0.3711</x><y>0.70801</y><y>0.72754</y></points><label>3</label><labelname>window</labelname><flag>1</flag></object><object><points><x>0.28895</x><x>0.3711</x><y>0.81738</y><y>0.83594</y></points><label>3</label><labelname>window</labelname><flag>1</flag></object><object><points><x>0.28895</x><x>0.3711</x><y>0.8418</y><y>0.86035</y></points><label>3</label><labelname>window</labelname><flag>1</flag></object><object><points><x>0.28895</x><x>0.3711</x><y>0.89258</y><y>0.91211</y></points><label>3</label><labelname>window</labelname><flag>1</flag></object><object><points><x>0.28895</x><x>0.3711</x><y>0.91797</y><y>0.9375</y></points><label>3</label><labelname>window</labelname><flag>1</flag></object><object><points><x>0.44759</x><x>0.54816</x><y>0.19141</y><y>0.2334</y></points><label>3</label><labelname>window</labelname><flag>1</flag></object><object><points><x>0.44759</x><x>0.54816</x><y>0.27734</y><y>0.31934</y></points><label>3</label><labelname>window</labelname><flag>1</flag></object><object><points><x>0.44759</x><x>0.54816</x><y>0.36426</y><y>0.40625</y></points><label>3</label><labelname>window</labelname><flag>1</flag></object><object><points><x>0.44759</x><x>0.54816</x><y>0.4502</y><y>0.49219</y></points><label>3</label><labelname>window</labelname><flag>1</flag></object><object><points><x>0.44901</x><x>0.54816</x><y>0.53809</y><y>0.58008</y></points><label>3</label><labelname>window</labelname><flag>1</flag></object><object><points><x>0.45042</x><x>0.55099</x><y>0.81641</y><y>0.85938</y></points><label>3</label><labelname>window</labelname><flag>1</flag></object><object><points><x>0.45042</x><x>0.54958</x><y>0.89355</y><y>0.93652</y></points><label>3</label><labelname>window</labelname><flag>1</flag></object><object><points><x>0.63456</x><x>0.71955</x><y>0.89453</y><y>0.93359</y></points><label>3</label><labelname>window</labelname><flag>1</flag></object><object><points><x>0.63314</x><x>0.71955</x><y>0.81836</y><y>0.85645</y></points><label>3</label><labelname>window</labelname><flag>1</flag></object><object><points><x>0.63173</x><x>0.71813</x><y>0.53809</y><y>0.57617</y></points><label>3</label><labelname>window</labelname><flag>1</flag></object><object><points><x>0.63031</x><x>0.71671</x><y>0.45117</y><y>0.48926</y></points><label>3</label><labelname>window</labelname><flag>1</flag></object><object><points><x>0.63031</x><x>0.71671</x><y>0.36426</y><y>0.40332</y></points><label>3</label><labelname>window</labelname><flag>1</flag></object><object><points><x>0.63173</x><x>0.71813</x><y>0.27832</y><y>0.31641</y></points><label>3</label><labelname>window</labelname><flag>1</flag></object><object><points><x>0.63173</x><x>0.71813</x><y>0.19043</y><y>0.22949</y></points><label>3</label><labelname>window</labelname><flag>1</flag></object><object><points><x>0.43768</x><x>0.52833</x><y>0.65234</y><y>0.67383</y></points><label>3</label><labelname>window</labelname><flag>1</flag></object><object><points><x>0.43768</x><x>0.52833</x><y>0.61621</y><y>0.6377</y></points><label>3</label><labelname>window</labelname><flag>1</flag></object><object><points><x>0.43768</x><x>0.52833</x><y>0.68848</y><y>0.70996</y></points><label>3</label><labelname>window</labelname><flag>1</flag></object><object><points><x>0.43768</x><x>0.52833</x><y>0.72363</y><y>0.74609</y></points><label>3</label><labelname>window</labelname><flag>1</flag></object><object><points><x>0.63456</x><x>0.71671</x><y>0.62891</y><y>0.65039</y></points><label>3</label><labelname>window</labelname><flag>1</flag></object><object><points><x>0.63456</x><x>0.71671</x><y>0.66406</y><y>0.68555</y></points><label>3</label><labelname>window</labelname><flag>1</flag></object><object><points><x>0.63456</x><x>0.71671</x><y>0.69824</y><y>0.7207</y></points><label>3</label><labelname>window</labelname><flag>1</flag></object><object><points><x>0.63456</x><x>0.71813</x><y>0.7334</y><y>0.75586</y></points><label>3</label><labelname>window</labelname><flag>1</flag></object><object><points><x>0.80028</x><x>0.90368</x><y>0.18066</y><y>0.23828</y></points><label>3</label><labelname>window</labelname><flag>1</flag></object><object><points><x>0.79887</x><x>0.90368</x><y>0.26758</y><y>0.3252</y></points><label>3</label><labelname>window</labelname><flag>1</flag></object><object><points><x>0.79887</x><x>0.90368</x><y>0.35449</y><y>0.41211</y></points><label>3</label><labelname>window</labelname><flag>1</flag></object><object><points><x>0.79745</x><x>0.90368</x><y>0.44043</y><y>0.49805</y></points><label>3</label><labelname>window</labelname><flag>1</flag></object><object><points><x>0.79887</x><x>0.9051</x><y>0.52637</y><y>0.58398</y></points><label>3</label><labelname>window</labelname><flag>1</flag></object><object><points><x>0.8017</x><x>0.9051</x><y>0.8252</y><y>0.92773</y></points><label>3</label><labelname>window</labelname><flag>1</flag></object><object><points><x>0.79887</x><x>0.90368</x><y>0.63867</y><y>0.74121</y></points><label>3</label><labelname>window</labelname><flag>1</flag></object><object><points><x>0.54391</x><x>0.55949</x><y>0.18164</y><y>0.2373</y></points><label>6</label><labelname>sill</labelname><flag>1</flag></object><object><points><x>0.54533</x><x>0.55949</x><y>0.26758</y><y>0.32324</y></points><label>6</label><labelname>sill</labelname><flag>1</flag></object><object><points><x>0.54533</x><x>0.55949</x><y>0.35547</y><y>0.41113</y></points><label>6</label><labelname>sill</labelname><flag>1</flag></object><object><points><x>0.54533</x><x>0.55949</x><y>0.44141</y><y>0.49707</y></points><label>6</label><labelname>sill</labelname><flag>1</flag></object><object><points><x>0.54533</x><x>0.56091</x><y>0.5293</y><y>0.58496</y></points><label>6</label><labelname>sill</labelname><flag>1</flag></object><object><points><x>0.54816</x><x>0.56232</x><y>0.80957</y><y>0.86523</y></points><label>6</label><labelname>sill</labelname><flag>1</flag></object><object><points><x>0.54816</x><x>0.56232</x><y>0.88672</y><y>0.94238</y></points><label>6</label><labelname>sill</labelname><flag>1</flag></object><object><points><x>0.45184</x><x>0.49008</x><y>0.20215</y><y>0.23242</y></points><label>8</label><labelname>blind</labelname><flag>1</flag></object><object><points><x>0.45326</x><x>0.46459</x><y>0.28711</y><y>0.31934</y></points><label>8</label><labelname>blind</labelname><flag>1</flag></object><object><points><x>0.45467</x><x>0.47875</x><y>0.37305</y><y>0.40625</y></points><label>8</label><labelname>blind</labelname><flag>1</flag></object><object><points><x>0.45326</x><x>0.53824</x><y>0.45801</y><y>0.49121</y></points><label>8</label><labelname>blind</labelname><flag>1</flag></object><object><points><x>0.45467</x><x>0.46459</x><y>0.54492</y><y>0.5791</y></points><label>8</label><labelname>blind</labelname><flag>1</flag></object><object><points><x>0.43909</x><x>0.49433</x><y>0.61719</y><y>0.63672</y></points><label>8</label><labelname>blind</labelname><flag>1</flag></object><object><points><x>0.63456</x><x>0.65439</x><y>0.62988</y><y>0.65039</y></points><label>8</label><labelname>blind</labelname><flag>1</flag></object><object><points><x>0.63456</x><x>0.65439</x><y>0.66504</y><y>0.68457</y></points><label>8</label><labelname>blind</labelname><flag>1</flag></object><object><points><x>0.63456</x><x>0.64306</x><y>0.73438</y><y>0.75488</y></points><label>8</label><labelname>blind</labelname><flag>1</flag></object><object><points><x>0.63173</x><x>0.65014</x><y>0.37109</y><y>0.40234</y></points><label>8</label><labelname>blind</labelname><flag>1</flag></object><object><points><x>0.41218</x><x>0.43201</x><y>0.61035</y><y>0.63672</y></points><label>9</label><labelname>deco</labelname><flag>1</flag></object><object><points><x>0.41218</x><x>0.43201</x><y>0.64648</y><y>0.67383</y></points><label>9</label><labelname>deco</labelname><flag>1</flag></object><object><points><x>0.41076</x><x>0.43059</x><y>0.68262</y><y>0.70996</y></points><label>9</label><labelname>deco</labelname><flag>1</flag></object><object><points><x>0.41076</x><x>0.43201</x><y>0.71875</y><y>0.74609</y></points><label>9</label><labelname>deco</labelname><flag>1</flag></object><object><points><x>0.60198</x><x>0.66856</x><y>0.74414</y><y>0.76758</y></points><label>9</label><labelname>deco</labelname><flag>1</flag></object><object><points><x>0.6034</x><x>0.66856</x><y>0.70703</y><y>0.72949</y></points><label>9</label><labelname>deco</labelname><flag>1</flag></object><object><points><x>0.60482</x><x>0.66572</x><y>0.66992</y><y>0.69629</y></points><label>9</label><labelname>deco</labelname><flag>1</flag></object><object><points><x>0.6034</x><x>0.66572</x><y>0.63477</y><y>0.66113</y></points><label>9</label><labelname>deco</labelname><flag>1</flag></object><object><points><x>0.60482</x><x>0.66714</x><y>0.59766</y><y>0.62402</y></points><label>9</label><labelname>deco</labelname><flag>1</flag></object><object><points><x>0.27054</x><x>0.28754</x><y>0.53418</y><y>0.55957</y></points><label>5</label><labelname>cornice</labelname><flag>1</flag></object><object><points><x>0.27195</x><x>0.28895</x><y>0.55957</y><y>0.58398</y></points><label>5</label><labelname>cornice</labelname><flag>1</flag></object><object><points><x>0.27054</x><x>0.28895</x><y>0.47266</y><y>0.49609</y></points><label>5</label><labelname>cornice</labelname><flag>1</flag></object><object><points><x>0.27054</x><x>0.28895</x><y>0.44727</y><y>0.47266</y></points><label>5</label><labelname>cornice</labelname><flag>1</flag></object><object><points><x>0.23088</x><x>0.27195</x><y>0.16406</y><y>0.95508</y></points><label>10</label><labelname>molding</labelname><flag>1</flag></object><object><points><x>0.35977</x><x>0.38669</x><y>0.16406</y><y>0.94727</y></points><label>10</label><labelname>molding</labelname><flag>1</flag></object><object><points><x>0.70963</x><x>0.73513</x><y>0.16504</y><y>0.95312</y></points><label>10</label><labelname>molding</labelname><flag>1</flag></object><object><points><x>0.44476</x><x>0.53541</x><y>0.74609</y><y>0.75488</y></points><label>11</label><labelname>pillar</labelname><flag>1</flag></object><object><points><x>0.44334</x><x>0.53399</x><y>0.70996</y><y>0.71875</y></points><label>11</label><labelname>pillar</labelname><flag>1</flag></object><object><points><x>0.44334</x><x>0.53399</x><y>0.67383</y><y>0.68262</y></points><label>11</label><labelname>pillar</labelname><flag>1</flag></object><object><points><x>0.44476</x><x>0.53399</x><y>0.63672</y><y>0.64648</y></points><label>11</label><labelname>pillar</labelname><flag>1</flag></object><object><points><x>0.44334</x><x>0.53399</x><y>0.60059</y><y>0.60938</y></points><label>11</label><labelname>pillar</labelname><flag>1</flag></object><object><points><x>0.53541</x><x>0.58782</x><y>0.74512</y><y>0.75684</y></points><label>11</label><labelname>pillar</labelname><flag>1</flag></object><object><points><x>0.53399</x><x>0.56091</x><y>0.70801</y><y>0.72168</y></points><label>11</label><labelname>pillar</labelname><flag>1</flag></object><object><points><x>0.53399</x><x>0.5864</x><y>0.67188</y><y>0.68359</y></points><label>11</label><labelname>pillar</labelname><flag>1</flag></object><object><points><x>0.53399</x><x>0.56091</x><y>0.63477</y><y>0.64941</y></points><label>11</label><labelname>pillar</labelname><flag>1</flag></object><object><points><x>0.53399</x><x>0.5864</x><y>0.59863</y><y>0.61035</y></points><label>11</label><labelname>pillar</labelname><flag>1</flag></object><object><points><x>0.43201</x><x>0.44476</x><y>0.74512</y><y>0.75586</y></points><label>11</label><labelname>pillar</labelname><flag>1</flag></object><object><points><x>0.43201</x><x>0.44476</x><y>0.70898</y><y>0.71973</y></points><label>11</label><labelname>pillar</labelname><flag>1</flag></object><object><points><x>0.43201</x><x>0.44334</x><y>0.67285</y><y>0.68359</y></points><label>11</label><labelname>pillar</labelname><flag>1</flag></object><object><points><x>0.43201</x><x>0.44476</x><y>0.63672</y><y>0.64746</y></points><label>11</label><labelname>pillar</labelname><flag>1</flag></object><object><points><x>0.43201</x><x>0.44334</x><y>0.59863</y><y>0.61035</y></points><label>11</label><labelname>pillar</labelname><flag>1</flag></object>