<object><points><x>0.18195</x><x>0.99704</x><y>0.72461</y><y>0.99902</y></points><label>2</label><labelname>facade</labelname><flag>1</flag></object><object><points><x>0.35947</x><x>0.44231</x><y>0.27051</y><y>0.30566</y></points><label>3</label><labelname>window</labelname><flag>1</flag></object><object><points><x>0.35799</x><x>0.44083</x><y>0.34961</y><y>0.38574</y></points><label>3</label><labelname>window</labelname><flag>1</flag></object><object><points><x>0.35799</x><x>0.44083</x><y>0.43066</y><y>0.46582</y></points><label>3</label><labelname>window</labelname><flag>1</flag></object><object><points><x>0.56213</x><x>0.69231</x><y>0.42969</y><y>0.46387</y></points><label>3</label><labelname>window</labelname><flag>1</flag></object><object><points><x>0.56213</x><x>0.69231</x><y>0.34863</y><y>0.38281</y></points><label>3</label><labelname>window</labelname><flag>1</flag></object><object><points><x>0.56213</x><x>0.69231</x><y>0.26758</y><y>0.30176</y></points><label>3</label><labelname>window</labelname><flag>1</flag></object><object><points><x>0.56065</x><x>0.69083</x><y>0.51367</y><y>0.54688</y></points><label>3</label><labelname>window</labelname><flag>1</flag></object><object><points><x>0.55325</x><x>0.68787</x><y>0.58984</y><y>0.62402</y></points><label>3</label><labelname>window</labelname><flag>1</flag></object><object><points><x>0.55178</x><x>0.68491</x><y>0.66797</y><y>0.70215</y></points><label>3</label><labelname>window</labelname><flag>1</flag></object><object><points><x>0.33876</x><x>0.4645</x><y>0.51562</y><y>0.55273</y></points><label>3</label><labelname>window</labelname><flag>1</flag></object><object><points><x>0.3358</x><x>0.46154</x><y>0.5918</y><y>0.62891</y></points><label>3</label><labelname>window</labelname><flag>1</flag></object><object><points><x>0.33284</x><x>0.45858</x><y>0.66602</y><y>0.70312</y></points><label>3</label><labelname>window</labelname><flag>1</flag></object><object><points><x>0.10651</x><x>0.24408</x><y>0.52344</y><y>0.70312</y></points><label>3</label><labelname>window</labelname><flag>1</flag></object><object><points><x>0.30178</x><x>0.43787</x><y>0.75977</y><y>0.79688</y></points><label>3</label><labelname>window</labelname><flag>1</flag></object><object><points><x>0.30473</x><x>0.44231</x><y>0.84668</y><y>0.88379</y></points><label>3</label><labelname>window</labelname><flag>1</flag></object><object><points><x>0.30325</x><x>0.44083</x><y>0.93262</y><y>0.96973</y></points><label>3</label><labelname>window</labelname><flag>1</flag></object><object><points><x>0.54438</x><x>0.68047</x><y>0.93457</y><y>0.97168</y></points><label>3</label><labelname>window</labelname><flag>1</flag></object><object><points><x>0.54734</x><x>0.68491</x><y>0.84668</y><y>0.88379</y></points><label>3</label><labelname>window</labelname><flag>1</flag></object><object><points><x>0.54882</x><x>0.68491</x><y>0.75684</y><y>0.79395</y></points><label>3</label><labelname>window</labelname><flag>1</flag></object><object><points><x>0.0029586</x><x>0.99852</x><y>0.48828</y><y>0.72363</y></points><label>2</label><labelname>facade</labelname><flag>1</flag></object><object><points><x>0.27071</x><x>1</x><y>0.23633</y><y>0.48926</y></points><label>2</label><labelname>facade</labelname><flag>1</flag></object><object><points><x>0.27811</x><x>0.99852</x><y>0.0029297</y><y>0.23438</y></points><label>2</label><labelname>facade</labelname><flag>1</flag></object><object><points><x>0.55178</x><x>0.68047</x><y>0.18457</y><y>0.21582</y></points><label>3</label><labelname>window</labelname><flag>1</flag></object><object><points><x>0.55325</x><x>0.68195</x><y>0.10645</y><y>0.1377</y></points><label>3</label><labelname>window</labelname><flag>1</flag></object><object><points><x>0.55473</x><x>0.68343</x><y>0.030273</y><y>0.061523</y></points><label>3</label><labelname>window</labelname><flag>1</flag></object><object><points><x>0.35799</x><x>0.44822</x><y>0.18555</y><y>0.2168</y></points><label>3</label><labelname>window</labelname><flag>1</flag></object><object><points><x>0.36095</x><x>0.45118</x><y>0.11035</y><y>0.14062</y></points><label>3</label><labelname>window</labelname><flag>1</flag></object><object><points><x>0.36391</x><x>0.45266</x><y>0.032227</y><y>0.063477</y></points><label>3</label><labelname>window</labelname><flag>1</flag></object><object><points><x>0.85207</x><x>0.99704</x><y>0.67871</y><y>0.70801</y></points><label>4</label><labelname>door</labelname><flag>1</flag></object><object><points><x>0.80917</x><x>0.84763</x><y>0.67871</y><y>0.70898</y></points><label>3</label><labelname>window</labelname><flag>1</flag></object><object><points><x>0.81509</x><x>0.85207</x><y>0.83105</y><y>0.89453</y></points><label>3</label><labelname>window</labelname><flag>1</flag></object><object><points><x>0.85503</x><x>0.93935</x><y>0.89941</y><y>0.91895</y></points><label>3</label><labelname>window</labelname><flag>1</flag></object><object><points><x>0.85799</x><x>0.99408</x><y>0.80664</y><y>0.8291</y></points><label>3</label><labelname>window</labelname><flag>1</flag></object><object><points><x>0.85651</x><x>0.99556</x><y>0.83203</y><y>0.89844</y></points><label>4</label><labelname>door</labelname><flag>1</flag></object><object><points><x>0.31657</x><x>0.33728</x><y>0.50391</y><y>0.55957</y></points><label>5</label><labelname>cornice</labelname><flag>1</flag></object><object><points><x>0.31509</x><x>0.3358</x><y>0.58203</y><y>0.6377</y></points><label>5</label><labelname>cornice</labelname><flag>1</flag></object><object><points><x>0.31213</x><x>0.33284</x><y>0.65723</y><y>0.71289</y></points><label>5</label><labelname>cornice</labelname><flag>1</flag></object><object><points><x>0.52811</x><x>0.54882</x><y>0.65625</y><y>0.71191</y></points><label>5</label><labelname>cornice</labelname><flag>1</flag></object><object><points><x>0.52959</x><x>0.55325</x><y>0.57715</y><y>0.63574</y></points><label>5</label><labelname>cornice</labelname><flag>1</flag></object><object><points><x>0.52959</x><x>0.55325</x><y>0.50098</y><y>0.55957</y></points><label>5</label><labelname>cornice</labelname><flag>1</flag></object><object><points><x>0.28107</x><x>0.30473</x><y>0.91992</y><y>0.97852</y></points><label>5</label><labelname>cornice</labelname><flag>1</flag></object><object><points><x>0.28254</x><x>0.30473</x><y>0.83594</y><y>0.89453</y></points><label>5</label><labelname>cornice</labelname><flag>1</flag></object><object><points><x>0.27959</x><x>0.30325</x><y>0.74707</y><y>0.80566</y></points><label>5</label><labelname>cornice</labelname><flag>1</flag></object><object><points><x>0.52515</x><x>0.54734</x><y>0.74512</y><y>0.80371</y></points><label>5</label><labelname>cornice</labelname><flag>1</flag></object><object><points><x>0.52367</x><x>0.54734</x><y>0.83496</y><y>0.89355</y></points><label>5</label><labelname>cornice</labelname><flag>1</flag></object><object><points><x>0.52367</x><x>0.54734</x><y>0.9209</y><y>0.97949</y></points><label>5</label><labelname>cornice</labelname><flag>1</flag></object><object><points><x>0.46006</x><x>0.47633</x><y>0.50781</y><y>0.55664</y></points><label>6</label><labelname>sill</labelname><flag>1</flag></object><object><points><x>0.46154</x><x>0.47781</x><y>0.58301</y><y>0.63184</y></points><label>6</label><labelname>sill</labelname><flag>1</flag></object><object><points><x>0.4571</x><x>0.47337</x><y>0.66016</y><y>0.70898</y></points><label>6</label><labelname>sill</labelname><flag>1</flag></object><object><points><x>0.68343</x><x>0.6997</x><y>0.65918</y><y>0.70801</y></points><label>6</label><labelname>sill</labelname><flag>1</flag></object><object><points><x>0.68639</x><x>0.70118</x><y>0.58301</y><y>0.63086</y></points><label>6</label><labelname>sill</labelname><flag>1</flag></object><object><points><x>0.68639</x><x>0.70266</x><y>0.50488</y><y>0.55273</y></points><label>6</label><labelname>sill</labelname><flag>1</flag></object><object><points><x>0.43343</x><x>0.44822</x><y>0.75293</y><y>0.80078</y></points><label>6</label><labelname>sill</labelname><flag>1</flag></object><object><points><x>0.68195</x><x>0.69822</x><y>0.75098</y><y>0.7998</y></points><label>6</label><labelname>sill</labelname><flag>1</flag></object><object><points><x>0.67751</x><x>0.69231</x><y>0.92676</y><y>0.97461</y></points><label>6</label><labelname>sill</labelname><flag>1</flag></object><object><points><x>0.67899</x><x>0.69379</x><y>0.84082</y><y>0.88867</y></points><label>6</label><labelname>sill</labelname><flag>1</flag></object><object><points><x>0.43343</x><x>0.4497</x><y>0.84277</y><y>0.8916</y></points><label>6</label><labelname>sill</labelname><flag>1</flag></object><object><points><x>0.43343</x><x>0.4497</x><y>0.92969</y><y>0.97754</y></points><label>6</label><labelname>sill</labelname><flag>1</flag></object><object><points><x>0.44231</x><x>0.45414</x><y>0.3457</y><y>0.38574</y></points><label>6</label><labelname>sill</labelname><flag>1</flag></object><object><points><x>0.43787</x><x>0.4497</x><y>0.42676</y><y>0.4668</y></points><label>6</label><labelname>sill</labelname><flag>1</flag></object><object><points><x>0.44379</x><x>0.4571</x><y>0.26465</y><y>0.30469</y></points><label>6</label><labelname>sill</labelname><flag>1</flag></object><object><points><x>0.69231</x><x>0.70266</x><y>0.42383</y><y>0.46387</y></points><label>6</label><labelname>sill</labelname><flag>1</flag></object><object><points><x>0.69231</x><x>0.70414</x><y>0.34277</y><y>0.38281</y></points><label>6</label><labelname>sill</labelname><flag>1</flag></object><object><points><x>0.68935</x><x>0.70118</x><y>0.26367</y><y>0.30371</y></points><label>6</label><labelname>sill</labelname><flag>1</flag></object><object><points><x>0.44675</x><x>0.45858</x><y>0.17969</y><y>0.21973</y></points><label>6</label><labelname>sill</labelname><flag>1</flag></object><object><points><x>0.4497</x><x>0.46154</x><y>0.10352</y><y>0.14355</y></points><label>6</label><labelname>sill</labelname><flag>1</flag></object><object><points><x>0.45118</x><x>0.4645</x><y>0.026367</y><y>0.066406</y></points><label>6</label><labelname>sill</labelname><flag>1</flag></object><object><points><x>0.68047</x><x>0.69231</x><y>0.025391</y><y>0.06543</y></points><label>6</label><labelname>sill</labelname><flag>1</flag></object><object><points><x>0.68195</x><x>0.69527</x><y>0.10059</y><y>0.13965</y></points><label>6</label><labelname>sill</labelname><flag>1</flag></object><object><points><x>0.67899</x><x>0.69083</x><y>0.17871</y><y>0.21777</y></points><label>6</label><labelname>sill</labelname><flag>1</flag></object><object><points><x>0.0059172</x><x>0.075444</x><y>0.49512</y><y>0.72168</y></points><label>7</label><labelname>balcony</labelname><flag>1</flag></object><object><points><x>0.27663</x><x>0.34763</x><y>0.24707</y><y>0.48438</y></points><label>10</label><labelname>molding</labelname><flag>1</flag></object><object><points><x>0.24704</x><x>0.31361</x><y>0.49414</y><y>0.71875</y></points><label>10</label><labelname>molding</labelname><flag>1</flag></object><object><points><x>0.19083</x><x>0.27959</x><y>0.73145</y><y>0.99805</y></points><label>10</label><labelname>molding</labelname><flag>1</flag></object><object><points><x>0.2145</x><x>0.27367</x><y>0.8125</y><y>0.82617</y></points><label>9</label><labelname>deco</labelname><flag>1</flag></object><object><points><x>0.21598</x><x>0.27515</x><y>0.90137</y><y>0.91504</y></points><label>9</label><labelname>deco</labelname><flag>1</flag></object><object><points><x>0.21302</x><x>0.27219</x><y>0.98047</y><y>0.99414</y></points><label>9</label><labelname>deco</labelname><flag>1</flag></object><object><points><x>0.21598</x><x>0.27663</x><y>0.7334</y><y>0.74219</y></points><label>9</label><labelname>deco</labelname><flag>1</flag></object><object><points><x>0.27071</x><x>0.31065</x><y>0.70508</y><y>0.71777</y></points><label>9</label><labelname>deco</labelname><flag>1</flag></object><object><points><x>0.27071</x><x>0.31065</x><y>0.63867</y><y>0.65137</y></points><label>9</label><labelname>deco</labelname><flag>1</flag></object><object><points><x>0.27071</x><x>0.31065</x><y>0.56055</y><y>0.57324</y></points><label>9</label><labelname>deco</labelname><flag>1</flag></object><object><points><x>0.27219</x><x>0.31213</x><y>0.49609</y><y>0.50879</y></points><label>9</label><labelname>deco</labelname><flag>1</flag></object><object><points><x>0.76627</x><x>0.99704</x><y>0.039062</y><y>0.23145</y></points><label>12</label><labelname>shop</labelname><flag>1</flag></object><object><points><x>0.70414</x><x>0.82249</x><y>0.25488</y><y>0.48633</y></points><label>12</label><labelname>shop</labelname><flag>1</flag></object><object><points><x>0.81509</x><x>1</x><y>0.24414</y><y>0.45801</y></points><label>12</label><labelname>shop</labelname><flag>1</flag></object><object><points><x>0.70266</x><x>0.86095</x><y>0.49219</y><y>0.71875</y></points><label>12</label><labelname>shop</labelname><flag>1</flag></object><object><points><x>0.86391</x><x>0.99556</x><y>0.49121</y><y>0.65723</y></points><label>12</label><labelname>shop</labelname><flag>1</flag></object><object><points><x>0.6997</x><x>0.77219</x><y>0.72656</y><y>0.99707</y></points><label>12</label><labelname>shop</labelname><flag>1</flag></object><object><points><x>0.77959</x><x>0.9926</x><y>0.73633</y><y>0.97852</y></points><label>12</label><labelname>shop</labelname><flag>1</flag></object>