<object><points><x>0.00097656</x><x>0.99512</x><y>0.040248</y><y>0.95666</y></points><label>2</label><labelname>facade</labelname><flag>1</flag></object><object><points><x>0.78418</x><x>0.90234</x><y>0.35088</y><y>0.41176</y></points><label>3</label><labelname>window</labelname><flag>1</flag></object><object><points><x>0.78516</x><x>0.90234</x><y>0.26522</y><y>0.32611</y></points><label>3</label><labelname>window</labelname><flag>1</flag></object><object><points><x>0.49707</x><x>0.62109</x><y>0.75645</y><y>0.81527</y></points><label>3</label><labelname>window</labelname><flag>1</flag></object><object><points><x>0.49805</x><x>0.62109</x><y>0.67286</y><y>0.73581</y></points><label>3</label><labelname>window</labelname><flag>1</flag></object><object><points><x>0.49805</x><x>0.62109</x><y>0.34572</y><y>0.40764</y></points><label>3</label><labelname>window</labelname><flag>1</flag></object><object><points><x>0.49707</x><x>0.62109</x><y>0.26316</y><y>0.32714</y></points><label>3</label><labelname>window</labelname><flag>1</flag></object><object><points><x>0.35938</x><x>0.40625</x><y>0.76264</y><y>0.82559</y></points><label>3</label><labelname>window</labelname><flag>1</flag></object><object><points><x>0.35938</x><x>0.41016</x><y>0.68318</y><y>0.74407</y></points><label>3</label><labelname>window</labelname><flag>1</flag></object><object><points><x>0.35938</x><x>0.4082</x><y>0.35397</y><y>0.41486</y></points><label>3</label><labelname>window</labelname><flag>1</flag></object><object><points><x>0.35938</x><x>0.40527</x><y>0.26213</y><y>0.32921</y></points><label>3</label><labelname>window</labelname><flag>1</flag></object><object><points><x>0.17578</x><x>0.23926</x><y>0.76574</y><y>0.83075</y></points><label>3</label><labelname>window</labelname><flag>1</flag></object><object><points><x>0.17383</x><x>0.24023</x><y>0.67286</y><y>0.742</y></points><label>3</label><labelname>window</labelname><flag>1</flag></object><object><points><x>0.17578</x><x>0.24121</x><y>0.35294</y><y>0.41692</y></points><label>3</label><labelname>window</labelname><flag>1</flag></object><object><points><x>0.17578</x><x>0.24023</x><y>0.26213</y><y>0.32714</y></points><label>3</label><labelname>window</labelname><flag>1</flag></object><object><points><x>0.74805</x><x>0.78027</x><y>0.24355</y><y>0.44272</y></points><label>5</label><labelname>cornice</labelname><flag>1</flag></object><object><points><x>0.0019531</x><x>0.033203</x><y>0.48504</y><y>0.51703</y></points><label>3</label><labelname>window</labelname><flag>1</flag></object><object><points><x>0.45898</x><x>0.49219</x><y>0.65325</y><y>0.85552</y></points><label>5</label><labelname>cornice</labelname><flag>1</flag></object><object><points><x>0.45898</x><x>0.49219</x><y>0.23839</y><y>0.44066</y></points><label>5</label><labelname>cornice</labelname><flag>1</flag></object><object><points><x>0.83496</x><x>0.9707</x><y>0.69247</y><y>0.78225</y></points><label>4</label><labelname>door</labelname><flag>1</flag></object><object><points><x>0.19531</x><x>0.22168</x><y>0.048504</y><y>0.24665</y></points><label>9</label><labelname>deco</labelname><flag>1</flag></object><object><points><x>0.072266</x><x>0.19141</x><y>0.044376</y><y>0.24665</y></points><label>9</label><labelname>deco</labelname><flag>1</flag></object><object><points><x>0.073242</x><x>0.19336</x><y>0.44169</y><y>0.66357</y></points><label>9</label><labelname>deco</labelname><flag>1</flag></object><object><points><x>0.071289</x><x>0.16113</x><y>0.24871</y><y>0.43756</y></points><label>9</label><labelname>deco</labelname><flag>1</flag></object><object><points><x>0.19531</x><x>0.21875</x><y>0.43447</y><y>0.66563</y></points><label>9</label><labelname>deco</labelname><flag>1</flag></object><object><points><x>0.070312</x><x>0.16016</x><y>0.66563</y><y>0.8483</y></points><label>9</label><labelname>deco</labelname><flag>1</flag></object><object><points><x>0.069336</x><x>0.19238</x><y>0.85036</y><y>0.95769</y></points><label>9</label><labelname>deco</labelname><flag>1</flag></object><object><points><x>0.19434</x><x>0.2207</x><y>0.84623</y><y>0.95562</y></points><label>9</label><labelname>deco</labelname><flag>1</flag></object><object><points><x>0.038086</x><x>0.063477</x><y>0.048504</y><y>0.95356</y></points><label>10</label><labelname>molding</labelname><flag>1</flag></object><object><points><x>0.0039062</x><x>0.041016</x><y>0.044376</y><y>0.070175</y></points><label>9</label><labelname>deco</labelname><flag>1</flag></object><object><points><x>0.0029297</x><x>0.040039</x><y>0.21981</y><y>0.24561</y></points><label>9</label><labelname>deco</labelname><flag>1</flag></object><object><points><x>0.0029297</x><x>0.040039</x><y>0.40041</y><y>0.42621</y></points><label>9</label><labelname>deco</labelname><flag>1</flag></object><object><points><x>0.0019531</x><x>0.039062</x><y>0.57998</y><y>0.60578</y></points><label>9</label><labelname>deco</labelname><flag>1</flag></object><object><points><x>0.0019531</x><x>0.039062</x><y>0.76058</y><y>0.78638</y></points><label>9</label><labelname>deco</labelname><flag>1</flag></object><object><points><x>0.0019531</x><x>0.037109</x><y>0.93808</y><y>0.95459</y></points><label>9</label><labelname>deco</labelname><flag>1</flag></object><object><points><x>0.0019531</x><x>0.037109</x><y>0.78844</y><y>0.93808</y></points><label>9</label><labelname>deco</labelname><flag>1</flag></object><object><points><x>0.0029297</x><x>0.038086</x><y>0.60888</y><y>0.75748</y></points><label>9</label><labelname>deco</labelname><flag>1</flag></object><object><points><x>0.0029297</x><x>0.037109</x><y>0.24665</y><y>0.39628</y></points><label>9</label><labelname>deco</labelname><flag>1</flag></object><object><points><x>0.0039062</x><x>0.039062</x><y>0.071207</y><y>0.21981</y></points><label>9</label><labelname>deco</labelname><flag>1</flag></object><object><points><x>0.0048828</x><x>0.038086</x><y>0.52838</y><y>0.57276</y></points><label>9</label><labelname>deco</labelname><flag>1</flag></object><object><points><x>0.0039062</x><x>0.038086</x><y>0.43137</y><y>0.47472</y></points><label>9</label><labelname>deco</labelname><flag>1</flag></object><object><points><x>0.74902</x><x>0.83105</x><y>0.67183</y><y>0.80599</y></points><label>9</label><labelname>deco</labelname><flag>1</flag></object>