<object><points><x>0.57812</x><x>0.64583</x><y>0.11133</y><y>0.13867</y></points><label>3</label><labelname>window</labelname><flag>1</flag></object><object><points><x>0.57812</x><x>0.64583</x><y>0.17285</y><y>0.19922</y></points><label>3</label><labelname>window</labelname><flag>1</flag></object><object><points><x>0.57943</x><x>0.64583</x><y>0.2334</y><y>0.25977</y></points><label>3</label><labelname>window</labelname><flag>1</flag></object><object><points><x>0.57943</x><x>0.64583</x><y>0.29395</y><y>0.32129</y></points><label>3</label><labelname>window</labelname><flag>1</flag></object><object><points><x>0.58073</x><x>0.64583</x><y>0.35352</y><y>0.38086</y></points><label>3</label><labelname>window</labelname><flag>1</flag></object><object><points><x>0.57943</x><x>0.64583</x><y>0.41406</y><y>0.44141</y></points><label>3</label><labelname>window</labelname><flag>1</flag></object><object><points><x>0.57943</x><x>0.64583</x><y>0.47461</y><y>0.50098</y></points><label>3</label><labelname>window</labelname><flag>1</flag></object><object><points><x>0.58073</x><x>0.64583</x><y>0.53418</y><y>0.56055</y></points><label>3</label><labelname>window</labelname><flag>1</flag></object><object><points><x>0.58073</x><x>0.64583</x><y>0.59375</y><y>0.62012</y></points><label>3</label><labelname>window</labelname><flag>1</flag></object><object><points><x>0.69401</x><x>0.76432</x><y>0.59473</y><y>0.62207</y></points><label>3</label><labelname>window</labelname><flag>1</flag></object><object><points><x>0.69401</x><x>0.76302</x><y>0.53418</y><y>0.5625</y></points><label>3</label><labelname>window</labelname><flag>1</flag></object><object><points><x>0.69401</x><x>0.75521</x><y>0.47559</y><y>0.50195</y></points><label>3</label><labelname>window</labelname><flag>1</flag></object><object><points><x>0.69401</x><x>0.75651</x><y>0.41406</y><y>0.44336</y></points><label>3</label><labelname>window</labelname><flag>1</flag></object><object><points><x>0.67839</x><x>0.75651</x><y>0.39551</y><y>0.41113</y></points><label>3</label><labelname>window</labelname><flag>1</flag></object><object><points><x>0.67839</x><x>0.75651</x><y>0.36816</y><y>0.3916</y></points><label>3</label><labelname>window</labelname><flag>1</flag></object><object><points><x>0.67839</x><x>0.75651</x><y>0.34863</y><y>0.36426</y></points><label>3</label><labelname>window</labelname><flag>1</flag></object><object><points><x>0.69661</x><x>0.75911</x><y>0.29492</y><y>0.32129</y></points><label>3</label><labelname>window</labelname><flag>1</flag></object><object><points><x>0.69661</x><x>0.75911</x><y>0.2334</y><y>0.26074</y></points><label>3</label><labelname>window</labelname><flag>1</flag></object><object><points><x>0.69661</x><x>0.76562</x><y>0.17285</y><y>0.2002</y></points><label>3</label><labelname>window</labelname><flag>1</flag></object><object><points><x>0.69661</x><x>0.76562</x><y>0.1123</y><y>0.13867</y></points><label>3</label><labelname>window</labelname><flag>1</flag></object><object><points><x>0.82422</x><x>0.88932</x><y>0.11133</y><y>0.13867</y></points><label>3</label><labelname>window</labelname><flag>1</flag></object><object><points><x>0.82422</x><x>0.88932</x><y>0.17285</y><y>0.2002</y></points><label>3</label><labelname>window</labelname><flag>1</flag></object><object><points><x>0.80078</x><x>0.88411</x><y>0.25391</y><y>0.31445</y></points><label>3</label><labelname>window</labelname><flag>1</flag></object><object><points><x>0.79557</x><x>0.88411</x><y>0.34961</y><y>0.41113</y></points><label>3</label><labelname>window</labelname><flag>1</flag></object><object><points><x>0.79948</x><x>0.88411</x><y>0.44434</y><y>0.50586</y></points><label>3</label><labelname>window</labelname><flag>1</flag></object><object><points><x>0.82031</x><x>0.88672</x><y>0.53516</y><y>0.5625</y></points><label>3</label><labelname>window</labelname><flag>1</flag></object><object><points><x>0.82031</x><x>0.88672</x><y>0.5957</y><y>0.62402</y></points><label>3</label><labelname>window</labelname><flag>1</flag></object><object><points><x>0.44401</x><x>0.99479</x><y>0.089844</y><y>0.64648</y></points><label>2</label><labelname>facade</labelname><flag>1</flag></object><object><points><x>0.59505</x><x>0.64844</x><y>0.67578</y><y>0.69531</y></points><label>3</label><labelname>window</labelname><flag>1</flag></object><object><points><x>0.60677</x><x>0.66016</x><y>0.72461</y><y>0.74316</y></points><label>3</label><labelname>window</labelname><flag>1</flag></object><object><points><x>0.61328</x><x>0.66667</x><y>0.76953</y><y>0.78906</y></points><label>3</label><labelname>window</labelname><flag>1</flag></object><object><points><x>0.62109</x><x>0.67448</x><y>0.81348</y><y>0.83203</y></points><label>3</label><labelname>window</labelname><flag>1</flag></object><object><points><x>0.70833</x><x>0.76693</x><y>0.67871</y><y>0.69727</y></points><label>3</label><labelname>window</labelname><flag>1</flag></object><object><points><x>0.71484</x><x>0.77344</x><y>0.72461</y><y>0.74219</y></points><label>3</label><labelname>window</labelname><flag>1</flag></object><object><points><x>0.72135</x><x>0.77995</x><y>0.77148</y><y>0.79004</y></points><label>3</label><labelname>window</labelname><flag>1</flag></object><object><points><x>0.82943</x><x>0.89323</x><y>0.72656</y><y>0.74316</y></points><label>3</label><labelname>window</labelname><flag>1</flag></object><object><points><x>0.82552</x><x>0.88932</x><y>0.67969</y><y>0.69727</y></points><label>3</label><labelname>window</labelname><flag>1</flag></object><object><points><x>0.9362</x><x>0.9987</x><y>0.67773</y><y>0.70605</y></points><label>3</label><labelname>window</labelname><flag>1</flag></object><object><points><x>0.9388</x><x>0.9974</x><y>0.72168</y><y>0.75781</y></points><label>3</label><labelname>window</labelname><flag>1</flag></object><object><points><x>0.5638</x><x>0.57943</x><y>0.1084</y><y>0.14355</y></points><label>5</label><labelname>cornice</labelname><flag>1</flag></object><object><points><x>0.5625</x><x>0.57812</x><y>0.16895</y><y>0.2041</y></points><label>5</label><labelname>cornice</labelname><flag>1</flag></object><object><points><x>0.68099</x><x>0.69141</x><y>0.47168</y><y>0.50684</y></points><label>5</label><labelname>cornice</labelname><flag>1</flag></object><object><points><x>0.68099</x><x>0.69141</x><y>0.41113</y><y>0.44629</y></points><label>5</label><labelname>cornice</labelname><flag>1</flag></object><object><points><x>0.68099</x><x>0.69401</x><y>0.29102</y><y>0.32617</y></points><label>5</label><labelname>cornice</labelname><flag>1</flag></object><object><points><x>0.68229</x><x>0.69401</x><y>0.22949</y><y>0.26465</y></points><label>5</label><labelname>cornice</labelname><flag>1</flag></object><object><points><x>0.80469</x><x>0.82031</x><y>0.10742</y><y>0.14355</y></points><label>5</label><labelname>cornice</labelname><flag>1</flag></object><object><points><x>0.80469</x><x>0.82031</x><y>0.16895</y><y>0.2041</y></points><label>5</label><labelname>cornice</labelname><flag>1</flag></object><object><points><x>0.80208</x><x>0.81771</x><y>0.59082</y><y>0.62695</y></points><label>5</label><labelname>cornice</labelname><flag>1</flag></object><object><points><x>0.80208</x><x>0.81771</x><y>0.53223</y><y>0.56836</y></points><label>5</label><labelname>cornice</labelname><flag>1</flag></object><object><points><x>0.56641</x><x>0.57682</x><y>0.22949</y><y>0.26465</y></points><label>5</label><labelname>cornice</labelname><flag>1</flag></object><object><points><x>0.56771</x><x>0.57682</x><y>0.29004</y><y>0.3252</y></points><label>5</label><labelname>cornice</labelname><flag>1</flag></object><object><points><x>0.56771</x><x>0.57682</x><y>0.46973</y><y>0.50586</y></points><label>5</label><labelname>cornice</labelname><flag>1</flag></object><object><points><x>0.56641</x><x>0.57682</x><y>0.41113</y><y>0.44629</y></points><label>5</label><labelname>cornice</labelname><flag>1</flag></object><object><points><x>0.56771</x><x>0.57682</x><y>0.34961</y><y>0.38574</y></points><label>5</label><labelname>cornice</labelname><flag>1</flag></object><object><points><x>0.69401</x><x>0.72526</x><y>0.76367</y><y>0.80664</y></points><label>5</label><labelname>cornice</labelname><flag>1</flag></object><object><points><x>0.70312</x><x>0.73438</x><y>0.80957</y><y>0.85156</y></points><label>5</label><labelname>cornice</labelname><flag>1</flag></object><object><points><x>0.6888</x><x>0.72005</x><y>0.71484</y><y>0.75781</y></points><label>5</label><labelname>cornice</labelname><flag>1</flag></object><object><points><x>0.68099</x><x>0.71224</x><y>0.66797</y><y>0.71094</y></points><label>5</label><labelname>cornice</labelname><flag>1</flag></object><object><points><x>0.79818</x><x>0.82682</x><y>0.66895</y><y>0.70703</y></points><label>5</label><labelname>cornice</labelname><flag>1</flag></object><object><points><x>0.80208</x><x>0.83073</x><y>0.7168</y><y>0.75488</y></points><label>5</label><labelname>cornice</labelname><flag>1</flag></object><object><points><x>0.80599</x><x>0.83464</x><y>0.76172</y><y>0.7998</y></points><label>5</label><labelname>cornice</labelname><flag>1</flag></object><object><points><x>0.5651</x><x>0.58073</x><y>0.5293</y><y>0.56641</y></points><label>5</label><labelname>cornice</labelname><flag>1</flag></object><object><points><x>0.5651</x><x>0.58073</x><y>0.58691</y><y>0.62402</y></points><label>5</label><labelname>cornice</labelname><flag>1</flag></object><object><points><x>0.64323</x><x>0.6901</x><y>0.10352</y><y>0.14648</y></points><label>6</label><labelname>sill</labelname><flag>1</flag></object><object><points><x>0.64453</x><x>0.69141</x><y>0.16504</y><y>0.20801</y></points><label>6</label><labelname>sill</labelname><flag>1</flag></object><object><points><x>0.64583</x><x>0.69271</x><y>0.58887</y><y>0.63281</y></points><label>6</label><labelname>sill</labelname><flag>1</flag></object><object><points><x>0.64453</x><x>0.69141</x><y>0.52637</y><y>0.56934</y></points><label>6</label><labelname>sill</labelname><flag>1</flag></object><object><points><x>0.64453</x><x>0.65755</x><y>0.4668</y><y>0.51172</y></points><label>6</label><labelname>sill</labelname><flag>1</flag></object><object><points><x>0.64583</x><x>0.65755</x><y>0.40527</y><y>0.4502</y></points><label>6</label><labelname>sill</labelname><flag>1</flag></object><object><points><x>0.64453</x><x>0.65755</x><y>0.28711</y><y>0.33203</y></points><label>6</label><labelname>sill</labelname><flag>1</flag></object><object><points><x>0.64323</x><x>0.65625</x><y>0.22559</y><y>0.27051</y></points><label>6</label><labelname>sill</labelname><flag>1</flag></object><object><points><x>0.76302</x><x>0.77734</x><y>0.10449</y><y>0.14648</y></points><label>6</label><labelname>sill</labelname><flag>1</flag></object><object><points><x>0.76302</x><x>0.77734</x><y>0.16504</y><y>0.20703</y></points><label>6</label><labelname>sill</labelname><flag>1</flag></object><object><points><x>0.76172</x><x>0.77604</x><y>0.58789</y><y>0.62988</y></points><label>6</label><labelname>sill</labelname><flag>1</flag></object><object><points><x>0.76172</x><x>0.77474</x><y>0.52734</y><y>0.56934</y></points><label>6</label><labelname>sill</labelname><flag>1</flag></object><object><points><x>0.7526</x><x>0.78906</x><y>0.21484</y><y>0.53418</y></points><label>7</label><labelname>balcony</labelname><flag>1</flag></object><object><points><x>0.46615</x><x>0.5</x><y>0.11621</y><y>0.19531</y></points><label>9</label><labelname>deco</labelname><flag>1</flag></object><object><points><x>0.46745</x><x>0.5013</x><y>0.53711</y><y>0.61621</y></points><label>9</label><labelname>deco</labelname><flag>1</flag></object><object><points><x>0.63411</x><x>0.67708</x><y>0.33887</y><y>0.42383</y></points><label>5</label><labelname>cornice</labelname><flag>1</flag></object><object><points><x>0.69922</x><x>0.73698</x><y>0.26465</y><y>0.29199</y></points><label>9</label><labelname>deco</labelname><flag>1</flag></object><object><points><x>0.69922</x><x>0.73568</x><y>0.44531</y><y>0.47266</y></points><label>9</label><labelname>deco</labelname><flag>1</flag></object><object><points><x>0.81901</x><x>0.85677</x><y>0.14062</y><y>0.16797</y></points><label>9</label><labelname>deco</labelname><flag>1</flag></object><object><points><x>0.8151</x><x>0.85286</x><y>0.56543</y><y>0.59277</y></points><label>9</label><labelname>deco</labelname><flag>1</flag></object><object><points><x>0.88281</x><x>0.9388</x><y>0.091797</y><y>0.6416</y></points><label>10</label><labelname>molding</labelname><flag>1</flag></object><object><points><x>0.95312</x><x>0.99349</x><y>0.2041</y><y>0.53516</y></points><label>12</label><labelname>shop</labelname><flag>1</flag></object><object><points><x>0.95312</x><x>0.99219</x><y>0.11328</y><y>0.19922</y></points><label>12</label><labelname>shop</labelname><flag>1</flag></object><object><points><x>0.92057</x><x>0.94922</x><y>0.28125</y><y>0.45605</y></points><label>12</label><labelname>shop</labelname><flag>1</flag></object><object><points><x>0.92188</x><x>0.94271</x><y>0.64844</y><y>0.66699</y></points><label>12</label><labelname>shop</labelname><flag>1</flag></object><object><points><x>0.96615</x><x>0.98307</x><y>0.72266</y><y>0.74805</y></points><label>12</label><labelname>shop</labelname><flag>1</flag></object><object><points><x>0.94661</x><x>0.97135</x><y>0.63281</y><y>0.64453</y></points><label>12</label><labelname>shop</labelname><flag>1</flag></object><object><points><x>0.95052</x><x>0.97135</x><y>0.7627</y><y>0.78027</y></points><label>12</label><labelname>shop</labelname><flag>1</flag></object><object><points><x>0.79036</x><x>0.8099</x><y>0.32422</y><y>0.3418</y></points><label>3</label><labelname>window</labelname><flag>1</flag></object><object><points><x>0.79036</x><x>0.8112</x><y>0.41895</y><y>0.43652</y></points><label>3</label><labelname>window</labelname><flag>1</flag></object>