<object><points><x>0.092135</x><x>0.97528</x><y>0.0016234</y><y>1</y></points><label>2</label><labelname>facade</labelname><flag>1</flag></object><object><points><x>0.20899</x><x>0.31685</x><y>0.12338</y><y>0.18994</y></points><label>3</label><labelname>window</labelname><flag>1</flag></object><object><points><x>0.20449</x><x>0.31236</x><y>0.27597</y><y>0.34253</y></points><label>3</label><labelname>window</labelname><flag>1</flag></object><object><points><x>0.42921</x><x>0.53483</x><y>0.12013</y><y>0.18831</y></points><label>3</label><labelname>window</labelname><flag>1</flag></object><object><points><x>0.42472</x><x>0.53258</x><y>0.27597</y><y>0.34416</y></points><label>3</label><labelname>window</labelname><flag>1</flag></object><object><points><x>0.20899</x><x>0.31461</x><y>0.47727</y><y>0.54383</y></points><label>3</label><labelname>window</labelname><flag>1</flag></object><object><points><x>0.21348</x><x>0.3191</x><y>0.62338</y><y>0.68994</y></points><label>3</label><labelname>window</labelname><flag>1</flag></object><object><points><x>0.22247</x><x>0.32809</x><y>0.76461</y><y>0.83117</y></points><label>3</label><labelname>window</labelname><flag>1</flag></object><object><points><x>0.23146</x><x>0.33933</x><y>0.89448</y><y>0.96266</y></points><label>3</label><labelname>window</labelname><flag>1</flag></object><object><points><x>0.42921</x><x>0.53708</x><y>0.625</y><y>0.69318</y></points><label>3</label><labelname>window</labelname><flag>1</flag></object><object><points><x>0.43596</x><x>0.54157</x><y>0.76623</y><y>0.83279</y></points><label>3</label><labelname>window</labelname><flag>1</flag></object><object><points><x>0.4427</x><x>0.54831</x><y>0.89935</y><y>0.96429</y></points><label>3</label><labelname>window</labelname><flag>1</flag></object><object><points><x>0.42697</x><x>0.53258</x><y>0.47727</y><y>0.54545</y></points><label>3</label><labelname>window</labelname><flag>1</flag></object><object><points><x>0.65169</x><x>0.7573</x><y>0.625</y><y>0.69318</y></points><label>3</label><labelname>window</labelname><flag>1</flag></object><object><points><x>0.64944</x><x>0.7573</x><y>0.7711</y><y>0.83279</y></points><label>3</label><labelname>window</labelname><flag>1</flag></object><object><points><x>0.64944</x><x>0.7573</x><y>0.90584</y><y>0.96591</y></points><label>3</label><labelname>window</labelname><flag>1</flag></object><object><points><x>0.64944</x><x>0.75506</x><y>0.11851</y><y>0.18669</y></points><label>3</label><labelname>window</labelname><flag>1</flag></object><object><points><x>0.2427</x><x>0.31685</x><y>0.024351</y><y>0.050325</y></points><label>3</label><labelname>window</labelname><flag>1</flag></object><object><points><x>0.43146</x><x>0.53483</x><y>0.022727</y><y>0.047078</y></points><label>3</label><labelname>window</labelname><flag>1</flag></object><object><points><x>0.6809</x><x>0.74831</x><y>0.035714</y><y>0.060065</y></points><label>3</label><labelname>window</labelname><flag>1</flag></object><object><points><x>0.85169</x><x>0.88989</x><y>0.78084</y><y>0.82792</y></points><label>3</label><labelname>window</labelname><flag>1</flag></object><object><points><x>0.85393</x><x>0.89438</x><y>0.63799</y><y>0.69156</y></points><label>3</label><labelname>window</labelname><flag>1</flag></object><object><points><x>0.85393</x><x>0.92809</x><y>0.16883</y><y>0.22078</y></points><label>3</label><labelname>window</labelname><flag>1</flag></object><object><points><x>0.84944</x><x>0.92584</x><y>0.084416</y><y>0.13799</y></points><label>3</label><labelname>window</labelname><flag>1</flag></object><object><points><x>0.31461</x><x>0.33034</x><y>0.01461</y><y>0.056818</y></points><label>6</label><labelname>sill</labelname><flag>1</flag></object><object><points><x>0.53034</x><x>0.54607</x><y>0.011364</y><y>0.053571</y></points><label>6</label><labelname>sill</labelname><flag>1</flag></object><object><points><x>0.30787</x><x>0.33258</x><y>0.10714</y><y>0.2013</y></points><label>6</label><labelname>sill</labelname><flag>1</flag></object><object><points><x>0.30337</x><x>0.33034</x><y>0.26299</y><y>0.35877</y></points><label>6</label><labelname>sill</labelname><flag>1</flag></object><object><points><x>0.5236</x><x>0.55056</x><y>0.10552</y><y>0.19968</y></points><label>6</label><labelname>sill</labelname><flag>1</flag></object><object><points><x>0.30562</x><x>0.33258</x><y>0.46104</y><y>0.55682</y></points><label>6</label><labelname>sill</labelname><flag>1</flag></object><object><points><x>0.31011</x><x>0.33708</x><y>0.60714</y><y>0.7013</y></points><label>6</label><labelname>sill</labelname><flag>1</flag></object><object><points><x>0.3191</x><x>0.34607</x><y>0.75325</y><y>0.8474</y></points><label>6</label><labelname>sill</labelname><flag>1</flag></object><object><points><x>0.32809</x><x>0.35506</x><y>0.89123</y><y>0.9724</y></points><label>6</label><labelname>sill</labelname><flag>1</flag></object><object><points><x>0.53258</x><x>0.55281</x><y>0.61201</y><y>0.70617</y></points><label>6</label><labelname>sill</labelname><flag>1</flag></object><object><points><x>0.53708</x><x>0.55506</x><y>0.75649</y><y>0.8474</y></points><label>6</label><labelname>sill</labelname><flag>1</flag></object><object><points><x>0.53933</x><x>0.5573</x><y>0.89448</y><y>0.97727</y></points><label>6</label><labelname>sill</labelname><flag>1</flag></object><object><points><x>0.024719</x><x>0.035955</x><y>0.029221</y><y>0.055195</y></points><label>3</label><labelname>window</labelname><flag>1</flag></object><object><points><x>0.20674</x><x>0.31461</x><y>0.089286</y><y>0.12013</y></points><label>8</label><labelname>blind</labelname><flag>1</flag></object><object><points><x>0.20449</x><x>0.31461</x><y>0.19318</y><y>0.22403</y></points><label>8</label><labelname>blind</labelname><flag>1</flag></object><object><points><x>0.20449</x><x>0.31236</x><y>0.24026</y><y>0.2711</y></points><label>8</label><labelname>blind</labelname><flag>1</flag></object><object><points><x>0.20449</x><x>0.31236</x><y>0.34578</y><y>0.38149</y></points><label>8</label><labelname>blind</labelname><flag>1</flag></object><object><points><x>0.42472</x><x>0.53258</x><y>0.34416</y><y>0.37825</y></points><label>8</label><labelname>blind</labelname><flag>1</flag></object><object><points><x>0.42697</x><x>0.52809</x><y>0.27597</y><y>0.30682</y></points><label>8</label><labelname>blind</labelname><flag>1</flag></object><object><points><x>0.42472</x><x>0.53258</x><y>0.18669</y><y>0.2224</y></points><label>8</label><labelname>blind</labelname><flag>1</flag></object><object><points><x>0.42697</x><x>0.53483</x><y>0.084416</y><y>0.11851</y></points><label>8</label><labelname>blind</labelname><flag>1</flag></object><object><points><x>0.64494</x><x>0.75506</x><y>0.081169</y><y>0.11526</y></points><label>8</label><labelname>blind</labelname><flag>1</flag></object><object><points><x>0.64494</x><x>0.75506</x><y>0.18669</y><y>0.22078</y></points><label>8</label><labelname>blind</labelname><flag>1</flag></object><object><points><x>0.20899</x><x>0.31011</x><y>0.47727</y><y>0.50812</y></points><label>8</label><labelname>blind</labelname><flag>1</flag></object><object><points><x>0.20899</x><x>0.31011</x><y>0.50812</y><y>0.54221</y></points><label>8</label><labelname>blind</labelname><flag>1</flag></object><object><points><x>0.21573</x><x>0.31461</x><y>0.62338</y><y>0.65422</y></points><label>8</label><labelname>blind</labelname><flag>1</flag></object><object><points><x>0.21573</x><x>0.31461</x><y>0.65584</y><y>0.68831</y></points><label>8</label><labelname>blind</labelname><flag>1</flag></object><object><points><x>0.22472</x><x>0.32135</x><y>0.76786</y><y>0.79708</y></points><label>8</label><labelname>blind</labelname><flag>1</flag></object><object><points><x>0.22472</x><x>0.3236</x><y>0.7987</y><y>0.82955</y></points><label>8</label><labelname>blind</labelname><flag>1</flag></object><object><points><x>0.22921</x><x>0.33034</x><y>0.86851</y><y>0.90097</y></points><label>8</label><labelname>blind</labelname><flag>1</flag></object><object><points><x>0.2382</x><x>0.33933</x><y>0.96104</y><y>0.99026</y></points><label>8</label><labelname>blind</labelname><flag>1</flag></object><object><points><x>0.4427</x><x>0.54382</x><y>0.96591</y><y>0.99513</y></points><label>8</label><labelname>blind</labelname><flag>1</flag></object><object><points><x>0.44045</x><x>0.53933</x><y>0.875</y><y>0.90422</y></points><label>8</label><labelname>blind</labelname><flag>1</flag></object><object><points><x>0.4382</x><x>0.54157</x><y>0.83442</y><y>0.86688</y></points><label>8</label><labelname>blind</labelname><flag>1</flag></object><object><points><x>0.43371</x><x>0.53708</x><y>0.73539</y><y>0.76786</y></points><label>8</label><labelname>blind</labelname><flag>1</flag></object><object><points><x>0.42921</x><x>0.53933</x><y>0.69481</y><y>0.7289</y></points><label>8</label><labelname>blind</labelname><flag>1</flag></object><object><points><x>0.42697</x><x>0.53483</x><y>0.58929</y><y>0.62338</y></points><label>8</label><labelname>blind</labelname><flag>1</flag></object><object><points><x>0.42697</x><x>0.53483</x><y>0.54708</y><y>0.58117</y></points><label>8</label><labelname>blind</labelname><flag>1</flag></object><object><points><x>0.42472</x><x>0.53258</x><y>0.43831</y><y>0.4724</y></points><label>8</label><labelname>blind</labelname><flag>1</flag></object><object><points><x>0.65169</x><x>0.75281</x><y>0.96916</y><y>0.99838</y></points><label>8</label><labelname>blind</labelname><flag>1</flag></object><object><points><x>0.64944</x><x>0.75281</x><y>0.87338</y><y>0.90747</y></points><label>8</label><labelname>blind</labelname><flag>1</flag></object><object><points><x>0.64719</x><x>0.75506</x><y>0.83604</y><y>0.86851</y></points><label>8</label><labelname>blind</labelname><flag>1</flag></object><object><points><x>0.64944</x><x>0.75506</x><y>0.73539</y><y>0.76948</y></points><label>8</label><labelname>blind</labelname><flag>1</flag></object><object><points><x>0.64719</x><x>0.7573</x><y>0.69481</y><y>0.73052</y></points><label>8</label><labelname>blind</labelname><flag>1</flag></object><object><points><x>0.64719</x><x>0.75506</x><y>0.58766</y><y>0.62338</y></points><label>8</label><labelname>blind</labelname><flag>1</flag></object><object><points><x>0.64494</x><x>0.7573</x><y>0.54708</y><y>0.58279</y></points><label>8</label><labelname>blind</labelname><flag>1</flag></object><object><points><x>0.098876</x><x>0.19326</x><y>0.0048701</y><y>0.99675</y></points><label>10</label><labelname>molding</labelname><flag>1</flag></object><object><points><x>0.74382</x><x>0.77753</x><y>0.0097403</y><y>0.99351</y></points><label>10</label><labelname>molding</labelname><flag>1</flag></object>