<object><points><x>0.2373</x><x>0.30566</x><y>0.4122</y><y>0.48244</y></points><label>3</label><labelname>window</labelname><flag>1</flag></object><object><points><x>0.2373</x><x>0.30566</x><y>0.55823</y><y>0.63216</y></points><label>3</label><labelname>window</labelname><flag>1</flag></object><object><points><x>0.38672</x><x>0.46094</x><y>0.4085</y><y>0.48059</y></points><label>3</label><labelname>window</labelname><flag>1</flag></object><object><points><x>0.38672</x><x>0.46094</x><y>0.55823</y><y>0.63031</y></points><label>3</label><labelname>window</labelname><flag>1</flag></object><object><points><x>0.54492</x><x>0.62012</x><y>0.40665</y><y>0.48429</y></points><label>3</label><labelname>window</labelname><flag>1</flag></object><object><points><x>0.54492</x><x>0.64062</x><y>0.56007</y><y>0.63031</y></points><label>3</label><labelname>window</labelname><flag>1</flag></object><object><points><x>0.69531</x><x>0.77051</x><y>0.4122</y><y>0.48429</y></points><label>3</label><labelname>window</labelname><flag>1</flag></object><object><points><x>0.69434</x><x>0.76953</x><y>0.56007</y><y>0.63031</y></points><label>3</label><labelname>window</labelname><flag>1</flag></object><object><points><x>0.23535</x><x>0.30664</x><y>0.70795</y><y>0.78004</y></points><label>3</label><labelname>window</labelname><flag>1</flag></object><object><points><x>0.23633</x><x>0.30566</x><y>0.85767</y><y>0.93161</y></points><label>3</label><labelname>window</labelname><flag>1</flag></object><object><points><x>0.38672</x><x>0.45996</x><y>0.70795</y><y>0.77819</y></points><label>3</label><labelname>window</labelname><flag>1</flag></object><object><points><x>0.38574</x><x>0.45996</x><y>0.85767</y><y>0.92791</y></points><label>3</label><labelname>window</labelname><flag>1</flag></object><object><points><x>0.54395</x><x>0.64355</x><y>0.7098</y><y>0.77819</y></points><label>3</label><labelname>window</labelname><flag>1</flag></object><object><points><x>0.54297</x><x>0.61914</x><y>0.85582</y><y>0.92791</y></points><label>3</label><labelname>window</labelname><flag>1</flag></object><object><points><x>0.69434</x><x>0.76953</x><y>0.7098</y><y>0.78004</y></points><label>3</label><labelname>window</labelname><flag>1</flag></object><object><points><x>0.69434</x><x>0.76855</x><y>0.85767</y><y>0.92791</y></points><label>3</label><labelname>window</labelname><flag>1</flag></object><object><points><x>0.49316</x><x>0.55664</x><y>0.36414</y><y>0.51571</y></points><label>5</label><labelname>cornice</labelname><flag>1</flag></object><object><points><x>0.49219</x><x>0.55859</x><y>0.52126</y><y>0.66359</y></points><label>5</label><labelname>cornice</labelname><flag>1</flag></object><object><points><x>0.49219</x><x>0.55957</x><y>0.67098</y><y>0.81516</y></points><label>5</label><labelname>cornice</labelname><flag>1</flag></object><object><points><x>0.49219</x><x>0.55957</x><y>0.8207</y><y>0.96858</y></points><label>5</label><labelname>cornice</labelname><flag>1</flag></object><object><points><x>0.23828</x><x>0.28125</x><y>0.13124</y><y>0.19778</y></points><label>3</label><labelname>window</labelname><flag>1</flag></object><object><points><x>0.23828</x><x>0.28027</x><y>0.22366</y><y>0.28835</y></points><label>3</label><labelname>window</labelname><flag>1</flag></object><object><points><x>0.3623</x><x>0.44043</x><y>0.11645</y><y>0.17375</y></points><label>3</label><labelname>window</labelname><flag>1</flag></object><object><points><x>0.3623</x><x>0.44043</x><y>0.19963</y><y>0.25878</y></points><label>3</label><labelname>window</labelname><flag>1</flag></object><object><points><x>0.52734</x><x>0.60742</x><y>0.11275</y><y>0.1756</y></points><label>3</label><labelname>window</labelname><flag>1</flag></object><object><points><x>0.52734</x><x>0.6084</x><y>0.19778</y><y>0.26063</y></points><label>3</label><labelname>window</labelname><flag>1</flag></object><object><points><x>0.69531</x><x>0.76953</x><y>0.13309</y><y>0.19963</y></points><label>3</label><labelname>window</labelname><flag>1</flag></object><object><points><x>0.69531</x><x>0.76953</x><y>0.22551</y><y>0.29205</y></points><label>3</label><labelname>window</labelname><flag>1</flag></object><object><points><x>0.014648</x><x>0.99902</x><y>0.0018484</y><y>1</y></points><label>2</label><labelname>facade</labelname><flag>1</flag></object><object><points><x>0.83691</x><x>0.99805</x><y>0.59335</y><y>0.75231</y></points><label>4</label><labelname>door</labelname><flag>1</flag></object><object><points><x>0.34961</x><x>0.40234</x><y>0.36784</y><y>0.51386</y></points><label>5</label><labelname>cornice</labelname><flag>1</flag></object><object><points><x>0.34961</x><x>0.40332</x><y>0.51941</y><y>0.66543</y></points><label>5</label><labelname>cornice</labelname><flag>1</flag></object><object><points><x>0.34863</x><x>0.40137</x><y>0.67283</y><y>0.81885</y></points><label>5</label><labelname>cornice</labelname><flag>1</flag></object><object><points><x>0.34863</x><x>0.40137</x><y>0.8244</y><y>0.97043</y></points><label>5</label><labelname>cornice</labelname><flag>1</flag></object><object><points><x>0.30371</x><x>0.3418</x><y>0.38262</y><y>0.50462</y></points><label>6</label><labelname>sill</labelname><flag>1</flag></object><object><points><x>0.30469</x><x>0.3418</x><y>0.5342</y><y>0.65619</y></points><label>6</label><labelname>sill</labelname><flag>1</flag></object><object><points><x>0.30469</x><x>0.3418</x><y>0.68577</y><y>0.80776</y></points><label>6</label><labelname>sill</labelname><flag>1</flag></object><object><points><x>0.30371</x><x>0.3418</x><y>0.83919</y><y>0.96118</y></points><label>6</label><labelname>sill</labelname><flag>1</flag></object><object><points><x>0.46094</x><x>0.4834</x><y>0.37893</y><y>0.50832</y></points><label>6</label><labelname>sill</labelname><flag>1</flag></object><object><points><x>0.45996</x><x>0.4834</x><y>0.52865</y><y>0.65989</y></points><label>6</label><labelname>sill</labelname><flag>1</flag></object><object><points><x>0.45801</x><x>0.48145</x><y>0.8281</y><y>0.95933</y></points><label>6</label><labelname>sill</labelname><flag>1</flag></object><object><points><x>0.45898</x><x>0.48242</x><y>0.68207</y><y>0.81331</y></points><label>6</label><labelname>sill</labelname><flag>1</flag></object><object><points><x>0.61816</x><x>0.65137</x><y>0.38078</y><y>0.50462</y></points><label>6</label><labelname>sill</labelname><flag>1</flag></object><object><points><x>0.61914</x><x>0.65039</x><y>0.83364</y><y>0.95749</y></points><label>6</label><labelname>sill</labelname><flag>1</flag></object><object><points><x>0.76758</x><x>0.80176</x><y>0.11645</y><y>0.29945</y></points><label>6</label><labelname>sill</labelname><flag>1</flag></object><object><points><x>0.44043</x><x>0.47461</x><y>0.10721</y><y>0.18115</y></points><label>7</label><labelname>balcony</labelname><flag>1</flag></object><object><points><x>0.44043</x><x>0.47461</x><y>0.19039</y><y>0.26617</y></points><label>7</label><labelname>balcony</labelname><flag>1</flag></object><object><points><x>0.60938</x><x>0.63965</x><y>0.19039</y><y>0.26433</y></points><label>7</label><labelname>balcony</labelname><flag>1</flag></object><object><points><x>0.6084</x><x>0.63965</x><y>0.10721</y><y>0.18115</y></points><label>7</label><labelname>balcony</labelname><flag>1</flag></object><object><points><x>0.44922</x><x>0.48535</x><y>0.31054</y><y>0.33641</y></points><label>7</label><labelname>balcony</labelname><flag>1</flag></object><object><points><x>0.61426</x><x>0.64258</x><y>0.30684</y><y>0.33457</y></points><label>7</label><labelname>balcony</labelname><flag>1</flag></object><object><points><x>0.60156</x><x>0.65918</x><y>0.52126</y><y>0.66359</y></points><label>7</label><labelname>balcony</labelname><flag>1</flag></object><object><points><x>0.60059</x><x>0.6582</x><y>0.67283</y><y>0.81331</y></points><label>7</label><labelname>balcony</labelname><flag>1</flag></object><object><points><x>0.097656</x><x>0.12988</x><y>0.35305</y><y>0.97043</y></points><label>7</label><labelname>balcony</labelname><flag>1</flag></object><object><points><x>0.029297</x><x>0.125</x><y>0.16451</y><y>0.25139</y></points><label>9</label><labelname>deco</labelname><flag>1</flag></object><object><points><x>0.21191</x><x>0.2373</x><y>0.15527</y><y>0.26433</y></points><label>9</label><labelname>deco</labelname><flag>1</flag></object><object><points><x>0.21484</x><x>0.23535</x><y>0.40665</y><y>0.48614</y></points><label>9</label><labelname>deco</labelname><flag>1</flag></object><object><points><x>0.21484</x><x>0.23535</x><y>0.85213</y><y>0.93161</y></points><label>9</label><labelname>deco</labelname><flag>1</flag></object><object><points><x>0.21387</x><x>0.23438</x><y>0.70425</y><y>0.78373</y></points><label>9</label><labelname>deco</labelname><flag>1</flag></object><object><points><x>0.21484</x><x>0.23633</x><y>0.55638</y><y>0.63586</y></points><label>9</label><labelname>deco</labelname><flag>1</flag></object><object><points><x>0.30371</x><x>0.34473</x><y>0.13309</y><y>0.2329</y></points><label>9</label><labelname>deco</labelname><flag>1</flag></object><object><points><x>0.47559</x><x>0.50977</x><y>0.10166</y><y>0.27542</y></points><label>9</label><labelname>deco</labelname><flag>1</flag></object><object><points><x>0.77051</x><x>0.7998</x><y>0.62107</y><y>0.71165</y></points><label>9</label><labelname>deco</labelname><flag>1</flag></object><object><points><x>0.65723</x><x>0.69336</x><y>0.1719</y><y>0.22551</y></points><label>9</label><labelname>deco</labelname><flag>1</flag></object><object><points><x>0.8291</x><x>0.8877</x><y>0.54713</y><y>0.58965</y></points><label>9</label><labelname>deco</labelname><flag>1</flag></object><object><points><x>0.8291</x><x>0.88672</x><y>0.75231</y><y>0.79667</y></points><label>9</label><labelname>deco</labelname><flag>1</flag></object><object><points><x>0.81543</x><x>0.83594</x><y>0.59704</y><y>0.73937</y></points><label>9</label><labelname>deco</labelname><flag>1</flag></object><object><points><x>0.7041</x><x>0.73926</x><y>0.086876</y><y>0.1183</y></points><label>9</label><labelname>deco</labelname><flag>1</flag></object><object><points><x>0.7041</x><x>0.73926</x><y>0.29945</y><y>0.33087</y></points><label>9</label><labelname>deco</labelname><flag>1</flag></object><object><points><x>0.15234</x><x>0.25195</x><y>0.072089</y><y>0.1146</y></points><label>9</label><labelname>deco</labelname><flag>1</flag></object><object><points><x>0.15137</x><x>0.25</x><y>0.29575</y><y>0.34011</y></points><label>9</label><labelname>deco</labelname><flag>1</flag></object><object><points><x>0.1543</x><x>0.25293</x><y>0.029575</y><y>0.068392</y></points><label>9</label><labelname>deco</labelname><flag>1</flag></object><object><points><x>0.15332</x><x>0.25195</x><y>0.3512</y><y>0.39002</y></points><label>9</label><labelname>deco</labelname><flag>1</flag></object><object><points><x>0.1543</x><x>0.24805</x><y>0.50092</y><y>0.54159</y></points><label>9</label><labelname>deco</labelname><flag>1</flag></object><object><points><x>0.1543</x><x>0.24805</x><y>0.65065</y><y>0.69316</y></points><label>9</label><labelname>deco</labelname><flag>1</flag></object><object><points><x>0.1543</x><x>0.24805</x><y>0.80037</y><y>0.84288</y></points><label>9</label><labelname>deco</labelname><flag>1</flag></object><object><points><x>0.15332</x><x>0.24609</x><y>0.9464</y><y>0.98706</y></points><label>9</label><labelname>deco</labelname><flag>1</flag></object><object><points><x>0.12402</x><x>0.21777</x><y>0.0073937</y><y>0.9963</y></points><label>10</label><labelname>molding</labelname><flag>1</flag></object><object><points><x>0.30371</x><x>0.33008</x><y>0.0073937</y><y>0.99445</y></points><label>10</label><labelname>molding</labelname><flag>1</flag></object><object><points><x>0.45898</x><x>0.47266</x><y>0.0092421</y><y>0.99815</y></points><label>10</label><labelname>molding</labelname><flag>1</flag></object><object><points><x>0.61621</x><x>0.66797</x><y>0.011091</y><y>0.99815</y></points><label>10</label><labelname>molding</labelname><flag>1</flag></object><object><points><x>0.76758</x><x>0.81543</x><y>0.011091</y><y>0.99815</y></points><label>10</label><labelname>molding</labelname><flag>1</flag></object><object><points><x>0.36523</x><x>0.43945</x><y>0.28281</y><y>0.30499</y></points><label>11</label><labelname>pillar</labelname><flag>1</flag></object><object><points><x>0.36621</x><x>0.44238</x><y>0.073937</y><y>0.085028</y></points><label>11</label><labelname>pillar</labelname><flag>1</flag></object><object><points><x>0.51465</x><x>0.60742</x><y>0.28096</y><y>0.30869</y></points><label>9</label><labelname>deco</labelname><flag>1</flag></object><object><points><x>0.5166</x><x>0.60938</x><y>0.060998</y><y>0.088725</y></points><label>9</label><labelname>deco</labelname><flag>1</flag></object><object><points><x>0.44238</x><x>0.46973</x><y>0.066543</y><y>0.088725</y></points><label>11</label><labelname>pillar</labelname><flag>1</flag></object><object><points><x>0.43945</x><x>0.47266</x><y>0.27911</y><y>0.30684</y></points><label>11</label><labelname>pillar</labelname><flag>1</flag></object><object><points><x>0.60742</x><x>0.63965</x><y>0.27911</y><y>0.30869</y></points><label>11</label><labelname>pillar</labelname><flag>1</flag></object><object><points><x>0.60938</x><x>0.64258</x><y>0.05915</y><y>0.086876</y></points><label>11</label><labelname>pillar</labelname><flag>1</flag></object><object><points><x>0.50684</x><x>0.51562</x><y>0.05915</y><y>0.092421</y></points><label>11</label><labelname>pillar</labelname><flag>1</flag></object><object><points><x>0.50488</x><x>0.51465</x><y>0.27911</y><y>0.30869</y></points><label>11</label><labelname>pillar</labelname><flag>1</flag></object><object><points><x>0.34766</x><x>0.36523</x><y>0.28096</y><y>0.30869</y></points><label>11</label><labelname>pillar</labelname><flag>1</flag></object><object><points><x>0.34766</x><x>0.36621</x><y>0.066543</y><y>0.09427</y></points><label>11</label><labelname>pillar</labelname><flag>1</flag></object><object><points><x>0.84766</x><x>0.98145</x><y>0.0055453</y><y>0.50277</y></points><label>12</label><labelname>shop</labelname><flag>1</flag></object><object><points><x>0.90234</x><x>0.98047</x><y>0.53235</y><y>0.57301</y></points><label>12</label><labelname>shop</labelname><flag>1</flag></object><object><points><x>0.90137</x><x>0.97949</x><y>0.76895</y><y>0.80961</y></points><label>12</label><labelname>shop</labelname><flag>1</flag></object><object><points><x>0.8457</x><x>0.99805</x><y>0.83919</y><y>0.99815</y></points><label>12</label><labelname>shop</labelname><flag>1</flag></object>