<object><points><x>0.036145</x><x>0.96988</x><y>0.17871</y><y>0.72949</y></points><label>2</label><labelname>facade</labelname><flag>1</flag></object><object><points><x>0.21084</x><x>0.94127</x><y>0.72852</y><y>0.94336</y></points><label>2</label><labelname>facade</labelname><flag>1</flag></object><object><points><x>0.23343</x><x>0.35241</x><y>0.25879</y><y>0.30176</y></points><label>3</label><labelname>window</labelname><flag>1</flag></object><object><points><x>0.23343</x><x>0.35241</x><y>0.38867</y><y>0.43164</y></points><label>3</label><labelname>window</labelname><flag>1</flag></object><object><points><x>0.23494</x><x>0.35392</x><y>0.55273</y><y>0.5957</y></points><label>3</label><labelname>window</labelname><flag>1</flag></object><object><points><x>0.23494</x><x>0.35392</x><y>0.65039</y><y>0.69336</y></points><label>3</label><labelname>window</labelname><flag>1</flag></object><object><points><x>0.45331</x><x>0.59789</x><y>0.6416</y><y>0.70117</y></points><label>3</label><labelname>window</labelname><flag>1</flag></object><object><points><x>0.45181</x><x>0.59639</x><y>0.54395</y><y>0.60352</y></points><label>3</label><labelname>window</labelname><flag>1</flag></object><object><points><x>0.4503</x><x>0.59488</x><y>0.37988</y><y>0.43945</y></points><label>3</label><labelname>window</labelname><flag>1</flag></object><object><points><x>0.45181</x><x>0.59639</x><y>0.25195</y><y>0.31152</y></points><label>3</label><labelname>window</labelname><flag>1</flag></object><object><points><x>0.7244</x><x>0.88102</x><y>0.38281</y><y>0.43262</y></points><label>3</label><labelname>window</labelname><flag>1</flag></object><object><points><x>0.71988</x><x>0.87651</x><y>0.25586</y><y>0.30566</y></points><label>3</label><labelname>window</labelname><flag>1</flag></object><object><points><x>0.73042</x><x>0.94277</x><y>0.55664</y><y>0.66504</y></points><label>4</label><labelname>door</labelname><flag>1</flag></object><object><points><x>0.70783</x><x>0.93825</x><y>0.77441</y><y>0.89062</y></points><label>4</label><labelname>door</labelname><flag>1</flag></object><object><points><x>0.61446</x><x>0.73795</x><y>0.046875</y><y>0.094727</y></points><label>3</label><labelname>window</labelname><flag>1</flag></object><object><points><x>0.60994</x><x>0.73343</x><y>0.00097656</y><y>0.040039</y></points><label>3</label><labelname>window</labelname><flag>1</flag></object><object><points><x>0.83584</x><x>0.95331</x><y>0.0019531</y><y>0.040039</y></points><label>3</label><labelname>window</labelname><flag>1</flag></object><object><points><x>0.83584</x><x>0.95331</x><y>0.051758</y><y>0.094727</y></points><label>3</label><labelname>window</labelname><flag>1</flag></object><object><points><x>0.27861</x><x>0.39458</x><y>0.77441</y><y>0.81738</y></points><label>3</label><labelname>window</labelname><flag>1</flag></object><object><points><x>0.27711</x><x>0.39157</x><y>0.85645</y><y>0.89941</y></points><label>3</label><labelname>window</labelname><flag>1</flag></object><object><points><x>0.49849</x><x>0.60994</x><y>0.77344</y><y>0.81641</y></points><label>3</label><labelname>window</labelname><flag>1</flag></object><object><points><x>0.49548</x><x>0.60843</x><y>0.85547</y><y>0.89844</y></points><label>3</label><labelname>window</labelname><flag>1</flag></object><object><points><x>0.43825</x><x>0.49096</x><y>0.75391</y><y>0.83105</y></points><label>5</label><labelname>cornice</labelname><flag>1</flag></object><object><points><x>0.43524</x><x>0.48795</x><y>0.83789</y><y>0.91504</y></points><label>5</label><labelname>cornice</labelname><flag>1</flag></object><object><points><x>0.39458</x><x>0.46988</x><y>0.22656</y><y>0.33398</y></points><label>5</label><labelname>cornice</labelname><flag>1</flag></object><object><points><x>0.39307</x><x>0.46837</x><y>0.35645</y><y>0.46387</y></points><label>5</label><labelname>cornice</labelname><flag>1</flag></object><object><points><x>0.39307</x><x>0.46988</x><y>0.5166</y><y>0.72461</y></points><label>5</label><labelname>cornice</labelname><flag>1</flag></object><object><points><x>0.3509</x><x>0.38554</x><y>0.24121</y><y>0.31836</y></points><label>6</label><labelname>sill</labelname><flag>1</flag></object><object><points><x>0.3509</x><x>0.38705</x><y>0.37109</y><y>0.44922</y></points><label>6</label><labelname>sill</labelname><flag>1</flag></object><object><points><x>0.35241</x><x>0.38705</x><y>0.53613</y><y>0.61328</y></points><label>6</label><labelname>sill</labelname><flag>1</flag></object><object><points><x>0.35241</x><x>0.38855</x><y>0.63184</y><y>0.70898</y></points><label>6</label><labelname>sill</labelname><flag>1</flag></object><object><points><x>0.58886</x><x>0.65512</x><y>0.22559</y><y>0.33496</y></points><label>6</label><labelname>sill</labelname><flag>1</flag></object><object><points><x>0.59036</x><x>0.65663</x><y>0.35645</y><y>0.46484</y></points><label>6</label><labelname>sill</labelname><flag>1</flag></object><object><points><x>0.59187</x><x>0.65813</x><y>0.52051</y><y>0.72559</y></points><label>6</label><labelname>sill</labelname><flag>1</flag></object><object><points><x>0.60542</x><x>0.66867</x><y>0.76172</y><y>0.82715</y></points><label>6</label><labelname>sill</labelname><flag>1</flag></object><object><points><x>0.60542</x><x>0.66566</x><y>0.8457</y><y>0.90723</y></points><label>6</label><labelname>sill</labelname><flag>1</flag></object><object><points><x>0.043675</x><x>0.18524</x><y>0.18457</y><y>0.72559</y></points><label>10</label><labelname>molding</labelname><flag>1</flag></object><object><points><x>0.6506</x><x>0.73042</x><y>0.18359</y><y>0.72559</y></points><label>10</label><labelname>molding</labelname><flag>1</flag></object><object><points><x>0.21235</x><x>0.25452</x><y>0.73145</y><y>0.93945</y></points><label>10</label><labelname>molding</labelname><flag>1</flag></object><object><points><x>0.37651</x><x>0.41566</x><y>0.73047</y><y>0.94043</y></points><label>10</label><labelname>molding</labelname><flag>1</flag></object><object><points><x>0.60392</x><x>0.68825</x><y>0.73145</y><y>0.94043</y></points><label>10</label><labelname>molding</labelname><flag>1</flag></object><object><points><x>0.25452</x><x>0.37349</x><y>0.73535</y><y>0.75</y></points><label>11</label><labelname>pillar</labelname><flag>1</flag></object><object><points><x>0.24548</x><x>0.37048</x><y>0.92383</y><y>0.93848</y></points><label>11</label><labelname>pillar</labelname><flag>1</flag></object><object><points><x>0.375</x><x>0.39157</x><y>0.7334</y><y>0.75195</y></points><label>11</label><labelname>pillar</labelname><flag>1</flag></object><object><points><x>0.37048</x><x>0.38554</x><y>0.92188</y><y>0.93945</y></points><label>11</label><labelname>pillar</labelname><flag>1</flag></object><object><points><x>0.23494</x><x>0.25452</x><y>0.73438</y><y>0.75195</y></points><label>11</label><labelname>pillar</labelname><flag>1</flag></object><object><points><x>0.22741</x><x>0.24548</x><y>0.92188</y><y>0.93945</y></points><label>11</label><labelname>pillar</labelname><flag>1</flag></object><object><points><x>0.79669</x><x>0.85241</x><y>0.49512</y><y>0.54297</y></points><label>12</label><labelname>shop</labelname><flag>1</flag></object><object><points><x>0.79669</x><x>0.85241</x><y>0.44629</y><y>0.49316</y></points><label>12</label><labelname>shop</labelname><flag>1</flag></object><object><points><x>0.73494</x><x>0.78916</x><y>0.4541</y><y>0.48633</y></points><label>12</label><labelname>shop</labelname><flag>1</flag></object><object><points><x>0.76807</x><x>0.79066</x><y>0.50391</y><y>0.53613</y></points><label>12</label><labelname>shop</labelname><flag>1</flag></object><object><points><x>0.74398</x><x>0.83434</x><y>0.68262</y><y>0.71582</y></points><label>12</label><labelname>shop</labelname><flag>1</flag></object>