<object><points><x>0.0097656</x><x>0.99414</x><y>0.012771</y><y>0.94891</y></points><label>2</label><labelname>facade</labelname><flag>1</flag></object><object><points><x>0.28516</x><x>0.35156</x><y>0.29119</y><y>0.35888</y></points><label>3</label><labelname>window</labelname><flag>1</flag></object><object><points><x>0.41309</x><x>0.48145</x><y>0.29246</y><y>0.36015</y></points><label>3</label><labelname>window</labelname><flag>1</flag></object><object><points><x>0.37207</x><x>0.44922</x><y>0.4917</y><y>0.56194</y></points><label>3</label><labelname>window</labelname><flag>1</flag></object><object><points><x>0.28516</x><x>0.35156</x><y>0.60664</y><y>0.67305</y></points><label>3</label><labelname>window</labelname><flag>1</flag></object><object><points><x>0.41309</x><x>0.4834</x><y>0.60409</y><y>0.67433</y></points><label>3</label><labelname>window</labelname><flag>1</flag></object><object><points><x>0.54395</x><x>0.62012</x><y>0.29246</y><y>0.35888</y></points><label>3</label><labelname>window</labelname><flag>1</flag></object><object><points><x>0.5127</x><x>0.59375</x><y>0.48914</y><y>0.55811</y></points><label>3</label><labelname>window</labelname><flag>1</flag></object><object><points><x>0.54297</x><x>0.62012</x><y>0.60536</y><y>0.67433</y></points><label>3</label><labelname>window</labelname><flag>1</flag></object><object><points><x>0.38965</x><x>0.46582</x><y>0.15326</y><y>0.19157</y></points><label>3</label><labelname>window</labelname><flag>1</flag></object><object><points><x>0.39062</x><x>0.46777</x><y>0.09834</y><y>0.14049</y></points><label>3</label><labelname>window</labelname><flag>1</flag></object><object><points><x>0.52734</x><x>0.60645</x><y>0.1507</y><y>0.19029</y></points><label>3</label><labelname>window</labelname><flag>1</flag></object><object><points><x>0.52637</x><x>0.60742</x><y>0.099617</y><y>0.14176</y></points><label>3</label><labelname>window</labelname><flag>1</flag></object><object><points><x>0.38965</x><x>0.4668</x><y>0.85951</y><y>0.90038</y></points><label>3</label><labelname>window</labelname><flag>1</flag></object><object><points><x>0.38867</x><x>0.46777</x><y>0.80843</y><y>0.85057</y></points><label>3</label><labelname>window</labelname><flag>1</flag></object><object><points><x>0.52344</x><x>0.60449</x><y>0.86207</y><y>0.90294</y></points><label>3</label><labelname>window</labelname><flag>1</flag></object><object><points><x>0.52246</x><x>0.60449</x><y>0.81098</y><y>0.85185</y></points><label>3</label><labelname>window</labelname><flag>1</flag></object><object><points><x>0.68066</x><x>0.75293</x><y>0.28863</y><y>0.35632</y></points><label>3</label><labelname>window</labelname><flag>1</flag></object><object><points><x>0.68066</x><x>0.75293</x><y>0.60281</y><y>0.66922</y></points><label>3</label><labelname>window</labelname><flag>1</flag></object><object><points><x>0.68066</x><x>0.75293</x><y>0.82759</y><y>0.87101</y></points><label>3</label><labelname>window</labelname><flag>1</flag></object><object><points><x>0.68066</x><x>0.75293</x><y>0.77267</y><y>0.81865</y></points><label>3</label><labelname>window</labelname><flag>1</flag></object><object><points><x>0.68164</x><x>0.75488</x><y>0.14304</y><y>0.18519</y></points><label>3</label><labelname>window</labelname><flag>1</flag></object><object><points><x>0.67969</x><x>0.75488</x><y>0.0894</y><y>0.13282</y></points><label>3</label><labelname>window</labelname><flag>1</flag></object><object><points><x>0.81445</x><x>0.88965</x><y>0.14049</y><y>0.18391</y></points><label>3</label><labelname>window</labelname><flag>1</flag></object><object><points><x>0.81445</x><x>0.89062</x><y>0.086845</y><y>0.12899</y></points><label>3</label><labelname>window</labelname><flag>1</flag></object><object><points><x>0.81543</x><x>0.89062</x><y>0.82375</y><y>0.86973</y></points><label>3</label><labelname>window</labelname><flag>1</flag></object><object><points><x>0.81445</x><x>0.89062</x><y>0.77139</y><y>0.81609</y></points><label>3</label><labelname>window</labelname><flag>1</flag></object><object><points><x>0.93945</x><x>0.99023</x><y>0.82631</y><y>0.86462</y></points><label>3</label><labelname>window</labelname><flag>1</flag></object><object><points><x>0.93848</x><x>0.98828</x><y>0.77139</y><y>0.81737</y></points><label>3</label><labelname>window</labelname><flag>1</flag></object><object><points><x>0.93848</x><x>0.97949</x><y>0.13921</y><y>0.18135</y></points><label>3</label><labelname>window</labelname><flag>1</flag></object><object><points><x>0.93848</x><x>0.97852</x><y>0.084291</y><y>0.12899</y></points><label>3</label><labelname>window</labelname><flag>1</flag></object><object><points><x>0.81445</x><x>0.88867</x><y>0.28352</y><y>0.36271</y></points><label>3</label><labelname>window</labelname><flag>1</flag></object><object><points><x>0.81543</x><x>0.88965</x><y>0.59642</y><y>0.67433</y></points><label>3</label><labelname>window</labelname><flag>1</flag></object><object><points><x>0.6748</x><x>0.75391</x><y>0.43678</y><y>0.52107</y></points><label>3</label><labelname>window</labelname><flag>1</flag></object><object><points><x>0.28516</x><x>0.33105</x><y>0.09834</y><y>0.18008</y></points><label>3</label><labelname>window</labelname><flag>1</flag></object><object><points><x>0.28516</x><x>0.33691</x><y>0.78416</y><y>0.86462</y></points><label>3</label><labelname>window</labelname><flag>1</flag></object><object><points><x>0.14551</x><x>0.20801</x><y>0.49808</y><y>0.54406</y></points><label>3</label><labelname>window</labelname><flag>1</flag></object><object><points><x>0.14551</x><x>0.21094</x><y>0.42018</y><y>0.46488</y></points><label>3</label><labelname>window</labelname><flag>1</flag></object><object><points><x>0.28418</x><x>0.3418</x><y>0.41124</y><y>0.44444</y></points><label>3</label><labelname>window</labelname><flag>1</flag></object><object><points><x>0.28516</x><x>0.30469</x><y>0.5198</y><y>0.55556</y></points><label>3</label><labelname>window</labelname><flag>1</flag></object><object><points><x>0.38867</x><x>0.47754</x><y>0.41252</y><y>0.447</y></points><label>3</label><labelname>window</labelname><flag>1</flag></object><object><points><x>0.52051</x><x>0.61523</x><y>0.40868</y><y>0.447</y></points><label>3</label><labelname>window</labelname><flag>1</flag></object><object><points><x>0.2793</x><x>0.31348</x><y>0.45722</y><y>0.50958</y></points><label>3</label><labelname>window</labelname><flag>1</flag></object><object><points><x>0.85742</x><x>0.99219</x><y>0.43934</y><y>0.51852</y></points><label>4</label><labelname>door</labelname><flag>1</flag></object><object><points><x>0.49023</x><x>0.53613</x><y>0.27203</y><y>0.38442</y></points><label>5</label><labelname>cornice</labelname><flag>1</flag></object><object><points><x>0.49023</x><x>0.54199</x><y>0.58621</y><y>0.69732</y></points><label>5</label><labelname>cornice</labelname><flag>1</flag></object><object><points><x>0.37109</x><x>0.40723</x><y>0.27331</y><y>0.38442</y></points><label>5</label><labelname>cornice</labelname><flag>1</flag></object><object><points><x>0.37207</x><x>0.40527</x><y>0.58493</y><y>0.70243</y></points><label>5</label><labelname>cornice</labelname><flag>1</flag></object><object><points><x>0.48145</x><x>0.49512</x><y>0.27203</y><y>0.37676</y></points><label>6</label><labelname>sill</labelname><flag>1</flag></object><object><points><x>0.34961</x><x>0.3623</x><y>0.27331</y><y>0.37676</y></points><label>6</label><labelname>sill</labelname><flag>1</flag></object><object><points><x>0.61621</x><x>0.64258</x><y>0.26948</y><y>0.3742</y></points><label>6</label><labelname>sill</labelname><flag>1</flag></object><object><points><x>0.61621</x><x>0.64258</x><y>0.58493</y><y>0.69221</y></points><label>6</label><labelname>sill</labelname><flag>1</flag></object><object><points><x>0.48047</x><x>0.50195</x><y>0.58493</y><y>0.69732</y></points><label>6</label><labelname>sill</labelname><flag>1</flag></object><object><points><x>0.3457</x><x>0.35938</x><y>0.58876</y><y>0.68966</y></points><label>6</label><labelname>sill</labelname><flag>1</flag></object><object><points><x>0.32227</x><x>0.38867</x><y>0.73308</y><y>0.93997</y></points><label>7</label><labelname>balcony</labelname><flag>1</flag></object><object><points><x>0.30176</x><x>0.39355</x><y>0.37803</y><y>0.5977</y></points><label>7</label><labelname>balcony</labelname><flag>1</flag></object><object><points><x>0.32227</x><x>0.38965</x><y>0.048531</y><y>0.23627</y></points><label>7</label><labelname>balcony</labelname><flag>1</flag></object><object><points><x>0.035156</x><x>0.13477</x><y>0.40358</y><y>0.57088</y></points><label>9</label><labelname>deco</labelname><flag>1</flag></object><object><points><x>0.24609</x><x>0.28125</x><y>0.26692</y><y>0.38697</y></points><label>5</label><labelname>cornice</labelname><flag>1</flag></object><object><points><x>0.2334</x><x>0.29688</x><y>0.3908</y><y>0.57854</y></points><label>5</label><labelname>cornice</labelname><flag>1</flag></object><object><points><x>0.24609</x><x>0.28418</x><y>0.58748</y><y>0.69476</y></points><label>5</label><labelname>cornice</labelname><flag>1</flag></object><object><points><x>0.24512</x><x>0.28125</x><y>0.074074</y><y>0.20562</y></points><label>5</label><labelname>cornice</labelname><flag>1</flag></object><object><points><x>0.24316</x><x>0.28223</x><y>0.76117</y><y>0.88761</y></points><label>5</label><labelname>cornice</labelname><flag>1</flag></object><object><points><x>0.46973</x><x>0.52637</x><y>0.086845</y><y>0.21456</y></points><label>9</label><labelname>deco</labelname><flag>1</flag></object><object><points><x>0.6084</x><x>0.63379</x><y>0.088123</y><y>0.2069</y></points><label>9</label><labelname>deco</labelname><flag>1</flag></object><object><points><x>0.4502</x><x>0.51074</x><y>0.48148</y><y>0.56705</y></points><label>9</label><labelname>deco</labelname><flag>1</flag></object><object><points><x>0.59473</x><x>0.61816</x><y>0.47893</y><y>0.5645</y></points><label>9</label><labelname>deco</labelname><flag>1</flag></object><object><points><x>0.46875</x><x>0.52344</x><y>0.79438</y><y>0.9106</y></points><label>9</label><labelname>deco</labelname><flag>1</flag></object><object><points><x>0.60645</x><x>0.63379</x><y>0.79566</y><y>0.9106</y></points><label>9</label><labelname>deco</labelname><flag>1</flag></object><object><points><x>0.65039</x><x>0.71094</x><y>0.57344</y><y>0.69093</y></points><label>9</label><labelname>deco</labelname><flag>1</flag></object><object><points><x>0.64941</x><x>0.71094</x><y>0.26564</y><y>0.37676</y></points><label>9</label><labelname>deco</labelname><flag>1</flag></object><object><points><x>0.64941</x><x>0.67871</x><y>0.44828</y><y>0.53384</y></points><label>9</label><labelname>deco</labelname><flag>1</flag></object><object><points><x>0.64648</x><x>0.71387</x><y>0.057471</y><y>0.22222</y></points><label>9</label><labelname>deco</labelname><flag>1</flag></object><object><points><x>0.77344</x><x>0.86621</x><y>0.42912</y><y>0.53768</y></points><label>9</label><labelname>deco</labelname><flag>1</flag></object><object><points><x>0.78906</x><x>0.81055</x><y>0.2682</y><y>0.37548</y></points><label>9</label><labelname>deco</labelname><flag>1</flag></object><object><points><x>0.79102</x><x>0.8125</x><y>0.070243</y><y>0.20434</y></points><label>9</label><labelname>deco</labelname><flag>1</flag></object><object><points><x>0.79102</x><x>0.81445</x><y>0.75351</y><y>0.89144</y></points><label>9</label><labelname>deco</labelname><flag>1</flag></object><object><points><x>0.78906</x><x>0.81348</x><y>0.5811</y><y>0.69221</y></points><label>9</label><labelname>deco</labelname><flag>1</flag></object><object><points><x>0.92188</x><x>0.99023</x><y>0.28225</y><y>0.36143</y></points><label>4</label><labelname>door</labelname><flag>1</flag></object><object><points><x>0.93848</x><x>0.98828</x><y>0.59642</y><y>0.67178</y></points><label>4</label><labelname>door</labelname><flag>1</flag></object><object><points><x>0.2168</x><x>0.26172</x><y>0.025543</y><y>0.94381</y></points><label>10</label><labelname>molding</labelname><flag>1</flag></object><object><points><x>0.625</x><x>0.66504</x><y>0.024266</y><y>0.94508</y></points><label>10</label><labelname>molding</labelname><flag>1</flag></object><object><points><x>0.76953</x><x>0.79297</x><y>0.025543</y><y>0.94381</y></points><label>10</label><labelname>molding</labelname><flag>1</flag></object><object><points><x>0.13477</x><x>0.19824</x><y>0.57088</y><y>0.59132</y></points><label>11</label><labelname>pillar</labelname><flag>1</flag></object><object><points><x>0.19922</x><x>0.21387</x><y>0.5696</y><y>0.59259</y></points><label>11</label><labelname>pillar</labelname><flag>1</flag></object><object><points><x>0.11523</x><x>0.13477</x><y>0.56833</y><y>0.59387</y></points><label>11</label><labelname>pillar</labelname><flag>1</flag></object><object><points><x>0.13574</x><x>0.19824</x><y>0.37292</y><y>0.39847</y></points><label>11</label><labelname>pillar</labelname><flag>1</flag></object><object><points><x>0.19727</x><x>0.21289</x><y>0.37165</y><y>0.40102</y></points><label>11</label><labelname>pillar</labelname><flag>1</flag></object><object><points><x>0.11523</x><x>0.13574</x><y>0.37037</y><y>0.40102</y></points><label>11</label><labelname>pillar</labelname><flag>1</flag></object><object><points><x>0.3584</x><x>0.62891</x><y>0.70754</y><y>0.75223</y></points><label>11</label><labelname>pillar</labelname><flag>1</flag></object><object><points><x>0.35547</x><x>0.41602</x><y>0.91954</y><y>0.94764</y></points><label>11</label><labelname>pillar</labelname><flag>1</flag></object><object><points><x>0.35742</x><x>0.63086</x><y>0.21839</y><y>0.26054</y></points><label>11</label><labelname>pillar</labelname><flag>1</flag></object><object><points><x>0.35742</x><x>0.62988</x><y>0.019157</y><y>0.061303</y></points><label>11</label><labelname>pillar</labelname><flag>1</flag></object><object><points><x>0.62891</x><x>0.64258</x><y>0.69987</y><y>0.75734</y></points><label>11</label><labelname>pillar</labelname><flag>1</flag></object><object><points><x>0.62891</x><x>0.6416</x><y>0.91954</y><y>0.94764</y></points><label>11</label><labelname>pillar</labelname><flag>1</flag></object><object><points><x>0.63086</x><x>0.64355</x><y>0.21584</y><y>0.26692</y></points><label>11</label><labelname>pillar</labelname><flag>1</flag></object><object><points><x>0.62988</x><x>0.64258</x><y>0.016603</y><y>0.061303</y></points><label>11</label><labelname>pillar</labelname><flag>1</flag></object><object><points><x>0.30078</x><x>0.35742</x><y>0.015326</y><y>0.067688</y></points><label>11</label><labelname>pillar</labelname><flag>1</flag></object><object><points><x>0.30078</x><x>0.35742</x><y>0.21328</y><y>0.26437</y></points><label>11</label><labelname>pillar</labelname><flag>1</flag></object><object><points><x>0.30078</x><x>0.35742</x><y>0.70243</y><y>0.75607</y></points><label>11</label><labelname>pillar</labelname><flag>1</flag></object><object><points><x>0.30078</x><x>0.35645</x><y>0.90805</y><y>0.94764</y></points><label>11</label><labelname>pillar</labelname><flag>1</flag></object>