<object><points><x>0.11975</x><x>0.99745</x><y>0.0039062</y><y>0.99707</y></points><label>2</label><labelname>facade</labelname><flag>1</flag></object><object><points><x>0.34777</x><x>0.54395</x><y>0.12598</y><y>0.21777</y></points><label>3</label><labelname>window</labelname><flag>1</flag></object><object><points><x>0.34522</x><x>0.54268</x><y>0.25586</y><y>0.34863</y></points><label>3</label><labelname>window</labelname><flag>1</flag></object><object><points><x>0.69554</x><x>0.89172</x><y>0.25488</y><y>0.34668</y></points><label>3</label><labelname>window</labelname><flag>1</flag></object><object><points><x>0.69299</x><x>0.89045</x><y>0.12793</y><y>0.21973</y></points><label>3</label><labelname>window</labelname><flag>1</flag></object><object><points><x>0.70191</x><x>0.89936</x><y>0.59766</y><y>0.68945</y></points><label>3</label><labelname>window</labelname><flag>1</flag></object><object><points><x>0.34904</x><x>0.5465</x><y>0.60352</y><y>0.69531</y></points><label>3</label><labelname>window</labelname><flag>1</flag></object><object><points><x>0.12357</x><x>0.29554</x><y>0.010742</y><y>0.99219</y></points><label>10</label><labelname>molding</labelname><flag>1</flag></object><object><points><x>0.28662</x><x>0.99236</x><y>0.4668</y><y>0.52148</y></points><label>11</label><labelname>pillar</labelname><flag>1</flag></object><object><points><x>0.2828</x><x>0.98981</x><y>0.77734</y><y>0.8252</y></points><label>11</label><labelname>pillar</labelname><flag>1</flag></object><object><points><x>0.61401</x><x>0.65605</x><y>0.010742</y><y>0.99707</y></points><label>10</label><labelname>molding</labelname><flag>1</flag></object><object><points><x>0.16815</x><x>0.28662</x><y>0.4541</y><y>0.53125</y></points><label>11</label><labelname>pillar</labelname><flag>1</flag></object><object><points><x>0.16306</x><x>0.28153</x><y>0.76953</y><y>0.83789</y></points><label>11</label><labelname>pillar</labelname><flag>1</flag></object>