<object><points><x>0.73047</x><x>0.81836</x><y>0.29688</y><y>0.39062</y></points><label>3</label><labelname>window</labelname><flag>1</flag></object><object><points><x>0.76562</x><x>0.81055</x><y>0.4987</y><y>0.58203</y></points><label>3</label><labelname>window</labelname><flag>1</flag></object><object><points><x>0.84277</x><x>0.97363</x><y>0.49089</y><y>0.58854</y></points><label>4</label><labelname>door</labelname><flag>1</flag></object><object><points><x>0.85938</x><x>0.9502</x><y>0.6862</y><y>0.79167</y></points><label>3</label><labelname>window</labelname><flag>1</flag></object><object><points><x>0.73047</x><x>0.81738</x><y>0.69271</y><y>0.78385</y></points><label>3</label><labelname>window</labelname><flag>1</flag></object><object><points><x>0.55566</x><x>0.65234</x><y>0.70052</y><y>0.77865</y></points><label>3</label><labelname>window</labelname><flag>1</flag></object><object><points><x>0.55566</x><x>0.61426</x><y>0.57031</y><y>0.61458</y></points><label>3</label><labelname>window</labelname><flag>1</flag></object><object><points><x>0.55566</x><x>0.61133</x><y>0.46745</y><y>0.51562</y></points><label>3</label><labelname>window</labelname><flag>1</flag></object><object><points><x>0.55566</x><x>0.65234</x><y>0.30208</y><y>0.38411</y></points><label>3</label><labelname>window</labelname><flag>1</flag></object><object><points><x>0.39746</x><x>0.48535</x><y>0.3099</y><y>0.38802</y></points><label>3</label><labelname>window</labelname><flag>1</flag></object><object><points><x>0.39648</x><x>0.4834</x><y>0.46094</y><y>0.48958</y></points><label>3</label><labelname>window</labelname><flag>1</flag></object><object><points><x>0.39746</x><x>0.47656</x><y>0.51172</y><y>0.57031</y></points><label>3</label><labelname>window</labelname><flag>1</flag></object><object><points><x>0.39746</x><x>0.48438</x><y>0.59505</y><y>0.625</y></points><label>3</label><labelname>window</labelname><flag>1</flag></object><object><points><x>0.39941</x><x>0.48535</x><y>0.69661</y><y>0.77474</y></points><label>3</label><labelname>window</labelname><flag>1</flag></object><object><points><x>0.23047</x><x>0.30957</x><y>0.3112</y><y>0.39062</y></points><label>3</label><labelname>window</labelname><flag>1</flag></object><object><points><x>0.23438</x><x>0.30664</x><y>0.45964</y><y>0.49219</y></points><label>3</label><labelname>window</labelname><flag>1</flag></object><object><points><x>0.23438</x><x>0.2998</x><y>0.51172</y><y>0.57161</y></points><label>3</label><labelname>window</labelname><flag>1</flag></object><object><points><x>0.23438</x><x>0.31152</x><y>0.59375</y><y>0.625</y></points><label>3</label><labelname>window</labelname><flag>1</flag></object><object><points><x>0.23242</x><x>0.31055</x><y>0.69401</y><y>0.77604</y></points><label>3</label><labelname>window</labelname><flag>1</flag></object><object><points><x>0.00097656</x><x>0.99219</x><y>0.0052083</y><y>0.99349</y></points><label>2</label><labelname>facade</labelname><flag>1</flag></object><object><points><x>0.22363</x><x>0.3125</x><y>0.13021</y><y>0.17448</y></points><label>3</label><labelname>window</labelname><flag>1</flag></object><object><points><x>0.22363</x><x>0.31152</x><y>0.06901</y><y>0.11328</y></points><label>3</label><labelname>window</labelname><flag>1</flag></object><object><points><x>0.5625</x><x>0.65625</x><y>0.1276</y><y>0.17188</y></points><label>3</label><labelname>window</labelname><flag>1</flag></object><object><points><x>0.3916</x><x>0.47852</x><y>0.13021</y><y>0.17448</y></points><label>3</label><labelname>window</labelname><flag>1</flag></object><object><points><x>0.3916</x><x>0.47949</x><y>0.071615</y><y>0.11589</y></points><label>3</label><labelname>window</labelname><flag>1</flag></object><object><points><x>0.070312</x><x>0.14844</x><y>0.13151</y><y>0.17448</y></points><label>3</label><labelname>window</labelname><flag>1</flag></object><object><points><x>0.070312</x><x>0.14844</x><y>0.072917</y><y>0.11719</y></points><label>3</label><labelname>window</labelname><flag>1</flag></object><object><points><x>0.075195</x><x>0.15234</x><y>0.89583</y><y>0.95703</y></points><label>3</label><labelname>window</labelname><flag>1</flag></object><object><points><x>0.22461</x><x>0.31348</x><y>0.89453</y><y>0.95443</y></points><label>3</label><labelname>window</labelname><flag>1</flag></object><object><points><x>0.061523</x><x>0.10059</x><y>0.3099</y><y>0.38411</y></points><label>3</label><labelname>window</labelname><flag>1</flag></object><object><points><x>0.064453</x><x>0.10352</x><y>0.70443</y><y>0.77734</y></points><label>3</label><labelname>window</labelname><flag>1</flag></object><object><points><x>0.86719</x><x>0.98926</x><y>0.35156</y><y>0.39583</y></points><label>4</label><labelname>door</labelname><flag>1</flag></object><object><points><x>0.1582</x><x>0.21973</x><y>0.048177</y><y>0.19401</y></points><label>5</label><labelname>cornice</labelname><flag>1</flag></object><object><points><x>0.32812</x><x>0.38965</x><y>0.052083</y><y>0.19922</y></points><label>5</label><labelname>cornice</labelname><flag>1</flag></object><object><points><x>0.16895</x><x>0.22168</x><y>0.8763</y><y>0.97786</y></points><label>5</label><labelname>cornice</labelname><flag>1</flag></object><object><points><x>0.33496</x><x>0.38672</x><y>0.8737</y><y>0.97526</y></points><label>5</label><labelname>cornice</labelname><flag>1</flag></object><object><points><x>0.049805</x><x>0.079102</x><y>0.052083</y><y>0.19531</y></points><label>5</label><labelname>cornice</labelname><flag>1</flag></object><object><points><x>0.052734</x><x>0.080078</x><y>0.875</y><y>0.98047</y></points><label>5</label><labelname>cornice</labelname><flag>1</flag></object><object><points><x>0.033203</x><x>0.071289</x><y>0.70052</y><y>0.78516</y></points><label>5</label><labelname>cornice</labelname><flag>1</flag></object><object><points><x>0.024414</x><x>0.070312</x><y>0.30078</y><y>0.39323</y></points><label>5</label><labelname>cornice</labelname><flag>1</flag></object><object><points><x>0.14453</x><x>0.17676</x><y>0.048177</y><y>0.1901</y></points><label>6</label><labelname>sill</labelname><flag>1</flag></object><object><points><x>0.30957</x><x>0.3418</x><y>0.052083</y><y>0.19271</y></points><label>6</label><labelname>sill</labelname><flag>1</flag></object><object><points><x>0.15039</x><x>0.18164</x><y>0.875</y><y>0.97656</y></points><label>6</label><labelname>sill</labelname><flag>1</flag></object><object><points><x>0.3125</x><x>0.34277</x><y>0.8776</y><y>0.97786</y></points><label>6</label><labelname>sill</labelname><flag>1</flag></object><object><points><x>0.48242</x><x>0.51367</x><y>0.8737</y><y>0.97396</y></points><label>6</label><labelname>sill</labelname><flag>1</flag></object><object><points><x>0.39648</x><x>0.48438</x><y>0.89453</y><y>0.95312</y></points><label>3</label><labelname>window</labelname><flag>1</flag></object><object><points><x>0.47656</x><x>0.52637</x><y>0.0625</y><y>0.19661</y></points><label>6</label><labelname>sill</labelname><flag>1</flag></object><object><points><x>0.62891</x><x>0.68555</x><y>0.083333</y><y>0.46875</y></points><label>7</label><labelname>balcony</labelname><flag>1</flag></object><object><points><x>0.63379</x><x>0.68262</x><y>0.6224</y><y>0.91146</y></points><label>7</label><labelname>balcony</labelname><flag>1</flag></object><object><points><x>0.15527</x><x>0.20508</x><y>0.26953</y><y>0.40104</y></points><label>9</label><labelname>deco</labelname><flag>1</flag></object><object><points><x>0.15723</x><x>0.2041</x><y>0.67969</y><y>0.81901</y></points><label>9</label><labelname>deco</labelname><flag>1</flag></object><object><points><x>0.1543</x><x>0.20117</x><y>0.4401</y><y>0.64844</y></points><label>9</label><labelname>deco</labelname><flag>1</flag></object><object><points><x>0.30664</x><x>0.34277</x><y>0.50651</y><y>0.57422</y></points><label>9</label><labelname>deco</labelname><flag>1</flag></object><object><points><x>0.32129</x><x>0.34863</x><y>0.72917</y><y>0.76432</y></points><label>9</label><labelname>deco</labelname><flag>1</flag></object><object><points><x>0.32031</x><x>0.34766</x><y>0.3138</y><y>0.34896</y></points><label>9</label><labelname>deco</labelname><flag>1</flag></object><object><points><x>0.61328</x><x>0.63965</x><y>0.19271</y><y>0.21484</y></points><label>9</label><labelname>deco</labelname><flag>1</flag></object><object><points><x>0.60547</x><x>0.63281</x><y>0.22786</y><y>0.25521</y></points><label>9</label><labelname>deco</labelname><flag>1</flag></object><object><points><x>0.60449</x><x>0.62988</x><y>0.40495</y><y>0.42708</y></points><label>9</label><labelname>deco</labelname><flag>1</flag></object><object><points><x>0.6084</x><x>0.63379</x><y>0.64974</y><y>0.67188</y></points><label>9</label><labelname>deco</labelname><flag>1</flag></object><object><points><x>0.60938</x><x>0.63574</x><y>0.82422</y><y>0.84635</y></points><label>9</label><labelname>deco</labelname><flag>1</flag></object><object><points><x>0.61133</x><x>0.6377</x><y>0.86198</y><y>0.88411</y></points><label>9</label><labelname>deco</labelname><flag>1</flag></object><object><points><x>0.57617</x><x>0.66797</x><y>0.57812</y><y>0.64974</y></points><label>9</label><labelname>deco</labelname><flag>1</flag></object><object><points><x>0.57715</x><x>0.66992</x><y>0.43229</y><y>0.50521</y></points><label>9</label><labelname>deco</labelname><flag>1</flag></object><object><points><x>0.54785</x><x>0.74414</x><y>0.50651</y><y>0.57552</y></points><label>9</label><labelname>deco</labelname><flag>1</flag></object><object><points><x>0.02832</x><x>0.067383</x><y>0.52604</y><y>0.5625</y></points><label>9</label><labelname>deco</labelname><flag>1</flag></object><object><points><x>0.66992</x><x>0.70215</x><y>0.010417</y><y>0.96615</y></points><label>10</label><labelname>molding</labelname><flag>1</flag></object><object><points><x>0.53125</x><x>0.64551</x><y>0.23177</y><y>0.27083</y></points><label>9</label><labelname>deco</labelname><flag>1</flag></object><object><points><x>0.52539</x><x>0.64355</x><y>0.40234</y><y>0.4401</y></points><label>9</label><labelname>deco</labelname><flag>1</flag></object><object><points><x>0.52734</x><x>0.6416</x><y>0.8112</y><y>0.85026</y></points><label>9</label><labelname>deco</labelname><flag>1</flag></object><object><points><x>0.52637</x><x>0.64062</x><y>0.63932</y><y>0.67839</y></points><label>9</label><labelname>deco</labelname><flag>1</flag></object><object><points><x>0.21582</x><x>0.40137</x><y>0.23698</y><y>0.26042</y></points><label>11</label><labelname>pillar</labelname><flag>1</flag></object><object><points><x>0.21191</x><x>0.39746</x><y>0.40625</y><y>0.43229</y></points><label>11</label><labelname>pillar</labelname><flag>1</flag></object><object><points><x>0.21094</x><x>0.39648</x><y>0.64714</y><y>0.67318</y></points><label>11</label><labelname>pillar</labelname><flag>1</flag></object><object><points><x>0.21875</x><x>0.4043</x><y>0.82161</y><y>0.84896</y></points><label>11</label><labelname>pillar</labelname><flag>1</flag></object><object><points><x>0.050781</x><x>0.10547</x><y>0.25</y><y>0.27474</y></points><label>11</label><labelname>pillar</labelname><flag>1</flag></object><object><points><x>0.049805</x><x>0.10449</x><y>0.41536</y><y>0.4401</y></points><label>11</label><labelname>pillar</labelname><flag>1</flag></object><object><points><x>0.057617</x><x>0.11133</x><y>0.8112</y><y>0.83594</y></points><label>11</label><labelname>pillar</labelname><flag>1</flag></object><object><points><x>0.055664</x><x>0.09375</x><y>0.64583</y><y>0.67057</y></points><label>11</label><labelname>pillar</labelname><flag>1</flag></object><object><points><x>0.40137</x><x>0.41309</x><y>0.22526</y><y>0.26953</y></points><label>11</label><labelname>pillar</labelname><flag>1</flag></object><object><points><x>0.39746</x><x>0.4082</x><y>0.39583</y><y>0.4401</y></points><label>11</label><labelname>pillar</labelname><flag>1</flag></object><object><points><x>0.4043</x><x>0.41504</x><y>0.81641</y><y>0.85938</y></points><label>11</label><labelname>pillar</labelname><flag>1</flag></object><object><points><x>0.39746</x><x>0.41016</x><y>0.64193</y><y>0.6862</y></points><label>11</label><labelname>pillar</labelname><flag>1</flag></object><object><points><x>0.1875</x><x>0.21582</x><y>0.22005</y><y>0.26953</y></points><label>11</label><labelname>pillar</labelname><flag>1</flag></object><object><points><x>0.18359</x><x>0.21289</x><y>0.38932</y><y>0.4388</y></points><label>11</label><labelname>pillar</labelname><flag>1</flag></object><object><points><x>0.18555</x><x>0.21094</x><y>0.63672</y><y>0.6849</y></points><label>11</label><labelname>pillar</labelname><flag>1</flag></object><object><points><x>0.19238</x><x>0.21875</x><y>0.8151</y><y>0.86458</y></points><label>11</label><labelname>pillar</labelname><flag>1</flag></object><object><points><x>0.017578</x><x>0.050781</x><y>0.24479</y><y>0.27734</y></points><label>11</label><labelname>pillar</labelname><flag>1</flag></object><object><points><x>0.016602</x><x>0.049805</x><y>0.41016</y><y>0.44271</y></points><label>11</label><labelname>pillar</labelname><flag>1</flag></object><object><points><x>0.024414</x><x>0.057617</x><y>0.80729</y><y>0.83984</y></points><label>11</label><labelname>pillar</labelname><flag>1</flag></object><object><points><x>0.022461</x><x>0.055664</x><y>0.63932</y><y>0.67318</y></points><label>11</label><labelname>pillar</labelname><flag>1</flag></object><object><points><x>0.50098</x><x>0.53125</x><y>0.21745</y><y>0.27865</y></points><label>11</label><labelname>pillar</labelname><flag>1</flag></object><object><points><x>0.49512</x><x>0.52539</x><y>0.39323</y><y>0.44531</y></points><label>11</label><labelname>pillar</labelname><flag>1</flag></object><object><points><x>0.49805</x><x>0.52832</x><y>0.80599</y><y>0.85807</y></points><label>11</label><labelname>pillar</labelname><flag>1</flag></object><object><points><x>0.5</x><x>0.52637</x><y>0.63542</y><y>0.6862</y></points><label>11</label><labelname>pillar</labelname><flag>1</flag></object><object><points><x>0.8252</x><x>0.8457</x><y>0.29427</y><y>0.39062</y></points><label>12</label><labelname>shop</labelname><flag>1</flag></object><object><points><x>0.85547</x><x>0.88477</x><y>0.40885</y><y>0.42188</y></points><label>12</label><labelname>shop</labelname><flag>1</flag></object><object><points><x>0.86719</x><x>0.96973</x><y>0.28646</y><y>0.33594</y></points><label>12</label><labelname>shop</labelname><flag>1</flag></object><object><points><x>0.86328</x><x>0.89648</x><y>0.14583</y><y>0.18099</y></points><label>12</label><labelname>shop</labelname><flag>1</flag></object><object><points><x>0.96094</x><x>0.97168</x><y>0.16146</y><y>0.17578</y></points><label>12</label><labelname>shop</labelname><flag>1</flag></object><object><points><x>0.8252</x><x>0.85449</x><y>0.71615</y><y>0.76042</y></points><label>12</label><labelname>shop</labelname><flag>1</flag></object><object><points><x>0.85059</x><x>0.88379</x><y>0.82943</y><y>0.85417</y></points><label>12</label><labelname>shop</labelname><flag>1</flag></object><object><points><x>0.75684</x><x>0.94824</x><y>0.6237</y><y>0.64974</y></points><label>11</label><labelname>pillar</labelname><flag>1</flag></object><object><points><x>0.75879</x><x>0.9502</x><y>0.42969</y><y>0.45573</y></points><label>11</label><labelname>pillar</labelname><flag>1</flag></object><object><points><x>0.9502</x><x>0.95898</x><y>0.42578</y><y>0.45833</y></points><label>11</label><labelname>pillar</labelname><flag>1</flag></object><object><points><x>0.94824</x><x>0.95703</x><y>0.62109</y><y>0.65365</y></points><label>11</label><labelname>pillar</labelname><flag>1</flag></object><object><points><x>0.68555</x><x>0.75684</x><y>0.61849</y><y>0.65495</y></points><label>11</label><labelname>pillar</labelname><flag>1</flag></object><object><points><x>0.6875</x><x>0.75879</x><y>0.42578</y><y>0.46094</y></points><label>11</label><labelname>pillar</labelname><flag>1</flag></object>