<object><points><x>0.21289</x><x>0.86816</x><y>0.0026991</y><y>0.9973</y></points><label>2</label><labelname>facade</labelname><flag>1</flag></object><object><points><x>0.34082</x><x>0.40332</x><y>0.21188</y><y>0.30904</y></points><label>3</label><labelname>window</labelname><flag>1</flag></object><object><points><x>0.37402</x><x>0.42969</x><y>0.52767</y><y>0.61943</y></points><label>3</label><labelname>window</labelname><flag>1</flag></object><object><points><x>0.37695</x><x>0.43359</x><y>0.73144</y><y>0.82321</y></points><label>3</label><labelname>window</labelname><flag>1</flag></object><object><points><x>0.54102</x><x>0.66113</x><y>0.21188</y><y>0.30769</y></points><label>3</label><labelname>window</labelname><flag>1</flag></object><object><points><x>0.55859</x><x>0.67285</x><y>0.52901</y><y>0.61673</y></points><label>3</label><labelname>window</labelname><flag>1</flag></object><object><points><x>0.55859</x><x>0.67285</x><y>0.73684</y><y>0.82456</y></points><label>3</label><labelname>window</labelname><flag>1</flag></object><object><points><x>0.74707</x><x>0.86133</x><y>0.73414</y><y>0.82186</y></points><label>3</label><labelname>window</labelname><flag>1</flag></object><object><points><x>0.74902</x><x>0.85645</x><y>0.53171</y><y>0.61943</y></points><label>3</label><labelname>window</labelname><flag>1</flag></object><object><points><x>0.49121</x><x>0.53613</x><y>0.16869</y><y>0.34953</y></points><label>5</label><labelname>cornice</labelname><flag>1</flag></object><object><points><x>0.51074</x><x>0.55664</x><y>0.49393</y><y>0.65857</y></points><label>5</label><labelname>cornice</labelname><flag>1</flag></object><object><points><x>0.51367</x><x>0.55957</x><y>0.69771</y><y>0.86235</y></points><label>5</label><labelname>cornice</labelname><flag>1</flag></object><object><points><x>0.34473</x><x>0.39941</x><y>0.17004</y><y>0.21457</y></points><label>8</label><labelname>blind</labelname><flag>1</flag></object><object><points><x>0.34375</x><x>0.39844</x><y>0.30499</y><y>0.34953</y></points><label>8</label><labelname>blind</labelname><flag>1</flag></object><object><points><x>0.37598</x><x>0.42578</x><y>0.48853</y><y>0.52901</y></points><label>8</label><labelname>blind</labelname><flag>1</flag></object><object><points><x>0.37695</x><x>0.42676</x><y>0.61673</y><y>0.65722</y></points><label>8</label><labelname>blind</labelname><flag>1</flag></object><object><points><x>0.37793</x><x>0.42871</x><y>0.69636</y><y>0.73684</y></points><label>8</label><labelname>blind</labelname><flag>1</flag></object><object><points><x>0.37891</x><x>0.42969</x><y>0.82051</y><y>0.861</y></points><label>8</label><labelname>blind</labelname><flag>1</flag></object><object><points><x>0.54297</x><x>0.66016</x><y>0.16734</y><y>0.21727</y></points><label>8</label><labelname>blind</labelname><flag>1</flag></object><object><points><x>0.54297</x><x>0.66113</x><y>0.29825</y><y>0.34683</y></points><label>8</label><labelname>blind</labelname><flag>1</flag></object><object><points><x>0.56055</x><x>0.67188</x><y>0.48853</y><y>0.53441</y></points><label>8</label><labelname>blind</labelname><flag>1</flag></object><object><points><x>0.56055</x><x>0.67188</x><y>0.61538</y><y>0.66127</y></points><label>8</label><labelname>blind</labelname><flag>1</flag></object><object><points><x>0.56055</x><x>0.67188</x><y>0.69636</y><y>0.74224</y></points><label>8</label><labelname>blind</labelname><flag>1</flag></object><object><points><x>0.56055</x><x>0.67188</x><y>0.81511</y><y>0.85965</y></points><label>8</label><labelname>blind</labelname><flag>1</flag></object><object><points><x>0.75098</x><x>0.85645</x><y>0.5749</y><y>0.62618</y></points><label>8</label><labelname>blind</labelname><flag>1</flag></object><object><points><x>0.75098</x><x>0.85645</x><y>0.52092</y><y>0.57355</y></points><label>8</label><labelname>blind</labelname><flag>1</flag></object><object><points><x>0.75098</x><x>0.85742</x><y>0.7247</y><y>0.77598</y></points><label>8</label><labelname>blind</labelname><flag>1</flag></object><object><points><x>0.75098</x><x>0.85742</x><y>0.77733</y><y>0.82861</y></points><label>8</label><labelname>blind</labelname><flag>1</flag></object><object><points><x>0.22949</x><x>0.35352</x><y>0.010796</y><y>0.9919</y></points><label>10</label><labelname>molding</labelname><flag>1</flag></object><object><points><x>0.66797</x><x>0.7207</x><y>0.0094467</y><y>0.99595</y></points><label>10</label><labelname>molding</labelname><flag>1</flag></object>