<object><points><x>0.0034247</x><x>0.99829</x><y>0.50195</y><y>0.97656</y></points><label>2</label><labelname>facade</labelname><flag>1</flag></object><object><points><x>0.37671</x><x>0.48801</x><y>0.12305</y><y>0.16406</y></points><label>3</label><labelname>window</labelname><flag>1</flag></object><object><points><x>0.57534</x><x>0.67808</x><y>0.12012</y><y>0.15918</y></points><label>3</label><labelname>window</labelname><flag>1</flag></object><object><points><x>0.76027</x><x>0.87158</x><y>0.11719</y><y>0.1582</y></points><label>3</label><labelname>window</labelname><flag>1</flag></object><object><points><x>0.76027</x><x>0.87329</x><y>0.37988</y><y>0.42188</y></points><label>3</label><labelname>window</labelname><flag>1</flag></object><object><points><x>0.57877</x><x>0.67808</x><y>0.38379</y><y>0.42383</y></points><label>3</label><labelname>window</labelname><flag>1</flag></object><object><points><x>0.38699</x><x>0.48288</x><y>0.38379</y><y>0.42383</y></points><label>3</label><labelname>window</labelname><flag>1</flag></object><object><points><x>0.74658</x><x>0.87329</x><y>0.5332</y><y>0.58301</y></points><label>3</label><labelname>window</labelname><flag>1</flag></object><object><points><x>0.74486</x><x>0.86986</x><y>0.59766</y><y>0.64746</y></points><label>3</label><labelname>window</labelname><flag>1</flag></object><object><points><x>0.74486</x><x>0.86986</x><y>0.70996</y><y>0.75586</y></points><label>3</label><labelname>window</labelname><flag>1</flag></object><object><points><x>0.54966</x><x>0.6661</x><y>0.5625</y><y>0.58887</y></points><label>3</label><labelname>window</labelname><flag>1</flag></object><object><points><x>0.55137</x><x>0.66952</x><y>0.59766</y><y>0.625</y></points><label>3</label><labelname>window</labelname><flag>1</flag></object><object><points><x>0.54966</x><x>0.6661</x><y>0.84961</y><y>0.87598</y></points><label>3</label><labelname>window</labelname><flag>1</flag></object><object><points><x>0.54966</x><x>0.6661</x><y>0.88281</y><y>0.91016</y></points><label>3</label><labelname>window</labelname><flag>1</flag></object><object><points><x>0.15925</x><x>0.26884</x><y>0.70801</y><y>0.73535</y></points><label>3</label><labelname>window</labelname><flag>1</flag></object><object><points><x>0.16267</x><x>0.27226</x><y>0.74316</y><y>0.76953</y></points><label>3</label><labelname>window</labelname><flag>1</flag></object><object><points><x>0.15753</x><x>0.26884</x><y>0.59961</y><y>0.62598</y></points><label>3</label><labelname>window</labelname><flag>1</flag></object><object><points><x>0.15925</x><x>0.26884</x><y>0.56445</y><y>0.59082</y></points><label>3</label><labelname>window</labelname><flag>1</flag></object><object><points><x>0.16096</x><x>0.27055</x><y>0.85156</y><y>0.87793</y></points><label>3</label><labelname>window</labelname><flag>1</flag></object><object><points><x>0.16267</x><x>0.27226</x><y>0.88672</y><y>0.91309</y></points><label>3</label><labelname>window</labelname><flag>1</flag></object><object><points><x>0.35445</x><x>0.43836</x><y>0.70996</y><y>0.73438</y></points><label>3</label><labelname>window</labelname><flag>1</flag></object><object><points><x>0.35274</x><x>0.43664</x><y>0.74316</y><y>0.76758</y></points><label>3</label><labelname>window</labelname><flag>1</flag></object><object><points><x>0.35445</x><x>0.46404</x><y>0.85156</y><y>0.87695</y></points><label>3</label><labelname>window</labelname><flag>1</flag></object><object><points><x>0.35445</x><x>0.46404</x><y>0.88477</y><y>0.91016</y></points><label>3</label><labelname>window</labelname><flag>1</flag></object><object><points><x>0.3887</x><x>0.49315</x><y>0.24316</y><y>0.26562</y></points><label>3</label><labelname>window</labelname><flag>1</flag></object><object><points><x>0.39212</x><x>0.49658</x><y>0.27734</y><y>0.2998</y></points><label>3</label><labelname>window</labelname><flag>1</flag></object><object><points><x>0.58048</x><x>0.70719</x><y>0.27441</y><y>0.29688</y></points><label>3</label><labelname>window</labelname><flag>1</flag></object><object><points><x>0.57877</x><x>0.70548</x><y>0.24219</y><y>0.26465</y></points><label>3</label><labelname>window</labelname><flag>1</flag></object><object><points><x>0.76199</x><x>0.875</x><y>0.24023</y><y>0.26367</y></points><label>3</label><labelname>window</labelname><flag>1</flag></object><object><points><x>0.7637</x><x>0.875</x><y>0.27148</y><y>0.29785</y></points><label>3</label><labelname>window</labelname><flag>1</flag></object><object><points><x>0.22774</x><x>0.27397</x><y>0.12988</y><y>0.15918</y></points><label>3</label><labelname>window</labelname><flag>1</flag></object><object><points><x>0.22432</x><x>0.27055</x><y>0.26074</y><y>0.28906</y></points><label>3</label><labelname>window</labelname><flag>1</flag></object><object><points><x>0.2226</x><x>0.26884</x><y>0.3916</y><y>0.4209</y></points><label>3</label><labelname>window</labelname><flag>1</flag></object><object><points><x>0.55479</x><x>0.6387</x><y>0.70703</y><y>0.73145</y></points><label>3</label><labelname>window</labelname><flag>1</flag></object><object><points><x>0.55137</x><x>0.63527</x><y>0.74121</y><y>0.7666</y></points><label>3</label><labelname>window</labelname><flag>1</flag></object><object><points><x>0.49315</x><x>0.57363</x><y>0.10254</y><y>0.18359</y></points><label>5</label><labelname>cornice</labelname><flag>1</flag></object><object><points><x>0.49315</x><x>0.57363</x><y>0.36816</y><y>0.44922</y></points><label>5</label><labelname>cornice</labelname><flag>1</flag></object><object><points><x>0.47774</x><x>0.54966</x><y>0.55273</y><y>0.65137</y></points><label>5</label><labelname>cornice</labelname><flag>1</flag></object><object><points><x>0.4726</x><x>0.53596</x><y>0.83789</y><y>0.93359</y></points><label>5</label><labelname>cornice</labelname><flag>1</flag></object><object><points><x>0.30137</x><x>0.34932</x><y>0.55176</y><y>0.6543</y></points><label>5</label><labelname>cornice</labelname><flag>1</flag></object><object><points><x>0.30479</x><x>0.35274</x><y>0.83496</y><y>0.9375</y></points><label>5</label><labelname>cornice</labelname><flag>1</flag></object><object><points><x>0.48459</x><x>0.5137</x><y>0.10938</y><y>0.17773</y></points><label>6</label><labelname>sill</labelname><flag>1</flag></object><object><points><x>0.48288</x><x>0.51199</x><y>0.37109</y><y>0.43848</y></points><label>6</label><labelname>sill</labelname><flag>1</flag></object><object><points><x>0.67637</x><x>0.70548</x><y>0.36914</y><y>0.4375</y></points><label>6</label><labelname>sill</labelname><flag>1</flag></object><object><points><x>0.67466</x><x>0.70548</x><y>0.10449</y><y>0.17285</y></points><label>6</label><labelname>sill</labelname><flag>1</flag></object><object><points><x>0.86644</x><x>0.88699</x><y>0.10742</y><y>0.16992</y></points><label>6</label><labelname>sill</labelname><flag>1</flag></object><object><points><x>0.86815</x><x>0.8887</x><y>0.36914</y><y>0.43262</y></points><label>6</label><labelname>sill</labelname><flag>1</flag></object><object><points><x>0.86815</x><x>0.89212</x><y>0.22656</y><y>0.3125</y></points><label>6</label><labelname>sill</labelname><flag>1</flag></object><object><points><x>0.4589</x><x>0.49144</x><y>0.55566</y><y>0.64648</y></points><label>6</label><labelname>sill</labelname><flag>1</flag></object><object><points><x>0.46404</x><x>0.49658</x><y>0.83398</y><y>0.92383</y></points><label>6</label><labelname>sill</labelname><flag>1</flag></object><object><points><x>0.65925</x><x>0.69178</x><y>0.83203</y><y>0.92188</y></points><label>6</label><labelname>sill</labelname><flag>1</flag></object><object><points><x>0.66267</x><x>0.69521</x><y>0.54785</y><y>0.6377</y></points><label>6</label><labelname>sill</labelname><flag>1</flag></object><object><points><x>0.27226</x><x>0.34418</x><y>0.70117</y><y>0.7998</y></points><label>5</label><labelname>cornice</labelname><flag>1</flag></object><object><points><x>0.43493</x><x>0.59247</x><y>0.2168</y><y>0.35938</y></points><label>7</label><labelname>balcony</labelname><flag>1</flag></object><object><points><x>0.62842</x><x>0.78596</x><y>0.2168</y><y>0.35938</y></points><label>7</label><labelname>balcony</labelname><flag>1</flag></object><object><points><x>0.4161</x><x>0.56849</x><y>0.68359</y><y>0.84766</y></points><label>7</label><labelname>balcony</labelname><flag>1</flag></object><object><points><x>0.60959</x><x>0.76199</x><y>0.68652</y><y>0.85059</y></points><label>7</label><labelname>balcony</labelname><flag>1</flag></object><object><points><x>0.20377</x><x>0.27397</x><y>0.081055</y><y>0.33691</y></points><label>7</label><labelname>balcony</labelname><flag>1</flag></object><object><points><x>0.35616</x><x>0.43151</x><y>0.85449</y><y>0.87207</y></points><label>8</label><labelname>blind</labelname><flag>1</flag></object><object><points><x>0.35616</x><x>0.41096</x><y>0.88672</y><y>0.90137</y></points><label>8</label><labelname>blind</labelname><flag>1</flag></object><object><points><x>0.35445</x><x>0.40582</x><y>0.60059</y><y>0.62012</y></points><label>8</label><labelname>blind</labelname><flag>1</flag></object><object><points><x>0.35274</x><x>0.46575</x><y>0.59668</y><y>0.62402</y></points><label>3</label><labelname>window</labelname><flag>1</flag></object><object><points><x>0.35274</x><x>0.46575</x><y>0.5625</y><y>0.58984</y></points><label>3</label><labelname>window</labelname><flag>1</flag></object><object><points><x>0.35445</x><x>0.40753</x><y>0.56445</y><y>0.58398</y></points><label>8</label><labelname>blind</labelname><flag>1</flag></object><object><points><x>0.54966</x><x>0.58562</x><y>0.5625</y><y>0.58301</y></points><label>8</label><labelname>blind</labelname><flag>1</flag></object><object><points><x>0.16096</x><x>0.26712</x><y>0.56543</y><y>0.58496</y></points><label>8</label><labelname>blind</labelname><flag>1</flag></object><object><points><x>0.15925</x><x>0.21233</x><y>0.59961</y><y>0.61914</y></points><label>8</label><labelname>blind</labelname><flag>1</flag></object><object><points><x>0.16267</x><x>0.19692</x><y>0.74414</y><y>0.76074</y></points><label>8</label><labelname>blind</labelname><flag>1</flag></object><object><points><x>0.57705</x><x>0.59932</x><y>0.12109</y><y>0.1582</y></points><label>8</label><labelname>blind</labelname><flag>1</flag></object><object><points><x>0.3887</x><x>0.40925</x><y>0.38477</y><y>0.42285</y></points><label>8</label><labelname>blind</labelname><flag>1</flag></object><object><points><x>0.69863</x><x>0.74315</x><y>0.043945</y><y>0.47461</y></points><label>10</label><labelname>molding</labelname><flag>1</flag></object><object><points><x>0.14384</x><x>1</x><y>0.03418</y><y>0.47949</y></points><label>2</label><labelname>facade</labelname><flag>1</flag></object><object><points><x>0.69521</x><x>0.73459</x><y>0.50781</y><y>0.97559</y></points><label>10</label><labelname>molding</labelname><flag>1</flag></object><object><points><x>0.24829</x><x>0.28767</x><y>0.50391</y><y>0.97266</y></points><label>10</label><labelname>molding</labelname><flag>1</flag></object><object><points><x>0.039384</x><x>0.14897</x><y>0.50684</y><y>0.97461</y></points><label>10</label><labelname>molding</labelname><flag>1</flag></object><object><points><x>0.2637</x><x>0.36986</x><y>0.038086</y><y>0.47852</y></points><label>10</label><labelname>molding</labelname><flag>1</flag></object>