<object><points><x>0.74023</x><x>0.78711</x><y>0.57292</y><y>0.60417</y></points><label>3</label><labelname>window</labelname><flag>1</flag></object><object><points><x>0.74023</x><x>0.78711</x><y>0.51823</y><y>0.55339</y></points><label>3</label><labelname>window</labelname><flag>1</flag></object><object><points><x>0.74023</x><x>0.78809</x><y>0.46745</y><y>0.4974</y></points><label>3</label><labelname>window</labelname><flag>1</flag></object><object><points><x>0.63379</x><x>0.6709</x><y>0.57292</y><y>0.60417</y></points><label>3</label><labelname>window</labelname><flag>1</flag></object><object><points><x>0.63379</x><x>0.67285</x><y>0.51823</y><y>0.55339</y></points><label>3</label><labelname>window</labelname><flag>1</flag></object><object><points><x>0.63281</x><x>0.67383</x><y>0.46875</y><y>0.4987</y></points><label>3</label><labelname>window</labelname><flag>1</flag></object><object><points><x>0.74219</x><x>0.79785</x><y>0.33073</y><y>0.39193</y></points><label>3</label><labelname>window</labelname><flag>1</flag></object><object><points><x>0.63574</x><x>0.68945</x><y>0.33203</y><y>0.39193</y></points><label>3</label><labelname>window</labelname><flag>1</flag></object><object><points><x>0.59863</x><x>0.63379</x><y>0.3112</y><y>0.41797</y></points><label>5</label><labelname>cornice</labelname><flag>1</flag></object><object><points><x>0.59863</x><x>0.63379</x><y>0.16276</y><y>0.26823</y></points><label>5</label><labelname>cornice</labelname><flag>1</flag></object><object><points><x>0.74219</x><x>0.79785</x><y>0.1849</y><y>0.24479</y></points><label>3</label><labelname>window</labelname><flag>1</flag></object><object><points><x>0.63574</x><x>0.69043</x><y>0.18359</y><y>0.24349</y></points><label>3</label><labelname>window</labelname><flag>1</flag></object><object><points><x>0.84473</x><x>0.89746</x><y>0.16797</y><y>0.20443</y></points><label>3</label><labelname>window</labelname><flag>1</flag></object><object><points><x>0.80176</x><x>0.84473</x><y>0.22656</y><y>0.36068</y></points><label>5</label><labelname>cornice</labelname><flag>1</flag></object><object><points><x>0.875</x><x>0.97754</x><y>0.26172</y><y>0.3125</y></points><label>4</label><labelname>door</labelname><flag>1</flag></object><object><points><x>0.84375</x><x>0.89648</x><y>0.3724</y><y>0.40885</y></points><label>3</label><labelname>window</labelname><flag>1</flag></object><object><points><x>0.83887</x><x>0.89453</x><y>0.57161</y><y>0.60286</y></points><label>3</label><labelname>window</labelname><flag>1</flag></object><object><points><x>0.83887</x><x>0.89551</x><y>0.51693</y><y>0.55208</y></points><label>3</label><labelname>window</labelname><flag>1</flag></object><object><points><x>0.83984</x><x>0.89551</x><y>0.46745</y><y>0.4974</y></points><label>3</label><labelname>window</labelname><flag>1</flag></object><object><points><x>0.8418</x><x>0.89355</x><y>0.67318</y><y>0.73307</y></points><label>3</label><labelname>window</labelname><flag>1</flag></object><object><points><x>0.74023</x><x>0.7959</x><y>0.67448</y><y>0.73568</y></points><label>3</label><labelname>window</labelname><flag>1</flag></object><object><points><x>0.63379</x><x>0.6875</x><y>0.67578</y><y>0.73568</y></points><label>3</label><labelname>window</labelname><flag>1</flag></object><object><points><x>0.59863</x><x>0.63281</x><y>0.65234</y><y>0.76432</y></points><label>5</label><labelname>cornice</labelname><flag>1</flag></object><object><points><x>0.50195</x><x>0.5332</x><y>0.45443</y><y>0.625</y></points><label>5</label><labelname>cornice</labelname><flag>1</flag></object><object><points><x>0.4248</x><x>0.43555</x><y>0.66536</y><y>0.7474</y></points><label>5</label><labelname>cornice</labelname><flag>1</flag></object><object><points><x>0.51562</x><x>0.53516</x><y>0.66016</y><y>0.76042</y></points><label>5</label><labelname>cornice</labelname><flag>1</flag></object><object><points><x>0.53516</x><x>0.58594</x><y>0.67708</y><y>0.73568</y></points><label>3</label><labelname>window</labelname><flag>1</flag></object><object><points><x>0.43555</x><x>0.48242</x><y>0.67578</y><y>0.73438</y></points><label>3</label><labelname>window</labelname><flag>1</flag></object><object><points><x>0.53223</x><x>0.56055</x><y>0.57292</y><y>0.60417</y></points><label>3</label><labelname>window</labelname><flag>1</flag></object><object><points><x>0.53125</x><x>0.56445</x><y>0.52083</y><y>0.55469</y></points><label>3</label><labelname>window</labelname><flag>1</flag></object><object><points><x>0.53125</x><x>0.58398</x><y>0.46875</y><y>0.5</y></points><label>3</label><labelname>window</labelname><flag>1</flag></object><object><points><x>0.43066</x><x>0.47949</x><y>0.57292</y><y>0.60417</y></points><label>3</label><labelname>window</labelname><flag>1</flag></object><object><points><x>0.42969</x><x>0.48047</x><y>0.52083</y><y>0.55469</y></points><label>3</label><labelname>window</labelname><flag>1</flag></object><object><points><x>0.43066</x><x>0.47949</x><y>0.46615</y><y>0.4987</y></points><label>3</label><labelname>window</labelname><flag>1</flag></object><object><points><x>0.42578</x><x>0.43457</x><y>0.32161</y><y>0.40365</y></points><label>5</label><labelname>cornice</labelname><flag>1</flag></object><object><points><x>0.5166</x><x>0.53516</x><y>0.3138</y><y>0.41146</y></points><label>5</label><labelname>cornice</labelname><flag>1</flag></object><object><points><x>0.53516</x><x>0.58691</x><y>0.33073</y><y>0.39193</y></points><label>3</label><labelname>window</labelname><flag>1</flag></object><object><points><x>0.43555</x><x>0.4834</x><y>0.33073</y><y>0.39193</y></points><label>3</label><labelname>window</labelname><flag>1</flag></object><object><points><x>0.53418</x><x>0.58691</x><y>0.18229</y><y>0.24349</y></points><label>3</label><labelname>window</labelname><flag>1</flag></object><object><points><x>0.43457</x><x>0.4834</x><y>0.18359</y><y>0.24479</y></points><label>3</label><labelname>window</labelname><flag>1</flag></object><object><points><x>0.42578</x><x>0.43457</x><y>0.17448</y><y>0.25391</y></points><label>5</label><labelname>cornice</labelname><flag>1</flag></object><object><points><x>0.51562</x><x>0.53418</x><y>0.16667</y><y>0.26302</y></points><label>5</label><labelname>cornice</labelname><flag>1</flag></object><object><points><x>0.33984</x><x>0.98633</x><y>0.0013021</y><y>0.78255</y></points><label>2</label><labelname>facade</labelname><flag>1</flag></object><object><points><x>0.45508</x><x>0.50781</x><y>0.82943</y><y>0.86979</y></points><label>3</label><labelname>window</labelname><flag>1</flag></object><object><points><x>0.55469</x><x>0.60645</x><y>0.82943</y><y>0.86849</y></points><label>3</label><labelname>window</labelname><flag>1</flag></object><object><points><x>0.6543</x><x>0.71094</x><y>0.82943</y><y>0.86849</y></points><label>3</label><labelname>window</labelname><flag>1</flag></object><object><points><x>0.75879</x><x>0.81543</x><y>0.82943</y><y>0.86979</y></points><label>3</label><labelname>window</labelname><flag>1</flag></object><object><points><x>0.86621</x><x>0.91699</x><y>0.83203</y><y>0.86068</y></points><label>3</label><labelname>window</labelname><flag>1</flag></object><object><points><x>0.42969</x><x>0.48145</x><y>0.076823</y><y>0.11068</y></points><label>3</label><labelname>window</labelname><flag>1</flag></object><object><points><x>0.42773</x><x>0.47852</x><y>0.020833</y><y>0.057292</y></points><label>3</label><labelname>window</labelname><flag>1</flag></object><object><points><x>0.53125</x><x>0.58398</x><y>0.076823</y><y>0.11068</y></points><label>3</label><labelname>window</labelname><flag>1</flag></object><object><points><x>0.53027</x><x>0.55957</x><y>0.020833</y><y>0.058594</y></points><label>3</label><labelname>window</labelname><flag>1</flag></object><object><points><x>0.63281</x><x>0.67383</x><y>0.078125</y><y>0.10938</y></points><label>3</label><labelname>window</labelname><flag>1</flag></object><object><points><x>0.74219</x><x>0.78906</x><y>0.078125</y><y>0.10938</y></points><label>3</label><labelname>window</labelname><flag>1</flag></object><object><points><x>0.93457</x><x>0.9834</x><y>0.47656</y><y>0.51172</y></points><label>3</label><labelname>window</labelname><flag>1</flag></object><object><points><x>0.93457</x><x>0.9834</x><y>0.5599</y><y>0.59505</y></points><label>3</label><labelname>window</labelname><flag>1</flag></object><object><points><x>0.93555</x><x>0.98535</x><y>0.37109</y><y>0.40885</y></points><label>3</label><labelname>window</labelname><flag>1</flag></object><object><points><x>0.93652</x><x>0.9834</x><y>0.16797</y><y>0.20312</y></points><label>4</label><labelname>door</labelname><flag>1</flag></object><object><points><x>0.93457</x><x>0.98438</x><y>0.67318</y><y>0.73177</y></points><label>4</label><labelname>door</labelname><flag>1</flag></object><object><points><x>0.41504</x><x>0.42871</x><y>0.013021</y><y>0.06901</y></points><label>5</label><labelname>cornice</labelname><flag>1</flag></object><object><points><x>0.41895</x><x>0.42969</x><y>0.070312</y><y>0.12109</y></points><label>5</label><labelname>cornice</labelname><flag>1</flag></object><object><points><x>0.51855</x><x>0.55469</x><y>0.80729</y><y>0.89714</y></points><label>5</label><labelname>cornice</labelname><flag>1</flag></object><object><points><x>0.58496</x><x>0.60156</x><y>0.16667</y><y>0.26172</y></points><label>6</label><labelname>sill</labelname><flag>1</flag></object><object><points><x>0.58594</x><x>0.60156</x><y>0.3125</y><y>0.40755</y></points><label>6</label><labelname>sill</labelname><flag>1</flag></object><object><points><x>0.58496</x><x>0.60059</x><y>0.66016</y><y>0.75521</y></points><label>6</label><labelname>sill</labelname><flag>1</flag></object><object><points><x>0.48242</x><x>0.50488</x><y>0.66667</y><y>0.74479</y></points><label>6</label><labelname>sill</labelname><flag>1</flag></object><object><points><x>0.48242</x><x>0.50586</x><y>0.32161</y><y>0.40104</y></points><label>6</label><labelname>sill</labelname><flag>1</flag></object><object><points><x>0.4834</x><x>0.50586</x><y>0.17188</y><y>0.25651</y></points><label>6</label><labelname>sill</labelname><flag>1</flag></object><object><points><x>0.79785</x><x>0.82227</x><y>0.17448</y><y>0.2526</y></points><label>6</label><labelname>sill</labelname><flag>1</flag></object><object><points><x>0.79688</x><x>0.82129</x><y>0.32422</y><y>0.40365</y></points><label>6</label><labelname>sill</labelname><flag>1</flag></object><object><points><x>0.79395</x><x>0.81934</x><y>0.66406</y><y>0.74349</y></points><label>6</label><labelname>sill</labelname><flag>1</flag></object><object><points><x>0.60547</x><x>0.62891</x><y>0.81641</y><y>0.88672</y></points><label>6</label><labelname>sill</labelname><flag>1</flag></object><object><points><x>0.47754</x><x>0.5</x><y>0.010417</y><y>0.066406</y></points><label>6</label><labelname>sill</labelname><flag>1</flag></object><object><points><x>0.47949</x><x>0.50195</x><y>0.071615</y><y>0.11849</y></points><label>6</label><labelname>sill</labelname><flag>1</flag></object><object><points><x>0.34277</x><x>0.36621</x><y>0.43229</y><y>0.62891</y></points><label>7</label><labelname>balcony</labelname><flag>1</flag></object><object><points><x>0.68652</x><x>0.71191</x><y>0.66797</y><y>0.74609</y></points><label>7</label><labelname>balcony</labelname><flag>1</flag></object><object><points><x>0.66895</x><x>0.7373</x><y>0.45182</y><y>0.66146</y></points><label>7</label><labelname>balcony</labelname><flag>1</flag></object><object><points><x>0.68945</x><x>0.71484</x><y>0.32031</y><y>0.40625</y></points><label>7</label><labelname>balcony</labelname><flag>1</flag></object><object><points><x>0.55762</x><x>0.62695</x><y>0.5013</y><y>0.61589</y></points><label>7</label><labelname>balcony</labelname><flag>1</flag></object><object><points><x>0.78516</x><x>0.8457</x><y>0.44922</y><y>0.65885</y></points><label>7</label><labelname>balcony</labelname><flag>1</flag></object><object><points><x>0.68945</x><x>0.71484</x><y>0.17448</y><y>0.26042</y></points><label>7</label><labelname>balcony</labelname><flag>1</flag></object><object><points><x>0.67285</x><x>0.73535</x><y>0.028646</y><y>0.14193</y></points><label>7</label><labelname>balcony</labelname><flag>1</flag></object><object><points><x>0.55859</x><x>0.61133</x><y>0.0052083</y><y>0.088542</y></points><label>7</label><labelname>balcony</labelname><flag>1</flag></object><object><points><x>0.54004</x><x>0.58203</x><y>0.26432</y><y>0.3099</y></points><label>9</label><labelname>deco</labelname><flag>1</flag></object><object><points><x>0.40332</x><x>0.41895</x><y>0.4375</y><y>0.63281</y></points><label>9</label><labelname>deco</labelname><flag>1</flag></object><object><points><x>0.41699</x><x>0.43066</x><y>0.50391</y><y>0.56901</y></points><label>5</label><labelname>cornice</labelname><flag>1</flag></object><object><points><x>0.40234</x><x>0.41797</x><y>0.0052083</y><y>0.14193</y></points><label>9</label><labelname>deco</labelname><flag>1</flag></object><object><points><x>0.5</x><x>0.53027</x><y>0.0052083</y><y>0.1276</y></points><label>5</label><labelname>cornice</labelname><flag>1</flag></object><object><points><x>0.85449</x><x>0.89258</x><y>0.25391</y><y>0.32552</y></points><label>9</label><labelname>deco</labelname><flag>1</flag></object><object><points><x>0.83008</x><x>0.84277</x><y>0.38542</y><y>0.39844</y></points><label>9</label><labelname>deco</labelname><flag>1</flag></object><object><points><x>0.83105</x><x>0.84375</x><y>0.18229</y><y>0.19531</y></points><label>9</label><labelname>deco</labelname><flag>1</flag></object><object><points><x>0.36621</x><x>0.4375</x><y>0.0026042</y><y>0.78255</y></points><label>10</label><labelname>molding</labelname><flag>1</flag></object><object><points><x>0.41113</x><x>0.42383</x><y>0.20182</y><y>0.22656</y></points><label>9</label><labelname>deco</labelname><flag>1</flag></object><object><points><x>0.41113</x><x>0.42383</x><y>0.34766</y><y>0.3737</y></points><label>9</label><labelname>deco</labelname><flag>1</flag></object><object><points><x>0.47559</x><x>0.52344</x><y>0.0026042</y><y>0.77734</y></points><label>10</label><labelname>molding</labelname><flag>1</flag></object><object><points><x>0.68457</x><x>0.73242</x><y>0.0026042</y><y>0.77734</y></points><label>10</label><labelname>molding</labelname><flag>1</flag></object><object><points><x>0.78809</x><x>0.83594</x><y>0.0078125</y><y>0.78255</y></points><label>10</label><labelname>molding</labelname><flag>1</flag></object><object><points><x>0.87109</x><x>0.93848</x><y>0.23828</y><y>0.2526</y></points><label>11</label><labelname>pillar</labelname><flag>1</flag></object><object><points><x>0.87109</x><x>0.93848</x><y>0.32682</y><y>0.34115</y></points><label>11</label><labelname>pillar</labelname><flag>1</flag></object><object><points><x>0.72559</x><x>0.78125</x><y>0.58464</y><y>0.60286</y></points><label>11</label><labelname>pillar</labelname><flag>1</flag></object><object><points><x>0.72656</x><x>0.78125</x><y>0.52734</y><y>0.54557</y></points><label>11</label><labelname>pillar</labelname><flag>1</flag></object><object><points><x>0.61719</x><x>0.66797</x><y>0.58333</y><y>0.60026</y></points><label>11</label><labelname>pillar</labelname><flag>1</flag></object><object><points><x>0.61719</x><x>0.66797</x><y>0.52865</y><y>0.54557</y></points><label>11</label><labelname>pillar</labelname><flag>1</flag></object><object><points><x>0.61816</x><x>0.66797</x><y>0.061198</y><y>0.078125</y></points><label>11</label><labelname>pillar</labelname><flag>1</flag></object><object><points><x>0.66797</x><x>0.67188</x><y>0.52734</y><y>0.54818</y></points><label>11</label><labelname>pillar</labelname><flag>1</flag></object><object><points><x>0.66797</x><x>0.6709</x><y>0.58203</y><y>0.60286</y></points><label>11</label><labelname>pillar</labelname><flag>1</flag></object><object><points><x>0.78125</x><x>0.78809</x><y>0.52604</y><y>0.54818</y></points><label>11</label><labelname>pillar</labelname><flag>1</flag></object><object><points><x>0.78027</x><x>0.78711</x><y>0.58203</y><y>0.60417</y></points><label>11</label><labelname>pillar</labelname><flag>1</flag></object><object><points><x>0.93848</x><x>0.98535</x><y>0.23438</y><y>0.25911</y></points><label>11</label><labelname>pillar</labelname><flag>1</flag></object><object><points><x>0.93848</x><x>0.98535</x><y>0.32161</y><y>0.34635</y></points><label>11</label><labelname>pillar</labelname><flag>1</flag></object><object><points><x>0.66895</x><x>0.67285</x><y>0.05599</y><y>0.083333</y></points><label>11</label><labelname>pillar</labelname><flag>1</flag></object><object><points><x>0.60645</x><x>0.61816</x><y>0.063802</y><y>0.078125</y></points><label>11</label><labelname>pillar</labelname><flag>1</flag></object><object><points><x>0.60742</x><x>0.61719</x><y>0.53255</y><y>0.54427</y></points><label>11</label><labelname>pillar</labelname><flag>1</flag></object><object><points><x>0.60742</x><x>0.61719</x><y>0.58854</y><y>0.60026</y></points><label>11</label><labelname>pillar</labelname><flag>1</flag></object><object><points><x>0.71484</x><x>0.72559</x><y>0.58724</y><y>0.60026</y></points><label>11</label><labelname>pillar</labelname><flag>1</flag></object><object><points><x>0.71582</x><x>0.72656</x><y>0.52995</y><y>0.54427</y></points><label>11</label><labelname>pillar</labelname><flag>1</flag></object><object><points><x>0.84375</x><x>0.87109</x><y>0.23828</y><y>0.25651</y></points><label>11</label><labelname>pillar</labelname><flag>1</flag></object><object><points><x>0.84375</x><x>0.87109</x><y>0.32552</y><y>0.34375</y></points><label>11</label><labelname>pillar</labelname><flag>1</flag></object><object><points><x>0.53809</x><x>0.5791</x><y>0.50911</y><y>0.51302</y></points><label>11</label><labelname>pillar</labelname><flag>1</flag></object><object><points><x>0.53711</x><x>0.56152</x><y>0.5625</y><y>0.56641</y></points><label>11</label><labelname>pillar</labelname><flag>1</flag></object><object><points><x>0.53613</x><x>0.56055</x><y>0.066406</y><y>0.071615</y></points><label>11</label><labelname>pillar</labelname><flag>1</flag></object><object><points><x>0.52539</x><x>0.53711</x><y>0.50651</y><y>0.51432</y></points><label>11</label><labelname>pillar</labelname><flag>1</flag></object><object><points><x>0.52637</x><x>0.53711</x><y>0.5625</y><y>0.56901</y></points><label>11</label><labelname>pillar</labelname><flag>1</flag></object><object><points><x>0.52539</x><x>0.53613</x><y>0.066406</y><y>0.072917</y></points><label>11</label><labelname>pillar</labelname><flag>1</flag></object><object><points><x>0.92578</x><x>0.96777</x><y>0.14453</y><y>0.16667</y></points><label>12</label><labelname>shop</labelname><flag>1</flag></object><object><points><x>0.92578</x><x>0.93652</x><y>0.1276</y><y>0.14323</y></points><label>12</label><labelname>shop</labelname><flag>1</flag></object><object><points><x>0.90723</x><x>0.92578</x><y>0.19141</y><y>0.20573</y></points><label>12</label><labelname>shop</labelname><flag>1</flag></object><object><points><x>0.9209</x><x>0.93457</x><y>0.67318</y><y>0.74089</y></points><label>12</label><labelname>shop</labelname><flag>1</flag></object><object><points><x>0.92285</x><x>0.96191</x><y>0.64323</y><y>0.66146</y></points><label>12</label><labelname>shop</labelname><flag>1</flag></object><object><points><x>0.91797</x><x>0.93945</x><y>0.66146</y><y>0.67318</y></points><label>12</label><labelname>shop</labelname><flag>1</flag></object>