<object><points><x>0.020508</x><x>0.97754</x><y>0.035126</y><y>0.95719</y></points><label>2</label><labelname>facade</labelname><flag>1</flag></object><object><points><x>0.12988</x><x>0.18164</x><y>0.14709</y><y>0.191</y></points><label>3</label><labelname>window</labelname><flag>1</flag></object><object><points><x>0.13379</x><x>0.20508</x><y>0.39297</y><y>0.43249</y></points><label>3</label><labelname>window</labelname><flag>1</flag></object><object><points><x>0.13379</x><x>0.20605</x><y>0.47969</y><y>0.51921</y></points><label>3</label><labelname>window</labelname><flag>1</flag></object><object><points><x>0.13379</x><x>0.20508</x><y>0.55324</y><y>0.59495</y></points><label>3</label><labelname>window</labelname><flag>1</flag></object><object><points><x>0.13477</x><x>0.20605</x><y>0.63886</y><y>0.68057</y></points><label>3</label><labelname>window</labelname><flag>1</flag></object><object><points><x>0.13574</x><x>0.20605</x><y>0.71679</y><y>0.75741</y></points><label>3</label><labelname>window</labelname><flag>1</flag></object><object><points><x>0.13574</x><x>0.20703</x><y>0.80571</y><y>0.84742</y></points><label>3</label><labelname>window</labelname><flag>1</flag></object><object><points><x>0.13672</x><x>0.20703</x><y>0.88145</y><y>0.92206</y></points><label>3</label><labelname>window</labelname><flag>1</flag></object><object><points><x>0.2373</x><x>0.32031</x><y>0.069155</y><y>0.11745</y></points><label>3</label><labelname>window</labelname><flag>1</flag></object><object><points><x>0.13379</x><x>0.2041</x><y>0.31833</y><y>0.35895</y></points><label>3</label><labelname>window</labelname><flag>1</flag></object><object><points><x>0.28223</x><x>0.35938</x><y>0.31614</y><y>0.35675</y></points><label>3</label><labelname>window</labelname><flag>1</flag></object><object><points><x>0.2832</x><x>0.35938</x><y>0.39188</y><y>0.43359</y></points><label>3</label><labelname>window</labelname><flag>1</flag></object><object><points><x>0.2832</x><x>0.36035</x><y>0.47859</y><y>0.51921</y></points><label>3</label><labelname>window</labelname><flag>1</flag></object><object><points><x>0.28418</x><x>0.36035</x><y>0.55324</y><y>0.59385</y></points><label>3</label><labelname>window</labelname><flag>1</flag></object><object><points><x>0.28516</x><x>0.36035</x><y>0.63776</y><y>0.67947</y></points><label>3</label><labelname>window</labelname><flag>1</flag></object><object><points><x>0.28516</x><x>0.36133</x><y>0.7157</y><y>0.75631</y></points><label>3</label><labelname>window</labelname><flag>1</flag></object><object><points><x>0.28418</x><x>0.3252</x><y>0.80351</y><y>0.84523</y></points><label>3</label><labelname>window</labelname><flag>1</flag></object><object><points><x>0.28613</x><x>0.32715</x><y>0.88035</y><y>0.92206</y></points><label>3</label><labelname>window</labelname><flag>1</flag></object><object><points><x>0.40332</x><x>0.4873</x><y>0.068057</y><y>0.11636</y></points><label>3</label><labelname>window</labelname><flag>1</flag></object><object><points><x>0.4375</x><x>0.5127</x><y>0.31504</y><y>0.35785</y></points><label>3</label><labelname>window</labelname><flag>1</flag></object><object><points><x>0.4375</x><x>0.5127</x><y>0.39188</y><y>0.43139</y></points><label>3</label><labelname>window</labelname><flag>1</flag></object><object><points><x>0.4375</x><x>0.51465</x><y>0.47859</y><y>0.52031</y></points><label>3</label><labelname>window</labelname><flag>1</flag></object><object><points><x>0.43945</x><x>0.51465</x><y>0.55324</y><y>0.59276</y></points><label>3</label><labelname>window</labelname><flag>1</flag></object><object><points><x>0.43848</x><x>0.51562</x><y>0.63996</y><y>0.68167</y></points><label>3</label><labelname>window</labelname><flag>1</flag></object><object><points><x>0.43848</x><x>0.51562</x><y>0.7157</y><y>0.75521</y></points><label>3</label><labelname>window</labelname><flag>1</flag></object><object><points><x>0.44043</x><x>0.48828</x><y>0.80571</y><y>0.84742</y></points><label>3</label><labelname>window</labelname><flag>1</flag></object><object><points><x>0.44043</x><x>0.49023</x><y>0.88035</y><y>0.92206</y></points><label>3</label><labelname>window</labelname><flag>1</flag></object><object><points><x>0.57031</x><x>0.65332</x><y>0.068057</y><y>0.11636</y></points><label>3</label><labelname>window</labelname><flag>1</flag></object><object><points><x>0.59375</x><x>0.66895</x><y>0.31614</y><y>0.35785</y></points><label>3</label><labelname>window</labelname><flag>1</flag></object><object><points><x>0.59375</x><x>0.66992</x><y>0.39188</y><y>0.4303</y></points><label>3</label><labelname>window</labelname><flag>1</flag></object><object><points><x>0.59375</x><x>0.66992</x><y>0.4775</y><y>0.51921</y></points><label>3</label><labelname>window</labelname><flag>1</flag></object><object><points><x>0.59375</x><x>0.6709</x><y>0.55324</y><y>0.59276</y></points><label>3</label><labelname>window</labelname><flag>1</flag></object><object><points><x>0.59375</x><x>0.66992</x><y>0.63996</y><y>0.68057</y></points><label>3</label><labelname>window</labelname><flag>1</flag></object><object><points><x>0.59375</x><x>0.67188</x><y>0.7135</y><y>0.75521</y></points><label>3</label><labelname>window</labelname><flag>1</flag></object><object><points><x>0.5957</x><x>0.65625</x><y>0.80351</y><y>0.84632</y></points><label>3</label><labelname>window</labelname><flag>1</flag></object><object><points><x>0.5957</x><x>0.65723</x><y>0.88145</y><y>0.92206</y></points><label>3</label><labelname>window</labelname><flag>1</flag></object><object><points><x>0.74609</x><x>0.82227</x><y>0.1427</y><y>0.1899</y></points><label>3</label><labelname>window</labelname><flag>1</flag></object><object><points><x>0.74707</x><x>0.82324</x><y>0.31723</y><y>0.35895</y></points><label>3</label><labelname>window</labelname><flag>1</flag></object><object><points><x>0.74707</x><x>0.82324</x><y>0.39188</y><y>0.43249</y></points><label>3</label><labelname>window</labelname><flag>1</flag></object><object><points><x>0.74707</x><x>0.82324</x><y>0.64215</y><y>0.68386</y></points><label>3</label><labelname>window</labelname><flag>1</flag></object><object><points><x>0.74609</x><x>0.82324</x><y>0.7146</y><y>0.75741</y></points><label>3</label><labelname>window</labelname><flag>1</flag></object><object><points><x>0.74707</x><x>0.82422</x><y>0.80571</y><y>0.84962</y></points><label>3</label><labelname>window</labelname><flag>1</flag></object><object><points><x>0.74805</x><x>0.82422</x><y>0.88145</y><y>0.92206</y></points><label>3</label><labelname>window</labelname><flag>1</flag></object><object><points><x>0.25781</x><x>0.35352</x><y>0.18551</y><y>0.21186</y></points><label>3</label><labelname>window</labelname><flag>1</flag></object><object><points><x>0.58008</x><x>0.66992</x><y>0.18551</y><y>0.21076</y></points><label>3</label><labelname>window</labelname><flag>1</flag></object><object><points><x>0.41797</x><x>0.50879</x><y>0.18551</y><y>0.20966</y></points><label>3</label><labelname>window</labelname><flag>1</flag></object><object><points><x>0.75098</x><x>0.81348</x><y>0.51701</y><y>0.55763</y></points><label>3</label><labelname>window</labelname><flag>1</flag></object><object><points><x>0.85059</x><x>0.96777</x><y>0.50494</y><y>0.5697</y></points><label>4</label><labelname>door</labelname><flag>1</flag></object><object><points><x>0.19043</x><x>0.2373</x><y>0.051592</y><y>0.13282</y></points><label>5</label><labelname>cornice</labelname><flag>1</flag></object><object><points><x>0.24707</x><x>0.28223</x><y>0.29308</y><y>0.37212</y></points><label>5</label><labelname>cornice</labelname><flag>1</flag></object><object><points><x>0.24805</x><x>0.28223</x><y>0.37212</y><y>0.45005</y></points><label>5</label><labelname>cornice</labelname><flag>1</flag></object><object><points><x>0.24805</x><x>0.2832</x><y>0.45554</y><y>0.53568</y></points><label>5</label><labelname>cornice</labelname><flag>1</flag></object><object><points><x>0.24902</x><x>0.28418</x><y>0.53568</y><y>0.61142</y></points><label>5</label><labelname>cornice</labelname><flag>1</flag></object><object><points><x>0.25</x><x>0.28516</x><y>0.6169</y><y>0.69594</y></points><label>5</label><labelname>cornice</labelname><flag>1</flag></object><object><points><x>0.24902</x><x>0.28418</x><y>0.69594</y><y>0.77497</y></points><label>5</label><labelname>cornice</labelname><flag>1</flag></object><object><points><x>0.25</x><x>0.28418</x><y>0.78485</y><y>0.86169</y></points><label>5</label><labelname>cornice</labelname><flag>1</flag></object><object><points><x>0.25195</x><x>0.28418</x><y>0.86169</y><y>0.94072</y></points><label>5</label><labelname>cornice</labelname><flag>1</flag></object><object><points><x>0.40332</x><x>0.4375</x><y>0.29308</y><y>0.37102</y></points><label>5</label><labelname>cornice</labelname><flag>1</flag></object><object><points><x>0.40332</x><x>0.43652</x><y>0.37102</y><y>0.44896</y></points><label>5</label><labelname>cornice</labelname><flag>1</flag></object><object><points><x>0.4043</x><x>0.43652</x><y>0.45554</y><y>0.53238</y></points><label>5</label><labelname>cornice</labelname><flag>1</flag></object><object><points><x>0.40527</x><x>0.43848</x><y>0.53458</y><y>0.61032</y></points><label>5</label><labelname>cornice</labelname><flag>1</flag></object><object><points><x>0.40527</x><x>0.43848</x><y>0.618</y><y>0.69484</y></points><label>5</label><labelname>cornice</labelname><flag>1</flag></object><object><points><x>0.40527</x><x>0.43848</x><y>0.69484</y><y>0.77278</y></points><label>5</label><labelname>cornice</labelname><flag>1</flag></object><object><points><x>0.35254</x><x>0.40234</x><y>0.048299</y><y>0.13282</y></points><label>5</label><labelname>cornice</labelname><flag>1</flag></object><object><points><x>0.35547</x><x>0.38477</x><y>0.29857</y><y>0.37102</y></points><label>6</label><labelname>sill</labelname><flag>1</flag></object><object><points><x>0.35742</x><x>0.38379</x><y>0.37431</y><y>0.44786</y></points><label>6</label><labelname>sill</labelname><flag>1</flag></object><object><points><x>0.35645</x><x>0.38281</x><y>0.45884</y><y>0.53238</y></points><label>6</label><labelname>sill</labelname><flag>1</flag></object><object><points><x>0.35742</x><x>0.38477</x><y>0.53458</y><y>0.60922</y></points><label>6</label><labelname>sill</labelname><flag>1</flag></object><object><points><x>0.35742</x><x>0.38379</x><y>0.6169</y><y>0.69374</y></points><label>6</label><labelname>sill</labelname><flag>1</flag></object><object><points><x>0.3584</x><x>0.38379</x><y>0.69813</y><y>0.77168</y></points><label>6</label><labelname>sill</labelname><flag>1</flag></object><object><points><x>0.51172</x><x>0.53906</x><y>0.29638</y><y>0.36883</y></points><label>6</label><labelname>sill</labelname><flag>1</flag></object><object><points><x>0.51172</x><x>0.53906</x><y>0.37322</y><y>0.44566</y></points><label>6</label><labelname>sill</labelname><flag>1</flag></object><object><points><x>0.51074</x><x>0.53906</x><y>0.46213</y><y>0.53238</y></points><label>6</label><labelname>sill</labelname><flag>1</flag></object><object><points><x>0.5127</x><x>0.53906</x><y>0.53568</y><y>0.60922</y></points><label>6</label><labelname>sill</labelname><flag>1</flag></object><object><points><x>0.5127</x><x>0.54199</x><y>0.6213</y><y>0.69484</y></points><label>6</label><labelname>sill</labelname><flag>1</flag></object><object><points><x>0.51367</x><x>0.54199</x><y>0.69813</y><y>0.77497</y></points><label>6</label><labelname>sill</labelname><flag>1</flag></object><object><points><x>0.31836</x><x>0.3584</x><y>0.054885</y><y>0.13611</y></points><label>7</label><labelname>balcony</labelname><flag>1</flag></object><object><points><x>0.33789</x><x>0.37988</x><y>0.17453</y><y>0.21844</y></points><label>7</label><labelname>balcony</labelname><flag>1</flag></object><object><points><x>0.48438</x><x>0.51855</x><y>0.061471</y><y>0.12953</y></points><label>7</label><labelname>balcony</labelname><flag>1</flag></object><object><points><x>0.50391</x><x>0.53711</x><y>0.17892</y><y>0.21734</y></points><label>7</label><labelname>balcony</labelname><flag>1</flag></object><object><points><x>0.65234</x><x>0.6875</x><y>0.058178</y><y>0.12404</y></points><label>7</label><labelname>balcony</labelname><flag>1</flag></object><object><points><x>0.66211</x><x>0.69336</x><y>0.17892</y><y>0.21625</y></points><label>7</label><labelname>balcony</labelname><flag>1</flag></object><object><points><x>0.32422</x><x>0.41406</x><y>0.75082</y><y>0.9506</y></points><label>7</label><labelname>balcony</labelname><flag>1</flag></object><object><points><x>0.48633</x><x>0.58789</x><y>0.74533</y><y>0.95609</y></points><label>7</label><labelname>balcony</labelname><flag>1</flag></object><object><points><x>0.65234</x><x>0.74512</x><y>0.74753</y><y>0.94841</y></points><label>7</label><labelname>balcony</labelname><flag>1</flag></object><object><points><x>0.1084</x><x>0.12988</x><y>0.14819</y><y>0.18332</y></points><label>9</label><labelname>deco</labelname><flag>1</flag></object><object><points><x>0.11133</x><x>0.13281</x><y>0.32382</y><y>0.35236</y></points><label>9</label><labelname>deco</labelname><flag>1</flag></object><object><points><x>0.11133</x><x>0.13379</x><y>0.40066</y><y>0.427</y></points><label>9</label><labelname>deco</labelname><flag>1</flag></object><object><points><x>0.1123</x><x>0.13379</x><y>0.48628</y><y>0.51482</y></points><label>9</label><labelname>deco</labelname><flag>1</flag></object><object><points><x>0.1123</x><x>0.13379</x><y>0.56312</y><y>0.58836</y></points><label>9</label><labelname>deco</labelname><flag>1</flag></object><object><points><x>0.11426</x><x>0.13477</x><y>0.64544</y><y>0.67508</y></points><label>9</label><labelname>deco</labelname><flag>1</flag></object><object><points><x>0.11328</x><x>0.13574</x><y>0.72009</y><y>0.74973</y></points><label>9</label><labelname>deco</labelname><flag>1</flag></object><object><points><x>0.11523</x><x>0.13574</x><y>0.81229</y><y>0.83754</y></points><label>9</label><labelname>deco</labelname><flag>1</flag></object><object><points><x>0.11523</x><x>0.13574</x><y>0.88694</y><y>0.91658</y></points><label>9</label><labelname>deco</labelname><flag>1</flag></object><object><points><x>0.5459</x><x>0.57031</x><y>0.074643</y><y>0.10428</y></points><label>9</label><labelname>deco</labelname><flag>1</flag></object><object><points><x>0.57031</x><x>0.59277</x><y>0.32272</y><y>0.34797</y></points><label>9</label><labelname>deco</labelname><flag>1</flag></object><object><points><x>0.57031</x><x>0.59277</x><y>0.39846</y><y>0.42481</y></points><label>9</label><labelname>deco</labelname><flag>1</flag></object><object><points><x>0.57129</x><x>0.59375</x><y>0.48628</y><y>0.50604</y></points><label>9</label><labelname>deco</labelname><flag>1</flag></object><object><points><x>0.57129</x><x>0.59473</x><y>0.56202</y><y>0.58178</y></points><label>9</label><labelname>deco</labelname><flag>1</flag></object><object><points><x>0.57031</x><x>0.5957</x><y>0.64874</y><y>0.67289</y></points><label>9</label><labelname>deco</labelname><flag>1</flag></object><object><points><x>0.57227</x><x>0.59473</x><y>0.72228</y><y>0.74643</y></points><label>9</label><labelname>deco</labelname><flag>1</flag></object><object><points><x>0.57129</x><x>0.59473</x><y>0.81559</y><y>0.83315</y></points><label>9</label><labelname>deco</labelname><flag>1</flag></object><object><points><x>0.57227</x><x>0.59277</x><y>0.88913</y><y>0.91218</y></points><label>9</label><labelname>deco</labelname><flag>1</flag></object><object><points><x>0.37305</x><x>0.43164</x><y>0.84523</y><y>0.92645</y></points><label>9</label><labelname>deco</labelname><flag>1</flag></object><object><points><x>0.37305</x><x>0.43262</x><y>0.7629</y><y>0.84523</y></points><label>9</label><labelname>deco</labelname><flag>1</flag></object><object><points><x>0.026367</x><x>0.12305</x><y>0.040615</y><y>0.9506</y></points><label>10</label><labelname>molding</labelname><flag>1</flag></object><object><points><x>0.20117</x><x>0.23242</x><y>0.041712</y><y>0.94512</y></points><label>10</label><labelname>molding</labelname><flag>1</flag></object><object><points><x>0.48145</x><x>0.56348</x><y>0.038419</y><y>0.9506</y></points><label>10</label><labelname>molding</labelname><flag>1</flag></object><object><points><x>0.66309</x><x>0.72266</x><y>0.038419</y><y>0.94402</y></points><label>10</label><labelname>molding</labelname><flag>1</flag></object><object><points><x>0.82129</x><x>0.88086</x><y>0.031833</y><y>0.94951</y></points><label>10</label><labelname>molding</labelname><flag>1</flag></object><object><points><x>0.83594</x><x>0.97461</x><y>0.038419</y><y>0.2854</y></points><label>12</label><labelname>shop</labelname><flag>1</flag></object><object><points><x>0.83105</x><x>0.86621</x><y>0.67289</y><y>0.88364</y></points><label>12</label><labelname>shop</labelname><flag>1</flag></object><object><points><x>0.82422</x><x>0.8623</x><y>0.62459</y><y>0.65203</y></points><label>12</label><labelname>shop</labelname><flag>1</flag></object><object><points><x>0.87109</x><x>0.9248</x><y>0.67618</y><y>0.7135</y></points><label>12</label><labelname>shop</labelname><flag>1</flag></object><object><points><x>0.87012</x><x>0.92578</x><y>0.75192</y><y>0.79802</y></points><label>12</label><labelname>shop</labelname><flag>1</flag></object><object><points><x>0.86914</x><x>0.92383</x><y>0.84852</y><y>0.88145</y></points><label>12</label><labelname>shop</labelname><flag>1</flag></object><object><points><x>0.88867</x><x>0.92383</x><y>0.92206</y><y>0.9506</y></points><label>12</label><labelname>shop</labelname><flag>1</flag></object><object><points><x>0.89746</x><x>0.96191</x><y>0.63776</y><y>0.67838</y></points><label>3</label><labelname>window</labelname><flag>1</flag></object><object><points><x>0.89746</x><x>0.96289</x><y>0.7146</y><y>0.75412</y></points><label>3</label><labelname>window</labelname><flag>1</flag></object><object><points><x>0.89746</x><x>0.95996</x><y>0.88364</y><y>0.92097</y></points><label>3</label><labelname>window</labelname><flag>1</flag></object><object><points><x>0.88477</x><x>0.9707</x><y>0.80022</y><y>0.84962</y></points><label>4</label><labelname>door</labelname><flag>1</flag></object>