<object><points><x>0.1543</x><x>0.99902</x><y>0.21212</y><y>0.88636</y></points><label>2</label><labelname>facade</labelname><flag>1</flag></object><object><points><x>0.58398</x><x>0.64648</x><y>0.40404</y><y>0.46591</y></points><label>3</label><labelname>window</labelname><flag>1</flag></object><object><points><x>0.58496</x><x>0.64648</x><y>0.56818</y><y>0.63005</y></points><label>3</label><labelname>window</labelname><flag>1</flag></object><object><points><x>0.58398</x><x>0.64648</x><y>0.73359</y><y>0.79545</y></points><label>3</label><labelname>window</labelname><flag>1</flag></object><object><points><x>0.47266</x><x>0.53516</x><y>0.73359</y><y>0.79545</y></points><label>3</label><labelname>window</labelname><flag>1</flag></object><object><points><x>0.47363</x><x>0.53516</x><y>0.56818</y><y>0.63005</y></points><label>3</label><labelname>window</labelname><flag>1</flag></object><object><points><x>0.47461</x><x>0.53613</x><y>0.40404</y><y>0.46591</y></points><label>3</label><labelname>window</labelname><flag>1</flag></object><object><points><x>0.36328</x><x>0.42383</x><y>0.56944</y><y>0.63131</y></points><label>3</label><labelname>window</labelname><flag>1</flag></object><object><points><x>0.36328</x><x>0.42383</x><y>0.73232</y><y>0.79545</y></points><label>3</label><labelname>window</labelname><flag>1</flag></object><object><points><x>0.36328</x><x>0.42285</x><y>0.40404</y><y>0.46717</y></points><label>3</label><labelname>window</labelname><flag>1</flag></object><object><points><x>0.68457</x><x>0.74121</x><y>0.73485</y><y>0.79672</y></points><label>3</label><labelname>window</labelname><flag>1</flag></object><object><points><x>0.68555</x><x>0.74121</x><y>0.56944</y><y>0.63131</y></points><label>3</label><labelname>window</labelname><flag>1</flag></object><object><points><x>0.6875</x><x>0.74219</x><y>0.40404</y><y>0.46591</y></points><label>3</label><labelname>window</labelname><flag>1</flag></object><object><points><x>0.79688</x><x>0.875</x><y>0.73611</y><y>0.79798</y></points><label>3</label><labelname>window</labelname><flag>1</flag></object><object><points><x>0.79688</x><x>0.87305</x><y>0.56818</y><y>0.63131</y></points><label>3</label><labelname>window</labelname><flag>1</flag></object><object><points><x>0.91211</x><x>0.97754</x><y>0.72854</y><y>0.80808</y></points><label>3</label><labelname>window</labelname><flag>1</flag></object><object><points><x>0.91211</x><x>0.97656</x><y>0.55934</y><y>0.64015</y></points><label>3</label><labelname>window</labelname><flag>1</flag></object><object><points><x>0.91602</x><x>0.98145</x><y>0.2197</y><y>0.26768</y></points><label>3</label><labelname>window</labelname><flag>1</flag></object><object><points><x>0.25195</x><x>0.29883</x><y>0.73485</y><y>0.79419</y></points><label>3</label><labelname>window</labelname><flag>1</flag></object><object><points><x>0.25293</x><x>0.30078</x><y>0.57197</y><y>0.63131</y></points><label>3</label><labelname>window</labelname><flag>1</flag></object><object><points><x>0.25293</x><x>0.2998</x><y>0.41035</y><y>0.4697</y></points><label>3</label><labelname>window</labelname><flag>1</flag></object><object><points><x>0.17773</x><x>0.21875</x><y>0.74369</y><y>0.78788</y></points><label>3</label><labelname>window</labelname><flag>1</flag></object><object><points><x>0.17871</x><x>0.21973</x><y>0.58333</y><y>0.62753</y></points><label>3</label><labelname>window</labelname><flag>1</flag></object><object><points><x>0.17773</x><x>0.21973</x><y>0.42424</y><y>0.46843</y></points><label>3</label><labelname>window</labelname><flag>1</flag></object><object><points><x>0.64453</x><x>0.65527</x><y>0.56439</y><y>0.63384</y></points><label>6</label><labelname>sill</labelname><flag>1</flag></object><object><points><x>0.64453</x><x>0.65527</x><y>0.73106</y><y>0.80051</y></points><label>6</label><labelname>sill</labelname><flag>1</flag></object><object><points><x>0.64355</x><x>0.6543</x><y>0.40025</y><y>0.46843</y></points><label>6</label><labelname>sill</labelname><flag>1</flag></object><object><points><x>0.5332</x><x>0.54395</x><y>0.56566</y><y>0.6351</y></points><label>6</label><labelname>sill</labelname><flag>1</flag></object><object><points><x>0.53223</x><x>0.54297</x><y>0.7298</y><y>0.79924</y></points><label>6</label><labelname>sill</labelname><flag>1</flag></object><object><points><x>0.5332</x><x>0.54395</x><y>0.39899</y><y>0.46843</y></points><label>6</label><labelname>sill</labelname><flag>1</flag></object><object><points><x>0.26758</x><x>0.32031</x><y>0.21338</y><y>0.88005</y></points><label>7</label><labelname>balcony</labelname><flag>1</flag></object><object><points><x>0.73926</x><x>0.76953</x><y>0.72475</y><y>0.80682</y></points><label>7</label><labelname>balcony</labelname><flag>1</flag></object><object><points><x>0.7373</x><x>0.76855</x><y>0.55808</y><y>0.63889</y></points><label>7</label><labelname>balcony</labelname><flag>1</flag></object><object><points><x>0.84375</x><x>0.89551</x><y>0.21717</y><y>0.875</y></points><label>7</label><labelname>balcony</labelname><flag>1</flag></object><object><points><x>0.36621</x><x>0.42285</x><y>0.40657</y><y>0.43813</y></points><label>8</label><labelname>blind</labelname><flag>1</flag></object><object><points><x>0.36621</x><x>0.42285</x><y>0.43813</y><y>0.46591</y></points><label>8</label><labelname>blind</labelname><flag>1</flag></object><object><points><x>0.36621</x><x>0.42285</x><y>0.57071</y><y>0.60227</y></points><label>8</label><labelname>blind</labelname><flag>1</flag></object><object><points><x>0.36621</x><x>0.42285</x><y>0.60227</y><y>0.63005</y></points><label>8</label><labelname>blind</labelname><flag>1</flag></object><object><points><x>0.36719</x><x>0.42383</x><y>0.73359</y><y>0.76389</y></points><label>8</label><labelname>blind</labelname><flag>1</flag></object><object><points><x>0.36719</x><x>0.42383</x><y>0.76389</y><y>0.79419</y></points><label>8</label><labelname>blind</labelname><flag>1</flag></object><object><points><x>0.47559</x><x>0.5332</x><y>0.73359</y><y>0.76515</y></points><label>8</label><labelname>blind</labelname><flag>1</flag></object><object><points><x>0.47559</x><x>0.53223</x><y>0.76515</y><y>0.79545</y></points><label>8</label><labelname>blind</labelname><flag>1</flag></object><object><points><x>0.47754</x><x>0.53418</x><y>0.60101</y><y>0.63005</y></points><label>8</label><labelname>blind</labelname><flag>1</flag></object><object><points><x>0.47656</x><x>0.53418</x><y>0.57071</y><y>0.59217</y></points><label>8</label><labelname>blind</labelname><flag>1</flag></object><object><points><x>0.47656</x><x>0.5332</x><y>0.40657</y><y>0.42929</y></points><label>8</label><labelname>blind</labelname><flag>1</flag></object><object><points><x>0.47754</x><x>0.53418</x><y>0.43687</y><y>0.46465</y></points><label>8</label><labelname>blind</labelname><flag>1</flag></object><object><points><x>0.58496</x><x>0.64453</x><y>0.45328</y><y>0.46465</y></points><label>8</label><labelname>blind</labelname><flag>1</flag></object><object><points><x>0.58496</x><x>0.64453</x><y>0.40657</y><y>0.41793</y></points><label>8</label><labelname>blind</labelname><flag>1</flag></object><object><points><x>0.58691</x><x>0.64355</x><y>0.57071</y><y>0.60101</y></points><label>8</label><labelname>blind</labelname><flag>1</flag></object><object><points><x>0.58594</x><x>0.64355</x><y>0.60227</y><y>0.62879</y></points><label>8</label><labelname>blind</labelname><flag>1</flag></object><object><points><x>0.58594</x><x>0.64258</x><y>0.76641</y><y>0.79545</y></points><label>8</label><labelname>blind</labelname><flag>1</flag></object><object><points><x>0.58594</x><x>0.64355</x><y>0.73485</y><y>0.76515</y></points><label>8</label><labelname>blind</labelname><flag>1</flag></object><object><points><x>0.68555</x><x>0.74023</x><y>0.73485</y><y>0.74495</y></points><label>8</label><labelname>blind</labelname><flag>1</flag></object><object><points><x>0.68555</x><x>0.74023</x><y>0.78662</y><y>0.79545</y></points><label>8</label><labelname>blind</labelname><flag>1</flag></object><object><points><x>0.68555</x><x>0.74121</x><y>0.56944</y><y>0.57955</y></points><label>8</label><labelname>blind</labelname><flag>1</flag></object><object><points><x>0.68652</x><x>0.76465</x><y>0.60859</y><y>0.63131</y></points><label>8</label><labelname>blind</labelname><flag>1</flag></object><object><points><x>0.79883</x><x>0.87305</x><y>0.60732</y><y>0.63005</y></points><label>8</label><labelname>blind</labelname><flag>1</flag></object><object><points><x>0.79785</x><x>0.87305</x><y>0.56944</y><y>0.58207</y></points><label>8</label><labelname>blind</labelname><flag>1</flag></object><object><points><x>0.79688</x><x>0.875</x><y>0.73737</y><y>0.75</y></points><label>8</label><labelname>blind</labelname><flag>1</flag></object><object><points><x>0.79688</x><x>0.87402</x><y>0.78662</y><y>0.79672</y></points><label>8</label><labelname>blind</labelname><flag>1</flag></object><object><points><x>0.80273</x><x>0.87793</x><y>0.21338</y><y>0.25758</y></points><label>3</label><labelname>window</labelname><flag>1</flag></object><object><points><x>0.80859</x><x>0.87793</x><y>0.21338</y><y>0.22348</y></points><label>8</label><labelname>blind</labelname><flag>1</flag></object><object><points><x>0.80371</x><x>0.87695</x><y>0.24621</y><y>0.25631</y></points><label>8</label><labelname>blind</labelname><flag>1</flag></object><object><points><x>0.55078</x><x>0.57422</x><y>0.58586</y><y>0.61237</y></points><label>9</label><labelname>deco</labelname><flag>1</flag></object><object><points><x>0.55078</x><x>0.57422</x><y>0.75126</y><y>0.77778</y></points><label>9</label><labelname>deco</labelname><flag>1</flag></object><object><points><x>0.55078</x><x>0.5752</x><y>0.42045</y><y>0.44697</y></points><label>9</label><labelname>deco</labelname><flag>1</flag></object><object><points><x>0.29395</x><x>0.3623</x><y>0.26136</y><y>0.87753</y></points><label>10</label><labelname>molding</labelname><flag>1</flag></object><object><points><x>0.21777</x><x>0.25195</x><y>0.32449</y><y>0.87879</y></points><label>10</label><labelname>molding</labelname><flag>1</flag></object><object><points><x>0.4248</x><x>0.46973</x><y>0.29293</y><y>0.87753</y></points><label>10</label><labelname>molding</labelname><flag>1</flag></object><object><points><x>0.76074</x><x>0.7959</x><y>0.26894</y><y>0.87879</y></points><label>10</label><labelname>molding</labelname><flag>1</flag></object><object><points><x>0.48145</x><x>0.76562</x><y>0.49495</y><y>0.53914</y></points><label>11</label><labelname>pillar</labelname><flag>1</flag></object><object><points><x>0.4834</x><x>0.7666</x><y>0.66162</y><y>0.70581</y></points><label>11</label><labelname>pillar</labelname><flag>1</flag></object><object><points><x>0.48145</x><x>0.76562</x><y>0.82576</y><y>0.86869</y></points><label>11</label><labelname>pillar</labelname><flag>1</flag></object><object><points><x>0.48242</x><x>0.76562</x><y>0.32828</y><y>0.37247</y></points><label>11</label><labelname>pillar</labelname><flag>1</flag></object><object><points><x>0.45215</x><x>0.48145</x><y>0.48611</y><y>0.54672</y></points><label>11</label><labelname>pillar</labelname><flag>1</flag></object><object><points><x>0.45215</x><x>0.4834</x><y>0.65278</y><y>0.71338</y></points><label>11</label><labelname>pillar</labelname><flag>1</flag></object><object><points><x>0.4502</x><x>0.48145</x><y>0.81439</y><y>0.875</y></points><label>11</label><labelname>pillar</labelname><flag>1</flag></object><object><points><x>0.45215</x><x>0.48242</x><y>0.32071</y><y>0.38131</y></points><label>11</label><labelname>pillar</labelname><flag>1</flag></object><object><points><x>0.33008</x><x>0.37012</x><y>0.89899</y><y>0.95328</y></points><label>3</label><labelname>window</labelname><flag>1</flag></object><object><points><x>0.40332</x><x>0.45801</x><y>0.89899</y><y>0.95581</y></points><label>3</label><labelname>window</labelname><flag>1</flag></object><object><points><x>0.18555</x><x>0.22363</x><y>0.89773</y><y>0.94949</y></points><label>3</label><labelname>window</labelname><flag>1</flag></object><object><points><x>0.18555</x><x>0.22266</x><y>0.95202</y><y>0.99874</y></points><label>3</label><labelname>window</labelname><flag>1</flag></object><object><points><x>0.47852</x><x>0.5166</x><y>0.90025</y><y>0.95328</y></points><label>3</label><labelname>window</labelname><flag>1</flag></object><object><points><x>0.56152</x><x>0.60645</x><y>0.90152</y><y>0.96086</y></points><label>3</label><labelname>window</labelname><flag>1</flag></object><object><points><x>0.17969</x><x>0.21875</x><y>0.42424</y><y>0.44571</y></points><label>8</label><labelname>blind</labelname><flag>1</flag></object><object><points><x>0.17969</x><x>0.21875</x><y>0.44571</y><y>0.46717</y></points><label>8</label><labelname>blind</labelname><flag>1</flag></object><object><points><x>0.18066</x><x>0.21973</x><y>0.5846</y><y>0.6048</y></points><label>8</label><labelname>blind</labelname><flag>1</flag></object><object><points><x>0.17969</x><x>0.21875</x><y>0.60606</y><y>0.62753</y></points><label>8</label><labelname>blind</labelname><flag>1</flag></object><object><points><x>0.17969</x><x>0.21875</x><y>0.74495</y><y>0.76515</y></points><label>8</label><labelname>blind</labelname><flag>1</flag></object><object><points><x>0.17871</x><x>0.2168</x><y>0.76515</y><y>0.78662</y></points><label>8</label><labelname>blind</labelname><flag>1</flag></object><object><points><x>0.25391</x><x>0.29883</x><y>0.41162</y><y>0.44192</y></points><label>8</label><labelname>blind</labelname><flag>1</flag></object><object><points><x>0.25391</x><x>0.29883</x><y>0.44192</y><y>0.46843</y></points><label>8</label><labelname>blind</labelname><flag>1</flag></object><object><points><x>0.25293</x><x>0.29883</x><y>0.60227</y><y>0.62879</y></points><label>8</label><labelname>blind</labelname><flag>1</flag></object><object><points><x>0.25391</x><x>0.29883</x><y>0.57449</y><y>0.60101</y></points><label>8</label><labelname>blind</labelname><flag>1</flag></object><object><points><x>0.25195</x><x>0.29883</x><y>0.73485</y><y>0.76515</y></points><label>8</label><labelname>blind</labelname><flag>1</flag></object><object><points><x>0.25195</x><x>0.29883</x><y>0.76515</y><y>0.79293</y></points><label>8</label><labelname>blind</labelname><flag>1</flag></object>