<object><points><x>0.063477</x><x>0.81543</x><y>0.15797</y><y>0.751</y></points><label>2</label><labelname>facade</labelname><flag>1</flag></object><object><points><x>0.13965</x><x>0.16211</x><y>0.56091</y><y>0.65328</y></points><label>3</label><labelname>window</labelname><flag>1</flag></object><object><points><x>0.33887</x><x>0.36328</x><y>0.56894</y><y>0.65997</y></points><label>3</label><labelname>window</labelname><flag>1</flag></object><object><points><x>0.3916</x><x>0.41504</x><y>0.57028</y><y>0.65863</y></points><label>3</label><labelname>window</labelname><flag>1</flag></object><object><points><x>0.44434</x><x>0.46777</x><y>0.57028</y><y>0.65997</y></points><label>3</label><labelname>window</labelname><flag>1</flag></object><object><points><x>0.49512</x><x>0.52051</x><y>0.56894</y><y>0.65997</y></points><label>3</label><labelname>window</labelname><flag>1</flag></object><object><points><x>0.55371</x><x>0.5791</x><y>0.57028</y><y>0.66131</y></points><label>3</label><labelname>window</labelname><flag>1</flag></object><object><points><x>0.61133</x><x>0.63672</x><y>0.56894</y><y>0.65997</y></points><label>3</label><labelname>window</labelname><flag>1</flag></object><object><points><x>0.6709</x><x>0.69531</x><y>0.57028</y><y>0.66131</y></points><label>3</label><labelname>window</labelname><flag>1</flag></object><object><points><x>0.58496</x><x>0.61035</x><y>0.26774</y><y>0.35877</y></points><label>3</label><labelname>window</labelname><flag>1</flag></object><object><points><x>0.52734</x><x>0.55273</x><y>0.27041</y><y>0.35877</y></points><label>3</label><labelname>window</labelname><flag>1</flag></object><object><points><x>0.47266</x><x>0.49902</x><y>0.26908</y><y>0.35877</y></points><label>3</label><labelname>window</labelname><flag>1</flag></object><object><points><x>0.64258</x><x>0.66797</x><y>0.26774</y><y>0.35609</y></points><label>3</label><labelname>window</labelname><flag>1</flag></object><object><points><x>0.70215</x><x>0.72754</x><y>0.26774</y><y>0.35609</y></points><label>3</label><labelname>window</labelname><flag>1</flag></object><object><points><x>0.32422</x><x>0.35742</x><y>0.18876</y><y>0.24096</y></points><label>3</label><labelname>window</labelname><flag>1</flag></object><object><points><x>0.37598</x><x>0.40723</x><y>0.18876</y><y>0.23963</y></points><label>3</label><labelname>window</labelname><flag>1</flag></object><object><points><x>0.42773</x><x>0.46094</x><y>0.18608</y><y>0.23829</y></points><label>3</label><labelname>window</labelname><flag>1</flag></object><object><points><x>0.48047</x><x>0.5127</x><y>0.18608</y><y>0.23829</y></points><label>3</label><labelname>window</labelname><flag>1</flag></object><object><points><x>0.52734</x><x>0.56641</x><y>0.1834</y><y>0.24096</y></points><label>3</label><labelname>window</labelname><flag>1</flag></object><object><points><x>0.58496</x><x>0.62598</x><y>0.18072</y><y>0.23829</y></points><label>3</label><labelname>window</labelname><flag>1</flag></object><object><points><x>0.64258</x><x>0.68262</x><y>0.18072</y><y>0.23829</y></points><label>3</label><labelname>window</labelname><flag>1</flag></object><object><points><x>0.70215</x><x>0.74219</x><y>0.18072</y><y>0.23963</y></points><label>3</label><labelname>window</labelname><flag>1</flag></object><object><points><x>0.24414</x><x>0.26855</x><y>0.49665</y><y>0.55556</y></points><label>3</label><labelname>window</labelname><flag>1</flag></object><object><points><x>0.29395</x><x>0.32129</x><y>0.49665</y><y>0.55288</y></points><label>3</label><labelname>window</labelname><flag>1</flag></object><object><points><x>0.34473</x><x>0.37598</x><y>0.49799</y><y>0.55422</y></points><label>3</label><labelname>window</labelname><flag>1</flag></object><object><points><x>0.39746</x><x>0.42578</x><y>0.49665</y><y>0.55288</y></points><label>3</label><labelname>window</labelname><flag>1</flag></object><object><points><x>0.44727</x><x>0.48047</x><y>0.49799</y><y>0.55422</y></points><label>3</label><labelname>window</labelname><flag>1</flag></object><object><points><x>0.55469</x><x>0.58984</x><y>0.49933</y><y>0.55556</y></points><label>3</label><labelname>window</labelname><flag>1</flag></object><object><points><x>0.6123</x><x>0.64941</x><y>0.49665</y><y>0.55422</y></points><label>3</label><labelname>window</labelname><flag>1</flag></object><object><points><x>0.66895</x><x>0.70703</x><y>0.49665</y><y>0.55556</y></points><label>3</label><labelname>window</labelname><flag>1</flag></object><object><points><x>0.34375</x><x>0.36914</x><y>0.67336</y><y>0.72959</y></points><label>3</label><labelname>window</labelname><flag>1</flag></object><object><points><x>0.39648</x><x>0.41992</x><y>0.6747</y><y>0.73092</y></points><label>3</label><labelname>window</labelname><flag>1</flag></object><object><points><x>0.44727</x><x>0.47168</x><y>0.6747</y><y>0.73092</y></points><label>3</label><labelname>window</labelname><flag>1</flag></object><object><points><x>0.49902</x><x>0.52344</x><y>0.6747</y><y>0.73092</y></points><label>3</label><labelname>window</labelname><flag>1</flag></object><object><points><x>0.55469</x><x>0.5791</x><y>0.67604</y><y>0.73226</y></points><label>3</label><labelname>window</labelname><flag>1</flag></object><object><points><x>0.6123</x><x>0.63672</x><y>0.67738</y><y>0.7336</y></points><label>3</label><labelname>window</labelname><flag>1</flag></object><object><points><x>0.66992</x><x>0.69434</x><y>0.67738</y><y>0.7336</y></points><label>3</label><labelname>window</labelname><flag>1</flag></object><object><points><x>0.6123</x><x>0.63672</x><y>0.41767</y><y>0.4739</y></points><label>3</label><labelname>window</labelname><flag>1</flag></object><object><points><x>0.55566</x><x>0.58105</x><y>0.41901</y><y>0.47523</y></points><label>3</label><labelname>window</labelname><flag>1</flag></object><object><points><x>0.49902</x><x>0.52344</x><y>0.41767</y><y>0.4739</y></points><label>3</label><labelname>window</labelname><flag>1</flag></object><object><points><x>0.44727</x><x>0.47266</x><y>0.41901</y><y>0.47523</y></points><label>3</label><labelname>window</labelname><flag>1</flag></object><object><points><x>0.39648</x><x>0.4209</x><y>0.41767</y><y>0.4739</y></points><label>3</label><labelname>window</labelname><flag>1</flag></object><object><points><x>0.34473</x><x>0.36914</x><y>0.41901</y><y>0.47657</y></points><label>3</label><labelname>window</labelname><flag>1</flag></object><object><points><x>0.29395</x><x>0.31738</x><y>0.41901</y><y>0.47657</y></points><label>3</label><labelname>window</labelname><flag>1</flag></object><object><points><x>0.19043</x><x>0.21387</x><y>0.58233</y><y>0.63855</y></points><label>3</label><labelname>window</labelname><flag>1</flag></object><object><points><x>0.19824</x><x>0.2207</x><y>0.41767</y><y>0.46988</y></points><label>3</label><labelname>window</labelname><flag>1</flag></object><object><points><x>0.24219</x><x>0.2666</x><y>0.41767</y><y>0.47657</y></points><label>3</label><labelname>window</labelname><flag>1</flag></object><object><points><x>0.31641</x><x>0.3418</x><y>0.27577</y><y>0.35609</y></points><label>3</label><labelname>window</labelname><flag>1</flag></object><object><points><x>0.36914</x><x>0.39453</x><y>0.27443</y><y>0.35609</y></points><label>3</label><labelname>window</labelname><flag>1</flag></object><object><points><x>0.4209</x><x>0.44727</x><y>0.27041</y><y>0.35743</y></points><label>3</label><labelname>window</labelname><flag>1</flag></object><object><points><x>0.19824</x><x>0.22656</x><y>0.48996</y><y>0.54752</y></points><label>3</label><labelname>window</labelname><flag>1</flag></object><object><points><x>0.28809</x><x>0.3125</x><y>0.57028</y><y>0.65997</y></points><label>3</label><labelname>window</labelname><flag>1</flag></object><object><points><x>0.24316</x><x>0.26953</x><y>0.58099</y><y>0.63855</y></points><label>3</label><labelname>window</labelname><flag>1</flag></object><object><points><x>0.24121</x><x>0.26562</x><y>0.67202</y><y>0.72825</y></points><label>3</label><labelname>window</labelname><flag>1</flag></object><object><points><x>0.29395</x><x>0.31738</x><y>0.67202</y><y>0.72959</y></points><label>3</label><labelname>window</labelname><flag>1</flag></object><object><points><x>0.19824</x><x>0.22266</x><y>0.66131</y><y>0.71754</y></points><label>3</label><labelname>window</labelname><flag>1</flag></object><object><points><x>0.32227</x><x>0.35645</x><y>0.36546</y><y>0.39491</y></points><label>3</label><labelname>window</labelname><flag>1</flag></object><object><points><x>0.37402</x><x>0.40918</x><y>0.36412</y><y>0.39357</y></points><label>3</label><labelname>window</labelname><flag>1</flag></object><object><points><x>0.47949</x><x>0.51367</x><y>0.36546</y><y>0.39357</y></points><label>3</label><labelname>window</labelname><flag>1</flag></object><object><points><x>0.5293</x><x>0.56641</x><y>0.36278</y><y>0.39357</y></points><label>3</label><labelname>window</labelname><flag>1</flag></object><object><points><x>0.58691</x><x>0.62402</x><y>0.36412</y><y>0.39491</y></points><label>3</label><labelname>window</labelname><flag>1</flag></object><object><points><x>0.6416</x><x>0.67969</x><y>0.36412</y><y>0.39224</y></points><label>3</label><labelname>window</labelname><flag>1</flag></object><object><points><x>0.69824</x><x>0.74219</x><y>0.36145</y><y>0.39491</y></points><label>3</label><labelname>window</labelname><flag>1</flag></object><object><points><x>0.72266</x><x>0.73535</x><y>0.49665</y><y>0.55689</y></points><label>3</label><labelname>window</labelname><flag>1</flag></object><object><points><x>0.72266</x><x>0.73535</x><y>0.41365</y><y>0.47657</y></points><label>3</label><labelname>window</labelname><flag>1</flag></object><object><points><x>0.72266</x><x>0.7373</x><y>0.58099</y><y>0.64123</y></points><label>3</label><labelname>window</labelname><flag>1</flag></object><object><points><x>0.72266</x><x>0.73633</x><y>0.67871</y><y>0.7336</y></points><label>3</label><labelname>window</labelname><flag>1</flag></object><object><points><x>0.75781</x><x>0.80566</x><y>0.27175</y><y>0.3494</y></points><label>4</label><labelname>door</labelname><flag>1</flag></object><object><points><x>0.75781</x><x>0.78418</x><y>0.36948</y><y>0.38554</y></points><label>3</label><labelname>window</labelname><flag>1</flag></object><object><points><x>0.51855</x><x>0.54883</x><y>0.084337</y><y>0.11647</y></points><label>3</label><labelname>window</labelname><flag>1</flag></object><object><points><x>0.51953</x><x>0.54004</x><y>0.0026774</y><y>0.026774</y></points><label>3</label><labelname>window</labelname><flag>1</flag></object><object><points><x>0.64258</x><x>0.66992</x><y>0.084337</y><y>0.11379</y></points><label>3</label><labelname>window</labelname><flag>1</flag></object><object><points><x>0.58789</x><x>0.6084</x><y>0.084337</y><y>0.11647</y></points><label>3</label><labelname>window</labelname><flag>1</flag></object><object><points><x>0.69922</x><x>0.75</x><y>0.077644</y><y>0.1178</y></points><label>3</label><labelname>window</labelname><flag>1</flag></object><object><points><x>0.77441</x><x>0.82227</x><y>0.052209</y><y>0.13788</y></points><label>4</label><labelname>door</labelname><flag>1</flag></object><object><points><x>0.76855</x><x>0.81152</x><y>0.17001</y><y>0.25837</y></points><label>4</label><labelname>door</labelname><flag>1</flag></object><object><points><x>0.75098</x><x>0.7832</x><y>0.67604</y><y>0.73628</y></points><label>4</label><labelname>door</labelname><flag>1</flag></object><object><points><x>0.75781</x><x>0.7959</x><y>0.49531</y><y>0.55556</y></points><label>4</label><labelname>door</labelname><flag>1</flag></object><object><points><x>0.75195</x><x>0.79102</x><y>0.57965</y><y>0.65328</y></points><label>4</label><labelname>door</labelname><flag>1</flag></object><object><points><x>0.75977</x><x>0.7998</x><y>0.41365</y><y>0.47657</y></points><label>4</label><labelname>door</labelname><flag>1</flag></object><object><points><x>0.63477</x><x>0.64453</x><y>0.07095</y><y>0.1245</y></points><label>5</label><labelname>cornice</labelname><flag>1</flag></object><object><points><x>0.53809</x><x>0.55078</x><y>0.077644</y><y>0.12316</y></points><label>7</label><labelname>balcony</labelname><flag>1</flag></object><object><points><x>0.54004</x><x>0.55176</x><y>0.0013387</y><y>0.037483</y></points><label>7</label><labelname>balcony</labelname><flag>1</flag></object><object><points><x>0.60938</x><x>0.63867</x><y>0.0026774</y><y>0.038822</y></points><label>7</label><labelname>balcony</labelname><flag>1</flag></object><object><points><x>0.60547</x><x>0.62402</x><y>0.073628</y><y>0.1245</y></points><label>7</label><labelname>balcony</labelname><flag>1</flag></object><object><points><x>0.66992</x><x>0.69043</x><y>0.07095</y><y>0.12316</y></points><label>7</label><labelname>balcony</labelname><flag>1</flag></object><object><points><x>0.73438</x><x>0.75195</x><y>0.068273</y><y>0.12718</y></points><label>7</label><labelname>balcony</labelname><flag>1</flag></object><object><points><x>0.34082</x><x>0.3584</x><y>0.16198</y><y>0.27041</y></points><label>7</label><labelname>balcony</labelname><flag>1</flag></object><object><points><x>0.39258</x><x>0.41016</x><y>0.16198</y><y>0.26908</y></points><label>7</label><labelname>balcony</labelname><flag>1</flag></object><object><points><x>0.44531</x><x>0.46289</x><y>0.16198</y><y>0.26908</y></points><label>7</label><labelname>balcony</labelname><flag>1</flag></object><object><points><x>0.49805</x><x>0.51562</x><y>0.16064</y><y>0.26908</y></points><label>7</label><labelname>balcony</labelname><flag>1</flag></object><object><points><x>0.5498</x><x>0.56738</x><y>0.16064</y><y>0.26774</y></points><label>7</label><labelname>balcony</labelname><flag>1</flag></object><object><points><x>0.60938</x><x>0.62598</x><y>0.16064</y><y>0.26774</y></points><label>7</label><labelname>balcony</labelname><flag>1</flag></object><object><points><x>0.66797</x><x>0.68555</x><y>0.1593</y><y>0.26774</y></points><label>7</label><labelname>balcony</labelname><flag>1</flag></object><object><points><x>0.72559</x><x>0.74316</x><y>0.1593</y><y>0.2664</y></points><label>7</label><labelname>balcony</labelname><flag>1</flag></object><object><points><x>0.72656</x><x>0.74414</x><y>0.35743</y><y>0.40161</y></points><label>7</label><labelname>balcony</labelname><flag>1</flag></object><object><points><x>0.66699</x><x>0.68457</x><y>0.35743</y><y>0.40295</y></points><label>7</label><labelname>balcony</labelname><flag>1</flag></object><object><points><x>0.61035</x><x>0.62695</x><y>0.35877</y><y>0.40428</y></points><label>7</label><labelname>balcony</labelname><flag>1</flag></object><object><points><x>0.55176</x><x>0.56934</x><y>0.35877</y><y>0.40295</y></points><label>7</label><labelname>balcony</labelname><flag>1</flag></object><object><points><x>0.49902</x><x>0.5166</x><y>0.35877</y><y>0.40428</y></points><label>7</label><labelname>balcony</labelname><flag>1</flag></object><object><points><x>0.44531</x><x>0.46289</x><y>0.35877</y><y>0.40428</y></points><label>7</label><labelname>balcony</labelname><flag>1</flag></object><object><points><x>0.39355</x><x>0.41113</x><y>0.35877</y><y>0.40428</y></points><label>7</label><labelname>balcony</labelname><flag>1</flag></object><object><points><x>0.3418</x><x>0.35938</x><y>0.35877</y><y>0.40428</y></points><label>7</label><labelname>balcony</labelname><flag>1</flag></object><object><points><x>0.27246</x><x>0.29004</x><y>0.26908</y><y>0.36145</y></points><label>7</label><labelname>balcony</labelname><flag>1</flag></object><object><points><x>0.2793</x><x>0.29688</x><y>0.16064</y><y>0.26774</y></points><label>7</label><labelname>balcony</labelname><flag>1</flag></object><object><points><x>0.28027</x><x>0.29688</x><y>0.36145</y><y>0.40696</y></points><label>7</label><labelname>balcony</labelname><flag>1</flag></object><object><points><x>0.17188</x><x>0.18945</x><y>0.4083</y><y>0.55154</y></points><label>7</label><labelname>balcony</labelname><flag>1</flag></object><object><points><x>0.21289</x><x>0.23047</x><y>0.41365</y><y>0.55689</y></points><label>7</label><labelname>balcony</labelname><flag>1</flag></object><object><points><x>0.25391</x><x>0.27246</x><y>0.41232</y><y>0.67336</y></points><label>7</label><labelname>balcony</labelname><flag>1</flag></object><object><points><x>0.30762</x><x>0.3252</x><y>0.40964</y><y>0.57162</y></points><label>7</label><labelname>balcony</labelname><flag>1</flag></object><object><points><x>0.35938</x><x>0.37793</x><y>0.4083</y><y>0.57162</y></points><label>7</label><labelname>balcony</labelname><flag>1</flag></object><object><points><x>0.41211</x><x>0.42969</x><y>0.40964</y><y>0.57162</y></points><label>7</label><labelname>balcony</labelname><flag>1</flag></object><object><points><x>0.46484</x><x>0.48242</x><y>0.40964</y><y>0.57162</y></points><label>7</label><labelname>balcony</labelname><flag>1</flag></object><object><points><x>0.51758</x><x>0.53516</x><y>0.4083</y><y>0.57162</y></points><label>7</label><labelname>balcony</labelname><flag>1</flag></object><object><points><x>0.5752</x><x>0.59277</x><y>0.4083</y><y>0.5743</y></points><label>7</label><labelname>balcony</labelname><flag>1</flag></object><object><points><x>0.63281</x><x>0.65137</x><y>0.40562</y><y>0.57162</y></points><label>7</label><labelname>balcony</labelname><flag>1</flag></object><object><points><x>0.69238</x><x>0.70996</x><y>0.4083</y><y>0.5743</y></points><label>7</label><labelname>balcony</labelname><flag>1</flag></object><object><points><x>0.16895</x><x>0.18652</x><y>0.6573</y><y>0.72691</y></points><label>7</label><labelname>balcony</labelname><flag>1</flag></object><object><points><x>0.21289</x><x>0.23047</x><y>0.65462</y><y>0.74431</y></points><label>7</label><labelname>balcony</labelname><flag>1</flag></object><object><points><x>0.41406</x><x>0.43555</x><y>0.17001</y><y>0.19277</y></points><label>8</label><labelname>blind</labelname><flag>1</flag></object><object><points><x>0.42188</x><x>0.44629</x><y>0.27175</y><y>0.29987</y></points><label>8</label><labelname>blind</labelname><flag>1</flag></object><object><points><x>0.42188</x><x>0.44629</x><y>0.29987</y><y>0.32798</y></points><label>8</label><labelname>blind</labelname><flag>1</flag></object><object><points><x>0.42188</x><x>0.44629</x><y>0.32798</y><y>0.35609</y></points><label>8</label><labelname>blind</labelname><flag>1</flag></object><object><points><x>0.41504</x><x>0.45215</x><y>0.36278</y><y>0.40161</y></points><label>8</label><labelname>blind</labelname><flag>1</flag></object><object><points><x>0.57227</x><x>0.61328</x><y>0.16466</y><y>0.21285</y></points><label>8</label><labelname>blind</labelname><flag>1</flag></object><object><points><x>0.57129</x><x>0.58203</x><y>0.21553</y><y>0.26506</y></points><label>8</label><labelname>blind</labelname><flag>1</flag></object><object><points><x>0.65527</x><x>0.69238</x><y>0.41365</y><y>0.4913</y></points><label>8</label><labelname>blind</labelname><flag>1</flag></object><object><points><x>0.71387</x><x>0.75</x><y>0.08166</y><y>0.099063</y></points><label>8</label><labelname>blind</labelname><flag>1</flag></object><object><points><x>0.71387</x><x>0.75</x><y>0.099063</y><y>0.11647</y></points><label>8</label><labelname>blind</labelname><flag>1</flag></object><object><points><x>0.58789</x><x>0.60742</x><y>0.1004</y><y>0.11513</y></points><label>8</label><labelname>blind</labelname><flag>1</flag></object><object><points><x>0.58789</x><x>0.60742</x><y>0.085676</y><y>0.091031</y></points><label>8</label><labelname>blind</labelname><flag>1</flag></object><object><points><x>0.75391</x><x>0.77441</x><y>0.076305</y><y>0.11379</y></points><label>12</label><labelname>shop</labelname><flag>1</flag></object><object><points><x>0.74707</x><x>0.76855</x><y>0.166</y><y>0.26506</y></points><label>12</label><labelname>shop</labelname><flag>1</flag></object><object><points><x>0.7334</x><x>0.76758</x><y>0.40696</y><y>0.4913</y></points><label>12</label><labelname>shop</labelname><flag>1</flag></object><object><points><x>0.7334</x><x>0.75684</x><y>0.48996</y><y>0.56627</y></points><label>12</label><labelname>shop</labelname><flag>1</flag></object><object><points><x>0.088867</x><x>0.11035</x><y>0.55957</y><y>0.6573</y></points><label>7</label><labelname>balcony</labelname><flag>1</flag></object><object><points><x>0.12109</x><x>0.14355</x><y>0.3909</y><y>0.54618</y></points><label>7</label><labelname>balcony</labelname><flag>1</flag></object><object><points><x>0.079102</x><x>0.10645</x><y>0.58902</y><y>0.60509</y></points><label>9</label><labelname>deco</labelname><flag>1</flag></object><object><points><x>0.41699</x><x>0.46094</x><y>0.3668</y><y>0.39491</y></points><label>3</label><labelname>window</labelname><flag>1</flag></object><object><points><x>0.66602</x><x>0.69043</x><y>0.42704</y><y>0.48327</y></points><label>3</label><labelname>window</labelname><flag>1</flag></object><object><points><x>0.50098</x><x>0.53125</x><y>0.49799</y><y>0.55422</y></points><label>3</label><labelname>window</labelname><flag>1</flag></object>