<object><points><x>0.00097656</x><x>0.99805</x><y>0.0018939</y><y>0.99811</y></points><label>2</label><labelname>facade</labelname><flag>1</flag></object><object><points><x>0.13281</x><x>0.29785</x><y>0.083333</y><y>0.16477</y></points><label>3</label><labelname>window</labelname><flag>1</flag></object><object><points><x>0.13574</x><x>0.30078</x><y>0.43561</y><y>0.50758</y></points><label>3</label><labelname>window</labelname><flag>1</flag></object><object><points><x>0.1416</x><x>0.30566</x><y>0.61932</y><y>0.6875</y></points><label>3</label><labelname>window</labelname><flag>1</flag></object><object><points><x>0.14355</x><x>0.33301</x><y>0.71591</y><y>0.78409</y></points><label>3</label><labelname>window</labelname><flag>1</flag></object><object><points><x>0.14355</x><x>0.32812</x><y>0.81061</y><y>0.87121</y></points><label>3</label><labelname>window</labelname><flag>1</flag></object><object><points><x>0.13281</x><x>0.3252</x><y>0.26515</y><y>0.33144</y></points><label>3</label><labelname>window</labelname><flag>1</flag></object><object><points><x>0.41895</x><x>0.58203</x><y>0.26326</y><y>0.33144</y></points><label>3</label><labelname>window</labelname><flag>1</flag></object><object><points><x>0.42188</x><x>0.61523</x><y>0.083333</y><y>0.15152</y></points><label>3</label><labelname>window</labelname><flag>1</flag></object><object><points><x>0.41992</x><x>0.62109</x><y>0.44318</y><y>0.49621</y></points><label>3</label><labelname>window</labelname><flag>1</flag></object><object><points><x>0.42285</x><x>0.58691</x><y>0.61932</y><y>0.67803</y></points><label>3</label><labelname>window</labelname><flag>1</flag></object><object><points><x>0.42285</x><x>0.62793</x><y>0.72538</y><y>0.7803</y></points><label>3</label><labelname>window</labelname><flag>1</flag></object><object><points><x>0.42285</x><x>0.625</x><y>0.8125</y><y>0.87121</y></points><label>3</label><labelname>window</labelname><flag>1</flag></object><object><points><x>0.70215</x><x>0.86816</x><y>0.82765</y><y>0.89583</y></points><label>3</label><labelname>window</labelname><flag>1</flag></object><object><points><x>0.69824</x><x>0.86523</x><y>0.63068</y><y>0.69886</y></points><label>3</label><labelname>window</labelname><flag>1</flag></object><object><points><x>0.71484</x><x>0.77148</x><y>0.41098</y><y>0.52083</y></points><label>3</label><labelname>window</labelname><flag>1</flag></object><object><points><x>0.70801</x><x>0.94727</x><y>0.72538</y><y>0.78409</y></points><label>4</label><labelname>door</labelname><flag>1</flag></object><object><points><x>0.78906</x><x>0.98438</x><y>0.43182</y><y>0.52652</y></points><label>4</label><labelname>door</labelname><flag>1</flag></object><object><points><x>0.061523</x><x>0.12988</x><y>0.22348</y><y>0.40341</y></points><label>5</label><labelname>cornice</labelname><flag>1</flag></object><object><points><x>0.33691</x><x>0.40039</x><y>0.035985</y><y>0.21402</y></points><label>5</label><labelname>cornice</labelname><flag>1</flag></object><object><points><x>0.3418</x><x>0.41016</x><y>0.39773</y><y>0.57576</y></points><label>5</label><labelname>cornice</labelname><flag>1</flag></object><object><points><x>0.35059</x><x>0.42285</x><y>0.58523</y><y>0.72917</y></points><label>5</label><labelname>cornice</labelname><flag>1</flag></object><object><points><x>0.049805</x><x>0.12793</x><y>0.058712</y><y>0.20833</y></points><label>5</label><labelname>cornice</labelname><flag>1</flag></object><object><points><x>0.047852</x><x>0.12695</x><y>0.42045</y><y>0.57008</y></points><label>5</label><labelname>cornice</labelname><flag>1</flag></object><object><points><x>0.057617</x><x>0.14355</x><y>0.57576</y><y>0.95644</y></points><label>5</label><labelname>cornice</labelname><flag>1</flag></object><object><points><x>0.25098</x><x>0.39355</x><y>0.23106</y><y>0.42992</y></points><label>7</label><labelname>balcony</labelname><flag>1</flag></object><object><points><x>0.26172</x><x>0.40332</x><y>0.69697</y><y>0.89583</y></points><label>7</label><labelname>balcony</labelname><flag>1</flag></object><object><points><x>0.54688</x><x>0.63672</x><y>0.05303</y><y>0.24432</y></points><label>7</label><labelname>balcony</labelname><flag>1</flag></object><object><points><x>0.54785</x><x>0.6416</x><y>0.41098</y><y>0.63068</y></points><label>7</label><labelname>balcony</labelname><flag>1</flag></object><object><points><x>0.5498</x><x>0.68359</x><y>0.69508</y><y>0.92045</y></points><label>7</label><labelname>balcony</labelname><flag>1</flag></object><object><points><x>0.15723</x><x>0.2959</x><y>0.087121</y><y>0.13826</y></points><label>8</label><labelname>blind</labelname><flag>1</flag></object><object><points><x>0.1543</x><x>0.32227</x><y>0.26894</y><y>0.3125</y></points><label>8</label><labelname>blind</labelname><flag>1</flag></object><object><points><x>0.15918</x><x>0.2998</x><y>0.43939</y><y>0.48106</y></points><label>8</label><labelname>blind</labelname><flag>1</flag></object><object><points><x>0.16309</x><x>0.30371</x><y>0.62311</y><y>0.6553</y></points><label>8</label><labelname>blind</labelname><flag>1</flag></object><object><points><x>0.16895</x><x>0.29395</x><y>0.8125</y><y>0.8447</y></points><label>8</label><labelname>blind</labelname><flag>1</flag></object><object><points><x>0.16309</x><x>0.34082</x><y>0.71591</y><y>0.75379</y></points><label>8</label><labelname>blind</labelname><flag>1</flag></object><object><points><x>0.42383</x><x>0.61523</x><y>0.089015</y><y>0.13636</y></points><label>8</label><labelname>blind</labelname><flag>1</flag></object><object><points><x>0.42383</x><x>0.57617</x><y>0.26515</y><y>0.31439</y></points><label>8</label><labelname>blind</labelname><flag>1</flag></object><object><points><x>0.42676</x><x>0.62012</x><y>0.44508</y><y>0.48485</y></points><label>8</label><labelname>blind</labelname><flag>1</flag></object><object><points><x>0.43066</x><x>0.58203</x><y>0.62311</y><y>0.66098</y></points><label>8</label><labelname>blind</labelname><flag>1</flag></object><object><points><x>0.43066</x><x>0.62598</x><y>0.72727</y><y>0.75758</y></points><label>8</label><labelname>blind</labelname><flag>1</flag></object><object><points><x>0.43359</x><x>0.61523</x><y>0.81629</y><y>0.85038</y></points><label>8</label><labelname>blind</labelname><flag>1</flag></object><object><points><x>0.60352</x><x>0.71094</x><y>0.0094697</y><y>0.67803</y></points><label>9</label><labelname>deco</labelname><flag>1</flag></object><object><points><x>0.0058594</x><x>0.072266</x><y>0.015152</y><y>0.99242</y></points><label>10</label><labelname>molding</labelname><flag>1</flag></object><object><points><x>0.625</x><x>0.68066</x><y>0.018939</y><y>0.98295</y></points><label>10</label><labelname>molding</labelname><flag>1</flag></object><object><points><x>0.69922</x><x>0.99023</x><y>0.25189</y><y>0.36174</y></points><label>12</label><labelname>shop</labelname><flag>1</flag></object><object><points><x>0.7002</x><x>0.99121</x><y>0.064394</y><y>0.17235</y></points><label>12</label><labelname>shop</labelname><flag>1</flag></object><object><points><x>0.29785</x><x>0.34473</x><y>0.079545</y><y>0.16098</y></points><label>7</label><labelname>balcony</labelname><flag>1</flag></object><object><points><x>0.29883</x><x>0.3457</x><y>0.43371</y><y>0.51515</y></points><label>7</label><labelname>balcony</labelname><flag>1</flag></object><object><points><x>0.30664</x><x>0.35449</x><y>0.60985</y><y>0.69129</y></points><label>7</label><labelname>balcony</labelname><flag>1</flag></object><object><points><x>0.58398</x><x>0.63086</x><y>0.26705</y><y>0.34848</y></points><label>7</label><labelname>balcony</labelname><flag>1</flag></object><object><points><x>0.58496</x><x>0.63281</x><y>0.62311</y><y>0.70455</y></points><label>7</label><labelname>balcony</labelname><flag>1</flag></object><object><points><x>0.42383</x><x>0.62207</x><y>0.058712</y><y>0.083333</y></points><label>11</label><labelname>pillar</labelname><flag>1</flag></object><object><points><x>0.4248</x><x>0.61523</x><y>0.15909</y><y>0.18182</y></points><label>11</label><labelname>pillar</labelname><flag>1</flag></object><object><points><x>0.4248</x><x>0.62305</x><y>0.24053</y><y>0.26515</y></points><label>11</label><labelname>pillar</labelname><flag>1</flag></object><object><points><x>0.4248</x><x>0.62305</x><y>0.3428</y><y>0.36553</y></points><label>11</label><labelname>pillar</labelname><flag>1</flag></object><object><points><x>0.42676</x><x>0.625</x><y>0.41856</y><y>0.44129</y></points><label>11</label><labelname>pillar</labelname><flag>1</flag></object><object><points><x>0.42871</x><x>0.62695</x><y>0.51894</y><y>0.54167</y></points><label>11</label><labelname>pillar</labelname><flag>1</flag></object><object><points><x>0.42969</x><x>0.62793</x><y>0.59659</y><y>0.61932</y></points><label>11</label><labelname>pillar</labelname><flag>1</flag></object><object><points><x>0.43164</x><x>0.62988</x><y>0.69886</y><y>0.72159</y></points><label>11</label><labelname>pillar</labelname><flag>1</flag></object><object><points><x>0.43262</x><x>0.62012</x><y>0.79735</y><y>0.82008</y></points><label>11</label><labelname>pillar</labelname><flag>1</flag></object><object><points><x>0.43457</x><x>0.62109</x><y>0.89015</y><y>0.91288</y></points><label>11</label><labelname>pillar</labelname><flag>1</flag></object><object><points><x>0.40332</x><x>0.42383</x><y>0.058712</y><y>0.090909</y></points><label>11</label><labelname>pillar</labelname><flag>1</flag></object><object><points><x>0.4043</x><x>0.4248</x><y>0.1553</y><y>0.18561</y></points><label>11</label><labelname>pillar</labelname><flag>1</flag></object><object><points><x>0.40332</x><x>0.4248</x><y>0.23864</y><y>0.26894</y></points><label>11</label><labelname>pillar</labelname><flag>1</flag></object><object><points><x>0.40234</x><x>0.42383</x><y>0.33902</y><y>0.36932</y></points><label>11</label><labelname>pillar</labelname><flag>1</flag></object><object><points><x>0.4043</x><x>0.42676</x><y>0.41667</y><y>0.44697</y></points><label>11</label><labelname>pillar</labelname><flag>1</flag></object><object><points><x>0.40625</x><x>0.42871</x><y>0.51326</y><y>0.54356</y></points><label>11</label><labelname>pillar</labelname><flag>1</flag></object><object><points><x>0.4082</x><x>0.43066</x><y>0.5928</y><y>0.62311</y></points><label>11</label><labelname>pillar</labelname><flag>1</flag></object><object><points><x>0.40918</x><x>0.43164</x><y>0.69508</y><y>0.72538</y></points><label>11</label><labelname>pillar</labelname><flag>1</flag></object><object><points><x>0.41309</x><x>0.43457</x><y>0.88447</y><y>0.91477</y></points><label>11</label><labelname>pillar</labelname><flag>1</flag></object><object><points><x>0.41211</x><x>0.43262</x><y>0.79545</y><y>0.82197</y></points><label>11</label><labelname>pillar</labelname><flag>1</flag></object><object><points><x>0.13379</x><x>0.15723</x><y>0.68939</y><y>0.72159</y></points><label>11</label><labelname>pillar</labelname><flag>1</flag></object><object><points><x>0.13281</x><x>0.15527</x><y>0.59091</y><y>0.61932</y></points><label>11</label><labelname>pillar</labelname><flag>1</flag></object><object><points><x>0.1377</x><x>0.16016</x><y>0.78598</y><y>0.81439</y></points><label>11</label><labelname>pillar</labelname><flag>1</flag></object><object><points><x>0.14453</x><x>0.16699</x><y>0.87689</y><y>0.9053</y></points><label>11</label><labelname>pillar</labelname><flag>1</flag></object><object><points><x>0.15527</x><x>0.35352</x><y>0.5928</y><y>0.61174</y></points><label>11</label><labelname>pillar</labelname><flag>1</flag></object><object><points><x>0.15723</x><x>0.35059</x><y>0.69318</y><y>0.71591</y></points><label>11</label><labelname>pillar</labelname><flag>1</flag></object><object><points><x>0.16113</x><x>0.26855</x><y>0.78409</y><y>0.81061</y></points><label>11</label><labelname>pillar</labelname><flag>1</flag></object><object><points><x>0.16699</x><x>0.27539</x><y>0.88068</y><y>0.9053</y></points><label>11</label><labelname>pillar</labelname><flag>1</flag></object><object><points><x>0.12305</x><x>0.14648</x><y>0.24053</y><y>0.27273</y></points><label>11</label><labelname>pillar</labelname><flag>1</flag></object><object><points><x>0.125</x><x>0.14746</x><y>0.33902</y><y>0.36553</y></points><label>11</label><labelname>pillar</labelname><flag>1</flag></object><object><points><x>0.14746</x><x>0.34473</x><y>0.24242</y><y>0.26136</y></points><label>11</label><labelname>pillar</labelname><flag>1</flag></object><object><points><x>0.14746</x><x>0.31445</x><y>0.34091</y><y>0.35985</y></points><label>11</label><labelname>pillar</labelname><flag>1</flag></object>