<object><points><x>0.10562</x><x>0.99551</x><y>0.036585</y><y>0.98374</y></points><label>2</label><labelname>facade</labelname><flag>1</flag></object><object><points><x>0.41124</x><x>0.49663</x><y>0.081301</y><y>0.15244</y></points><label>3</label><labelname>window</labelname><flag>1</flag></object><object><points><x>0.41348</x><x>0.49888</x><y>0.17683</y><y>0.24797</y></points><label>3</label><labelname>window</labelname><flag>1</flag></object><object><points><x>0.41573</x><x>0.49888</x><y>0.35569</y><y>0.42683</y></points><label>3</label><labelname>window</labelname><flag>1</flag></object><object><points><x>0.41573</x><x>0.50112</x><y>0.53455</y><y>0.60569</y></points><label>3</label><labelname>window</labelname><flag>1</flag></object><object><points><x>0.41573</x><x>0.50112</x><y>0.71341</y><y>0.78455</y></points><label>3</label><labelname>window</labelname><flag>1</flag></object><object><points><x>0.42022</x><x>0.50562</x><y>0.83333</y><y>0.90447</y></points><label>3</label><labelname>window</labelname><flag>1</flag></object><object><points><x>0.57528</x><x>0.65169</x><y>0.84146</y><y>0.9065</y></points><label>3</label><labelname>window</labelname><flag>1</flag></object><object><points><x>0.57303</x><x>0.64944</x><y>0.71138</y><y>0.77642</y></points><label>3</label><labelname>window</labelname><flag>1</flag></object><object><points><x>0.57079</x><x>0.64719</x><y>0.53252</y><y>0.59756</y></points><label>3</label><labelname>window</labelname><flag>1</flag></object><object><points><x>0.57079</x><x>0.64494</x><y>0.35976</y><y>0.4248</y></points><label>3</label><labelname>window</labelname><flag>1</flag></object><object><points><x>0.56854</x><x>0.6427</x><y>0.17073</y><y>0.2378</y></points><label>3</label><labelname>window</labelname><flag>1</flag></object><object><points><x>0.56629</x><x>0.6382</x><y>0.077236</y><y>0.14228</y></points><label>3</label><labelname>window</labelname><flag>1</flag></object><object><points><x>0.80449</x><x>0.91461</x><y>0.46545</y><y>0.51423</y></points><label>3</label><labelname>window</labelname><flag>1</flag></object><object><points><x>0.8</x><x>0.87865</x><y>0.59756</y><y>0.6687</y></points><label>3</label><labelname>window</labelname><flag>1</flag></object><object><points><x>0.78652</x><x>0.91461</x><y>0.12195</y><y>0.15447</y></points><label>3</label><labelname>window</labelname><flag>1</flag></object><object><points><x>0.78652</x><x>0.91685</x><y>0.16057</y><y>0.19106</y></points><label>3</label><labelname>window</labelname><flag>1</flag></object><object><points><x>0.15955</x><x>0.22921</x><y>0.26016</y><y>0.29065</y></points><label>3</label><labelname>window</labelname><flag>1</flag></object><object><points><x>0.1573</x><x>0.22921</x><y>0.30081</y><y>0.3313</y></points><label>3</label><labelname>window</labelname><flag>1</flag></object><object><points><x>0.18652</x><x>0.20225</x><y>0.058943</y><y>0.081301</y></points><label>3</label><labelname>window</labelname><flag>1</flag></object><object><points><x>0.18652</x><x>0.20449</x><y>0.14431</y><y>0.16667</y></points><label>3</label><labelname>window</labelname><flag>1</flag></object><object><points><x>0.29213</x><x>0.30787</x><y>0.64634</y><y>0.66667</y></points><label>3</label><labelname>window</labelname><flag>1</flag></object><object><points><x>0.8</x><x>0.92135</x><y>0.7561</y><y>0.91667</y></points><label>4</label><labelname>door</labelname><flag>1</flag></object><object><points><x>0.49213</x><x>0.51011</x><y>0.060976</y><y>0.16463</y></points><label>6</label><labelname>sill</labelname><flag>1</flag></object><object><points><x>0.49213</x><x>0.51011</x><y>0.1687</y><y>0.26626</y></points><label>6</label><labelname>sill</labelname><flag>1</flag></object><object><points><x>0.49663</x><x>0.51236</x><y>0.3435</y><y>0.44106</y></points><label>6</label><labelname>sill</labelname><flag>1</flag></object><object><points><x>0.49663</x><x>0.51461</x><y>0.52439</y><y>0.62195</y></points><label>6</label><labelname>sill</labelname><flag>1</flag></object><object><points><x>0.49663</x><x>0.51461</x><y>0.70122</y><y>0.79472</y></points><label>6</label><labelname>sill</labelname><flag>1</flag></object><object><points><x>0.49888</x><x>0.51685</x><y>0.82724</y><y>0.9187</y></points><label>6</label><labelname>sill</labelname><flag>1</flag></object><object><points><x>0.63596</x><x>0.65393</x><y>0.067073</y><y>0.15854</y></points><label>6</label><labelname>sill</labelname><flag>1</flag></object><object><points><x>0.6382</x><x>0.65618</x><y>0.1626</y><y>0.25407</y></points><label>6</label><labelname>sill</labelname><flag>1</flag></object><object><points><x>0.64045</x><x>0.65843</x><y>0.3435</y><y>0.43496</y></points><label>6</label><labelname>sill</labelname><flag>1</flag></object><object><points><x>0.6427</x><x>0.66067</x><y>0.52033</y><y>0.61382</y></points><label>6</label><labelname>sill</labelname><flag>1</flag></object><object><points><x>0.64719</x><x>0.66517</x><y>0.69919</y><y>0.79065</y></points><label>6</label><labelname>sill</labelname><flag>1</flag></object><object><points><x>0.64719</x><x>0.66517</x><y>0.8252</y><y>0.91667</y></points><label>6</label><labelname>sill</labelname><flag>1</flag></object><object><points><x>0.91685</x><x>0.92809</x><y>0.10772</y><y>0.20732</y></points><label>6</label><labelname>sill</labelname><flag>1</flag></object><object><points><x>0.91461</x><x>0.92584</x><y>0.45325</y><y>0.53455</y></points><label>6</label><labelname>sill</labelname><flag>1</flag></object><object><points><x>0.87416</x><x>0.89213</x><y>0.5874</y><y>0.69106</y></points><label>6</label><labelname>sill</labelname><flag>1</flag></object><object><points><x>0.41348</x><x>0.49663</x><y>0.25407</y><y>0.28862</y></points><label>8</label><labelname>blind</labelname><flag>1</flag></object><object><points><x>0.41348</x><x>0.49888</x><y>0.31911</y><y>0.35366</y></points><label>8</label><labelname>blind</labelname><flag>1</flag></object><object><points><x>0.41573</x><x>0.50112</x><y>0.42886</y><y>0.46545</y></points><label>8</label><labelname>blind</labelname><flag>1</flag></object><object><points><x>0.41124</x><x>0.49438</x><y>0.04065</y><y>0.077236</y></points><label>8</label><labelname>blind</labelname><flag>1</flag></object><object><points><x>0.41573</x><x>0.49888</x><y>0.5</y><y>0.53455</y></points><label>8</label><labelname>blind</labelname><flag>1</flag></object><object><points><x>0.41573</x><x>0.49888</x><y>0.60976</y><y>0.64634</y></points><label>8</label><labelname>blind</labelname><flag>1</flag></object><object><points><x>0.41573</x><x>0.50112</x><y>0.67886</y><y>0.71545</y></points><label>8</label><labelname>blind</labelname><flag>1</flag></object><object><points><x>0.41573</x><x>0.50112</x><y>0.78455</y><y>0.81911</y></points><label>8</label><labelname>blind</labelname><flag>1</flag></object><object><points><x>0.42022</x><x>0.50112</x><y>0.79675</y><y>0.8313</y></points><label>8</label><labelname>blind</labelname><flag>1</flag></object><object><points><x>0.41798</x><x>0.50337</x><y>0.9065</y><y>0.94309</y></points><label>8</label><labelname>blind</labelname><flag>1</flag></object><object><points><x>0.56404</x><x>0.6382</x><y>0.046748</y><y>0.077236</y></points><label>8</label><labelname>blind</labelname><flag>1</flag></object><object><points><x>0.56629</x><x>0.6427</x><y>0.24187</y><y>0.27642</y></points><label>8</label><labelname>blind</labelname><flag>1</flag></object><object><points><x>0.56629</x><x>0.6427</x><y>0.32114</y><y>0.35569</y></points><label>8</label><labelname>blind</labelname><flag>1</flag></object><object><points><x>0.56854</x><x>0.6427</x><y>0.42886</y><y>0.46341</y></points><label>8</label><labelname>blind</labelname><flag>1</flag></object><object><points><x>0.56854</x><x>0.6427</x><y>0.4939</y><y>0.52846</y></points><label>8</label><labelname>blind</labelname><flag>1</flag></object><object><points><x>0.56854</x><x>0.6427</x><y>0.60366</y><y>0.64024</y></points><label>8</label><labelname>blind</labelname><flag>1</flag></object><object><points><x>0.57528</x><x>0.64944</x><y>0.67683</y><y>0.71138</y></points><label>8</label><labelname>blind</labelname><flag>1</flag></object><object><points><x>0.57528</x><x>0.64944</x><y>0.77846</y><y>0.81301</y></points><label>8</label><labelname>blind</labelname><flag>1</flag></object><object><points><x>0.57528</x><x>0.64944</x><y>0.80285</y><y>0.83943</y></points><label>8</label><labelname>blind</labelname><flag>1</flag></object><object><points><x>0.57528</x><x>0.65169</x><y>0.90854</y><y>0.94309</y></points><label>8</label><labelname>blind</labelname><flag>1</flag></object><object><points><x>0.66067</x><x>0.90787</x><y>0.12602</y><y>0.46138</y></points><label>9</label><labelname>deco</labelname><flag>1</flag></object><object><points><x>0.37528</x><x>0.42022</x><y>0.04065</y><y>0.97967</y></points><label>10</label><labelname>molding</labelname><flag>1</flag></object><object><points><x>0.54607</x><x>0.5618</x><y>0.10976</y><y>0.92276</y></points><label>10</label><labelname>molding</labelname><flag>1</flag></object><object><points><x>0.7191</x><x>0.78652</x><y>0.58943</y><y>0.93293</y></points><label>12</label><labelname>shop</labelname><flag>1</flag></object>