<object><points><x>0.29086</x><x>0.34903</x><y>0.12793</y><y>0.14941</y></points><label>3</label><labelname>window</labelname><flag>1</flag></object><object><points><x>0.28809</x><x>0.34626</x><y>0.09375</y><y>0.11621</y></points><label>3</label><labelname>window</labelname><flag>1</flag></object><object><points><x>0.38089</x><x>0.4349</x><y>0.0625</y><y>0.095703</y></points><label>3</label><labelname>window</labelname><flag>1</flag></object><object><points><x>0.38366</x><x>0.43767</x><y>0.10254</y><y>0.13672</y></points><label>3</label><labelname>window</labelname><flag>1</flag></object><object><points><x>0.38504</x><x>0.43629</x><y>0.14355</y><y>0.17676</y></points><label>3</label><labelname>window</labelname><flag>1</flag></object><object><points><x>0.47368</x><x>0.52909</x><y>0.14453</y><y>0.17578</y></points><label>3</label><labelname>window</labelname><flag>1</flag></object><object><points><x>0.4723</x><x>0.5277</x><y>0.10352</y><y>0.13574</y></points><label>3</label><labelname>window</labelname><flag>1</flag></object><object><points><x>0.4723</x><x>0.52632</x><y>0.063477</y><y>0.094727</y></points><label>3</label><labelname>window</labelname><flag>1</flag></object><object><points><x>0.57064</x><x>0.62465</x><y>0.14453</y><y>0.17676</y></points><label>3</label><labelname>window</labelname><flag>1</flag></object><object><points><x>0.56925</x><x>0.62465</x><y>0.10547</y><y>0.1377</y></points><label>3</label><labelname>window</labelname><flag>1</flag></object><object><points><x>0.56787</x><x>0.62327</x><y>0.064453</y><y>0.09668</y></points><label>3</label><labelname>window</labelname><flag>1</flag></object><object><points><x>0.6662</x><x>0.73269</x><y>0.15137</y><y>0.18262</y></points><label>3</label><labelname>window</labelname><flag>1</flag></object><object><points><x>0.66759</x><x>0.73407</x><y>0.11035</y><y>0.14258</y></points><label>3</label><labelname>window</labelname><flag>1</flag></object><object><points><x>0.6662</x><x>0.73407</x><y>0.070312</y><y>0.10352</y></points><label>3</label><labelname>window</labelname><flag>1</flag></object><object><points><x>0.29501</x><x>0.35873</x><y>0.21875</y><y>0.24219</y></points><label>3</label><labelname>window</labelname><flag>1</flag></object><object><points><x>0.29778</x><x>0.3615</x><y>0.26562</y><y>0.29004</y></points><label>3</label><labelname>window</labelname><flag>1</flag></object><object><points><x>0.29778</x><x>0.3615</x><y>0.31348</y><y>0.33691</y></points><label>3</label><labelname>window</labelname><flag>1</flag></object><object><points><x>0.29778</x><x>0.3615</x><y>0.36035</y><y>0.38379</y></points><label>3</label><labelname>window</labelname><flag>1</flag></object><object><points><x>0.30471</x><x>0.35734</x><y>0.51758</y><y>0.53613</y></points><label>3</label><labelname>window</labelname><flag>1</flag></object><object><points><x>0.30471</x><x>0.35734</x><y>0.54199</y><y>0.56055</y></points><label>3</label><labelname>window</labelname><flag>1</flag></object><object><points><x>0.30471</x><x>0.35734</x><y>0.56445</y><y>0.58398</y></points><label>3</label><labelname>window</labelname><flag>1</flag></object><object><points><x>0.40859</x><x>0.46122</x><y>0.40234</y><y>0.4209</y></points><label>3</label><labelname>window</labelname><flag>1</flag></object><object><points><x>0.40859</x><x>0.46122</x><y>0.43066</y><y>0.44922</y></points><label>3</label><labelname>window</labelname><flag>1</flag></object><object><points><x>0.40859</x><x>0.46122</x><y>0.45801</y><y>0.47656</y></points><label>3</label><labelname>window</labelname><flag>1</flag></object><object><points><x>0.40859</x><x>0.46122</x><y>0.48535</y><y>0.50586</y></points><label>3</label><labelname>window</labelname><flag>1</flag></object><object><points><x>0.40859</x><x>0.46122</x><y>0.51758</y><y>0.53906</y></points><label>3</label><labelname>window</labelname><flag>1</flag></object><object><points><x>0.40859</x><x>0.46122</x><y>0.54688</y><y>0.56836</y></points><label>3</label><labelname>window</labelname><flag>1</flag></object><object><points><x>0.4072</x><x>0.45983</x><y>0.58203</y><y>0.60352</y></points><label>3</label><labelname>window</labelname><flag>1</flag></object><object><points><x>0.4072</x><x>0.45983</x><y>0.61035</y><y>0.63184</y></points><label>3</label><labelname>window</labelname><flag>1</flag></object><object><points><x>0.50139</x><x>0.55402</x><y>0.61133</y><y>0.63379</y></points><label>3</label><labelname>window</labelname><flag>1</flag></object><object><points><x>0.50139</x><x>0.55402</x><y>0.58301</y><y>0.60449</y></points><label>3</label><labelname>window</labelname><flag>1</flag></object><object><points><x>0.50277</x><x>0.5554</x><y>0.54688</y><y>0.56934</y></points><label>3</label><labelname>window</labelname><flag>1</flag></object><object><points><x>0.50277</x><x>0.5554</x><y>0.51855</y><y>0.54102</y></points><label>3</label><labelname>window</labelname><flag>1</flag></object><object><points><x>0.50416</x><x>0.55679</x><y>0.48633</y><y>0.50781</y></points><label>3</label><labelname>window</labelname><flag>1</flag></object><object><points><x>0.50416</x><x>0.55679</x><y>0.45703</y><y>0.47949</y></points><label>3</label><labelname>window</labelname><flag>1</flag></object><object><points><x>0.50277</x><x>0.55817</x><y>0.42969</y><y>0.45215</y></points><label>3</label><labelname>window</labelname><flag>1</flag></object><object><points><x>0.50277</x><x>0.55817</x><y>0.40234</y><y>0.42383</y></points><label>3</label><labelname>window</labelname><flag>1</flag></object><object><points><x>0.60526</x><x>0.66066</x><y>0.40723</y><y>0.42871</y></points><label>3</label><labelname>window</labelname><flag>1</flag></object><object><points><x>0.60526</x><x>0.66066</x><y>0.43457</y><y>0.45605</y></points><label>3</label><labelname>window</labelname><flag>1</flag></object><object><points><x>0.60526</x><x>0.65928</x><y>0.46289</y><y>0.48438</y></points><label>3</label><labelname>window</labelname><flag>1</flag></object><object><points><x>0.60388</x><x>0.65928</x><y>0.49219</y><y>0.5127</y></points><label>3</label><labelname>window</labelname><flag>1</flag></object><object><points><x>0.60388</x><x>0.65928</x><y>0.52246</y><y>0.54297</y></points><label>3</label><labelname>window</labelname><flag>1</flag></object><object><points><x>0.60388</x><x>0.65789</x><y>0.55176</y><y>0.57227</y></points><label>3</label><labelname>window</labelname><flag>1</flag></object><object><points><x>0.60249</x><x>0.65789</x><y>0.58789</y><y>0.6084</y></points><label>3</label><labelname>window</labelname><flag>1</flag></object><object><points><x>0.60249</x><x>0.65789</x><y>0.61621</y><y>0.63672</y></points><label>3</label><labelname>window</labelname><flag>1</flag></object><object><points><x>0.19668</x><x>0.90443</x><y>0.054688</y><y>0.19336</y></points><label>2</label><labelname>facade</labelname><flag>1</flag></object><object><points><x>0.20499</x><x>0.89335</x><y>0.19336</y><y>0.39453</y></points><label>2</label><labelname>facade</labelname><flag>1</flag></object><object><points><x>0.11219</x><x>0.88781</x><y>0.39551</y><y>0.63965</y></points><label>2</label><labelname>facade</labelname><flag>1</flag></object><object><points><x>0.28809</x><x>0.88089</x><y>0.64062</y><y>0.77539</y></points><label>2</label><labelname>facade</labelname><flag>1</flag></object><object><points><x>0.15789</x><x>0.87119</x><y>0.77637</y><y>0.97559</y></points><label>2</label><labelname>facade</labelname><flag>1</flag></object><object><points><x>0.40582</x><x>0.48061</x><y>0.21094</y><y>0.24609</y></points><label>3</label><labelname>window</labelname><flag>1</flag></object><object><points><x>0.40582</x><x>0.48061</x><y>0.25977</y><y>0.29492</y></points><label>3</label><labelname>window</labelname><flag>1</flag></object><object><points><x>0.4072</x><x>0.48199</x><y>0.30566</y><y>0.34082</y></points><label>3</label><labelname>window</labelname><flag>1</flag></object><object><points><x>0.40582</x><x>0.48061</x><y>0.35352</y><y>0.38867</y></points><label>3</label><labelname>window</labelname><flag>1</flag></object><object><points><x>0.51662</x><x>0.59834</x><y>0.21094</y><y>0.24512</y></points><label>3</label><labelname>window</labelname><flag>1</flag></object><object><points><x>0.51662</x><x>0.59695</x><y>0.25879</y><y>0.29297</y></points><label>3</label><labelname>window</labelname><flag>1</flag></object><object><points><x>0.51662</x><x>0.59695</x><y>0.30664</y><y>0.33984</y></points><label>3</label><labelname>window</labelname><flag>1</flag></object><object><points><x>0.51662</x><x>0.59557</x><y>0.35254</y><y>0.38672</y></points><label>3</label><labelname>window</labelname><flag>1</flag></object><object><points><x>0.46676</x><x>0.51662</x><y>0.66211</y><y>0.68359</y></points><label>3</label><labelname>window</labelname><flag>1</flag></object><object><points><x>0.46676</x><x>0.51662</x><y>0.68555</y><y>0.70703</y></points><label>3</label><labelname>window</labelname><flag>1</flag></object><object><points><x>0.46676</x><x>0.51662</x><y>0.71191</y><y>0.7334</y></points><label>3</label><labelname>window</labelname><flag>1</flag></object><object><points><x>0.46537</x><x>0.51524</x><y>0.73438</y><y>0.75586</y></points><label>3</label><labelname>window</labelname><flag>1</flag></object><object><points><x>0.56094</x><x>0.61496</x><y>0.66211</y><y>0.68262</y></points><label>3</label><labelname>window</labelname><flag>1</flag></object><object><points><x>0.56094</x><x>0.61496</x><y>0.68555</y><y>0.70508</y></points><label>3</label><labelname>window</labelname><flag>1</flag></object><object><points><x>0.55956</x><x>0.61357</x><y>0.71289</y><y>0.73242</y></points><label>3</label><labelname>window</labelname><flag>1</flag></object><object><points><x>0.55956</x><x>0.61357</x><y>0.73633</y><y>0.75586</y></points><label>3</label><labelname>window</labelname><flag>1</flag></object><object><points><x>0.4349</x><x>0.48338</x><y>0.81738</y><y>0.84473</y></points><label>3</label><labelname>window</labelname><flag>1</flag></object><object><points><x>0.4349</x><x>0.48338</x><y>0.78613</y><y>0.8125</y></points><label>3</label><labelname>window</labelname><flag>1</flag></object><object><points><x>0.43352</x><x>0.48199</x><y>0.85254</y><y>0.87891</y></points><label>3</label><labelname>window</labelname><flag>1</flag></object><object><points><x>0.4349</x><x>0.48338</x><y>0.88379</y><y>0.91309</y></points><label>3</label><labelname>window</labelname><flag>1</flag></object><object><points><x>0.43352</x><x>0.48338</x><y>0.92188</y><y>0.95117</y></points><label>3</label><labelname>window</labelname><flag>1</flag></object><object><points><x>0.43352</x><x>0.48476</x><y>0.95703</y><y>0.97266</y></points><label>3</label><labelname>window</labelname><flag>1</flag></object><object><points><x>0.32964</x><x>0.38366</x><y>0.83203</y><y>0.86621</y></points><label>3</label><labelname>window</labelname><flag>1</flag></object><object><points><x>0.33102</x><x>0.38366</x><y>0.89746</y><y>0.93066</y></points><label>3</label><labelname>window</labelname><flag>1</flag></object><object><points><x>0.53186</x><x>0.58449</x><y>0.7832</y><y>0.80176</y></points><label>3</label><labelname>window</labelname><flag>1</flag></object><object><points><x>0.53047</x><x>0.5831</x><y>0.80664</y><y>0.82324</y></points><label>3</label><labelname>window</labelname><flag>1</flag></object><object><points><x>0.52909</x><x>0.58172</x><y>0.8291</y><y>0.8457</y></points><label>3</label><labelname>window</labelname><flag>1</flag></object><object><points><x>0.52909</x><x>0.58172</x><y>0.85352</y><y>0.87012</y></points><label>3</label><labelname>window</labelname><flag>1</flag></object><object><points><x>0.52909</x><x>0.58172</x><y>0.875</y><y>0.8916</y></points><label>3</label><labelname>window</labelname><flag>1</flag></object><object><points><x>0.5277</x><x>0.58033</x><y>0.89746</y><y>0.91406</y></points><label>3</label><labelname>window</labelname><flag>1</flag></object><object><points><x>0.52909</x><x>0.58172</x><y>0.9209</y><y>0.9375</y></points><label>3</label><labelname>window</labelname><flag>1</flag></object><object><points><x>0.52909</x><x>0.58172</x><y>0.94434</y><y>0.96094</y></points><label>3</label><labelname>window</labelname><flag>1</flag></object><object><points><x>0.64543</x><x>0.70914</x><y>0.78906</y><y>0.80566</y></points><label>3</label><labelname>window</labelname><flag>1</flag></object><object><points><x>0.64543</x><x>0.70914</x><y>0.81055</y><y>0.82812</y></points><label>3</label><labelname>window</labelname><flag>1</flag></object><object><points><x>0.64543</x><x>0.70914</x><y>0.83301</y><y>0.84961</y></points><label>3</label><labelname>window</labelname><flag>1</flag></object><object><points><x>0.64404</x><x>0.70776</x><y>0.85742</y><y>0.875</y></points><label>3</label><labelname>window</labelname><flag>1</flag></object><object><points><x>0.64266</x><x>0.70637</x><y>0.87891</y><y>0.89551</y></points><label>3</label><labelname>window</labelname><flag>1</flag></object><object><points><x>0.64266</x><x>0.70637</x><y>0.90234</y><y>0.91895</y></points><label>3</label><labelname>window</labelname><flag>1</flag></object><object><points><x>0.64266</x><x>0.70637</x><y>0.92578</y><y>0.94238</y></points><label>3</label><labelname>window</labelname><flag>1</flag></object><object><points><x>0.64127</x><x>0.70499</x><y>0.94727</y><y>0.96387</y></points><label>3</label><labelname>window</labelname><flag>1</flag></object><object><points><x>0.31025</x><x>0.3518</x><y>0.48633</y><y>0.50781</y></points><label>3</label><labelname>window</labelname><flag>1</flag></object><object><points><x>0.31163</x><x>0.3518</x><y>0.45801</y><y>0.47852</y></points><label>3</label><labelname>window</labelname><flag>1</flag></object><object><points><x>0.71468</x><x>0.74931</x><y>0.5918</y><y>0.61035</y></points><label>3</label><labelname>window</labelname><flag>1</flag></object><object><points><x>0.71468</x><x>0.74931</x><y>0.60938</y><y>0.62793</y></points><label>3</label><labelname>window</labelname><flag>1</flag></object><object><points><x>0.7133</x><x>0.74931</x><y>0.62793</y><y>0.63965</y></points><label>3</label><labelname>window</labelname><flag>1</flag></object><object><points><x>0.71607</x><x>0.75208</x><y>0.53223</y><y>0.55078</y></points><label>3</label><labelname>window</labelname><flag>1</flag></object><object><points><x>0.71468</x><x>0.75208</x><y>0.5498</y><y>0.56738</y></points><label>3</label><labelname>window</labelname><flag>1</flag></object><object><points><x>0.71468</x><x>0.75069</x><y>0.56738</y><y>0.58105</y></points><label>3</label><labelname>window</labelname><flag>1</flag></object><object><points><x>0.72438</x><x>0.85457</x><y>0.41309</y><y>0.45801</y></points><label>3</label><labelname>window</labelname><flag>1</flag></object><object><points><x>0.72299</x><x>0.85319</x><y>0.47168</y><y>0.51562</y></points><label>3</label><labelname>window</labelname><flag>1</flag></object><object><points><x>0.23961</x><x>0.26177</x><y>0.11133</y><y>0.13672</y></points><label>3</label><labelname>window</labelname><flag>1</flag></object><object><points><x>0.21884</x><x>0.25069</x><y>0.24805</y><y>0.26465</y></points><label>3</label><labelname>window</labelname><flag>1</flag></object><object><points><x>0.22022</x><x>0.25208</x><y>0.29102</y><y>0.30762</y></points><label>3</label><labelname>window</labelname><flag>1</flag></object><object><points><x>0.22161</x><x>0.25346</x><y>0.33398</y><y>0.35059</y></points><label>3</label><labelname>window</labelname><flag>1</flag></object><object><points><x>0.22161</x><x>0.25208</x><y>0.37793</y><y>0.39355</y></points><label>3</label><labelname>window</labelname><flag>1</flag></object><object><points><x>0.3795</x><x>0.42105</x><y>0.71387</y><y>0.73828</y></points><label>3</label><labelname>window</labelname><flag>1</flag></object><object><points><x>0.3795</x><x>0.42244</x><y>0.68066</y><y>0.70508</y></points><label>3</label><labelname>window</labelname><flag>1</flag></object><object><points><x>0.33241</x><x>0.35596</x><y>0.58887</y><y>0.60254</y></points><label>3</label><labelname>window</labelname><flag>1</flag></object><object><points><x>0.32271</x><x>0.3518</x><y>0.4375</y><y>0.45215</y></points><label>3</label><labelname>window</labelname><flag>1</flag></object><object><points><x>0.61219</x><x>0.68144</x><y>0.013672</y><y>0.039062</y></points><label>3</label><labelname>window</labelname><flag>1</flag></object><object><points><x>0.40859</x><x>0.44598</x><y>0.0058594</y><y>0.017578</y></points><label>3</label><labelname>window</labelname><flag>1</flag></object><object><points><x>0.51247</x><x>0.56094</x><y>0.0048828</y><y>0.016602</y></points><label>3</label><labelname>window</labelname><flag>1</flag></object><object><points><x>0.33102</x><x>0.34488</x><y>0.019531</y><y>0.03125</y></points><label>3</label><labelname>window</labelname><flag>1</flag></object><object><points><x>0.18837</x><x>0.20083</x><y>0.063477</y><y>0.075195</y></points><label>3</label><labelname>window</labelname><flag>1</flag></object><object><points><x>0.82548</x><x>0.91967</x><y>0.027344</y><y>0.053711</y></points><label>4</label><labelname>door</labelname><flag>1</flag></object><object><points><x>0.759</x><x>0.82133</x><y>0.91211</y><y>0.95703</y></points><label>3</label><labelname>window</labelname><flag>1</flag></object><object><points><x>0.2133</x><x>0.24238</x><y>0.48145</y><y>0.49512</y></points><label>3</label><labelname>window</labelname><flag>1</flag></object><object><points><x>0.20222</x><x>0.24238</x><y>0.49902</y><y>0.5166</y></points><label>3</label><labelname>window</labelname><flag>1</flag></object><object><points><x>0.2036</x><x>0.24377</x><y>0.52148</y><y>0.53906</y></points><label>3</label><labelname>window</labelname><flag>1</flag></object><object><points><x>0.2133</x><x>0.24238</x><y>0.54199</y><y>0.55566</y></points><label>3</label><labelname>window</labelname><flag>1</flag></object><object><points><x>0.24654</x><x>0.28393</x><y>0.88574</y><y>0.90039</y></points><label>3</label><labelname>window</labelname><flag>1</flag></object><object><points><x>0.24654</x><x>0.28532</x><y>0.86328</y><y>0.87793</y></points><label>3</label><labelname>window</labelname><flag>1</flag></object><object><points><x>0.2133</x><x>0.241</x><y>0.48242</y><y>0.49414</y></points><label>8</label><labelname>blind</labelname><flag>1</flag></object><object><points><x>0.2036</x><x>0.24238</x><y>0.5</y><y>0.51562</y></points><label>8</label><labelname>blind</labelname><flag>1</flag></object><object><points><x>0.2036</x><x>0.24238</x><y>0.52246</y><y>0.53809</y></points><label>8</label><labelname>blind</labelname><flag>1</flag></object><object><points><x>0.21468</x><x>0.24238</x><y>0.54395</y><y>0.55566</y></points><label>8</label><labelname>blind</labelname><flag>1</flag></object><object><points><x>0.24792</x><x>0.28393</x><y>0.86328</y><y>0.87695</y></points><label>8</label><labelname>blind</labelname><flag>1</flag></object><object><points><x>0.24792</x><x>0.28393</x><y>0.88574</y><y>0.90039</y></points><label>8</label><labelname>blind</labelname><flag>1</flag></object><object><points><x>0.45845</x><x>0.47645</x><y>0.056641</y><y>0.18652</y></points><label>10</label><labelname>molding</labelname><flag>1</flag></object><object><points><x>0.55263</x><x>0.57341</x><y>0.057617</y><y>0.18652</y></points><label>10</label><labelname>molding</labelname><flag>1</flag></object><object><points><x>0.64681</x><x>0.66759</x><y>0.055664</y><y>0.18945</y></points><label>10</label><labelname>molding</labelname><flag>1</flag></object><object><points><x>0.759</x><x>0.77839</x><y>0.0625</y><y>0.19336</y></points><label>10</label><labelname>molding</labelname><flag>1</flag></object><object><points><x>0.26731</x><x>0.28947</x><y>0.19824</y><y>0.39258</y></points><label>10</label><labelname>molding</labelname><flag>1</flag></object><object><points><x>0.37812</x><x>0.4072</x><y>0.19531</y><y>0.3916</y></points><label>10</label><labelname>molding</labelname><flag>1</flag></object><object><points><x>0.72715</x><x>0.75623</x><y>0.19629</y><y>0.3916</y></points><label>10</label><labelname>molding</labelname><flag>1</flag></object><object><points><x>0.58726</x><x>0.60111</x><y>0.39648</y><y>0.6377</y></points><label>10</label><labelname>molding</labelname><flag>1</flag></object><object><points><x>0.64958</x><x>0.66066</x><y>0.64258</y><y>0.77246</y></points><label>10</label><labelname>molding</labelname><flag>1</flag></object><object><points><x>0.73684</x><x>0.75623</x><y>0.78418</y><y>0.97266</y></points><label>10</label><labelname>molding</labelname><flag>1</flag></object><object><points><x>0.62188</x><x>0.63573</x><y>0.78027</y><y>0.9707</y></points><label>10</label><labelname>molding</labelname><flag>1</flag></object><object><points><x>0.41136</x><x>0.42798</x><y>0.77832</y><y>0.97266</y></points><label>10</label><labelname>molding</labelname><flag>1</flag></object><object><points><x>0.75623</x><x>0.78255</x><y>0.10938</y><y>0.14453</y></points><label>12</label><labelname>shop</labelname><flag>1</flag></object><object><points><x>0.78255</x><x>0.90305</x><y>0.055664</y><y>0.19043</y></points><label>12</label><labelname>shop</labelname><flag>1</flag></object><object><points><x>0.73546</x><x>0.77285</x><y>0.2002</y><y>0.39258</y></points><label>12</label><labelname>shop</labelname><flag>1</flag></object><object><points><x>0.79086</x><x>0.89058</x><y>0.19531</y><y>0.39258</y></points><label>12</label><labelname>shop</labelname><flag>1</flag></object><object><points><x>0.75485</x><x>0.88366</x><y>0.39746</y><y>0.6377</y></points><label>12</label><labelname>shop</labelname><flag>1</flag></object><object><points><x>0.67175</x><x>0.71745</x><y>0.54199</y><y>0.56543</y></points><label>12</label><labelname>shop</labelname><flag>1</flag></object><object><points><x>0.71607</x><x>0.72853</x><y>0.19824</y><y>0.24805</y></points><label>6</label><labelname>sill</labelname><flag>1</flag></object><object><points><x>0.71607</x><x>0.72715</x><y>0.24902</y><y>0.29688</y></points><label>6</label><labelname>sill</labelname><flag>1</flag></object><object><points><x>0.71468</x><x>0.72576</x><y>0.29688</y><y>0.34473</y></points><label>6</label><labelname>sill</labelname><flag>1</flag></object><object><points><x>0.71191</x><x>0.72299</x><y>0.34473</y><y>0.39258</y></points><label>6</label><labelname>sill</labelname><flag>1</flag></object><object><points><x>0.59557</x><x>0.60526</x><y>0.20312</y><y>0.25</y></points><label>6</label><labelname>sill</labelname><flag>1</flag></object><object><points><x>0.59557</x><x>0.60526</x><y>0.25098</y><y>0.29785</y></points><label>6</label><labelname>sill</labelname><flag>1</flag></object><object><points><x>0.59418</x><x>0.60388</x><y>0.29785</y><y>0.34473</y></points><label>6</label><labelname>sill</labelname><flag>1</flag></object><object><points><x>0.5928</x><x>0.60388</x><y>0.3457</y><y>0.39258</y></points><label>6</label><labelname>sill</labelname><flag>1</flag></object><object><points><x>0.47645</x><x>0.48615</x><y>0.20508</y><y>0.25098</y></points><label>6</label><labelname>sill</labelname><flag>1</flag></object><object><points><x>0.47645</x><x>0.48753</x><y>0.25195</y><y>0.29785</y></points><label>6</label><labelname>sill</labelname><flag>1</flag></object><object><points><x>0.47645</x><x>0.48753</x><y>0.29883</y><y>0.3457</y></points><label>6</label><labelname>sill</labelname><flag>1</flag></object><object><points><x>0.47645</x><x>0.48615</x><y>0.34668</y><y>0.39258</y></points><label>6</label><labelname>sill</labelname><flag>1</flag></object><object><points><x>0.75208</x><x>0.87812</x><y>0.6416</y><y>0.77441</y></points><label>12</label><labelname>shop</labelname><flag>1</flag></object><object><points><x>0.74792</x><x>0.86981</x><y>0.77734</y><y>0.97266</y></points><label>12</label><labelname>shop</labelname><flag>1</flag></object><object><points><x>0.63296</x><x>0.72022</x><y>0.20801</y><y>0.24512</y></points><label>3</label><labelname>window</labelname><flag>1</flag></object><object><points><x>0.63296</x><x>0.71884</x><y>0.25781</y><y>0.29297</y></points><label>3</label><labelname>window</labelname><flag>1</flag></object><object><points><x>0.63158</x><x>0.71745</x><y>0.30566</y><y>0.33887</y></points><label>3</label><labelname>window</labelname><flag>1</flag></object><object><points><x>0.63158</x><x>0.71191</x><y>0.35156</y><y>0.38574</y></points><label>3</label><labelname>window</labelname><flag>1</flag></object><object><points><x>0.65928</x><x>0.71884</x><y>0.68164</y><y>0.70508</y></points><label>3</label><labelname>window</labelname><flag>1</flag></object><object><points><x>0.65928</x><x>0.72022</x><y>0.65137</y><y>0.67578</y></points><label>3</label><labelname>window</labelname><flag>1</flag></object><object><points><x>0.65789</x><x>0.71884</x><y>0.71973</y><y>0.74316</y></points><label>3</label><labelname>window</labelname><flag>1</flag></object><object><points><x>0.65789</x><x>0.71884</x><y>0.74902</y><y>0.77246</y></points><label>3</label><labelname>window</labelname><flag>1</flag></object>