<object><points><x>0.14435</x><x>0.99791</x><y>0.092399</y><y>0.86885</y></points><label>2</label><labelname>facade</labelname><flag>1</flag></object><object><points><x>0.27197</x><x>0.38703</x><y>0.40984</y><y>0.44858</y></points><label>3</label><labelname>window</labelname><flag>1</flag></object><object><points><x>0.27197</x><x>0.38912</x><y>0.462</y><y>0.50075</y></points><label>3</label><labelname>window</labelname><flag>1</flag></object><object><points><x>0.27406</x><x>0.38912</x><y>0.60805</y><y>0.64829</y></points><label>3</label><labelname>window</labelname><flag>1</flag></object><object><points><x>0.25523</x><x>0.37029</x><y>0.71982</y><y>0.76006</y></points><label>3</label><labelname>window</labelname><flag>1</flag></object><object><points><x>0.49163</x><x>0.60879</x><y>0.46945</y><y>0.50969</y></points><label>3</label><labelname>window</labelname><flag>1</flag></object><object><points><x>0.49372</x><x>0.61088</x><y>0.41729</y><y>0.45604</y></points><label>3</label><labelname>window</labelname><flag>1</flag></object><object><points><x>0.49372</x><x>0.61506</x><y>0.60209</y><y>0.65425</y></points><label>3</label><labelname>window</labelname><flag>1</flag></object><object><points><x>0.71757</x><x>0.84519</x><y>0.59911</y><y>0.65574</y></points><label>3</label><labelname>window</labelname><flag>1</flag></object><object><points><x>0.71967</x><x>0.84519</x><y>0.46349</y><y>0.50969</y></points><label>3</label><labelname>window</labelname><flag>1</flag></object><object><points><x>0.71757</x><x>0.84519</x><y>0.41133</y><y>0.45753</y></points><label>3</label><labelname>window</labelname><flag>1</flag></object><object><points><x>0.71967</x><x>0.84519</x><y>0.78241</y><y>0.82265</y></points><label>3</label><labelname>window</labelname><flag>1</flag></object><object><points><x>0.71339</x><x>0.841</x><y>0.72727</y><y>0.76304</y></points><label>3</label><labelname>window</labelname><flag>1</flag></object><object><points><x>0.47699</x><x>0.60669</x><y>0.7228</y><y>0.76304</y></points><label>3</label><labelname>window</labelname><flag>1</flag></object><object><points><x>0.48536</x><x>0.61297</x><y>0.77943</y><y>0.82116</y></points><label>3</label><labelname>window</labelname><flag>1</flag></object><object><points><x>0.25941</x><x>0.39331</x><y>0.77943</y><y>0.82116</y></points><label>3</label><labelname>window</labelname><flag>1</flag></object><object><points><x>0.71548</x><x>0.841</x><y>0.26677</y><y>0.307</y></points><label>3</label><labelname>window</labelname><flag>1</flag></object><object><points><x>0.71757</x><x>0.84519</x><y>0.20715</y><y>0.26379</y></points><label>3</label><labelname>window</labelname><flag>1</flag></object><object><points><x>0.71757</x><x>0.84519</x><y>0.15052</y><y>0.20566</y></points><label>3</label><labelname>window</labelname><flag>1</flag></object><object><points><x>0.48954</x><x>0.61715</x><y>0.14605</y><y>0.20119</y></points><label>3</label><labelname>window</labelname><flag>1</flag></object><object><points><x>0.48954</x><x>0.61715</x><y>0.20417</y><y>0.25931</y></points><label>3</label><labelname>window</labelname><flag>1</flag></object><object><points><x>0.49163</x><x>0.61925</x><y>0.26379</y><y>0.30253</y></points><label>3</label><labelname>window</labelname><flag>1</flag></object><object><points><x>0.25314</x><x>0.36611</x><y>0.15499</y><y>0.27124</y></points><label>3</label><labelname>window</labelname><flag>1</flag></object><object><points><x>0.61088</x><x>0.63389</x><y>0.59016</y><y>0.66468</y></points><label>6</label><labelname>sill</labelname><flag>1</flag></object><object><points><x>0.6046</x><x>0.62552</x><y>0.70641</y><y>0.77049</y></points><label>6</label><labelname>sill</labelname><flag>1</flag></object><object><points><x>0.60879</x><x>0.63598</x><y>0.77496</y><y>0.83159</y></points><label>6</label><labelname>sill</labelname><flag>1</flag></object><object><points><x>0.62971</x><x>0.659</x><y>0.83756</y><y>0.86289</y></points><label>6</label><labelname>sill</labelname><flag>1</flag></object><object><points><x>0.3682</x><x>0.38494</x><y>0.70939</y><y>0.76304</y></points><label>6</label><labelname>sill</labelname><flag>1</flag></object><object><points><x>0.37029</x><x>0.41004</x><y>0.77198</y><y>0.83159</y></points><label>6</label><labelname>sill</labelname><flag>1</flag></object><object><points><x>0.40167</x><x>0.44142</x><y>0.83756</y><y>0.8614</y></points><label>6</label><labelname>sill</labelname><flag>1</flag></object><object><points><x>0.83473</x><x>0.85565</x><y>0.71088</y><y>0.76751</y></points><label>6</label><labelname>sill</labelname><flag>1</flag></object><object><points><x>0.83682</x><x>0.86611</x><y>0.77198</y><y>0.83458</y></points><label>6</label><labelname>sill</labelname><flag>1</flag></object><object><points><x>0.84728</x><x>0.87238</x><y>0.83756</y><y>0.8614</y></points><label>6</label><labelname>sill</labelname><flag>1</flag></object><object><points><x>0.60669</x><x>0.63389</x><y>0.3994</y><y>0.51714</y></points><label>6</label><labelname>sill</labelname><flag>1</flag></object><object><points><x>0.841</x><x>0.86192</x><y>0.40387</y><y>0.51863</y></points><label>6</label><labelname>sill</labelname><flag>1</flag></object><object><points><x>0.841</x><x>0.86192</x><y>0.58867</y><y>0.66468</y></points><label>6</label><labelname>sill</labelname><flag>1</flag></object><object><points><x>0.841</x><x>0.85565</x><y>0.12817</y><y>0.31595</y></points><label>6</label><labelname>sill</labelname><flag>1</flag></object><object><points><x>0.72176</x><x>0.8431</x><y>0.60358</y><y>0.65425</y></points><label>8</label><labelname>blind</labelname><flag>1</flag></object><object><points><x>0.72176</x><x>0.8431</x><y>0.46498</y><y>0.5082</y></points><label>8</label><labelname>blind</labelname><flag>1</flag></object><object><points><x>0.71967</x><x>0.841</x><y>0.41282</y><y>0.45604</y></points><label>8</label><labelname>blind</labelname><flag>1</flag></object><object><points><x>0.63808</x><x>0.69456</x><y>0.5231</y><y>0.58569</y></points><label>9</label><labelname>deco</labelname><flag>1</flag></object><object><points><x>0.59623</x><x>0.62971</x><y>0.09687</y><y>0.7541</y></points><label>10</label><labelname>molding</labelname><flag>1</flag></object>