<object><points><x>0.0026738</x><x>1</x><y>0.00097656</y><y>1</y></points><label>2</label><labelname>facade</labelname><flag>1</flag></object><object><points><x>0.093583</x><x>0.20856</x><y>0.17773</y><y>0.19238</y></points><label>3</label><labelname>window</labelname><flag>1</flag></object><object><points><x>0.096257</x><x>0.20856</x><y>0.19629</y><y>0.21094</y></points><label>3</label><labelname>window</labelname><flag>1</flag></object><object><points><x>0.093583</x><x>0.20588</x><y>0.24219</y><y>0.25781</y></points><label>3</label><labelname>window</labelname><flag>1</flag></object><object><points><x>0.093583</x><x>0.20588</x><y>0.26074</y><y>0.27539</y></points><label>3</label><labelname>window</labelname><flag>1</flag></object><object><points><x>0.31818</x><x>0.44385</x><y>0.26172</y><y>0.27734</y></points><label>3</label><labelname>window</labelname><flag>1</flag></object><object><points><x>0.31551</x><x>0.44385</x><y>0.24316</y><y>0.25879</y></points><label>3</label><labelname>window</labelname><flag>1</flag></object><object><points><x>0.31818</x><x>0.44652</x><y>0.19629</y><y>0.21191</y></points><label>3</label><labelname>window</labelname><flag>1</flag></object><object><points><x>0.31818</x><x>0.44652</x><y>0.17773</y><y>0.19336</y></points><label>3</label><labelname>window</labelname><flag>1</flag></object><object><points><x>0.090909</x><x>0.20321</x><y>0.74707</y><y>0.7627</y></points><label>3</label><labelname>window</labelname><flag>1</flag></object><object><points><x>0.085561</x><x>0.20053</x><y>0.72852</y><y>0.74316</y></points><label>3</label><labelname>window</labelname><flag>1</flag></object><object><points><x>0.090909</x><x>0.20321</x><y>0.79199</y><y>0.80762</y></points><label>3</label><labelname>window</labelname><flag>1</flag></object><object><points><x>0.090909</x><x>0.20321</x><y>0.80957</y><y>0.8252</y></points><label>3</label><labelname>window</labelname><flag>1</flag></object><object><points><x>0.31283</x><x>0.43583</x><y>0.81152</y><y>0.82617</y></points><label>3</label><labelname>window</labelname><flag>1</flag></object><object><points><x>0.31283</x><x>0.43316</x><y>0.79297</y><y>0.80762</y></points><label>3</label><labelname>window</labelname><flag>1</flag></object><object><points><x>0.31016</x><x>0.43048</x><y>0.74902</y><y>0.76367</y></points><label>3</label><labelname>window</labelname><flag>1</flag></object><object><points><x>0.31016</x><x>0.43316</x><y>0.73047</y><y>0.74512</y></points><label>3</label><labelname>window</labelname><flag>1</flag></object><object><points><x>0.54011</x><x>0.66578</x><y>0.8125</y><y>0.82715</y></points><label>3</label><labelname>window</labelname><flag>1</flag></object><object><points><x>0.54011</x><x>0.66578</x><y>0.79395</y><y>0.80762</y></points><label>3</label><labelname>window</labelname><flag>1</flag></object><object><points><x>0.54278</x><x>0.66845</x><y>0.74902</y><y>0.76367</y></points><label>3</label><labelname>window</labelname><flag>1</flag></object><object><points><x>0.54278</x><x>0.66845</x><y>0.73047</y><y>0.74512</y></points><label>3</label><labelname>window</labelname><flag>1</flag></object><object><points><x>0.1016</x><x>0.22727</x><y>0.03418</y><y>0.066406</y></points><label>3</label><labelname>window</labelname><flag>1</flag></object><object><points><x>0.096257</x><x>0.2246</x><y>0.092773</y><y>0.125</y></points><label>3</label><labelname>window</labelname><flag>1</flag></object><object><points><x>0.32086</x><x>0.41979</x><y>0.094727</y><y>0.12598</y></points><label>3</label><labelname>window</labelname><flag>1</flag></object><object><points><x>0.32086</x><x>0.42781</x><y>0.035156</y><y>0.06543</y></points><label>3</label><labelname>window</labelname><flag>1</flag></object><object><points><x>0.5508</x><x>0.6631</x><y>0.09668</y><y>0.12695</y></points><label>3</label><labelname>window</labelname><flag>1</flag></object><object><points><x>0.5508</x><x>0.6631</x><y>0.035156</y><y>0.066406</y></points><label>3</label><labelname>window</labelname><flag>1</flag></object><object><points><x>0.085561</x><x>0.19786</x><y>0.31934</y><y>0.34668</y></points><label>3</label><labelname>window</labelname><flag>1</flag></object><object><points><x>0.088235</x><x>0.20053</x><y>0.37793</y><y>0.40527</y></points><label>3</label><labelname>window</labelname><flag>1</flag></object><object><points><x>0.30749</x><x>0.41979</x><y>0.38086</y><y>0.40723</y></points><label>3</label><labelname>window</labelname><flag>1</flag></object><object><points><x>0.31016</x><x>0.42246</x><y>0.32227</y><y>0.34961</y></points><label>3</label><labelname>window</labelname><flag>1</flag></object><object><points><x>0.54813</x><x>0.6738</x><y>0.38184</y><y>0.4082</y></points><label>3</label><labelname>window</labelname><flag>1</flag></object><object><points><x>0.54545</x><x>0.6738</x><y>0.32422</y><y>0.35059</y></points><label>3</label><labelname>window</labelname><flag>1</flag></object><object><points><x>0.29679</x><x>0.41979</x><y>0.54297</y><y>0.57129</y></points><label>3</label><labelname>window</labelname><flag>1</flag></object><object><points><x>0.29679</x><x>0.42781</x><y>0.45898</y><y>0.4873</y></points><label>3</label><labelname>window</labelname><flag>1</flag></object><object><points><x>0.53743</x><x>0.66845</x><y>0.45996</y><y>0.4873</y></points><label>3</label><labelname>window</labelname><flag>1</flag></object><object><points><x>0.53476</x><x>0.66578</x><y>0.54199</y><y>0.57031</y></points><label>3</label><labelname>window</labelname><flag>1</flag></object><object><points><x>0.085561</x><x>0.18182</x><y>0.45508</y><y>0.47266</y></points><label>3</label><labelname>window</labelname><flag>1</flag></object><object><points><x>0.082888</x><x>0.17914</x><y>0.53809</y><y>0.55566</y></points><label>3</label><labelname>window</labelname><flag>1</flag></object><object><points><x>0.085561</x><x>0.18449</x><y>0.44336</y><y>0.45312</y></points><label>3</label><labelname>window</labelname><flag>1</flag></object><object><points><x>0.085561</x><x>0.18717</x><y>0.47656</y><y>0.48535</y></points><label>3</label><labelname>window</labelname><flag>1</flag></object><object><points><x>0.085561</x><x>0.18449</x><y>0.52539</y><y>0.53516</y></points><label>3</label><labelname>window</labelname><flag>1</flag></object><object><points><x>0.085561</x><x>0.18449</x><y>0.55859</y><y>0.56641</y></points><label>3</label><labelname>window</labelname><flag>1</flag></object><object><points><x>0.29679</x><x>0.42781</x><y>0.52637</y><y>0.53418</y></points><label>3</label><labelname>window</labelname><flag>1</flag></object><object><points><x>0.29947</x><x>0.43048</x><y>0.44238</y><y>0.4502</y></points><label>3</label><labelname>window</labelname><flag>1</flag></object><object><points><x>0.54011</x><x>0.66578</x><y>0.52734</y><y>0.53418</y></points><label>3</label><labelname>window</labelname><flag>1</flag></object><object><points><x>0.54278</x><x>0.66845</x><y>0.44336</y><y>0.4502</y></points><label>3</label><labelname>window</labelname><flag>1</flag></object><object><points><x>0.085561</x><x>0.20321</x><y>0.60645</y><y>0.63281</y></points><label>3</label><labelname>window</labelname><flag>1</flag></object><object><points><x>0.085561</x><x>0.20321</x><y>0.66211</y><y>0.6875</y></points><label>3</label><labelname>window</labelname><flag>1</flag></object><object><points><x>0.30749</x><x>0.41711</x><y>0.66699</y><y>0.69434</y></points><label>3</label><labelname>window</labelname><flag>1</flag></object><object><points><x>0.30481</x><x>0.41444</x><y>0.60938</y><y>0.63672</y></points><label>3</label><labelname>window</labelname><flag>1</flag></object><object><points><x>0.53743</x><x>0.66043</x><y>0.66895</y><y>0.69629</y></points><label>3</label><labelname>window</labelname><flag>1</flag></object><object><points><x>0.54278</x><x>0.66578</x><y>0.61133</y><y>0.63867</y></points><label>3</label><labelname>window</labelname><flag>1</flag></object><object><points><x>0.088235</x><x>0.20588</x><y>0.87598</y><y>0.9082</y></points><label>3</label><labelname>window</labelname><flag>1</flag></object><object><points><x>0.090909</x><x>0.20856</x><y>0.93359</y><y>0.96582</y></points><label>3</label><labelname>window</labelname><flag>1</flag></object><object><points><x>0.30749</x><x>0.42513</x><y>0.87598</y><y>0.9082</y></points><label>3</label><labelname>window</labelname><flag>1</flag></object><object><points><x>0.30481</x><x>0.42246</x><y>0.93652</y><y>0.96875</y></points><label>3</label><labelname>window</labelname><flag>1</flag></object><object><points><x>0.53209</x><x>0.64706</x><y>0.88086</y><y>0.90918</y></points><label>3</label><labelname>window</labelname><flag>1</flag></object><object><points><x>0.53209</x><x>0.64706</x><y>0.93848</y><y>0.9668</y></points><label>3</label><labelname>window</labelname><flag>1</flag></object><object><points><x>0.010695</x><x>0.080214</x><y>0.31445</y><y>0.35254</y></points><label>5</label><labelname>cornice</labelname><flag>1</flag></object><object><points><x>0.0080214</x><x>0.07754</x><y>0.37305</y><y>0.41211</y></points><label>5</label><labelname>cornice</labelname><flag>1</flag></object><object><points><x>0.0053476</x><x>0.080214</x><y>0.59863</y><y>0.63867</y></points><label>5</label><labelname>cornice</labelname><flag>1</flag></object><object><points><x>0.010695</x><x>0.085561</x><y>0.65527</y><y>0.69531</y></points><label>5</label><labelname>cornice</labelname><flag>1</flag></object><object><points><x>0.0053476</x><x>0.07754</x><y>0.43066</y><y>0.51074</y></points><label>5</label><labelname>cornice</labelname><flag>1</flag></object><object><points><x>0.0053476</x><x>0.07754</x><y>0.5127</y><y>0.59277</y></points><label>5</label><labelname>cornice</labelname><flag>1</flag></object><object><points><x>0.20321</x><x>0.2246</x><y>0.23926</y><y>0.28027</y></points><label>6</label><labelname>sill</labelname><flag>1</flag></object><object><points><x>0.20588</x><x>0.22727</x><y>0.17383</y><y>0.21484</y></points><label>6</label><labelname>sill</labelname><flag>1</flag></object><object><points><x>0.4385</x><x>0.47326</x><y>0.23633</y><y>0.28711</y></points><label>6</label><labelname>sill</labelname><flag>1</flag></object><object><points><x>0.44118</x><x>0.47594</x><y>0.1709</y><y>0.2207</y></points><label>6</label><labelname>sill</labelname><flag>1</flag></object><object><points><x>0.67647</x><x>0.69786</x><y>0.17383</y><y>0.2168</y></points><label>6</label><labelname>sill</labelname><flag>1</flag></object><object><points><x>0.67914</x><x>0.70053</x><y>0.23828</y><y>0.28125</y></points><label>6</label><labelname>sill</labelname><flag>1</flag></object><object><points><x>0.19519</x><x>0.22193</x><y>0.31836</y><y>0.35156</y></points><label>6</label><labelname>sill</labelname><flag>1</flag></object><object><points><x>0.19519</x><x>0.22193</x><y>0.37695</y><y>0.41016</y></points><label>6</label><labelname>sill</labelname><flag>1</flag></object><object><points><x>0.42781</x><x>0.45455</x><y>0.46191</y><y>0.48633</y></points><label>6</label><labelname>sill</labelname><flag>1</flag></object><object><points><x>0.42246</x><x>0.4492</x><y>0.5459</y><y>0.57031</y></points><label>6</label><labelname>sill</labelname><flag>1</flag></object><object><points><x>0.66845</x><x>0.69519</x><y>0.54199</y><y>0.57812</y></points><label>6</label><labelname>sill</labelname><flag>1</flag></object><object><points><x>0.6738</x><x>0.69786</x><y>0.45605</y><y>0.49219</y></points><label>6</label><labelname>sill</labelname><flag>1</flag></object><object><points><x>0.20053</x><x>0.21925</x><y>0.78906</y><y>0.83008</y></points><label>6</label><labelname>sill</labelname><flag>1</flag></object><object><points><x>0.20053</x><x>0.21925</x><y>0.72656</y><y>0.76758</y></points><label>6</label><labelname>sill</labelname><flag>1</flag></object><object><points><x>0.43048</x><x>0.46791</x><y>0.78711</y><y>0.83691</y></points><label>6</label><labelname>sill</labelname><flag>1</flag></object><object><points><x>0.43048</x><x>0.46791</x><y>0.72168</y><y>0.77051</y></points><label>6</label><labelname>sill</labelname><flag>1</flag></object><object><points><x>0.66578</x><x>0.68182</x><y>0.79199</y><y>0.8291</y></points><label>6</label><labelname>sill</labelname><flag>1</flag></object><object><points><x>0.66578</x><x>0.68449</x><y>0.72754</y><y>0.76953</y></points><label>6</label><labelname>sill</labelname><flag>1</flag></object><object><points><x>0.17914</x><x>0.27807</x><y>0.019531</y><y>0.076172</y></points><label>7</label><labelname>balcony</labelname><flag>1</flag></object><object><points><x>0.17647</x><x>0.2754</x><y>0.081055</y><y>0.13672</y></points><label>7</label><labelname>balcony</labelname><flag>1</flag></object><object><points><x>0.41979</x><x>0.50535</x><y>0.024414</y><y>0.13672</y></points><label>7</label><labelname>balcony</labelname><flag>1</flag></object><object><points><x>0.65775</x><x>0.74599</x><y>0.024414</y><y>0.13672</y></points><label>7</label><labelname>balcony</labelname><flag>1</flag></object><object><points><x>0.67112</x><x>0.74064</x><y>0.37402</y><y>0.41992</y></points><label>7</label><labelname>balcony</labelname><flag>1</flag></object><object><points><x>0.67112</x><x>0.74064</x><y>0.31445</y><y>0.36035</y></points><label>7</label><labelname>balcony</labelname><flag>1</flag></object><object><points><x>0.41711</x><x>0.50267</x><y>0.37109</y><y>0.41992</y></points><label>7</label><labelname>balcony</labelname><flag>1</flag></object><object><points><x>0.41711</x><x>0.50535</x><y>0.31152</y><y>0.36035</y></points><label>7</label><labelname>balcony</labelname><flag>1</flag></object><object><points><x>0.41176</x><x>0.49465</x><y>0.66113</y><y>0.70703</y></points><label>7</label><labelname>balcony</labelname><flag>1</flag></object><object><points><x>0.41176</x><x>0.49465</x><y>0.59961</y><y>0.65137</y></points><label>7</label><labelname>balcony</labelname><flag>1</flag></object><object><points><x>0.65508</x><x>0.73797</x><y>0.6582</y><y>0.70996</y></points><label>7</label><labelname>balcony</labelname><flag>1</flag></object><object><points><x>0.66043</x><x>0.74332</x><y>0.60059</y><y>0.65234</y></points><label>7</label><labelname>balcony</labelname><flag>1</flag></object><object><points><x>0.1738</x><x>0.2754</x><y>0.87012</y><y>0.93555</y></points><label>7</label><labelname>balcony</labelname><flag>1</flag></object><object><points><x>0.17647</x><x>0.27807</x><y>0.93457</y><y>1</y></points><label>7</label><labelname>balcony</labelname><flag>1</flag></object><object><points><x>0.41711</x><x>0.48663</x><y>0.87402</y><y>0.99902</y></points><label>7</label><labelname>balcony</labelname><flag>1</flag></object><object><points><x>0.64706</x><x>0.71925</x><y>0.87598</y><y>1</y></points><label>7</label><labelname>balcony</labelname><flag>1</flag></object><object><points><x>0.10428</x><x>0.15775</x><y>0.035156</y><y>0.042969</y></points><label>8</label><labelname>blind</labelname><flag>1</flag></object><object><points><x>0.10428</x><x>0.14973</x><y>0.057617</y><y>0.06543</y></points><label>8</label><labelname>blind</labelname><flag>1</flag></object><object><points><x>0.10428</x><x>0.15241</x><y>0.043945</y><y>0.055664</y></points><label>8</label><labelname>blind</labelname><flag>1</flag></object><object><points><x>0.3262</x><x>0.42513</x><y>0.036133</y><y>0.042969</y></points><label>8</label><labelname>blind</labelname><flag>1</flag></object><object><points><x>0.3262</x><x>0.42513</x><y>0.058594</y><y>0.06543</y></points><label>8</label><labelname>blind</labelname><flag>1</flag></object><object><points><x>0.32353</x><x>0.42513</x><y>0.045898</y><y>0.055664</y></points><label>8</label><labelname>blind</labelname><flag>1</flag></object><object><points><x>0.32086</x><x>0.33957</x><y>0.11816</y><y>0.12598</y></points><label>8</label><labelname>blind</labelname><flag>1</flag></object><object><points><x>0.55615</x><x>0.66043</x><y>0.097656</y><y>0.10352</y></points><label>8</label><labelname>blind</labelname><flag>1</flag></object><object><points><x>0.55348</x><x>0.66043</x><y>0.12012</y><y>0.12598</y></points><label>8</label><labelname>blind</labelname><flag>1</flag></object><object><points><x>0.55348</x><x>0.66043</x><y>0.10645</y><y>0.11719</y></points><label>8</label><labelname>blind</labelname><flag>1</flag></object><object><points><x>0.55615</x><x>0.6631</x><y>0.17969</y><y>0.19336</y></points><label>8</label><labelname>blind</labelname><flag>1</flag></object><object><points><x>0.55348</x><x>0.67112</x><y>0.19824</y><y>0.21191</y></points><label>8</label><labelname>blind</labelname><flag>1</flag></object><object><points><x>0.54813</x><x>0.6738</x><y>0.17871</y><y>0.19434</y></points><label>3</label><labelname>window</labelname><flag>1</flag></object><object><points><x>0.54813</x><x>0.6738</x><y>0.19727</y><y>0.21289</y></points><label>3</label><labelname>window</labelname><flag>1</flag></object><object><points><x>0.5508</x><x>0.67647</x><y>0.24316</y><y>0.25879</y></points><label>3</label><labelname>window</labelname><flag>1</flag></object><object><points><x>0.5508</x><x>0.67647</x><y>0.26172</y><y>0.27734</y></points><label>3</label><labelname>window</labelname><flag>1</flag></object><object><points><x>0.55348</x><x>0.59893</x><y>0.24512</y><y>0.25781</y></points><label>8</label><labelname>blind</labelname><flag>1</flag></object><object><points><x>0.55348</x><x>0.60695</x><y>0.2627</y><y>0.27734</y></points><label>8</label><labelname>blind</labelname><flag>1</flag></object><object><points><x>0.31016</x><x>0.40642</x><y>0.38281</y><y>0.40527</y></points><label>8</label><labelname>blind</labelname><flag>1</flag></object><object><points><x>0.096257</x><x>0.20856</x><y>0.19727</y><y>0.21094</y></points><label>8</label><labelname>blind</labelname><flag>1</flag></object><object><points><x>0.31818</x><x>0.3369</x><y>0.2627</y><y>0.27637</y></points><label>8</label><labelname>blind</labelname><flag>1</flag></object><object><points><x>0.5508</x><x>0.59893</x><y>0.32422</y><y>0.3457</y></points><label>8</label><labelname>blind</labelname><flag>1</flag></object><object><points><x>0.5508</x><x>0.59893</x><y>0.38281</y><y>0.40527</y></points><label>8</label><labelname>blind</labelname><flag>1</flag></object><object><points><x>0.30214</x><x>0.38235</x><y>0.44434</y><y>0.44922</y></points><label>8</label><labelname>blind</labelname><flag>1</flag></object><object><points><x>0.29947</x><x>0.38235</x><y>0.45996</y><y>0.48633</y></points><label>8</label><labelname>blind</labelname><flag>1</flag></object><object><points><x>0.54278</x><x>0.60963</x><y>0.46094</y><y>0.4873</y></points><label>8</label><labelname>blind</labelname><flag>1</flag></object><object><points><x>0.54545</x><x>0.59626</x><y>0.44531</y><y>0.4502</y></points><label>8</label><labelname>blind</labelname><flag>1</flag></object><object><points><x>0.54278</x><x>0.58556</x><y>0.52832</y><y>0.5332</y></points><label>8</label><labelname>blind</labelname><flag>1</flag></object><object><points><x>0.30214</x><x>0.38235</x><y>0.52734</y><y>0.53223</y></points><label>8</label><labelname>blind</labelname><flag>1</flag></object><object><points><x>0.29947</x><x>0.34492</x><y>0.54395</y><y>0.56934</y></points><label>8</label><labelname>blind</labelname><flag>1</flag></object><object><points><x>0.53743</x><x>0.55348</x><y>0.54297</y><y>0.56934</y></points><label>8</label><labelname>blind</labelname><flag>1</flag></object><object><points><x>0.088235</x><x>0.13636</x><y>0.53906</y><y>0.55371</y></points><label>8</label><labelname>blind</labelname><flag>1</flag></object><object><points><x>0.088235</x><x>0.12834</x><y>0.52734</y><y>0.5332</y></points><label>8</label><labelname>blind</labelname><flag>1</flag></object><object><points><x>0.088235</x><x>0.18182</x><y>0.55957</y><y>0.56543</y></points><label>8</label><labelname>blind</labelname><flag>1</flag></object><object><points><x>0.088235</x><x>0.14706</x><y>0.60645</y><y>0.62988</y></points><label>8</label><labelname>blind</labelname><flag>1</flag></object><object><points><x>0.088235</x><x>0.18449</x><y>0.66309</y><y>0.68652</y></points><label>8</label><labelname>blind</labelname><flag>1</flag></object><object><points><x>0.30749</x><x>0.3369</x><y>0.66797</y><y>0.68848</y></points><label>8</label><labelname>blind</labelname><flag>1</flag></object><object><points><x>0.31283</x><x>0.32888</x><y>0.73047</y><y>0.74414</y></points><label>8</label><labelname>blind</labelname><flag>1</flag></object><object><points><x>0.31551</x><x>0.3369</x><y>0.81152</y><y>0.82422</y></points><label>8</label><labelname>blind</labelname><flag>1</flag></object><object><points><x>0.31551</x><x>0.3369</x><y>0.79297</y><y>0.80566</y></points><label>8</label><labelname>blind</labelname><flag>1</flag></object><object><points><x>0.31283</x><x>0.35561</x><y>0.89648</y><y>0.90527</y></points><label>8</label><labelname>blind</labelname><flag>1</flag></object><object><points><x>0.31016</x><x>0.35294</x><y>0.88477</y><y>0.89551</y></points><label>8</label><labelname>blind</labelname><flag>1</flag></object><object><points><x>0.31016</x><x>0.33422</x><y>0.87695</y><y>0.88281</y></points><label>8</label><labelname>blind</labelname><flag>1</flag></object><object><points><x>0.31283</x><x>0.41444</x><y>0.95605</y><y>0.96387</y></points><label>8</label><labelname>blind</labelname><flag>1</flag></object><object><points><x>0.31016</x><x>0.41444</x><y>0.94434</y><y>0.9541</y></points><label>8</label><labelname>blind</labelname><flag>1</flag></object><object><points><x>0.31016</x><x>0.41711</x><y>0.9375</y><y>0.94238</y></points><label>8</label><labelname>blind</labelname><flag>1</flag></object><object><points><x>0.53476</x><x>0.64439</x><y>0.88184</y><y>0.90723</y></points><label>8</label><labelname>blind</labelname><flag>1</flag></object><object><points><x>0.53476</x><x>0.64706</x><y>0.93945</y><y>0.96484</y></points><label>8</label><labelname>blind</labelname><flag>1</flag></object><object><points><x>0.0053476</x><x>0.088235</x><y>0.067383</y><y>0.09082</y></points><label>9</label><labelname>deco</labelname><flag>1</flag></object><object><points><x>0.0026738</x><x>0.093583</x><y>0.91016</y><y>0.93164</y></points><label>9</label><labelname>deco</labelname><flag>1</flag></object><object><points><x>0.080214</x><x>0.66578</x><y>0.1377</y><y>0.16113</y></points><label>11</label><labelname>pillar</labelname><flag>1</flag></object><object><points><x>0.088235</x><x>0.6738</x><y>0.0019531</y><y>0.022461</y></points><label>11</label><labelname>pillar</labelname><flag>1</flag></object><object><points><x>0.029412</x><x>0.66845</x><y>0.41895</y><y>0.43164</y></points><label>11</label><labelname>pillar</labelname><flag>1</flag></object><object><points><x>0.026738</x><x>0.66845</x><y>0.5</y><y>0.51367</y></points><label>11</label><labelname>pillar</labelname><flag>1</flag></object><object><points><x>0.029412</x><x>0.67112</x><y>0.29688</y><y>0.30762</y></points><label>11</label><labelname>pillar</labelname><flag>1</flag></object><object><points><x>0.0053476</x><x>0.66845</x><y>0.3584</y><y>0.36719</y></points><label>11</label><labelname>pillar</labelname><flag>1</flag></object><object><points><x>0.024064</x><x>0.6631</x><y>0.58398</y><y>0.59375</y></points><label>11</label><labelname>pillar</labelname><flag>1</flag></object><object><points><x>0.029412</x><x>0.65241</x><y>0.70215</y><y>0.71387</y></points><label>11</label><labelname>pillar</labelname><flag>1</flag></object><object><points><x>0.0026738</x><x>0.66043</x><y>0.64648</y><y>0.65332</y></points><label>11</label><labelname>pillar</labelname><flag>1</flag></object><object><points><x>0.66845</x><x>0.76471</x><y>0.29395</y><y>0.31152</y></points><label>11</label><labelname>pillar</labelname><flag>1</flag></object><object><points><x>0.66845</x><x>0.76738</x><y>0.35742</y><y>0.37109</y></points><label>11</label><labelname>pillar</labelname><flag>1</flag></object><object><points><x>0.66845</x><x>0.76471</x><y>0.41699</y><y>0.43457</y></points><label>11</label><labelname>pillar</labelname><flag>1</flag></object><object><points><x>0.66845</x><x>0.76471</x><y>0.49902</y><y>0.5166</y></points><label>11</label><labelname>pillar</labelname><flag>1</flag></object><object><points><x>0.6631</x><x>0.75936</x><y>0.58203</y><y>0.59961</y></points><label>11</label><labelname>pillar</labelname><flag>1</flag></object><object><points><x>0.65241</x><x>0.71658</x><y>0.70508</y><y>0.7168</y></points><label>11</label><labelname>pillar</labelname><flag>1</flag></object><object><points><x>0.6738</x><x>0.76471</x><y>0.0019531</y><y>0.025391</y></points><label>11</label><labelname>pillar</labelname><flag>1</flag></object><object><points><x>0.66578</x><x>0.76738</x><y>0.1377</y><y>0.16309</y></points><label>11</label><labelname>pillar</labelname><flag>1</flag></object><object><points><x>0.66043</x><x>0.71658</x><y>0.8457</y><y>0.87305</y></points><label>11</label><labelname>pillar</labelname><flag>1</flag></object><object><points><x>0.069519</x><x>0.65508</x><y>0.84766</y><y>0.86914</y></points><label>11</label><labelname>pillar</labelname><flag>1</flag></object><object><points><x>0.082888</x><x>0.18717</x><y>0.98047</y><y>1</y></points><label>11</label><labelname>pillar</labelname><flag>1</flag></object><object><points><x>0.02139</x><x>0.066845</x><y>0.8457</y><y>0.87012</y></points><label>11</label><labelname>pillar</labelname><flag>1</flag></object><object><points><x>0.034759</x><x>0.080214</x><y>0.97754</y><y>1</y></points><label>11</label><labelname>pillar</labelname><flag>1</flag></object><object><points><x>0.0053476</x><x>0.026738</x><y>0.7002</y><y>0.71582</y></points><label>11</label><labelname>pillar</labelname><flag>1</flag></object><object><points><x>0.02139</x><x>0.080214</x><y>0.13672</y><y>0.16211</y></points><label>11</label><labelname>pillar</labelname><flag>1</flag></object><object><points><x>0.032086</x><x>0.088235</x><y>0.00097656</y><y>0.026367</y></points><label>11</label><labelname>pillar</labelname><flag>1</flag></object><object><points><x>0.78342</x><x>0.99733</x><y>0.088867</y><y>0.13574</y></points><label>12</label><labelname>shop</labelname><flag>1</flag></object><object><points><x>0.77807</x><x>0.99465</x><y>0.027344</y><y>0.074219</y></points><label>12</label><labelname>shop</labelname><flag>1</flag></object><object><points><x>0.78342</x><x>1</x><y>0.1709</y><y>0.22266</y></points><label>12</label><labelname>shop</labelname><flag>1</flag></object><object><points><x>0.78342</x><x>1</x><y>0.2373</y><y>0.2959</y></points><label>12</label><labelname>shop</labelname><flag>1</flag></object><object><points><x>0.78075</x><x>0.98663</x><y>0.31543</y><y>0.35938</y></points><label>12</label><labelname>shop</labelname><flag>1</flag></object><object><points><x>0.78342</x><x>0.9893</x><y>0.375</y><y>0.41895</y></points><label>12</label><labelname>shop</labelname><flag>1</flag></object><object><points><x>0.78075</x><x>0.98663</x><y>0.43652</y><y>0.49023</y></points><label>12</label><labelname>shop</labelname><flag>1</flag></object><object><points><x>0.84225</x><x>0.98128</x><y>0.50488</y><y>0.51758</y></points><label>12</label><labelname>shop</labelname><flag>1</flag></object><object><points><x>0.78342</x><x>0.86631</x><y>0.5332</y><y>0.58398</y></points><label>12</label><labelname>shop</labelname><flag>1</flag></object><object><points><x>0.83957</x><x>0.98128</x><y>0.60742</y><y>0.64648</y></points><label>12</label><labelname>shop</labelname><flag>1</flag></object><object><points><x>0.77807</x><x>0.86364</x><y>0.87695</y><y>0.92188</y></points><label>12</label><labelname>shop</labelname><flag>1</flag></object><object><points><x>0.7754</x><x>0.86096</x><y>0.92969</y><y>0.97461</y></points><label>12</label><labelname>shop</labelname><flag>1</flag></object><object><points><x>0.78075</x><x>0.86364</x><y>0.80371</y><y>0.82812</y></points><label>12</label><labelname>shop</labelname><flag>1</flag></object><object><points><x>0.7861</x><x>0.87433</x><y>0.72754</y><y>0.77832</y></points><label>12</label><labelname>shop</labelname><flag>1</flag></object><object><points><x>0.73529</x><x>0.77273</x><y>0.72656</y><y>0.78711</y></points><label>12</label><labelname>shop</labelname><flag>1</flag></object><object><points><x>0.79144</x><x>0.8369</x><y>0.72266</y><y>0.72754</y></points><label>12</label><labelname>shop</labelname><flag>1</flag></object>