<object><points><x>0.045918</x><x>1</x><y>0.04298</y><y>0.67335</y></points><label>2</label><labelname>facade</labelname><flag>1</flag></object><object><points><x>0.40816</x><x>0.57908</x><y>0.1447</y><y>0.20487</y></points><label>3</label><labelname>window</labelname><flag>1</flag></object><object><points><x>0.40816</x><x>0.58163</x><y>0.27364</y><y>0.33524</y></points><label>3</label><labelname>window</labelname><flag>1</flag></object><object><points><x>0.41071</x><x>0.57908</x><y>0.41261</y><y>0.47564</y></points><label>3</label><labelname>window</labelname><flag>1</flag></object><object><points><x>0.72959</x><x>0.89541</x><y>0.149</y><y>0.20201</y></points><label>3</label><labelname>window</labelname><flag>1</flag></object><object><points><x>0.72959</x><x>0.89796</x><y>0.27937</y><y>0.33668</y></points><label>3</label><labelname>window</labelname><flag>1</flag></object><object><points><x>0.73214</x><x>0.90051</x><y>0.41691</y><y>0.47421</y></points><label>3</label><labelname>window</labelname><flag>1</flag></object><object><points><x>0.12755</x><x>0.26276</x><y>0.24499</y><y>0.2894</y></points><label>3</label><labelname>window</labelname><flag>1</flag></object><object><points><x>0.12755</x><x>0.26276</x><y>0.33811</y><y>0.38252</y></points><label>3</label><labelname>window</labelname><flag>1</flag></object><object><points><x>0.125</x><x>0.2602</x><y>0.4298</y><y>0.47421</y></points><label>3</label><labelname>window</labelname><flag>1</flag></object><object><points><x>0.40051</x><x>0.58163</x><y>0.55874</y><y>0.6361</y></points><label>3</label><labelname>window</labelname><flag>1</flag></object><object><points><x>0.72449</x><x>0.90816</x><y>0.55444</y><y>0.63181</y></points><label>3</label><labelname>window</labelname><flag>1</flag></object><object><points><x>0.61224</x><x>0.7551</x><y>0.84957</y><y>0.87249</y></points><label>3</label><labelname>window</labelname><flag>1</flag></object><object><points><x>0.6352</x><x>0.77551</x><y>0.88682</y><y>0.90974</y></points><label>3</label><labelname>window</labelname><flag>1</flag></object><object><points><x>0.46429</x><x>0.69388</x><y>0.71203</y><y>0.79226</y></points><label>3</label><labelname>window</labelname><flag>1</flag></object><object><points><x>0.7602</x><x>0.9898</x><y>0.70917</y><y>0.7894</y></points><label>3</label><labelname>window</labelname><flag>1</flag></object><object><points><x>0.20408</x><x>0.26786</x><y>0.70057</y><y>0.73066</y></points><label>2</label><labelname>facade</labelname><flag>1</flag></object><object><points><x>0.37755</x><x>0.41327</x><y>0.12607</y><y>0.21777</y></points><label>5</label><labelname>cornice</labelname><flag>1</flag></object><object><points><x>0.37245</x><x>0.41071</x><y>0.26361</y><y>0.3553</y></points><label>5</label><labelname>cornice</labelname><flag>1</flag></object><object><points><x>0.37755</x><x>0.41582</x><y>0.40258</y><y>0.49284</y></points><label>5</label><labelname>cornice</labelname><flag>1</flag></object><object><points><x>0.56633</x><x>0.60204</x><y>0.12751</y><y>0.21633</y></points><label>6</label><labelname>sill</labelname><flag>1</flag></object><object><points><x>0.57143</x><x>0.60714</x><y>0.26074</y><y>0.34957</y></points><label>6</label><labelname>sill</labelname><flag>1</flag></object><object><points><x>0.57398</x><x>0.60714</x><y>0.39828</y><y>0.48711</y></points><label>6</label><labelname>sill</labelname><flag>1</flag></object><object><points><x>0.57398</x><x>0.60969</x><y>0.54871</y><y>0.6404</y></points><label>6</label><labelname>sill</labelname><flag>1</flag></object><object><points><x>0.61735</x><x>0.72194</x><y>0.70917</y><y>0.79943</y></points><label>6</label><labelname>sill</labelname><flag>1</flag></object><object><points><x>0.83163</x><x>0.87755</x><y>0.9341</y><y>0.96848</y></points><label>6</label><labelname>sill</labelname><flag>1</flag></object><object><points><x>0.40561</x><x>0.57653</x><y>0.10745</y><y>0.1404</y></points><label>8</label><labelname>blind</labelname><flag>1</flag></object><object><points><x>0.40816</x><x>0.57908</x><y>0.20344</y><y>0.23496</y></points><label>8</label><labelname>blind</labelname><flag>1</flag></object><object><points><x>0.40816</x><x>0.57908</x><y>0.24069</y><y>0.27077</y></points><label>8</label><labelname>blind</labelname><flag>1</flag></object><object><points><x>0.40561</x><x>0.57653</x><y>0.33811</y><y>0.36963</y></points><label>8</label><labelname>blind</labelname><flag>1</flag></object><object><points><x>0.41071</x><x>0.57908</x><y>0.37966</y><y>0.41117</y></points><label>8</label><labelname>blind</labelname><flag>1</flag></object><object><points><x>0.40816</x><x>0.57653</x><y>0.47851</y><y>0.51003</y></points><label>8</label><labelname>blind</labelname><flag>1</flag></object><object><points><x>0.72449</x><x>0.89286</x><y>0.10745</y><y>0.13897</y></points><label>8</label><labelname>blind</labelname><flag>1</flag></object><object><points><x>0.72194</x><x>0.89286</x><y>0.20057</y><y>0.23209</y></points><label>8</label><labelname>blind</labelname><flag>1</flag></object><object><points><x>0.72449</x><x>0.89541</x><y>0.24212</y><y>0.27364</y></points><label>8</label><labelname>blind</labelname><flag>1</flag></object><object><points><x>0.72449</x><x>0.89541</x><y>0.33811</y><y>0.36819</y></points><label>8</label><labelname>blind</labelname><flag>1</flag></object><object><points><x>0.72449</x><x>0.89286</x><y>0.37966</y><y>0.41117</y></points><label>8</label><labelname>blind</labelname><flag>1</flag></object><object><points><x>0.72704</x><x>0.89541</x><y>0.47421</y><y>0.50573</y></points><label>8</label><labelname>blind</labelname><flag>1</flag></object><object><points><x>0.1148</x><x>0.26276</x><y>0.22493</y><y>0.24499</y></points><label>8</label><labelname>blind</labelname><flag>1</flag></object><object><points><x>0.11224</x><x>0.26276</x><y>0.28797</y><y>0.30946</y></points><label>8</label><labelname>blind</labelname><flag>1</flag></object><object><points><x>0.11224</x><x>0.2602</x><y>0.31805</y><y>0.33811</y></points><label>8</label><labelname>blind</labelname><flag>1</flag></object><object><points><x>0.10969</x><x>0.25765</x><y>0.38109</y><y>0.40115</y></points><label>8</label><labelname>blind</labelname><flag>1</flag></object><object><points><x>0.11224</x><x>0.26276</x><y>0.41117</y><y>0.43123</y></points><label>8</label><labelname>blind</labelname><flag>1</flag></object><object><points><x>0.11224</x><x>0.2602</x><y>0.47421</y><y>0.49427</y></points><label>8</label><labelname>blind</labelname><flag>1</flag></object><object><points><x>0.41071</x><x>0.55102</x><y>0.56877</y><y>0.63324</y></points><label>8</label><labelname>blind</labelname><flag>1</flag></object><object><points><x>0.72704</x><x>0.83929</x><y>0.56734</y><y>0.63181</y></points><label>8</label><labelname>blind</labelname><flag>1</flag></object><object><points><x>0.46429</x><x>0.65561</x><y>0.71347</y><y>0.7808</y></points><label>8</label><labelname>blind</labelname><flag>1</flag></object><object><points><x>0.7602</x><x>0.90306</x><y>0.7106</y><y>0.77937</y></points><label>8</label><labelname>blind</labelname><flag>1</flag></object><object><points><x>0.64031</x><x>0.74235</x><y>0.88825</y><y>0.90258</y></points><label>8</label><labelname>blind</labelname><flag>1</flag></object><object><points><x>0.72449</x><x>0.8648</x><y>0.93696</y><y>0.96132</y></points><label>3</label><labelname>window</labelname><flag>1</flag></object><object><points><x>0.73724</x><x>0.84184</x><y>0.93983</y><y>0.95702</y></points><label>8</label><labelname>blind</labelname><flag>1</flag></object><object><points><x>0.85204</x><x>0.97449</x><y>0.84814</y><y>0.86963</y></points><label>3</label><labelname>window</labelname><flag>1</flag></object><object><points><x>0.875</x><x>0.99745</x><y>0.88682</y><y>0.90831</y></points><label>3</label><labelname>window</labelname><flag>1</flag></object><object><points><x>0.85714</x><x>0.92602</x><y>0.84957</y><y>0.86819</y></points><label>8</label><labelname>blind</labelname><flag>1</flag></object><object><points><x>0.87755</x><x>0.93112</x><y>0.88825</y><y>0.90544</y></points><label>8</label><labelname>blind</labelname><flag>1</flag></object><object><points><x>0.78571</x><x>0.87245</x><y>0.88395</y><y>0.91547</y></points><label>9</label><labelname>deco</labelname><flag>1</flag></object><object><points><x>0.77041</x><x>0.83418</x><y>0.84527</y><y>0.87822</y></points><label>9</label><labelname>deco</labelname><flag>1</flag></object><object><points><x>0.27041</x><x>0.375</x><y>0.044413</y><y>0.67049</y></points><label>10</label><labelname>molding</labelname><flag>1</flag></object><object><points><x>0.053571</x><x>0.11224</x><y>0.17622</y><y>0.52006</y></points><label>10</label><labelname>molding</labelname><flag>1</flag></object>