<object><points><x>0.0047319</x><x>0.98423</x><y>0.24908</y><y>0.75458</y></points><label>2</label><labelname>facade</labelname><flag>1</flag></object><object><points><x>0.048896</x><x>0.07571</x><y>0.48718</y><y>0.51465</y></points><label>3</label><labelname>window</labelname><flag>1</flag></object><object><points><x>0.10095</x><x>0.14669</x><y>0.48718</y><y>0.51648</y></points><label>3</label><labelname>window</labelname><flag>1</flag></object><object><points><x>0.19401</x><x>0.25394</x><y>0.50549</y><y>0.53663</y></points><label>3</label><labelname>window</labelname><flag>1</flag></object><object><points><x>0.19243</x><x>0.25394</x><y>0.46703</y><y>0.49817</y></points><label>3</label><labelname>window</labelname><flag>1</flag></object><object><points><x>0.30442</x><x>0.36593</x><y>0.46886</y><y>0.49817</y></points><label>3</label><labelname>window</labelname><flag>1</flag></object><object><points><x>0.30599</x><x>0.36751</x><y>0.50733</y><y>0.53663</y></points><label>3</label><labelname>window</labelname><flag>1</flag></object><object><points><x>0.41483</x><x>0.5142</x><y>0.50733</y><y>0.53846</y></points><label>3</label><labelname>window</labelname><flag>1</flag></object><object><points><x>0.41483</x><x>0.5142</x><y>0.46703</y><y>0.49817</y></points><label>3</label><labelname>window</labelname><flag>1</flag></object><object><points><x>0.54101</x><x>0.61514</x><y>0.4652</y><y>0.49817</y></points><label>3</label><labelname>window</labelname><flag>1</flag></object><object><points><x>0.54101</x><x>0.61514</x><y>0.50916</y><y>0.54212</y></points><label>3</label><labelname>window</labelname><flag>1</flag></object><object><points><x>0.6735</x><x>0.7776</x><y>0.50733</y><y>0.54579</y></points><label>3</label><labelname>window</labelname><flag>1</flag></object><object><points><x>0.6735</x><x>0.7776</x><y>0.45421</y><y>0.49267</y></points><label>3</label><labelname>window</labelname><flag>1</flag></object><object><points><x>0.21293</x><x>0.25394</x><y>0.32051</y><y>0.36081</y></points><label>3</label><labelname>window</labelname><flag>1</flag></object><object><points><x>0.21293</x><x>0.25394</x><y>0.64103</y><y>0.68132</y></points><label>3</label><labelname>window</labelname><flag>1</flag></object><object><points><x>0.30126</x><x>0.36751</x><y>0.31868</y><y>0.36264</y></points><label>3</label><labelname>window</labelname><flag>1</flag></object><object><points><x>0.30126</x><x>0.36751</x><y>0.63919</y><y>0.68315</y></points><label>3</label><labelname>window</labelname><flag>1</flag></object><object><points><x>0.41798</x><x>0.48423</x><y>0.63736</y><y>0.68498</y></points><label>3</label><labelname>window</labelname><flag>1</flag></object><object><points><x>0.41956</x><x>0.4858</x><y>0.32051</y><y>0.3663</y></points><label>3</label><labelname>window</labelname><flag>1</flag></object><object><points><x>0.53943</x><x>0.61356</x><y>0.32051</y><y>0.3663</y></points><label>3</label><labelname>window</labelname><flag>1</flag></object><object><points><x>0.53943</x><x>0.61356</x><y>0.63919</y><y>0.68315</y></points><label>3</label><labelname>window</labelname><flag>1</flag></object><object><points><x>0.6735</x><x>0.75237</x><y>0.63736</y><y>0.69048</y></points><label>3</label><labelname>window</labelname><flag>1</flag></object><object><points><x>0.67508</x><x>0.75552</x><y>0.31502</y><y>0.36813</y></points><label>3</label><labelname>window</labelname><flag>1</flag></object><object><points><x>0.81546</x><x>0.86751</x><y>0.031136</y><y>0.056777</y></points><label>3</label><labelname>window</labelname><flag>1</flag></object><object><points><x>0.81546</x><x>0.86751</x><y>0.064103</y><y>0.089744</y></points><label>3</label><labelname>window</labelname><flag>1</flag></object><object><points><x>0.81703</x><x>0.86909</x><y>0.09707</y><y>0.12271</y></points><label>3</label><labelname>window</labelname><flag>1</flag></object><object><points><x>0.7224</x><x>0.76341</x><y>0.007326</y><y>0.17399</y></points><label>3</label><labelname>window</labelname><flag>1</flag></object><object><points><x>0.87224</x><x>0.97161</x><y>0.82784</y><y>0.88828</y></points><label>4</label><labelname>door</labelname><flag>1</flag></object><object><points><x>0.5142</x><x>0.52997</x><y>0.29487</y><y>0.38462</y></points><label>5</label><labelname>cornice</labelname><flag>1</flag></object><object><points><x>0.5142</x><x>0.52997</x><y>0.61172</y><y>0.7033</y></points><label>5</label><labelname>cornice</labelname><flag>1</flag></object><object><points><x>0.24921</x><x>0.26025</x><y>0.30586</y><y>0.36996</y></points><label>6</label><labelname>sill</labelname><flag>1</flag></object><object><points><x>0.25079</x><x>0.26183</x><y>0.62454</y><y>0.69048</y></points><label>6</label><labelname>sill</labelname><flag>1</flag></object><object><points><x>0.25237</x><x>0.26183</x><y>0.45421</y><y>0.54212</y></points><label>6</label><labelname>sill</labelname><flag>1</flag></object><object><points><x>0.73975</x><x>0.82334</x><y>0.3956</y><y>0.59158</y></points><label>7</label><labelname>balcony</labelname><flag>1</flag></object><object><points><x>0.41956</x><x>0.46215</x><y>0.63919</y><y>0.68498</y></points><label>8</label><labelname>blind</labelname><flag>1</flag></object><object><points><x>0.16719</x><x>0.2082</x><y>0.40659</y><y>0.42491</y></points><label>9</label><labelname>deco</labelname><flag>1</flag></object><object><points><x>0.16877</x><x>0.20978</x><y>0.57326</y><y>0.59341</y></points><label>9</label><labelname>deco</labelname><flag>1</flag></object><object><points><x>0.26814</x><x>0.30915</x><y>0.72894</y><y>0.74908</y></points><label>9</label><labelname>deco</labelname><flag>1</flag></object><object><points><x>0.26814</x><x>0.30915</x><y>0.57326</y><y>0.59158</y></points><label>9</label><labelname>deco</labelname><flag>1</flag></object><object><points><x>0.27129</x><x>0.3123</x><y>0.40659</y><y>0.42491</y></points><label>9</label><labelname>deco</labelname><flag>1</flag></object><object><points><x>0.26814</x><x>0.30915</x><y>0.25092</y><y>0.26923</y></points><label>9</label><labelname>deco</labelname><flag>1</flag></object><object><points><x>0.38486</x><x>0.42587</x><y>0.25092</y><y>0.26923</y></points><label>9</label><labelname>deco</labelname><flag>1</flag></object><object><points><x>0.38801</x><x>0.42902</x><y>0.40659</y><y>0.42491</y></points><label>9</label><labelname>deco</labelname><flag>1</flag></object><object><points><x>0.38801</x><x>0.42902</x><y>0.57326</y><y>0.59158</y></points><label>9</label><labelname>deco</labelname><flag>1</flag></object><object><points><x>0.38801</x><x>0.42902</x><y>0.7326</y><y>0.75275</y></points><label>9</label><labelname>deco</labelname><flag>1</flag></object><object><points><x>0.62145</x><x>0.653</x><y>0.56593</y><y>0.59707</y></points><label>9</label><labelname>deco</labelname><flag>1</flag></object><object><points><x>0.6183</x><x>0.64984</x><y>0.39927</y><y>0.4304</y></points><label>9</label><labelname>deco</labelname><flag>1</flag></object><object><points><x>0.045741</x><x>0.077287</x><y>0.42308</y><y>0.47436</y></points><label>9</label><labelname>deco</labelname><flag>1</flag></object><object><points><x>0.048896</x><x>0.080442</x><y>0.52198</y><y>0.57509</y></points><label>9</label><labelname>deco</labelname><flag>1</flag></object><object><points><x>0.36435</x><x>0.39432</x><y>0.25458</y><y>0.75458</y></points><label>10</label><labelname>molding</labelname><flag>1</flag></object><object><points><x>0.61514</x><x>0.66246</x><y>0.24725</y><y>0.75092</y></points><label>10</label><labelname>molding</labelname><flag>1</flag></object><object><points><x>0.75079</x><x>0.79811</x><y>0.24908</y><y>0.75458</y></points><label>10</label><labelname>molding</labelname><flag>1</flag></object><object><points><x>0.86751</x><x>0.88328</x><y>0.25275</y><y>0.75275</y></points><label>10</label><labelname>molding</labelname><flag>1</flag></object><object><points><x>0.86909</x><x>0.89117</x><y>0.003663</y><y>0.19048</y></points><label>12</label><labelname>shop</labelname><flag>1</flag></object><object><points><x>0.89432</x><x>0.9795</x><y>0.10623</y><y>0.1685</y></points><label>12</label><labelname>shop</labelname><flag>1</flag></object><object><points><x>0.89432</x><x>0.9795</x><y>0.053114</y><y>0.098901</y></points><label>12</label><labelname>shop</labelname><flag>1</flag></object><object><points><x>0.89432</x><x>0.9795</x><y>0.0091575</y><y>0.045788</y></points><label>12</label><labelname>shop</labelname><flag>1</flag></object><object><points><x>0.82019</x><x>0.93849</x><y>0.59707</y><y>0.70696</y></points><label>12</label><labelname>shop</labelname><flag>1</flag></object><object><points><x>0.82334</x><x>0.93375</x><y>0.44689</y><y>0.55861</y></points><label>12</label><labelname>shop</labelname><flag>1</flag></object><object><points><x>0.82177</x><x>0.93218</x><y>0.29853</y><y>0.41026</y></points><label>12</label><labelname>shop</labelname><flag>1</flag></object><object><points><x>0.47003</x><x>0.5489</x><y>0.42308</y><y>0.56777</y></points><label>7</label><labelname>balcony</labelname><flag>1</flag></object>