<object><points><x>0.1887</x><x>0.97689</x><y>0.05957</y><y>0.79395</y></points><label>2</label><labelname>facade</labelname><flag>1</flag></object><object><points><x>0.33633</x><x>0.49037</x><y>0.14551</y><y>0.22168</y></points><label>3</label><labelname>window</labelname><flag>1</flag></object><object><points><x>0.33761</x><x>0.48909</x><y>0.30273</y><y>0.375</y></points><label>3</label><labelname>window</labelname><flag>1</flag></object><object><points><x>0.33504</x><x>0.48909</x><y>0.46191</y><y>0.53418</y></points><label>3</label><labelname>window</labelname><flag>1</flag></object><object><points><x>0.33248</x><x>0.4878</x><y>0.61816</y><y>0.69141</y></points><label>3</label><labelname>window</labelname><flag>1</flag></object><object><points><x>0.64056</x><x>0.82798</x><y>0.14941</y><y>0.22363</y></points><label>3</label><labelname>window</labelname><flag>1</flag></object><object><points><x>0.63928</x><x>0.81643</x><y>0.30078</y><y>0.38477</y></points><label>3</label><labelname>window</labelname><flag>1</flag></object><object><points><x>0.63928</x><x>0.82798</x><y>0.46387</y><y>0.54004</y></points><label>3</label><labelname>window</labelname><flag>1</flag></object><object><points><x>0.64056</x><x>0.83055</x><y>0.62012</y><y>0.69434</y></points><label>3</label><labelname>window</labelname><flag>1</flag></object><object><points><x>0.35944</x><x>0.51605</x><y>0.84668</y><y>0.91309</y></points><label>3</label><labelname>window</labelname><flag>1</flag></object><object><points><x>0.67779</x><x>0.84596</x><y>0.84668</y><y>0.91309</y></points><label>3</label><labelname>window</labelname><flag>1</flag></object><object><points><x>0.11425</x><x>0.20539</x><y>0.91992</y><y>0.98242</y></points><label>3</label><labelname>window</labelname><flag>1</flag></object><object><points><x>0.59692</x><x>0.67266</x><y>0.81836</y><y>0.9502</y></points><label>5</label><labelname>cornice</labelname><flag>1</flag></object><object><points><x>0.52118</x><x>0.63158</x><y>0.11621</y><y>0.2666</y></points><label>5</label><labelname>cornice</labelname><flag>1</flag></object><object><points><x>0.52246</x><x>0.63158</x><y>0.27539</y><y>0.42285</y></points><label>5</label><labelname>cornice</labelname><flag>1</flag></object><object><points><x>0.52246</x><x>0.63286</x><y>0.43164</y><y>0.58496</y></points><label>5</label><labelname>cornice</labelname><flag>1</flag></object><object><points><x>0.5199</x><x>0.63286</x><y>0.59277</y><y>0.74121</y></points><label>5</label><labelname>cornice</labelname><flag>1</flag></object><object><points><x>0.48652</x><x>0.51348</x><y>0.12793</y><y>0.24707</y></points><label>6</label><labelname>sill</labelname><flag>1</flag></object><object><points><x>0.48652</x><x>0.5122</x><y>0.2793</y><y>0.4082</y></points><label>6</label><labelname>sill</labelname><flag>1</flag></object><object><points><x>0.48395</x><x>0.51091</x><y>0.43848</y><y>0.56641</y></points><label>6</label><labelname>sill</labelname><flag>1</flag></object><object><points><x>0.48139</x><x>0.50706</x><y>0.59766</y><y>0.72168</y></points><label>6</label><labelname>sill</labelname><flag>1</flag></object><object><points><x>0.5122</x><x>0.56868</x><y>0.82715</y><y>0.93945</y></points><label>6</label><labelname>sill</labelname><flag>1</flag></object><object><points><x>0.84339</x><x>0.92555</x><y>0.8252</y><y>0.94043</y></points><label>6</label><labelname>sill</labelname><flag>1</flag></object><object><points><x>0.78177</x><x>0.95764</x><y>0.11621</y><y>0.78809</y></points><label>7</label><labelname>balcony</labelname><flag>1</flag></object><object><points><x>0.056483</x><x>0.13094</x><y>0.5332</y><y>0.5918</y></points><label>9</label><labelname>deco</labelname><flag>1</flag></object><object><points><x>0.20282</x><x>0.33761</x><y>0.066406</y><y>0.78613</y></points><label>10</label><labelname>molding</labelname><flag>1</flag></object><object><points><x>0.82285</x><x>0.96534</x><y>0.06543</y><y>0.78516</y></points><label>10</label><labelname>molding</labelname><flag>1</flag></object>