<object><points><x>0.29688</x><x>0.375</x><y>0.11713</y><y>0.18594</y></points><label>3</label><labelname>window</labelname><flag>1</flag></object><object><points><x>0.2959</x><x>0.375</x><y>0.28404</y><y>0.35432</y></points><label>3</label><labelname>window</labelname><flag>1</flag></object><object><points><x>0.4668</x><x>0.5498</x><y>0.10981</y><y>0.1918</y></points><label>3</label><labelname>window</labelname><flag>1</flag></object><object><points><x>0.46582</x><x>0.54883</x><y>0.27672</y><y>0.36018</y></points><label>3</label><labelname>window</labelname><flag>1</flag></object><object><points><x>0.63867</x><x>0.73828</x><y>0.11567</y><y>0.18594</y></points><label>3</label><labelname>window</labelname><flag>1</flag></object><object><points><x>0.6377</x><x>0.7373</x><y>0.28404</y><y>0.35432</y></points><label>3</label><labelname>window</labelname><flag>1</flag></object><object><points><x>0.56543</x><x>0.63379</x><y>0.068814</y><y>0.23133</y></points><label>5</label><labelname>cornice</labelname><flag>1</flag></object><object><points><x>0.29199</x><x>0.36914</x><y>0.88873</y><y>0.959</y></points><label>3</label><labelname>window</labelname><flag>1</flag></object><object><points><x>0.46387</x><x>0.54492</x><y>0.88726</y><y>0.96779</y></points><label>3</label><labelname>window</labelname><flag>1</flag></object><object><points><x>0.63379</x><x>0.7373</x><y>0.89312</y><y>0.97218</y></points><label>3</label><labelname>window</labelname><flag>1</flag></object><object><points><x>0.55957</x><x>0.63184</x><y>0.85212</y><y>0.99707</y></points><label>5</label><labelname>cornice</labelname><flag>1</flag></object><object><points><x>0.56445</x><x>0.63574</x><y>0.24158</y><y>0.40264</y></points><label>5</label><labelname>cornice</labelname><flag>1</flag></object><object><points><x>0.19238</x><x>0.21875</x><y>0.51245</y><y>0.56223</y></points><label>3</label><labelname>window</labelname><flag>1</flag></object><object><points><x>0.19238</x><x>0.21777</x><y>0.58858</y><y>0.66325</y></points><label>3</label><labelname>window</labelname><flag>1</flag></object><object><points><x>0.19238</x><x>0.2168</x><y>0.6896</y><y>0.74231</y></points><label>3</label><labelname>window</labelname><flag>1</flag></object><object><points><x>0.28711</x><x>0.35059</x><y>0.51391</y><y>0.56223</y></points><label>3</label><labelname>window</labelname><flag>1</flag></object><object><points><x>0.28516</x><x>0.33105</x><y>0.59151</y><y>0.66179</y></points><label>3</label><labelname>window</labelname><flag>1</flag></object><object><points><x>0.28613</x><x>0.3291</x><y>0.69107</y><y>0.74085</y></points><label>3</label><labelname>window</labelname><flag>1</flag></object><object><points><x>0.24219</x><x>0.29688</x><y>0.5593</y><y>0.70717</y></points><label>5</label><labelname>cornice</labelname><flag>1</flag></object><object><points><x>0.42969</x><x>0.51953</x><y>0.6164</y><y>0.70132</y></points><label>3</label><labelname>window</labelname><flag>1</flag></object><object><points><x>0.61426</x><x>0.72168</x><y>0.61493</y><y>0.694</y></points><label>3</label><labelname>window</labelname><flag>1</flag></object><object><points><x>0.43848</x><x>0.53906</x><y>0.5022</y><y>0.55344</y></points><label>3</label><labelname>window</labelname><flag>1</flag></object><object><points><x>0.61719</x><x>0.72461</x><y>0.50952</y><y>0.5549</y></points><label>3</label><labelname>window</labelname><flag>1</flag></object><object><points><x>0.62109</x><x>0.72559</x><y>0.74671</y><y>0.76428</y></points><label>3</label><labelname>window</labelname><flag>1</flag></object><object><points><x>0.43848</x><x>0.5332</x><y>0.74817</y><y>0.76428</y></points><label>3</label><labelname>window</labelname><flag>1</flag></object><object><points><x>0.83594</x><x>0.99414</x><y>0.55783</y><y>0.70717</y></points><label>4</label><labelname>door</labelname><flag>1</flag></object><object><points><x>0.010742</x><x>0.99805</x><y>0.04246</y><y>0.99854</y></points><label>2</label><labelname>facade</labelname><flag>1</flag></object><object><points><x>0.039062</x><x>0.17871</x><y>0.37482</y><y>0.9063</y></points><label>5</label><labelname>cornice</labelname><flag>1</flag></object><object><points><x>0.20801</x><x>0.22266</x><y>0.10981</y><y>0.1918</y></points><label>5</label><labelname>cornice</labelname><flag>1</flag></object><object><points><x>0.20801</x><x>0.22266</x><y>0.27672</y><y>0.36018</y></points><label>5</label><labelname>cornice</labelname><flag>1</flag></object><object><points><x>0.20117</x><x>0.21875</x><y>0.88287</y><y>0.96486</y></points><label>5</label><labelname>cornice</labelname><flag>1</flag></object><object><points><x>0.54492</x><x>0.55762</x><y>0.095168</y><y>0.20644</y></points><label>6</label><labelname>sill</labelname><flag>1</flag></object><object><points><x>0.5459</x><x>0.55859</x><y>0.26794</y><y>0.37921</y></points><label>6</label><labelname>sill</labelname><flag>1</flag></object><object><points><x>0.54395</x><x>0.55664</x><y>0.87262</y><y>0.98389</y></points><label>6</label><labelname>sill</labelname><flag>1</flag></object><object><points><x>0.51562</x><x>0.52637</x><y>0.60176</y><y>0.7101</y></points><label>6</label><labelname>sill</labelname><flag>1</flag></object><object><points><x>0.52246</x><x>0.58008</x><y>0.74231</y><y>0.77599</y></points><label>6</label><labelname>sill</labelname><flag>1</flag></object><object><points><x>0.52051</x><x>0.58105</x><y>0.49048</y><y>0.56223</y></points><label>6</label><labelname>sill</labelname><flag>1</flag></object><object><points><x>0.73828</x><x>0.7666</x><y>0.11127</y><y>0.19034</y></points><label>6</label><labelname>sill</labelname><flag>1</flag></object><object><points><x>0.73633</x><x>0.76465</x><y>0.28258</y><y>0.36164</y></points><label>6</label><labelname>sill</labelname><flag>1</flag></object><object><points><x>0.71973</x><x>0.75293</x><y>0.61347</y><y>0.70132</y></points><label>6</label><labelname>sill</labelname><flag>1</flag></object><object><points><x>0.73438</x><x>0.76758</x><y>0.89312</y><y>0.97804</y></points><label>6</label><labelname>sill</labelname><flag>1</flag></object><object><points><x>0.72363</x><x>0.75098</x><y>0.74378</y><y>0.77745</y></points><label>6</label><labelname>sill</labelname><flag>1</flag></object><object><points><x>0.72363</x><x>0.75098</x><y>0.53441</y><y>0.56515</y></points><label>6</label><labelname>sill</labelname><flag>1</flag></object><object><points><x>0.37305</x><x>0.40039</x><y>0.10688</y><y>0.19619</y></points><label>7</label><labelname>balcony</labelname><flag>1</flag></object><object><points><x>0.37305</x><x>0.40039</x><y>0.27526</y><y>0.36457</y></points><label>7</label><labelname>balcony</labelname><flag>1</flag></object><object><points><x>0.36914</x><x>0.39551</x><y>0.88141</y><y>0.97072</y></points><label>7</label><labelname>balcony</labelname><flag>1</flag></object><object><points><x>0.32617</x><x>0.3877</x><y>0.48755</y><y>0.77892</y></points><label>7</label><labelname>balcony</labelname><flag>1</flag></object><object><points><x>0.46582</x><x>0.53125</x><y>0.41728</y><y>0.47731</y></points><label>9</label><labelname>deco</labelname><flag>1</flag></object><object><points><x>0.46582</x><x>0.53125</x><y>0.78184</y><y>0.84334</y></points><label>9</label><labelname>deco</labelname><flag>1</flag></object><object><points><x>0.53125</x><x>0.5791</x><y>0.59883</y><y>0.71449</y></points><label>9</label><labelname>deco</labelname><flag>1</flag></object><object><points><x>0.1875</x><x>0.21875</x><y>0.4202</y><y>0.47438</y></points><label>9</label><labelname>deco</labelname><flag>1</flag></object><object><points><x>0.18457</x><x>0.21582</x><y>0.78477</y><y>0.83895</y></points><label>9</label><labelname>deco</labelname><flag>1</flag></object><object><points><x>0.2959</x><x>0.36035</x><y>0.42753</y><y>0.46559</y></points><label>9</label><labelname>deco</labelname><flag>1</flag></object><object><points><x>0.29297</x><x>0.35742</x><y>0.79209</y><y>0.8287</y></points><label>9</label><labelname>deco</labelname><flag>1</flag></object><object><points><x>0.7793</x><x>0.83398</x><y>0.55198</y><y>0.71449</y></points><label>9</label><labelname>deco</labelname><flag>1</flag></object><object><points><x>0.81348</x><x>0.89258</x><y>0.75403</y><y>0.78184</y></points><label>9</label><labelname>deco</labelname><flag>1</flag></object><object><points><x>0.81641</x><x>0.89551</x><y>0.49341</y><y>0.52416</y></points><label>9</label><labelname>deco</labelname><flag>1</flag></object><object><points><x>0.24414</x><x>0.2666</x><y>0.10835</y><y>0.12299</y></points><label>9</label><labelname>deco</labelname><flag>1</flag></object><object><points><x>0.24414</x><x>0.2666</x><y>0.14348</y><y>0.15813</y></points><label>9</label><labelname>deco</labelname><flag>1</flag></object><object><points><x>0.24414</x><x>0.2666</x><y>0.17716</y><y>0.1918</y></points><label>9</label><labelname>deco</labelname><flag>1</flag></object><object><points><x>0.24414</x><x>0.2666</x><y>0.347</y><y>0.36164</y></points><label>9</label><labelname>deco</labelname><flag>1</flag></object><object><points><x>0.24414</x><x>0.2666</x><y>0.31186</y><y>0.3265</y></points><label>9</label><labelname>deco</labelname><flag>1</flag></object><object><points><x>0.24414</x><x>0.2666</x><y>0.27818</y><y>0.29283</y></points><label>9</label><labelname>deco</labelname><flag>1</flag></object><object><points><x>0.23926</x><x>0.26172</x><y>0.95461</y><y>0.96925</y></points><label>9</label><labelname>deco</labelname><flag>1</flag></object><object><points><x>0.23828</x><x>0.26172</x><y>0.91947</y><y>0.93411</y></points><label>9</label><labelname>deco</labelname><flag>1</flag></object><object><points><x>0.23926</x><x>0.2627</x><y>0.8858</y><y>0.90044</y></points><label>9</label><labelname>deco</labelname><flag>1</flag></object><object><points><x>0.21094</x><x>0.25977</x><y>0.057101</y><y>0.99268</y></points><label>10</label><labelname>molding</labelname><flag>1</flag></object><object><points><x>0.38867</x><x>0.43848</x><y>0.052709</y><y>0.98829</y></points><label>10</label><labelname>molding</labelname><flag>1</flag></object><object><points><x>0.71777</x><x>0.81543</x><y>0.043924</y><y>0.97218</y></points><label>10</label><labelname>molding</labelname><flag>1</flag></object><object><points><x>0.8125</x><x>0.98633</x><y>0.086384</y><y>0.21962</y></points><label>12</label><labelname>shop</labelname><flag>1</flag></object><object><points><x>0.8125</x><x>0.98633</x><y>0.25622</y><y>0.39092</y></points><label>12</label><labelname>shop</labelname><flag>1</flag></object><object><points><x>0.81055</x><x>0.99707</x><y>0.86091</y><y>0.99268</y></points><label>12</label><labelname>shop</labelname><flag>1</flag></object><object><points><x>0.93262</x><x>0.95312</x><y>0.41581</y><y>0.45681</y></points><label>12</label><labelname>shop</labelname><flag>1</flag></object><object><points><x>0.88965</x><x>0.90625</x><y>0.40556</y><y>0.46852</y></points><label>12</label><labelname>shop</labelname><flag>1</flag></object><object><points><x>0.90039</x><x>0.91016</x><y>0.75256</y><y>0.77892</y></points><label>12</label><labelname>shop</labelname><flag>1</flag></object><object><points><x>0.91016</x><x>0.92383</x><y>0.74817</y><y>0.78477</y></points><label>12</label><labelname>shop</labelname><flag>1</flag></object><object><points><x>0.9248</x><x>0.94043</x><y>0.74817</y><y>0.77745</y></points><label>12</label><labelname>shop</labelname><flag>1</flag></object>