<object><points><x>0.0038095</x><x>0.99619</x><y>0.048476</y><y>0.52632</y></points><label>2</label><labelname>facade</labelname><flag>1</flag></object><object><points><x>0.0038095</x><x>0.9981</x><y>0.53047</y><y>1</y></points><label>2</label><labelname>facade</labelname><flag>1</flag></object><object><points><x>0.047619</x><x>0.15429</x><y>0.1108</y><y>0.23961</y></points><label>3</label><labelname>window</labelname><flag>1</flag></object><object><points><x>0.49524</x><x>0.62857</x><y>0.59557</y><y>0.65651</y></points><label>3</label><labelname>window</labelname><flag>1</flag></object><object><points><x>0.49524</x><x>0.62857</x><y>0.67175</y><y>0.73269</y></points><label>3</label><labelname>window</labelname><flag>1</flag></object><object><points><x>0.060952</x><x>0.15429</x><y>0.36288</y><y>0.46122</y></points><label>3</label><labelname>window</labelname><flag>1</flag></object><object><points><x>0.068571</x><x>0.1619</x><y>0.60942</y><y>0.70914</y></points><label>3</label><labelname>window</labelname><flag>1</flag></object><object><points><x>0.74286</x><x>0.87429</x><y>0.66759</y><y>0.72715</y></points><label>3</label><labelname>window</labelname><flag>1</flag></object><object><points><x>0.74286</x><x>0.87429</x><y>0.59418</y><y>0.65374</y></points><label>3</label><labelname>window</labelname><flag>1</flag></object><object><points><x>0.75048</x><x>0.92381</x><y>0.79917</y><y>0.86565</y></points><label>3</label><labelname>window</labelname><flag>1</flag></object><object><points><x>0.51619</x><x>0.68952</x><y>0.80332</y><y>0.86842</y></points><label>3</label><labelname>window</labelname><flag>1</flag></object><object><points><x>0.3219</x><x>0.44762</x><y>0.80332</y><y>0.87119</y></points><label>3</label><labelname>window</labelname><flag>1</flag></object><object><points><x>0.30667</x><x>0.38476</x><y>0.3144</y><y>0.36842</y></points><label>3</label><labelname>window</labelname><flag>1</flag></object><object><points><x>0.30476</x><x>0.38286</x><y>0.37396</y><y>0.42659</y></points><label>3</label><labelname>window</labelname><flag>1</flag></object><object><points><x>0.30286</x><x>0.38286</x><y>0.43075</y><y>0.48338</y></points><label>3</label><labelname>window</labelname><flag>1</flag></object><object><points><x>0.53333</x><x>0.62095</x><y>0.31302</y><y>0.36842</y></points><label>3</label><labelname>window</labelname><flag>1</flag></object><object><points><x>0.53333</x><x>0.62095</x><y>0.43075</y><y>0.48338</y></points><label>3</label><labelname>window</labelname><flag>1</flag></object><object><points><x>0.75238</x><x>0.87429</x><y>0.31579</y><y>0.36704</y></points><label>3</label><labelname>window</labelname><flag>1</flag></object><object><points><x>0.75048</x><x>0.87238</x><y>0.42798</y><y>0.47922</y></points><label>3</label><labelname>window</labelname><flag>1</flag></object><object><points><x>0.75429</x><x>0.87238</x><y>0.37535</y><y>0.41828</y></points><label>3</label><labelname>window</labelname><flag>1</flag></object><object><points><x>0.53143</x><x>0.61905</x><y>0.37812</y><y>0.41967</y></points><label>3</label><labelname>window</labelname><flag>1</flag></object><object><points><x>0.26857</x><x>0.39619</x><y>0.58726</y><y>0.61773</y></points><label>3</label><labelname>window</labelname><flag>1</flag></object><object><points><x>0.27048</x><x>0.3981</x><y>0.62742</y><y>0.65789</y></points><label>3</label><labelname>window</labelname><flag>1</flag></object><object><points><x>0.27048</x><x>0.3981</x><y>0.66759</y><y>0.69806</y></points><label>3</label><labelname>window</labelname><flag>1</flag></object><object><points><x>0.27238</x><x>0.4</x><y>0.70776</y><y>0.73823</y></points><label>3</label><labelname>window</labelname><flag>1</flag></object><object><points><x>0.2819</x><x>0.39619</x><y>0.19806</y><y>0.23407</y></points><label>3</label><labelname>window</labelname><flag>1</flag></object><object><points><x>0.2819</x><x>0.39238</x><y>0.15512</y><y>0.18975</y></points><label>3</label><labelname>window</labelname><flag>1</flag></object><object><points><x>0.28381</x><x>0.39429</x><y>0.11219</y><y>0.14681</y></points><label>3</label><labelname>window</labelname><flag>1</flag></object><object><points><x>0.51429</x><x>0.63048</x><y>0.13712</y><y>0.2036</y></points><label>3</label><labelname>window</labelname><flag>1</flag></object><object><points><x>0.75238</x><x>0.86857</x><y>0.1385</y><y>0.20637</y></points><label>3</label><labelname>window</labelname><flag>1</flag></object><object><points><x>0.093333</x><x>0.13905</x><y>0.81025</y><y>0.86288</y></points><label>3</label><labelname>window</labelname><flag>1</flag></object><object><points><x>0.41524</x><x>0.50286</x><y>0.12465</y><y>0.21191</y></points><label>5</label><labelname>cornice</labelname><flag>1</flag></object><object><points><x>0.39048</x><x>0.41524</x><y>0.096953</y><y>0.24377</y></points><label>6</label><labelname>sill</labelname><flag>1</flag></object><object><points><x>0.62857</x><x>0.64571</x><y>0.12188</y><y>0.21745</y></points><label>6</label><labelname>sill</labelname><flag>1</flag></object><object><points><x>0.14857</x><x>0.16381</x><y>0.099723</y><y>0.25623</y></points><label>6</label><labelname>sill</labelname><flag>1</flag></object><object><points><x>0.86286</x><x>0.88571</x><y>0.12327</y><y>0.21607</y></points><label>6</label><labelname>sill</labelname><flag>1</flag></object><object><points><x>0.39429</x><x>0.41905</x><y>0.57064</y><y>0.76731</y></points><label>6</label><labelname>sill</labelname><flag>1</flag></object><object><points><x>0.62476</x><x>0.6419</x><y>0.57618</y><y>0.74654</y></points><label>6</label><labelname>sill</labelname><flag>1</flag></object><object><points><x>0.86857</x><x>0.88952</x><y>0.58033</y><y>0.73823</y></points><label>6</label><labelname>sill</labelname><flag>1</flag></object><object><points><x>0.37905</x><x>0.46667</x><y>0.29363</y><y>0.51939</y></points><label>7</label><labelname>balcony</labelname><flag>1</flag></object><object><points><x>0.61333</x><x>0.70095</x><y>0.29501</y><y>0.52078</y></points><label>7</label><labelname>balcony</labelname><flag>1</flag></object><object><points><x>0.86667</x><x>0.94667</x><y>0.29917</y><y>0.51524</y></points><label>7</label><labelname>balcony</labelname><flag>1</flag></object><object><points><x>0.36571</x><x>0.45905</x><y>0.79501</y><y>0.96814</y></points><label>7</label><labelname>balcony</labelname><flag>1</flag></object><object><points><x>0.60571</x><x>0.69905</x><y>0.79224</y><y>0.96537</y></points><label>7</label><labelname>balcony</labelname><flag>1</flag></object><object><points><x>0.85333</x><x>0.94667</x><y>0.7867</y><y>0.96122</y></points><label>7</label><labelname>balcony</labelname><flag>1</flag></object><object><points><x>0.13333</x><x>0.2419</x><y>0.79363</y><y>0.96537</y></points><label>7</label><labelname>balcony</labelname><flag>1</flag></object><object><points><x>0.50095</x><x>0.61714</x><y>0.67313</y><y>0.72576</y></points><label>8</label><labelname>blind</labelname><flag>1</flag></object><object><points><x>0.21143</x><x>0.26667</x><y>0.57064</y><y>0.75485</y></points><label>9</label><labelname>deco</labelname><flag>1</flag></object><object><points><x>0.68381</x><x>0.7619</x><y>0.054017</y><y>0.30332</y></points><label>10</label><labelname>molding</labelname><flag>1</flag></object><object><points><x>0.6781</x><x>0.7181</x><y>0.53186</y><y>0.79778</y></points><label>10</label><labelname>molding</labelname><flag>1</flag></object><object><points><x>0.0057143</x><x>0.049524</x><y>0.27285</y><y>0.52493</y></points><label>7</label><labelname>balcony</labelname><flag>1</flag></object>