<object><points><x>0.48047</x><x>0.56348</x><y>0.19401</y><y>0.25391</y></points><label>3</label><labelname>window</labelname><flag>1</flag></object><object><points><x>0.41504</x><x>0.47754</x><y>0.17578</y><y>0.27734</y></points><label>5</label><labelname>cornice</labelname><flag>1</flag></object><object><points><x>0.41699</x><x>0.48047</x><y>0.31901</y><y>0.42188</y></points><label>5</label><labelname>cornice</labelname><flag>1</flag></object><object><points><x>0.48145</x><x>0.56445</x><y>0.33464</y><y>0.39583</y></points><label>3</label><labelname>window</labelname><flag>1</flag></object><object><points><x>0.40625</x><x>0.47656</x><y>0.42969</y><y>0.64714</y></points><label>5</label><labelname>cornice</labelname><flag>1</flag></object><object><points><x>0.48145</x><x>0.56348</x><y>0.45312</y><y>0.48177</y></points><label>3</label><labelname>window</labelname><flag>1</flag></object><object><points><x>0.48242</x><x>0.56348</x><y>0.57943</y><y>0.60938</y></points><label>3</label><labelname>window</labelname><flag>1</flag></object><object><points><x>0.48145</x><x>0.56348</x><y>0.5</y><y>0.5625</y></points><label>3</label><labelname>window</labelname><flag>1</flag></object><object><points><x>0.48145</x><x>0.56445</x><y>0.66797</y><y>0.72786</y></points><label>3</label><labelname>window</labelname><flag>1</flag></object><object><points><x>0.48145</x><x>0.56445</x><y>0.80729</y><y>0.86979</y></points><label>3</label><labelname>window</labelname><flag>1</flag></object><object><points><x>0.41699</x><x>0.47656</x><y>0.65104</y><y>0.76172</y></points><label>5</label><labelname>cornice</labelname><flag>1</flag></object><object><points><x>0.41699</x><x>0.48047</x><y>0.79167</y><y>0.89844</y></points><label>5</label><labelname>cornice</labelname><flag>1</flag></object><object><points><x>0.58984</x><x>0.63379</x><y>0.78906</y><y>0.89974</y></points><label>5</label><labelname>cornice</labelname><flag>1</flag></object><object><points><x>0.58789</x><x>0.63574</x><y>0.65104</y><y>0.76042</y></points><label>5</label><labelname>cornice</labelname><flag>1</flag></object><object><points><x>0.6377</x><x>0.72559</x><y>0.66667</y><y>0.72526</y></points><label>3</label><labelname>window</labelname><flag>1</flag></object><object><points><x>0.6377</x><x>0.72559</x><y>0.80729</y><y>0.86719</y></points><label>3</label><labelname>window</labelname><flag>1</flag></object><object><points><x>0.7959</x><x>0.87891</x><y>0.80729</y><y>0.86589</y></points><label>3</label><labelname>window</labelname><flag>1</flag></object><object><points><x>0.7959</x><x>0.87891</x><y>0.66667</y><y>0.73047</y></points><label>3</label><labelname>window</labelname><flag>1</flag></object><object><points><x>0.91211</x><x>0.98926</x><y>0.80078</y><y>0.86849</y></points><label>3</label><labelname>window</labelname><flag>1</flag></object><object><points><x>0.91211</x><x>0.99023</x><y>0.66146</y><y>0.72917</y></points><label>3</label><labelname>window</labelname><flag>1</flag></object><object><points><x>0.91309</x><x>0.9873</x><y>0.19401</y><y>0.26042</y></points><label>3</label><labelname>window</labelname><flag>1</flag></object><object><points><x>0.91211</x><x>0.9873</x><y>0.33333</y><y>0.39974</y></points><label>3</label><labelname>window</labelname><flag>1</flag></object><object><points><x>0.79688</x><x>0.88086</x><y>0.19792</y><y>0.25781</y></points><label>3</label><labelname>window</labelname><flag>1</flag></object><object><points><x>0.79688</x><x>0.88086</x><y>0.33854</y><y>0.39844</y></points><label>3</label><labelname>window</labelname><flag>1</flag></object><object><points><x>0.63672</x><x>0.72656</x><y>0.19531</y><y>0.25521</y></points><label>3</label><labelname>window</labelname><flag>1</flag></object><object><points><x>0.6377</x><x>0.72656</x><y>0.33594</y><y>0.39583</y></points><label>3</label><labelname>window</labelname><flag>1</flag></object><object><points><x>0.58887</x><x>0.63574</x><y>0.17708</y><y>0.27865</y></points><label>5</label><labelname>cornice</labelname><flag>1</flag></object><object><points><x>0.58887</x><x>0.63379</x><y>0.31771</y><y>0.42188</y></points><label>5</label><labelname>cornice</labelname><flag>1</flag></object><object><points><x>0.60254</x><x>0.63672</x><y>0.42839</y><y>0.64714</y></points><label>5</label><labelname>cornice</labelname><flag>1</flag></object><object><points><x>0.63867</x><x>0.72559</x><y>0.45052</y><y>0.48047</y></points><label>3</label><labelname>window</labelname><flag>1</flag></object><object><points><x>0.63867</x><x>0.72559</x><y>0.4987</y><y>0.5599</y></points><label>3</label><labelname>window</labelname><flag>1</flag></object><object><points><x>0.6377</x><x>0.72559</x><y>0.57812</y><y>0.60807</y></points><label>3</label><labelname>window</labelname><flag>1</flag></object><object><points><x>0.80859</x><x>0.99121</x><y>0.47135</y><y>0.59375</y></points><label>4</label><labelname>door</labelname><flag>1</flag></object><object><points><x>0.14062</x><x>0.99414</x><y>0.0039062</y><y>0.98438</y></points><label>2</label><labelname>facade</labelname><flag>1</flag></object><object><points><x>0.32031</x><x>0.39746</x><y>0.8125</y><y>0.875</y></points><label>3</label><labelname>window</labelname><flag>1</flag></object><object><points><x>0.32031</x><x>0.39746</x><y>0.67057</y><y>0.73307</y></points><label>3</label><labelname>window</labelname><flag>1</flag></object><object><points><x>0.31836</x><x>0.39941</x><y>0.58203</y><y>0.61198</y></points><label>3</label><labelname>window</labelname><flag>1</flag></object><object><points><x>0.31738</x><x>0.39844</x><y>0.45312</y><y>0.48307</y></points><label>3</label><labelname>window</labelname><flag>1</flag></object><object><points><x>0.31641</x><x>0.39844</x><y>0.5013</y><y>0.5638</y></points><label>3</label><labelname>window</labelname><flag>1</flag></object><object><points><x>0.3125</x><x>0.39648</x><y>0.33464</y><y>0.39583</y></points><label>3</label><labelname>window</labelname><flag>1</flag></object><object><points><x>0.4834</x><x>0.56543</x><y>0.053385</y><y>0.11328</y></points><label>3</label><labelname>window</labelname><flag>1</flag></object><object><points><x>0.6377</x><x>0.72754</x><y>0.05599</y><y>0.11458</y></points><label>3</label><labelname>window</labelname><flag>1</flag></object><object><points><x>0.58496</x><x>0.63281</x><y>0.035156</y><y>0.14062</y></points><label>5</label><labelname>cornice</labelname><flag>1</flag></object><object><points><x>0.56152</x><x>0.5752</x><y>0.79167</y><y>0.88542</y></points><label>6</label><labelname>sill</labelname><flag>1</flag></object><object><points><x>0.56152</x><x>0.5752</x><y>0.65234</y><y>0.74609</y></points><label>6</label><labelname>sill</labelname><flag>1</flag></object><object><points><x>0.5625</x><x>0.57617</x><y>0.31771</y><y>0.41276</y></points><label>6</label><labelname>sill</labelname><flag>1</flag></object><object><points><x>0.56055</x><x>0.57422</x><y>0.17448</y><y>0.26823</y></points><label>6</label><labelname>sill</labelname><flag>1</flag></object><object><points><x>0.55957</x><x>0.57324</x><y>0.039062</y><y>0.13281</y></points><label>6</label><labelname>sill</labelname><flag>1</flag></object><object><points><x>0.72363</x><x>0.75879</x><y>0.17969</y><y>0.27604</y></points><label>6</label><labelname>sill</labelname><flag>1</flag></object><object><points><x>0.72363</x><x>0.75977</x><y>0.036458</y><y>0.13281</y></points><label>6</label><labelname>sill</labelname><flag>1</flag></object><object><points><x>0.72266</x><x>0.75781</x><y>0.31641</y><y>0.41276</y></points><label>6</label><labelname>sill</labelname><flag>1</flag></object><object><points><x>0.72461</x><x>0.75977</x><y>0.64844</y><y>0.74349</y></points><label>6</label><labelname>sill</labelname><flag>1</flag></object><object><points><x>0.72266</x><x>0.75781</x><y>0.79036</y><y>0.88672</y></points><label>6</label><labelname>sill</labelname><flag>1</flag></object><object><points><x>0.72461</x><x>0.75391</x><y>0.43229</y><y>0.63151</y></points><label>6</label><labelname>sill</labelname><flag>1</flag></object><object><points><x>0.87695</x><x>0.9043</x><y>0.79688</y><y>0.87891</y></points><label>6</label><labelname>sill</labelname><flag>1</flag></object><object><points><x>0.87695</x><x>0.90723</x><y>0.65885</y><y>0.73568</y></points><label>6</label><labelname>sill</labelname><flag>1</flag></object><object><points><x>0.87793</x><x>0.9082</x><y>0.33203</y><y>0.40885</y></points><label>6</label><labelname>sill</labelname><flag>1</flag></object><object><points><x>0.87793</x><x>0.9082</x><y>0.1901</y><y>0.26823</y></points><label>6</label><labelname>sill</labelname><flag>1</flag></object><object><points><x>0.19824</x><x>0.24023</x><y>0.64714</y><y>0.8125</y></points><label>7</label><labelname>balcony</labelname><flag>1</flag></object><object><points><x>0.1416</x><x>0.17383</x><y>0.83724</y><y>0.92708</y></points><label>9</label><labelname>deco</labelname><flag>1</flag></object><object><points><x>0.74219</x><x>0.80957</x><y>0.43229</y><y>0.63802</y></points><label>9</label><labelname>deco</labelname><flag>1</flag></object><object><points><x>0.75</x><x>0.77539</x><y>0.013021</y><y>0.98177</y></points><label>10</label><labelname>molding</labelname><flag>1</flag></object><object><points><x>0.39648</x><x>0.43262</x><y>0.0078125</y><y>0.98047</y></points><label>10</label><labelname>molding</labelname><flag>1</flag></object><object><points><x>0.5625</x><x>0.59863</x><y>0.4362</y><y>0.63021</y></points><label>6</label><labelname>sill</labelname><flag>1</flag></object><object><points><x>0.48047</x><x>0.5625</x><y>0.48568</y><y>0.4987</y></points><label>11</label><labelname>pillar</labelname><flag>1</flag></object><object><points><x>0.48047</x><x>0.5625</x><y>0.4375</y><y>0.45052</y></points><label>11</label><labelname>pillar</labelname><flag>1</flag></object><object><points><x>0.48145</x><x>0.56348</x><y>0.5651</y><y>0.57943</y></points><label>11</label><labelname>pillar</labelname><flag>1</flag></object><object><points><x>0.48145</x><x>0.56348</x><y>0.61458</y><y>0.6276</y></points><label>11</label><labelname>pillar</labelname><flag>1</flag></object><object><points><x>0.56152</x><x>0.56543</x><y>0.48438</y><y>0.4987</y></points><label>11</label><labelname>pillar</labelname><flag>1</flag></object><object><points><x>0.56152</x><x>0.56543</x><y>0.5638</y><y>0.57812</y></points><label>11</label><labelname>pillar</labelname><flag>1</flag></object><object><points><x>0.56152</x><x>0.56445</x><y>0.61198</y><y>0.6276</y></points><label>11</label><labelname>pillar</labelname><flag>1</flag></object><object><points><x>0.5625</x><x>0.56543</x><y>0.4375</y><y>0.45312</y></points><label>11</label><labelname>pillar</labelname><flag>1</flag></object><object><points><x>0.46973</x><x>0.48047</x><y>0.4349</y><y>0.45443</y></points><label>11</label><labelname>pillar</labelname><flag>1</flag></object><object><points><x>0.4707</x><x>0.48145</x><y>0.48438</y><y>0.5026</y></points><label>11</label><labelname>pillar</labelname><flag>1</flag></object><object><points><x>0.4707</x><x>0.48145</x><y>0.5625</y><y>0.58203</y></points><label>11</label><labelname>pillar</labelname><flag>1</flag></object><object><points><x>0.47168</x><x>0.48145</x><y>0.61068</y><y>0.63021</y></points><label>11</label><labelname>pillar</labelname><flag>1</flag></object><object><points><x>0.6377</x><x>0.72559</x><y>0.4375</y><y>0.45052</y></points><label>11</label><labelname>pillar</labelname><flag>1</flag></object><object><points><x>0.6377</x><x>0.72461</x><y>0.48568</y><y>0.4987</y></points><label>11</label><labelname>pillar</labelname><flag>1</flag></object><object><points><x>0.6377</x><x>0.72559</x><y>0.5651</y><y>0.57812</y></points><label>11</label><labelname>pillar</labelname><flag>1</flag></object><object><points><x>0.6377</x><x>0.72461</x><y>0.61328</y><y>0.625</y></points><label>11</label><labelname>pillar</labelname><flag>1</flag></object><object><points><x>0.62793</x><x>0.63672</x><y>0.4362</y><y>0.45182</y></points><label>11</label><labelname>pillar</labelname><flag>1</flag></object><object><points><x>0.62891</x><x>0.6377</x><y>0.48438</y><y>0.5</y></points><label>11</label><labelname>pillar</labelname><flag>1</flag></object><object><points><x>0.62891</x><x>0.6377</x><y>0.5638</y><y>0.57943</y></points><label>11</label><labelname>pillar</labelname><flag>1</flag></object><object><points><x>0.62891</x><x>0.6377</x><y>0.60938</y><y>0.6263</y></points><label>11</label><labelname>pillar</labelname><flag>1</flag></object><object><points><x>0.86328</x><x>0.89355</x><y>0.43229</y><y>0.47526</y></points><label>12</label><labelname>shop</labelname><flag>1</flag></object><object><points><x>0.92383</x><x>0.93945</x><y>0.61589</y><y>0.64062</y></points><label>12</label><labelname>shop</labelname><flag>1</flag></object><object><points><x>0.90723</x><x>0.91797</x><y>0.6237</y><y>0.64193</y></points><label>12</label><labelname>shop</labelname><flag>1</flag></object><object><points><x>0.92285</x><x>0.93848</x><y>0.42708</y><y>0.44922</y></points><label>12</label><labelname>shop</labelname><flag>1</flag></object>