<object><points><x>0.0039062</x><x>0.99805</x><y>0.0039216</y><y>0.99902</y></points><label>2</label><labelname>facade</labelname><flag>1</flag></object><object><points><x>0.072266</x><x>0.11426</x><y>0.46961</y><y>0.50686</y></points><label>3</label><labelname>window</labelname><flag>1</flag></object><object><points><x>0.077148</x><x>0.11328</x><y>0.4451</y><y>0.46078</y></points><label>3</label><labelname>window</labelname><flag>1</flag></object><object><points><x>0.077148</x><x>0.11133</x><y>0.51569</y><y>0.53333</y></points><label>3</label><labelname>window</labelname><flag>1</flag></object><object><points><x>0.095703</x><x>0.125</x><y>0.90098</y><y>0.91471</y></points><label>3</label><labelname>window</labelname><flag>1</flag></object><object><points><x>0.095703</x><x>0.125</x><y>0.85098</y><y>0.86373</y></points><label>3</label><labelname>window</labelname><flag>1</flag></object><object><points><x>0.074219</x><x>0.12598</x><y>0.87255</y><y>0.89314</y></points><label>3</label><labelname>window</labelname><flag>1</flag></object><object><points><x>0.060547</x><x>0.11328</x><y>0.087255</y><y>0.10686</y></points><label>3</label><labelname>window</labelname><flag>1</flag></object><object><points><x>0.081055</x><x>0.11328</x><y>0.11569</y><y>0.12941</y></points><label>3</label><labelname>window</labelname><flag>1</flag></object><object><points><x>0.080078</x><x>0.1123</x><y>0.063725</y><y>0.078431</y></points><label>3</label><labelname>window</labelname><flag>1</flag></object><object><points><x>0.43652</x><x>0.5459</x><y>0.23039</y><y>0.28725</y></points><label>3</label><labelname>window</labelname><flag>1</flag></object><object><points><x>0.43848</x><x>0.54785</x><y>0.068627</y><y>0.12549</y></points><label>3</label><labelname>window</labelname><flag>1</flag></object><object><points><x>0.43652</x><x>0.5459</x><y>0.85294</y><y>0.9098</y></points><label>3</label><labelname>window</labelname><flag>1</flag></object><object><points><x>0.43652</x><x>0.5459</x><y>0.68824</y><y>0.7451</y></points><label>3</label><labelname>window</labelname><flag>1</flag></object><object><points><x>0.24121</x><x>0.35059</x><y>0.85294</y><y>0.9098</y></points><label>3</label><labelname>window</labelname><flag>1</flag></object><object><points><x>0.24414</x><x>0.35352</x><y>0.68824</y><y>0.74412</y></points><label>3</label><labelname>window</labelname><flag>1</flag></object><object><points><x>0.22559</x><x>0.33496</x><y>0.45882</y><y>0.51961</y></points><label>3</label><labelname>window</labelname><flag>1</flag></object><object><points><x>0.4248</x><x>0.53418</x><y>0.45686</y><y>0.51667</y></points><label>3</label><labelname>window</labelname><flag>1</flag></object><object><points><x>0.24414</x><x>0.35352</x><y>0.23235</y><y>0.28922</y></points><label>3</label><labelname>window</labelname><flag>1</flag></object><object><points><x>0.2373</x><x>0.34668</x><y>0.069608</y><y>0.12647</y></points><label>3</label><labelname>window</labelname><flag>1</flag></object><object><points><x>0.62598</x><x>0.72363</x><y>0.85588</y><y>0.90784</y></points><label>3</label><labelname>window</labelname><flag>1</flag></object><object><points><x>0.62598</x><x>0.72363</x><y>0.68824</y><y>0.7402</y></points><label>3</label><labelname>window</labelname><flag>1</flag></object><object><points><x>0.62793</x><x>0.72656</x><y>0.49608</y><y>0.54804</y></points><label>3</label><labelname>window</labelname><flag>1</flag></object><object><points><x>0.62598</x><x>0.72363</x><y>0.42647</y><y>0.47843</y></points><label>3</label><labelname>window</labelname><flag>1</flag></object><object><points><x>0.62598</x><x>0.72363</x><y>0.23039</y><y>0.28235</y></points><label>3</label><labelname>window</labelname><flag>1</flag></object><object><points><x>0.62793</x><x>0.72559</x><y>0.069608</y><y>0.12157</y></points><label>3</label><labelname>window</labelname><flag>1</flag></object><object><points><x>0.42871</x><x>0.53613</x><y>0.41471</y><y>0.44902</y></points><label>3</label><labelname>window</labelname><flag>1</flag></object><object><points><x>0.42969</x><x>0.53613</x><y>0.52451</y><y>0.55882</y></points><label>3</label><labelname>window</labelname><flag>1</flag></object><object><points><x>0.23047</x><x>0.33691</x><y>0.52647</y><y>0.56078</y></points><label>3</label><labelname>window</labelname><flag>1</flag></object><object><points><x>0.22949</x><x>0.33887</x><y>0.41667</y><y>0.45196</y></points><label>3</label><labelname>window</labelname><flag>1</flag></object><object><points><x>0.84766</x><x>0.98145</x><y>0.018627</y><y>0.36961</y></points><label>3</label><labelname>window</labelname><flag>1</flag></object><object><points><x>0.35059</x><x>0.39453</x><y>0.19902</y><y>0.31667</y></points><label>6</label><labelname>sill</labelname><flag>1</flag></object><object><points><x>0.35156</x><x>0.39551</x><y>0.65588</y><y>0.77353</y></points><label>6</label><labelname>sill</labelname><flag>1</flag></object><object><points><x>0.5332</x><x>0.58496</x><y>0.82157</y><y>0.93922</y></points><label>6</label><labelname>sill</labelname><flag>1</flag></object><object><points><x>0.5332</x><x>0.58496</x><y>0.037255</y><y>0.15392</y></points><label>6</label><labelname>sill</labelname><flag>1</flag></object><object><points><x>0.72266</x><x>0.74023</x><y>0.42059</y><y>0.55588</y></points><label>6</label><labelname>sill</labelname><flag>1</flag></object><object><points><x>0.53418</x><x>0.58691</x><y>0.4098</y><y>0.56471</y></points><label>6</label><labelname>sill</labelname><flag>1</flag></object><object><points><x>0.24219</x><x>0.3457</x><y>0.071569</y><y>0.12549</y></points><label>8</label><labelname>blind</labelname><flag>1</flag></object><object><points><x>0.24609</x><x>0.35059</x><y>0.23333</y><y>0.28725</y></points><label>8</label><labelname>blind</labelname><flag>1</flag></object><object><points><x>0.23047</x><x>0.31738</x><y>0.4598</y><y>0.51765</y></points><label>8</label><labelname>blind</labelname><flag>1</flag></object><object><points><x>0.23242</x><x>0.31152</x><y>0.52843</y><y>0.55686</y></points><label>8</label><labelname>blind</labelname><flag>1</flag></object><object><points><x>0.23438</x><x>0.33691</x><y>0.42157</y><y>0.44902</y></points><label>8</label><labelname>blind</labelname><flag>1</flag></object><object><points><x>0.24707</x><x>0.35156</x><y>0.68922</y><y>0.74216</y></points><label>8</label><labelname>blind</labelname><flag>1</flag></object><object><points><x>0.24512</x><x>0.31641</x><y>0.85392</y><y>0.90686</y></points><label>8</label><labelname>blind</labelname><flag>1</flag></object><object><points><x>0.4375</x><x>0.50195</x><y>0.8549</y><y>0.90686</y></points><label>8</label><labelname>blind</labelname><flag>1</flag></object><object><points><x>0.43848</x><x>0.52148</x><y>0.68922</y><y>0.7402</y></points><label>8</label><labelname>blind</labelname><flag>1</flag></object><object><points><x>0.62695</x><x>0.66895</x><y>0.85686</y><y>0.90588</y></points><label>8</label><labelname>blind</labelname><flag>1</flag></object><object><points><x>0.62695</x><x>0.66895</x><y>0.6902</y><y>0.73922</y></points><label>8</label><labelname>blind</labelname><flag>1</flag></object><object><points><x>0.62988</x><x>0.66992</x><y>0.49804</y><y>0.54706</y></points><label>8</label><labelname>blind</labelname><flag>1</flag></object><object><points><x>0.62695</x><x>0.66797</x><y>0.42843</y><y>0.47745</y></points><label>8</label><labelname>blind</labelname><flag>1</flag></object><object><points><x>0.62988</x><x>0.64941</x><y>0.073529</y><y>0.11961</y></points><label>8</label><labelname>blind</labelname><flag>1</flag></object><object><points><x>0.64551</x><x>0.72168</x><y>0.23333</y><y>0.28039</y></points><label>8</label><labelname>blind</labelname><flag>1</flag></object><object><points><x>0.43945</x><x>0.46582</x><y>0.068627</y><y>0.12353</y></points><label>8</label><labelname>blind</labelname><flag>1</flag></object><object><points><x>0.43945</x><x>0.45898</x><y>0.23137</y><y>0.28627</y></points><label>8</label><labelname>blind</labelname><flag>1</flag></object><object><points><x>0.42969</x><x>0.44531</x><y>0.41961</y><y>0.44804</y></points><label>8</label><labelname>blind</labelname><flag>1</flag></object><object><points><x>0.42773</x><x>0.44629</x><y>0.4598</y><y>0.51471</y></points><label>8</label><labelname>blind</labelname><flag>1</flag></object><object><points><x>0.43066</x><x>0.45703</x><y>0.52745</y><y>0.55392</y></points><label>8</label><labelname>blind</labelname><flag>1</flag></object><object><points><x>0.013672</x><x>0.098633</x><y>0.0068627</y><y>0.20392</y></points><label>5</label><labelname>cornice</labelname><flag>1</flag></object><object><points><x>0.03418</x><x>0.13477</x><y>0.77059</y><y>0.99314</y></points><label>5</label><labelname>cornice</labelname><flag>1</flag></object><object><points><x>0.014648</x><x>0.13867</x><y>0.3</y><y>0.65784</y></points><label>5</label><labelname>cornice</labelname><flag>1</flag></object><object><points><x>0.77344</x><x>0.80762</x><y>0.0058824</y><y>0.37549</y></points><label>12</label><labelname>shop</labelname><flag>1</flag></object><object><points><x>0.77539</x><x>0.98828</x><y>0.37157</y><y>0.99118</y></points><label>12</label><labelname>shop</labelname><flag>1</flag></object>