<object><points><x>0.15879</x><x>0.9147</x><y>0.59668</y><y>0.75195</y></points><label>2</label><labelname>facade</labelname><flag>1</flag></object><object><points><x>0.20472</x><x>0.23622</x><y>0.2666</y><y>0.30273</y></points><label>3</label><labelname>window</labelname><flag>1</flag></object><object><points><x>0.27822</x><x>0.3084</x><y>0.26855</y><y>0.30469</y></points><label>3</label><labelname>window</labelname><flag>1</flag></object><object><points><x>0.35039</x><x>0.38189</x><y>0.2666</y><y>0.30273</y></points><label>3</label><labelname>window</labelname><flag>1</flag></object><object><points><x>0.42126</x><x>0.45276</x><y>0.26758</y><y>0.30371</y></points><label>3</label><labelname>window</labelname><flag>1</flag></object><object><points><x>0.49606</x><x>0.52756</x><y>0.26855</y><y>0.30469</y></points><label>3</label><labelname>window</labelname><flag>1</flag></object><object><points><x>0.56693</x><x>0.59711</x><y>0.26758</y><y>0.30371</y></points><label>3</label><labelname>window</labelname><flag>1</flag></object><object><points><x>0.64173</x><x>0.67323</x><y>0.26758</y><y>0.30371</y></points><label>3</label><labelname>window</labelname><flag>1</flag></object><object><points><x>0.71391</x><x>0.74541</x><y>0.26855</y><y>0.30469</y></points><label>3</label><labelname>window</labelname><flag>1</flag></object><object><points><x>0.78478</x><x>0.81627</x><y>0.26953</y><y>0.30566</y></points><label>3</label><labelname>window</labelname><flag>1</flag></object><object><points><x>0.20341</x><x>0.2336</x><y>0.11621</y><y>0.15234</y></points><label>3</label><labelname>window</labelname><flag>1</flag></object><object><points><x>0.27559</x><x>0.30709</x><y>0.11621</y><y>0.15332</y></points><label>3</label><labelname>window</labelname><flag>1</flag></object><object><points><x>0.34908</x><x>0.38058</x><y>0.11621</y><y>0.15332</y></points><label>3</label><labelname>window</labelname><flag>1</flag></object><object><points><x>0.42257</x><x>0.45407</x><y>0.11719</y><y>0.15332</y></points><label>3</label><labelname>window</labelname><flag>1</flag></object><object><points><x>0.49475</x><x>0.52625</x><y>0.11816</y><y>0.1543</y></points><label>3</label><labelname>window</labelname><flag>1</flag></object><object><points><x>0.56824</x><x>0.59974</x><y>0.11719</y><y>0.15332</y></points><label>3</label><labelname>window</labelname><flag>1</flag></object><object><points><x>0.64042</x><x>0.67192</x><y>0.11816</y><y>0.1543</y></points><label>3</label><labelname>window</labelname><flag>1</flag></object><object><points><x>0.7126</x><x>0.74278</x><y>0.11914</y><y>0.15527</y></points><label>3</label><labelname>window</labelname><flag>1</flag></object><object><points><x>0.78609</x><x>0.81627</x><y>0.11914</y><y>0.15527</y></points><label>3</label><labelname>window</labelname><flag>1</flag></object><object><points><x>0.28084</x><x>0.31234</x><y>0.69336</y><y>0.72949</y></points><label>3</label><labelname>window</labelname><flag>1</flag></object><object><points><x>0.35302</x><x>0.3832</x><y>0.69336</y><y>0.72949</y></points><label>3</label><labelname>window</labelname><flag>1</flag></object><object><points><x>0.42651</x><x>0.45801</x><y>0.69238</y><y>0.72852</y></points><label>3</label><labelname>window</labelname><flag>1</flag></object><object><points><x>0.49738</x><x>0.52887</x><y>0.69434</y><y>0.72949</y></points><label>3</label><labelname>window</labelname><flag>1</flag></object><object><points><x>0.56955</x><x>0.59974</x><y>0.69336</y><y>0.72852</y></points><label>3</label><labelname>window</labelname><flag>1</flag></object><object><points><x>0.63911</x><x>0.6706</x><y>0.69141</y><y>0.72852</y></points><label>3</label><labelname>window</labelname><flag>1</flag></object><object><points><x>0.71129</x><x>0.74147</x><y>0.69336</y><y>0.72949</y></points><label>3</label><labelname>window</labelname><flag>1</flag></object><object><points><x>0.78084</x><x>0.81234</x><y>0.69141</y><y>0.72852</y></points><label>3</label><labelname>window</labelname><flag>1</flag></object><object><points><x>0.21391</x><x>0.24409</x><y>0.69434</y><y>0.73047</y></points><label>3</label><labelname>window</labelname><flag>1</flag></object><object><points><x>0.28084</x><x>0.31234</x><y>0.62207</y><y>0.64453</y></points><label>3</label><labelname>window</labelname><flag>1</flag></object><object><points><x>0.35302</x><x>0.38451</x><y>0.62109</y><y>0.64453</y></points><label>3</label><labelname>window</labelname><flag>1</flag></object><object><points><x>0.42651</x><x>0.45669</x><y>0.62207</y><y>0.64453</y></points><label>3</label><labelname>window</labelname><flag>1</flag></object><object><points><x>0.49738</x><x>0.52756</x><y>0.62109</y><y>0.64355</y></points><label>3</label><labelname>window</labelname><flag>1</flag></object><object><points><x>0.56955</x><x>0.59974</x><y>0.62109</y><y>0.64355</y></points><label>3</label><labelname>window</labelname><flag>1</flag></object><object><points><x>0.64042</x><x>0.67192</x><y>0.62109</y><y>0.64355</y></points><label>3</label><labelname>window</labelname><flag>1</flag></object><object><points><x>0.71129</x><x>0.74147</x><y>0.62012</y><y>0.64258</y></points><label>3</label><labelname>window</labelname><flag>1</flag></object><object><points><x>0.78215</x><x>0.81234</x><y>0.62012</y><y>0.64258</y></points><label>3</label><labelname>window</labelname><flag>1</flag></object><object><points><x>0.21391</x><x>0.24409</x><y>0.86816</y><y>0.8916</y></points><label>3</label><labelname>window</labelname><flag>1</flag></object><object><points><x>0.21522</x><x>0.24541</x><y>0.90527</y><y>0.92871</y></points><label>3</label><labelname>window</labelname><flag>1</flag></object><object><points><x>0.21522</x><x>0.24541</x><y>0.94043</y><y>0.96289</y></points><label>3</label><labelname>window</labelname><flag>1</flag></object><object><points><x>0.28346</x><x>0.31365</x><y>0.86816</y><y>0.8916</y></points><label>3</label><labelname>window</labelname><flag>1</flag></object><object><points><x>0.35564</x><x>0.38714</x><y>0.86719</y><y>0.88965</y></points><label>3</label><labelname>window</labelname><flag>1</flag></object><object><points><x>0.28346</x><x>0.31365</x><y>0.94043</y><y>0.96289</y></points><label>3</label><labelname>window</labelname><flag>1</flag></object><object><points><x>0.35696</x><x>0.38845</x><y>0.93945</y><y>0.96191</y></points><label>3</label><labelname>window</labelname><flag>1</flag></object><object><points><x>0.42651</x><x>0.45669</x><y>0.9375</y><y>0.96094</y></points><label>3</label><labelname>window</labelname><flag>1</flag></object><object><points><x>0.42782</x><x>0.45801</x><y>0.86816</y><y>0.89062</y></points><label>3</label><labelname>window</labelname><flag>1</flag></object><object><points><x>0.5</x><x>0.53018</x><y>0.86523</y><y>0.8877</y></points><label>3</label><labelname>window</labelname><flag>1</flag></object><object><points><x>0.5</x><x>0.53018</x><y>0.9375</y><y>0.95996</y></points><label>3</label><labelname>window</labelname><flag>1</flag></object><object><points><x>0.57087</x><x>0.60236</x><y>0.86328</y><y>0.88574</y></points><label>3</label><labelname>window</labelname><flag>1</flag></object><object><points><x>0.56955</x><x>0.60105</x><y>0.93652</y><y>0.95898</y></points><label>3</label><labelname>window</labelname><flag>1</flag></object><object><points><x>0.64042</x><x>0.6706</x><y>0.86426</y><y>0.88672</y></points><label>3</label><labelname>window</labelname><flag>1</flag></object><object><points><x>0.71129</x><x>0.74147</x><y>0.86328</y><y>0.88574</y></points><label>3</label><labelname>window</labelname><flag>1</flag></object><object><points><x>0.21391</x><x>0.24278</x><y>0.6582</y><y>0.68555</y></points><label>3</label><labelname>window</labelname><flag>1</flag></object><object><points><x>0.21391</x><x>0.24147</x><y>0.62305</y><y>0.64844</y></points><label>3</label><labelname>window</labelname><flag>1</flag></object><object><points><x>0.20735</x><x>0.23753</x><y>0.35645</y><y>0.37891</y></points><label>3</label><labelname>window</labelname><flag>1</flag></object><object><points><x>0.28084</x><x>0.31102</x><y>0.35645</y><y>0.37891</y></points><label>3</label><labelname>window</labelname><flag>1</flag></object><object><points><x>0.35039</x><x>0.38058</x><y>0.35645</y><y>0.37891</y></points><label>3</label><labelname>window</labelname><flag>1</flag></object><object><points><x>0.4252</x><x>0.45538</x><y>0.35645</y><y>0.37891</y></points><label>3</label><labelname>window</labelname><flag>1</flag></object><object><points><x>0.49475</x><x>0.52493</x><y>0.35645</y><y>0.37891</y></points><label>3</label><labelname>window</labelname><flag>1</flag></object><object><points><x>0.56955</x><x>0.59974</x><y>0.35645</y><y>0.37891</y></points><label>3</label><labelname>window</labelname><flag>1</flag></object><object><points><x>0.64042</x><x>0.6706</x><y>0.35645</y><y>0.37891</y></points><label>3</label><labelname>window</labelname><flag>1</flag></object><object><points><x>0.71391</x><x>0.74409</x><y>0.35742</y><y>0.37988</y></points><label>3</label><labelname>window</labelname><flag>1</flag></object><object><points><x>0.78346</x><x>0.81365</x><y>0.35645</y><y>0.37988</y></points><label>3</label><labelname>window</labelname><flag>1</flag></object><object><points><x>0.78346</x><x>0.80315</x><y>0.31934</y><y>0.3418</y></points><label>3</label><labelname>window</labelname><flag>1</flag></object><object><points><x>0.71391</x><x>0.7336</x><y>0.31934</y><y>0.3418</y></points><label>3</label><labelname>window</labelname><flag>1</flag></object><object><points><x>0.64042</x><x>0.6601</x><y>0.31836</y><y>0.34082</y></points><label>3</label><labelname>window</labelname><flag>1</flag></object><object><points><x>0.56955</x><x>0.58924</x><y>0.31934</y><y>0.3418</y></points><label>3</label><labelname>window</labelname><flag>1</flag></object><object><points><x>0.49606</x><x>0.51575</x><y>0.32031</y><y>0.34277</y></points><label>3</label><labelname>window</labelname><flag>1</flag></object><object><points><x>0.4252</x><x>0.44488</x><y>0.31934</y><y>0.3418</y></points><label>3</label><labelname>window</labelname><flag>1</flag></object><object><points><x>0.35302</x><x>0.3727</x><y>0.31934</y><y>0.3418</y></points><label>3</label><labelname>window</labelname><flag>1</flag></object><object><points><x>0.28084</x><x>0.30052</x><y>0.32031</y><y>0.34277</y></points><label>3</label><labelname>window</labelname><flag>1</flag></object><object><points><x>0.20735</x><x>0.22703</x><y>0.32031</y><y>0.34375</y></points><label>3</label><labelname>window</labelname><flag>1</flag></object><object><points><x>0.20341</x><x>0.2231</x><y>0.079102</y><y>0.10156</y></points><label>3</label><labelname>window</labelname><flag>1</flag></object><object><points><x>0.27559</x><x>0.29528</x><y>0.079102</y><y>0.10156</y></points><label>3</label><labelname>window</labelname><flag>1</flag></object><object><points><x>0.34908</x><x>0.36877</x><y>0.078125</y><y>0.10156</y></points><label>3</label><labelname>window</labelname><flag>1</flag></object><object><points><x>0.42388</x><x>0.44357</x><y>0.079102</y><y>0.10156</y></points><label>3</label><labelname>window</labelname><flag>1</flag></object><object><points><x>0.49606</x><x>0.51575</x><y>0.080078</y><y>0.10254</y></points><label>3</label><labelname>window</labelname><flag>1</flag></object><object><points><x>0.56824</x><x>0.58793</x><y>0.080078</y><y>0.10352</y></points><label>3</label><labelname>window</labelname><flag>1</flag></object><object><points><x>0.64173</x><x>0.66142</x><y>0.080078</y><y>0.10352</y></points><label>3</label><labelname>window</labelname><flag>1</flag></object><object><points><x>0.71391</x><x>0.7336</x><y>0.081055</y><y>0.10352</y></points><label>3</label><labelname>window</labelname><flag>1</flag></object><object><points><x>0.78609</x><x>0.80577</x><y>0.081055</y><y>0.10449</y></points><label>3</label><labelname>window</labelname><flag>1</flag></object><object><points><x>0.28346</x><x>0.30315</x><y>0.6582</y><y>0.68164</y></points><label>3</label><labelname>window</labelname><flag>1</flag></object><object><points><x>0.35433</x><x>0.37402</x><y>0.65723</y><y>0.67969</y></points><label>3</label><labelname>window</labelname><flag>1</flag></object><object><points><x>0.42651</x><x>0.44619</x><y>0.65723</y><y>0.68066</y></points><label>3</label><labelname>window</labelname><flag>1</flag></object><object><points><x>0.49738</x><x>0.51706</x><y>0.65723</y><y>0.67969</y></points><label>3</label><labelname>window</labelname><flag>1</flag></object><object><points><x>0.56955</x><x>0.58924</x><y>0.65625</y><y>0.67871</y></points><label>3</label><labelname>window</labelname><flag>1</flag></object><object><points><x>0.64173</x><x>0.66142</x><y>0.65723</y><y>0.67969</y></points><label>3</label><labelname>window</labelname><flag>1</flag></object><object><points><x>0.71129</x><x>0.73097</x><y>0.65625</y><y>0.67871</y></points><label>3</label><labelname>window</labelname><flag>1</flag></object><object><points><x>0.78084</x><x>0.80184</x><y>0.65625</y><y>0.67871</y></points><label>3</label><labelname>window</labelname><flag>1</flag></object><object><points><x>0.28478</x><x>0.30577</x><y>0.9043</y><y>0.92676</y></points><label>3</label><labelname>window</labelname><flag>1</flag></object><object><points><x>0.35696</x><x>0.37664</x><y>0.90234</y><y>0.92578</y></points><label>3</label><labelname>window</labelname><flag>1</flag></object><object><points><x>0.42782</x><x>0.44751</x><y>0.90137</y><y>0.9248</y></points><label>3</label><labelname>window</labelname><flag>1</flag></object><object><points><x>0.49869</x><x>0.51837</x><y>0.90234</y><y>0.9248</y></points><label>3</label><labelname>window</labelname><flag>1</flag></object><object><points><x>0.56955</x><x>0.58924</x><y>0.90137</y><y>0.9248</y></points><label>3</label><labelname>window</labelname><flag>1</flag></object><object><points><x>0.64042</x><x>0.6601</x><y>0.90137</y><y>0.92383</y></points><label>3</label><labelname>window</labelname><flag>1</flag></object><object><points><x>0.71129</x><x>0.73097</x><y>0.90137</y><y>0.9248</y></points><label>3</label><labelname>window</labelname><flag>1</flag></object><object><points><x>0.78084</x><x>0.80052</x><y>0.89941</y><y>0.92188</y></points><label>3</label><labelname>window</labelname><flag>1</flag></object><object><points><x>0.78084</x><x>0.81102</x><y>0.86328</y><y>0.88672</y></points><label>3</label><labelname>window</labelname><flag>1</flag></object><object><points><x>0.20341</x><x>0.2336</x><y>0.038086</y><y>0.061523</y></points><label>3</label><labelname>window</labelname><flag>1</flag></object><object><points><x>0.27559</x><x>0.30577</x><y>0.039062</y><y>0.061523</y></points><label>3</label><labelname>window</labelname><flag>1</flag></object><object><points><x>0.27428</x><x>0.30577</x><y>0.00097656</y><y>0.023438</y></points><label>3</label><labelname>window</labelname><flag>1</flag></object><object><points><x>0.34908</x><x>0.38058</x><y>0.040039</y><y>0.0625</y></points><label>3</label><labelname>window</labelname><flag>1</flag></object><object><points><x>0.34908</x><x>0.37927</x><y>0.0019531</y><y>0.024414</y></points><label>3</label><labelname>window</labelname><flag>1</flag></object><object><points><x>0.42257</x><x>0.45276</x><y>0.0019531</y><y>0.024414</y></points><label>3</label><labelname>window</labelname><flag>1</flag></object><object><points><x>0.42388</x><x>0.45407</x><y>0.040039</y><y>0.0625</y></points><label>3</label><labelname>window</labelname><flag>1</flag></object><object><points><x>0.49606</x><x>0.52625</x><y>0.041992</y><y>0.064453</y></points><label>3</label><labelname>window</labelname><flag>1</flag></object><object><points><x>0.49606</x><x>0.52625</x><y>0.0029297</y><y>0.025391</y></points><label>3</label><labelname>window</labelname><flag>1</flag></object><object><points><x>0.56955</x><x>0.60105</x><y>0.041992</y><y>0.064453</y></points><label>3</label><labelname>window</labelname><flag>1</flag></object><object><points><x>0.56955</x><x>0.60105</x><y>0.0048828</y><y>0.027344</y></points><label>3</label><labelname>window</labelname><flag>1</flag></object><object><points><x>0.64173</x><x>0.67323</x><y>0.042969</y><y>0.06543</y></points><label>3</label><labelname>window</labelname><flag>1</flag></object><object><points><x>0.71522</x><x>0.74541</x><y>0.042969</y><y>0.06543</y></points><label>3</label><labelname>window</labelname><flag>1</flag></object><object><points><x>0.59186</x><x>0.60892</x><y>0.18066</y><y>0.19824</y></points><label>3</label><labelname>window</labelname><flag>1</flag></object><object><points><x>0.53543</x><x>0.55118</x><y>0.18066</y><y>0.19824</y></points><label>3</label><labelname>window</labelname><flag>1</flag></object><object><points><x>0.479</x><x>0.49606</x><y>0.17969</y><y>0.19727</y></points><label>3</label><labelname>window</labelname><flag>1</flag></object><object><points><x>0.64698</x><x>0.66404</x><y>0.18066</y><y>0.19824</y></points><label>3</label><labelname>window</labelname><flag>1</flag></object><object><points><x>0.70341</x><x>0.72047</x><y>0.18164</y><y>0.19922</y></points><label>3</label><labelname>window</labelname><flag>1</flag></object><object><points><x>0.76115</x><x>0.77822</x><y>0.18164</y><y>0.2002</y></points><label>3</label><labelname>window</labelname><flag>1</flag></object><object><points><x>0.81627</x><x>0.83333</x><y>0.18164</y><y>0.19922</y></points><label>3</label><labelname>window</labelname><flag>1</flag></object><object><points><x>0.42126</x><x>0.43832</x><y>0.17969</y><y>0.19727</y></points><label>3</label><labelname>window</labelname><flag>1</flag></object><object><points><x>0.36614</x><x>0.3832</x><y>0.17871</y><y>0.19727</y></points><label>3</label><labelname>window</labelname><flag>1</flag></object><object><points><x>0.3189</x><x>0.33596</x><y>0.48535</y><y>0.50293</y></points><label>3</label><labelname>window</labelname><flag>1</flag></object><object><points><x>0.37927</x><x>0.39501</x><y>0.48535</y><y>0.50293</y></points><label>3</label><labelname>window</labelname><flag>1</flag></object><object><points><x>0.43963</x><x>0.45669</x><y>0.48438</y><y>0.50293</y></points><label>3</label><labelname>window</labelname><flag>1</flag></object><object><points><x>0.50131</x><x>0.51837</x><y>0.48438</y><y>0.50293</y></points><label>3</label><labelname>window</labelname><flag>1</flag></object><object><points><x>0.56168</x><x>0.57874</x><y>0.48633</y><y>0.50391</y></points><label>3</label><labelname>window</labelname><flag>1</flag></object><object><points><x>0.62336</x><x>0.63911</x><y>0.48438</y><y>0.50195</y></points><label>3</label><labelname>window</labelname><flag>1</flag></object><object><points><x>0.68373</x><x>0.70079</x><y>0.48535</y><y>0.50293</y></points><label>3</label><labelname>window</labelname><flag>1</flag></object><object><points><x>0.74409</x><x>0.76115</x><y>0.48535</y><y>0.50293</y></points><label>3</label><labelname>window</labelname><flag>1</flag></object><object><points><x>0.80315</x><x>0.82152</x><y>0.4834</y><y>0.50293</y></points><label>3</label><labelname>window</labelname><flag>1</flag></object><object><points><x>0.63648</x><x>0.68373</x><y>0.44824</y><y>0.46973</y></points><label>3</label><labelname>window</labelname><flag>1</flag></object><object><points><x>0.57743</x><x>0.62467</x><y>0.44727</y><y>0.4707</y></points><label>3</label><labelname>window</labelname><flag>1</flag></object><object><points><x>0.69816</x><x>0.74541</x><y>0.44629</y><y>0.46973</y></points><label>3</label><labelname>window</labelname><flag>1</flag></object><object><points><x>0.51575</x><x>0.56299</x><y>0.44727</y><y>0.4707</y></points><label>3</label><labelname>window</labelname><flag>1</flag></object><object><points><x>0.45669</x><x>0.50394</x><y>0.44727</y><y>0.46973</y></points><label>3</label><labelname>window</labelname><flag>1</flag></object><object><points><x>0.39501</x><x>0.44357</x><y>0.44727</y><y>0.4707</y></points><label>3</label><labelname>window</labelname><flag>1</flag></object><object><points><x>0.32808</x><x>0.38058</x><y>0.44629</y><y>0.46973</y></points><label>3</label><labelname>window</labelname><flag>1</flag></object><object><points><x>0.75722</x><x>0.80577</x><y>0.44824</y><y>0.46973</y></points><label>3</label><labelname>window</labelname><flag>1</flag></object><object><points><x>0.82021</x><x>0.8622</x><y>0.44727</y><y>0.46875</y></points><label>3</label><labelname>window</labelname><flag>1</flag></object><object><points><x>0.76509</x><x>0.82021</x><y>0.4209</y><y>0.44141</y></points><label>3</label><labelname>window</labelname><flag>1</flag></object><object><points><x>0.82415</x><x>0.86089</x><y>0.4209</y><y>0.44141</y></points><label>3</label><labelname>window</labelname><flag>1</flag></object><object><points><x>0.70472</x><x>0.75984</x><y>0.4209</y><y>0.44141</y></points><label>3</label><labelname>window</labelname><flag>1</flag></object><object><points><x>0.64304</x><x>0.69948</x><y>0.4209</y><y>0.44141</y></points><label>3</label><labelname>window</labelname><flag>1</flag></object><object><points><x>0.58399</x><x>0.63911</x><y>0.4209</y><y>0.44141</y></points><label>3</label><labelname>window</labelname><flag>1</flag></object><object><points><x>0.52231</x><x>0.57743</x><y>0.4209</y><y>0.44141</y></points><label>3</label><labelname>window</labelname><flag>1</flag></object><object><points><x>0.46325</x><x>0.51837</x><y>0.4209</y><y>0.44141</y></points><label>3</label><labelname>window</labelname><flag>1</flag></object><object><points><x>0.40157</x><x>0.45669</x><y>0.4209</y><y>0.44141</y></points><label>3</label><labelname>window</labelname><flag>1</flag></object><object><points><x>0.3189</x><x>0.39501</x><y>0.4209</y><y>0.44141</y></points><label>3</label><labelname>window</labelname><flag>1</flag></object><object><points><x>0.32808</x><x>0.40682</x><y>0.39453</y><y>0.41504</y></points><label>3</label><labelname>window</labelname><flag>1</flag></object><object><points><x>0.41995</x><x>0.46719</x><y>0.3916</y><y>0.41406</y></points><label>3</label><labelname>window</labelname><flag>1</flag></object><object><points><x>0.48163</x><x>0.52756</x><y>0.39258</y><y>0.41406</y></points><label>3</label><labelname>window</labelname><flag>1</flag></object><object><points><x>0.54331</x><x>0.58924</x><y>0.39258</y><y>0.41504</y></points><label>3</label><labelname>window</labelname><flag>1</flag></object><object><points><x>0.60236</x><x>0.65092</x><y>0.39258</y><y>0.41504</y></points><label>3</label><labelname>window</labelname><flag>1</flag></object><object><points><x>0.66273</x><x>0.71129</x><y>0.39258</y><y>0.41602</y></points><label>3</label><labelname>window</labelname><flag>1</flag></object><object><points><x>0.7231</x><x>0.77034</x><y>0.3916</y><y>0.41602</y></points><label>3</label><labelname>window</labelname><flag>1</flag></object><object><points><x>0.78346</x><x>0.83071</x><y>0.3916</y><y>0.41504</y></points><label>3</label><labelname>window</labelname><flag>1</flag></object><object><points><x>0.83727</x><x>0.8622</x><y>0.39551</y><y>0.41504</y></points><label>3</label><labelname>window</labelname><flag>1</flag></object><object><points><x>0.31759</x><x>0.32808</x><y>0.44727</y><y>0.4707</y></points><label>3</label><labelname>window</labelname><flag>1</flag></object><object><points><x>0.38583</x><x>0.3937</x><y>0.44727</y><y>0.46973</y></points><label>3</label><labelname>window</labelname><flag>1</flag></object><object><points><x>0.44751</x><x>0.45538</x><y>0.44727</y><y>0.46973</y></points><label>3</label><labelname>window</labelname><flag>1</flag></object><object><points><x>0.50656</x><x>0.51444</x><y>0.44727</y><y>0.46973</y></points><label>3</label><labelname>window</labelname><flag>1</flag></object><object><points><x>0.56824</x><x>0.5748</x><y>0.44727</y><y>0.4707</y></points><label>3</label><labelname>window</labelname><flag>1</flag></object><object><points><x>0.62861</x><x>0.63648</x><y>0.44727</y><y>0.46973</y></points><label>3</label><labelname>window</labelname><flag>1</flag></object><object><points><x>0.68898</x><x>0.69685</x><y>0.44727</y><y>0.4707</y></points><label>3</label><labelname>window</labelname><flag>1</flag></object><object><points><x>0.74934</x><x>0.75722</x><y>0.44727</y><y>0.46973</y></points><label>3</label><labelname>window</labelname><flag>1</flag></object><object><points><x>0.81102</x><x>0.8189</x><y>0.44727</y><y>0.46973</y></points><label>3</label><labelname>window</labelname><flag>1</flag></object><object><points><x>0.77559</x><x>0.78346</x><y>0.39258</y><y>0.41504</y></points><label>3</label><labelname>window</labelname><flag>1</flag></object><object><points><x>0.71522</x><x>0.7231</x><y>0.39258</y><y>0.41504</y></points><label>3</label><labelname>window</labelname><flag>1</flag></object><object><points><x>0.65486</x><x>0.66273</x><y>0.39258</y><y>0.41504</y></points><label>3</label><labelname>window</labelname><flag>1</flag></object><object><points><x>0.59449</x><x>0.60105</x><y>0.39258</y><y>0.41504</y></points><label>3</label><labelname>window</labelname><flag>1</flag></object><object><points><x>0.53412</x><x>0.54068</x><y>0.3916</y><y>0.41504</y></points><label>3</label><labelname>window</labelname><flag>1</flag></object><object><points><x>0.47244</x><x>0.48031</x><y>0.3916</y><y>0.41504</y></points><label>3</label><labelname>window</labelname><flag>1</flag></object><object><points><x>0.41076</x><x>0.41864</x><y>0.3916</y><y>0.41504</y></points><label>3</label><labelname>window</labelname><flag>1</flag></object><object><points><x>0.3189</x><x>0.32546</x><y>0.39355</y><y>0.41504</y></points><label>3</label><labelname>window</labelname><flag>1</flag></object><object><points><x>0.85564</x><x>0.89895</x><y>0.26855</y><y>0.30371</y></points><label>3</label><labelname>window</labelname><flag>1</flag></object><object><points><x>0.85433</x><x>0.89633</x><y>0.35645</y><y>0.37988</y></points><label>3</label><labelname>window</labelname><flag>1</flag></object><object><points><x>0.85564</x><x>0.89764</x><y>0.31934</y><y>0.3418</y></points><label>3</label><labelname>window</labelname><flag>1</flag></object><object><points><x>0.85302</x><x>0.89501</x><y>0.65625</y><y>0.67969</y></points><label>3</label><labelname>window</labelname><flag>1</flag></object><object><points><x>0.85302</x><x>0.89501</x><y>0.61914</y><y>0.6416</y></points><label>3</label><labelname>window</labelname><flag>1</flag></object><object><points><x>0.85302</x><x>0.89108</x><y>0.86426</y><y>0.88672</y></points><label>3</label><labelname>window</labelname><flag>1</flag></object><object><points><x>0.85302</x><x>0.89633</x><y>0.69238</y><y>0.72754</y></points><label>3</label><labelname>window</labelname><flag>1</flag></object><object><points><x>0.85302</x><x>0.89239</x><y>0.7959</y><y>0.83203</y></points><label>3</label><labelname>window</labelname><flag>1</flag></object><object><points><x>0.85696</x><x>0.89239</x><y>0.74316</y><y>0.7793</y></points><label>3</label><labelname>window</labelname><flag>1</flag></object><object><points><x>0.78609</x><x>0.8189</x><y>0.7959</y><y>0.83203</y></points><label>3</label><labelname>window</labelname><flag>1</flag></object><object><points><x>0.71654</x><x>0.74934</x><y>0.7959</y><y>0.83203</y></points><label>3</label><labelname>window</labelname><flag>1</flag></object><object><points><x>0.64829</x><x>0.6811</x><y>0.79785</y><y>0.83301</y></points><label>3</label><labelname>window</labelname><flag>1</flag></object><object><points><x>0.58136</x><x>0.61417</x><y>0.79688</y><y>0.83203</y></points><label>3</label><labelname>window</labelname><flag>1</flag></object><object><points><x>0.51312</x><x>0.54593</x><y>0.79688</y><y>0.83301</y></points><label>3</label><labelname>window</labelname><flag>1</flag></object><object><points><x>0.79265</x><x>0.82546</x><y>0.74512</y><y>0.78027</y></points><label>3</label><labelname>window</labelname><flag>1</flag></object><object><points><x>0.72703</x><x>0.76115</x><y>0.74512</y><y>0.78027</y></points><label>3</label><labelname>window</labelname><flag>1</flag></object><object><points><x>0.6601</x><x>0.69423</x><y>0.74512</y><y>0.78027</y></points><label>3</label><labelname>window</labelname><flag>1</flag></object><object><points><x>0.59711</x><x>0.63123</x><y>0.74512</y><y>0.78125</y></points><label>3</label><labelname>window</labelname><flag>1</flag></object><object><points><x>0.53937</x><x>0.57218</x><y>0.74609</y><y>0.78223</y></points><label>3</label><labelname>window</labelname><flag>1</flag></object><object><points><x>0.78478</x><x>0.8189</x><y>0.56348</y><y>0.59082</y></points><label>3</label><labelname>window</labelname><flag>1</flag></object><object><points><x>0.79265</x><x>0.82677</x><y>0.53223</y><y>0.55469</y></points><label>3</label><labelname>window</labelname><flag>1</flag></object><object><points><x>0.71785</x><x>0.75066</x><y>0.56543</y><y>0.5918</y></points><label>3</label><labelname>window</labelname><flag>1</flag></object><object><points><x>0.64698</x><x>0.6811</x><y>0.56543</y><y>0.5918</y></points><label>3</label><labelname>window</labelname><flag>1</flag></object><object><points><x>0.58005</x><x>0.61286</x><y>0.56543</y><y>0.5918</y></points><label>3</label><labelname>window</labelname><flag>1</flag></object><object><points><x>0.72966</x><x>0.76247</x><y>0.53223</y><y>0.55469</y></points><label>3</label><labelname>window</labelname><flag>1</flag></object><object><points><x>0.66535</x><x>0.69816</x><y>0.53418</y><y>0.55566</y></points><label>3</label><labelname>window</labelname><flag>1</flag></object><object><points><x>0.60236</x><x>0.63517</x><y>0.5332</y><y>0.55469</y></points><label>3</label><labelname>window</labelname><flag>1</flag></object><object><points><x>0.80052</x><x>0.8294</x><y>0.51855</y><y>0.52539</y></points><label>3</label><labelname>window</labelname><flag>1</flag></object><object><points><x>0.73885</x><x>0.76772</x><y>0.51758</y><y>0.52539</y></points><label>3</label><labelname>window</labelname><flag>1</flag></object><object><points><x>0.67848</x><x>0.70604</x><y>0.51758</y><y>0.52539</y></points><label>3</label><labelname>window</labelname><flag>1</flag></object><object><points><x>0.61549</x><x>0.64304</x><y>0.51855</y><y>0.52539</y></points><label>3</label><labelname>window</labelname><flag>1</flag></object><object><points><x>0.55512</x><x>0.58268</x><y>0.51855</y><y>0.52539</y></points><label>3</label><labelname>window</labelname><flag>1</flag></object><object><points><x>0.49344</x><x>0.52231</x><y>0.51855</y><y>0.52637</y></points><label>3</label><labelname>window</labelname><flag>1</flag></object><object><points><x>0.43176</x><x>0.45932</x><y>0.51855</y><y>0.52539</y></points><label>3</label><labelname>window</labelname><flag>1</flag></object><object><points><x>0.25853</x><x>0.26772</x><y>0.17871</y><y>0.19727</y></points><label>3</label><labelname>window</labelname><flag>1</flag></object><object><points><x>0.85827</x><x>0.90157</x><y>0.12012</y><y>0.15527</y></points><label>3</label><labelname>window</labelname><flag>1</flag></object><object><points><x>0.85827</x><x>0.90026</x><y>0.081055</y><y>0.10352</y></points><label>3</label><labelname>window</labelname><flag>1</flag></object><object><points><x>0.23491</x><x>0.28084</x><y>0.24609</y><y>0.40039</y></points><label>10</label><labelname>molding</labelname><flag>1</flag></object><object><points><x>0.15486</x><x>0.91995</x><y>0.24414</y><y>0.40137</y></points><label>2</label><labelname>facade</labelname><flag>1</flag></object><object><points><x>0.1378</x><x>0.9042</x><y>0.00097656</y><y>0.16699</y></points><label>2</label><labelname>facade</labelname><flag>1</flag></object><object><points><x>0.15879</x><x>0.91207</x><y>0.84473</y><y>0.99805</y></points><label>2</label><labelname>facade</labelname><flag>1</flag></object><object><points><x>0.30577</x><x>0.35171</x><y>0.24707</y><y>0.40039</y></points><label>10</label><labelname>molding</labelname><flag>1</flag></object><object><points><x>0.37927</x><x>0.4252</x><y>0.24805</y><y>0.40137</y></points><label>10</label><labelname>molding</labelname><flag>1</flag></object><object><points><x>0.81102</x><x>0.85696</x><y>0.24512</y><y>0.40137</y></points><label>10</label><labelname>molding</labelname><flag>1</flag></object><object><points><x>0.74016</x><x>0.78609</x><y>0.24512</y><y>0.40137</y></points><label>10</label><labelname>molding</labelname><flag>1</flag></object><object><points><x>0.66929</x><x>0.71522</x><y>0.24707</y><y>0.40039</y></points><label>10</label><labelname>molding</labelname><flag>1</flag></object><object><points><x>0.59449</x><x>0.64042</x><y>0.24707</y><y>0.40039</y></points><label>10</label><labelname>molding</labelname><flag>1</flag></object><object><points><x>0.52493</x><x>0.57087</x><y>0.24609</y><y>0.40039</y></points><label>10</label><labelname>molding</labelname><flag>1</flag></object><object><points><x>0.45144</x><x>0.49738</x><y>0.24512</y><y>0.40137</y></points><label>10</label><labelname>molding</labelname><flag>1</flag></object><object><points><x>0.80971</x><x>0.85564</x><y>0.59961</y><y>0.75195</y></points><label>10</label><labelname>molding</labelname><flag>1</flag></object><object><points><x>0.73885</x><x>0.78478</x><y>0.59961</y><y>0.75098</y></points><label>10</label><labelname>molding</labelname><flag>1</flag></object><object><points><x>0.66667</x><x>0.7126</x><y>0.59668</y><y>0.74902</y></points><label>10</label><labelname>molding</labelname><flag>1</flag></object><object><points><x>0.5958</x><x>0.64173</x><y>0.59961</y><y>0.75195</y></points><label>10</label><labelname>molding</labelname><flag>1</flag></object><object><points><x>0.52493</x><x>0.57087</x><y>0.59863</y><y>0.75</y></points><label>10</label><labelname>molding</labelname><flag>1</flag></object><object><points><x>0.45276</x><x>0.49869</x><y>0.59961</y><y>0.75195</y></points><label>10</label><labelname>molding</labelname><flag>1</flag></object><object><points><x>0.38189</x><x>0.42782</x><y>0.59863</y><y>0.75</y></points><label>10</label><labelname>molding</labelname><flag>1</flag></object><object><points><x>0.31234</x><x>0.35827</x><y>0.59766</y><y>0.74902</y></points><label>10</label><labelname>molding</labelname><flag>1</flag></object><object><points><x>0.23885</x><x>0.28478</x><y>0.59766</y><y>0.74902</y></points><label>10</label><labelname>molding</labelname><flag>1</flag></object><object><points><x>0.24278</x><x>0.28871</x><y>0.84766</y><y>0.99609</y></points><label>10</label><labelname>molding</labelname><flag>1</flag></object><object><points><x>0.30971</x><x>0.35564</x><y>0.84766</y><y>0.99512</y></points><label>10</label><labelname>molding</labelname><flag>1</flag></object><object><points><x>0.3832</x><x>0.42913</x><y>0.84668</y><y>0.99414</y></points><label>10</label><labelname>molding</labelname><flag>1</flag></object><object><points><x>0.45538</x><x>0.50131</x><y>0.84863</y><y>0.99609</y></points><label>10</label><labelname>molding</labelname><flag>1</flag></object><object><points><x>0.52625</x><x>0.57218</x><y>0.8457</y><y>0.99316</y></points><label>10</label><labelname>molding</labelname><flag>1</flag></object><object><points><x>0.5958</x><x>0.64173</x><y>0.84863</y><y>0.99609</y></points><label>10</label><labelname>molding</labelname><flag>1</flag></object><object><points><x>0.66798</x><x>0.71391</x><y>0.84863</y><y>0.99609</y></points><label>10</label><labelname>molding</labelname><flag>1</flag></object><object><points><x>0.74016</x><x>0.78609</x><y>0.84766</y><y>0.99512</y></points><label>10</label><labelname>molding</labelname><flag>1</flag></object><object><points><x>0.22966</x><x>0.27822</x><y>0.0039062</y><y>0.16406</y></points><label>10</label><labelname>molding</labelname><flag>1</flag></object><object><points><x>0.30184</x><x>0.35171</x><y>0.0029297</y><y>0.16309</y></points><label>10</label><labelname>molding</labelname><flag>1</flag></object><object><points><x>0.37664</x><x>0.42651</x><y>0.0039062</y><y>0.16406</y></points><label>10</label><labelname>molding</labelname><flag>1</flag></object><object><points><x>0.44882</x><x>0.49738</x><y>0.0048828</y><y>0.16602</y></points><label>10</label><labelname>molding</labelname><flag>1</flag></object><object><points><x>0.521</x><x>0.57087</x><y>0.0048828</y><y>0.16504</y></points><label>10</label><labelname>molding</labelname><flag>1</flag></object><object><points><x>0.62992</x><x>0.67848</x><y>0.0058594</y><y>0.16602</y></points><label>10</label><labelname>molding</labelname><flag>1</flag></object><object><points><x>0.7021</x><x>0.75197</x><y>0.0058594</y><y>0.16602</y></points><label>10</label><labelname>molding</labelname><flag>1</flag></object><object><points><x>0.77559</x><x>0.82415</x><y>0.0048828</y><y>0.16504</y></points><label>10</label><labelname>molding</labelname><flag>1</flag></object><object><points><x>0.84383</x><x>0.90157</x><y>0.14062</y><y>0.14844</y></points><label>11</label><labelname>pillar</labelname><flag>1</flag></object><object><points><x>0.79134</x><x>0.82546</x><y>0.0058594</y><y>0.05957</y></points><label>12</label><labelname>shop</labelname><flag>1</flag></object><object><points><x>0.85958</x><x>0.89239</x><y>0.5625</y><y>0.58984</y></points><label>3</label><labelname>window</labelname><flag>1</flag></object><object><points><x>0.86089</x><x>0.89501</x><y>0.53125</y><y>0.55469</y></points><label>3</label><labelname>window</labelname><flag>1</flag></object><object><points><x>0.86352</x><x>0.89108</x><y>0.51758</y><y>0.52539</y></points><label>3</label><labelname>window</labelname><flag>1</flag></object>