<object><points><x>0.13302</x><x>0.97387</x><y>0.038905</y><y>1</y></points><label>2</label><labelname>facade</labelname><flag>1</flag></object><object><points><x>0.74822</x><x>0.90974</x><y>0.35591</y><y>0.41499</y></points><label>3</label><labelname>window</labelname><flag>1</flag></object><object><points><x>0.74584</x><x>0.90736</x><y>0.53602</y><y>0.5879</y></points><label>3</label><labelname>window</labelname><flag>1</flag></object><object><points><x>0.74347</x><x>0.90261</x><y>0.70317</y><y>0.75504</y></points><label>3</label><labelname>window</labelname><flag>1</flag></object><object><points><x>0.74109</x><x>0.89311</x><y>0.86455</y><y>0.91354</y></points><label>3</label><labelname>window</labelname><flag>1</flag></object><object><points><x>0.49169</x><x>0.65083</x><y>0.16571</y><y>0.22622</y></points><label>3</label><labelname>window</labelname><flag>1</flag></object><object><points><x>0.73159</x><x>0.89549</x><y>0.14841</y><y>0.23775</y></points><label>3</label><labelname>window</labelname><flag>1</flag></object><object><points><x>0.13302</x><x>0.19477</x><y>0.043228</y><y>0.35159</y></points><label>7</label><labelname>balcony</labelname><flag>1</flag></object><object><points><x>0.62945</x><x>0.68409</x><y>0.043228</y><y>0.98991</y></points><label>10</label><labelname>molding</labelname><flag>1</flag></object><object><points><x>0.37292</x><x>0.42755</x><y>0.04611</y><y>0.3415</y></points><label>10</label><labelname>molding</labelname><flag>1</flag></object><object><points><x>0.19715</x><x>0.25653</x><y>0.040346</y><y>0.33573</y></points><label>10</label><labelname>molding</labelname><flag>1</flag></object><object><points><x>0.58432</x><x>0.63895</x><y>0.30836</y><y>0.45677</y></points><label>9</label><labelname>deco</labelname><flag>1</flag></object><object><points><x>0.58907</x><x>0.64371</x><y>0.48271</y><y>0.63112</y></points><label>9</label><labelname>deco</labelname><flag>1</flag></object><object><points><x>0.58432</x><x>0.64133</x><y>0.65274</y><y>0.99568</y></points><label>9</label><labelname>deco</labelname><flag>1</flag></object>