<object><points><x>0.10079</x><x>0.917</x><y>0.0028944</y><y>1</y></points><label>2</label><labelname>facade</labelname><flag>1</flag></object><object><points><x>0.21344</x><x>0.37747</x><y>0.23734</y><y>0.37337</y></points><label>3</label><labelname>window</labelname><flag>1</flag></object><object><points><x>0.21739</x><x>0.37945</x><y>0.095514</y><y>0.22721</y></points><label>3</label><labelname>window</labelname><flag>1</flag></object><object><points><x>0.21937</x><x>0.37747</x><y>0.0057887</y><y>0.086831</y></points><label>3</label><labelname>window</labelname><flag>1</flag></object><object><points><x>0.20949</x><x>0.37352</x><y>0.3864</y><y>0.52243</y></points><label>3</label><labelname>window</labelname><flag>1</flag></object><object><points><x>0.20949</x><x>0.37352</x><y>0.53835</y><y>0.67438</y></points><label>3</label><labelname>window</labelname><flag>1</flag></object><object><points><x>0.20751</x><x>0.37154</x><y>0.68596</y><y>0.822</y></points><label>3</label><labelname>window</labelname><flag>1</flag></object><object><points><x>0.20949</x><x>0.37352</x><y>0.83647</y><y>0.9725</y></points><label>3</label><labelname>window</labelname><flag>1</flag></object><object><points><x>0.49209</x><x>0.65613</x><y>0.3864</y><y>0.52243</y></points><label>3</label><labelname>window</labelname><flag>1</flag></object><object><points><x>0.49012</x><x>0.65415</x><y>0.24023</y><y>0.37627</y></points><label>3</label><labelname>window</labelname><flag>1</flag></object><object><points><x>0.49209</x><x>0.65613</x><y>0.1013</y><y>0.22721</y></points><label>3</label><labelname>window</labelname><flag>1</flag></object><object><points><x>0.49012</x><x>0.64822</x><y>0.011577</y><y>0.088278</y></points><label>3</label><labelname>window</labelname><flag>1</flag></object><object><points><x>0.49209</x><x>0.65613</x><y>0.53546</y><y>0.67149</y></points><label>3</label><labelname>window</labelname><flag>1</flag></object><object><points><x>0.49012</x><x>0.65415</x><y>0.68886</y><y>0.82344</y></points><label>3</label><labelname>window</labelname><flag>1</flag></object><object><points><x>0.49209</x><x>0.65613</x><y>0.83792</y><y>0.97395</y></points><label>3</label><labelname>window</labelname><flag>1</flag></object><object><points><x>0.74704</x><x>0.91107</x><y>0.24168</y><y>0.37771</y></points><label>3</label><labelname>window</labelname><flag>1</flag></object><object><points><x>0.74901</x><x>0.91304</x><y>0.10564</y><y>0.233</y></points><label>3</label><labelname>window</labelname><flag>1</flag></object><object><points><x>0.74111</x><x>0.89921</x><y>0.014472</y><y>0.091172</y></points><label>3</label><labelname>window</labelname><flag>1</flag></object><object><points><x>0.74506</x><x>0.90909</x><y>0.39074</y><y>0.52677</y></points><label>3</label><labelname>window</labelname><flag>1</flag></object><object><points><x>0.74308</x><x>0.90711</x><y>0.53835</y><y>0.67438</y></points><label>3</label><labelname>window</labelname><flag>1</flag></object><object><points><x>0.74308</x><x>0.90711</x><y>0.68596</y><y>0.822</y></points><label>3</label><labelname>window</labelname><flag>1</flag></object><object><points><x>0.74308</x><x>0.90711</x><y>0.83502</y><y>0.97106</y></points><label>3</label><labelname>window</labelname><flag>1</flag></object><object><points><x>0.2253</x><x>0.33794</x><y>0.0072359</y><y>0.082489</y></points><label>8</label><labelname>blind</labelname><flag>1</flag></object><object><points><x>0.22134</x><x>0.35968</x><y>0.1013</y><y>0.22576</y></points><label>8</label><labelname>blind</labelname><flag>1</flag></object><object><points><x>0.21146</x><x>0.33004</x><y>0.68741</y><y>0.8191</y></points><label>8</label><labelname>blind</labelname><flag>1</flag></object><object><points><x>0.21344</x><x>0.33399</x><y>0.83936</y><y>0.96961</y></points><label>8</label><labelname>blind</labelname><flag>1</flag></object><object><points><x>0.49407</x><x>0.63636</x><y>0.83936</y><y>0.97106</y></points><label>8</label><labelname>blind</labelname><flag>1</flag></object><object><points><x>0.49407</x><x>0.63636</x><y>0.6903</y><y>0.82055</y></points><label>8</label><labelname>blind</labelname><flag>1</flag></object><object><points><x>0.49605</x><x>0.63636</x><y>0.5369</y><y>0.6686</y></points><label>8</label><labelname>blind</labelname><flag>1</flag></object><object><points><x>0.49605</x><x>0.63834</x><y>0.38784</y><y>0.51954</y></points><label>8</label><labelname>blind</labelname><flag>1</flag></object><object><points><x>0.49209</x><x>0.60079</x><y>0.24313</y><y>0.37337</y></points><label>8</label><labelname>blind</labelname><flag>1</flag></object><object><points><x>0.77075</x><x>0.84585</x><y>0.54414</y><y>0.66715</y></points><label>8</label><labelname>blind</labelname><flag>1</flag></object>