<object><points><x>0.025391</x><x>0.98047</x><y>0.057339</y><y>0.97592</y></points><label>2</label><labelname>facade</labelname><flag>1</flag></object><object><points><x>0.11816</x><x>0.19824</x><y>0.13647</y><y>0.20986</y></points><label>3</label><labelname>window</labelname><flag>1</flag></object><object><points><x>0.28027</x><x>0.36035</x><y>0.13303</y><y>0.20757</y></points><label>3</label><labelname>window</labelname><flag>1</flag></object><object><points><x>0.12012</x><x>0.2002</x><y>0.52408</y><y>0.59633</y></points><label>3</label><labelname>window</labelname><flag>1</flag></object><object><points><x>0.28027</x><x>0.36133</x><y>0.52179</y><y>0.59404</y></points><label>3</label><labelname>window</labelname><flag>1</flag></object><object><points><x>0.44336</x><x>0.52539</x><y>0.51835</y><y>0.59174</y></points><label>3</label><labelname>window</labelname><flag>1</flag></object><object><points><x>0.44238</x><x>0.52441</x><y>0.12844</y><y>0.20183</y></points><label>3</label><labelname>window</labelname><flag>1</flag></object><object><points><x>0.60645</x><x>0.6875</x><y>0.13073</y><y>0.20757</y></points><label>3</label><labelname>window</labelname><flag>1</flag></object><object><points><x>0.60547</x><x>0.68652</x><y>0.5195</y><y>0.59518</y></points><label>3</label><labelname>window</labelname><flag>1</flag></object><object><points><x>0.76465</x><x>0.85352</x><y>0.11583</y><y>0.19266</y></points><label>3</label><labelname>window</labelname><flag>1</flag></object><object><points><x>0.76367</x><x>0.85156</x><y>0.51491</y><y>0.5883</y></points><label>3</label><labelname>window</labelname><flag>1</flag></object><object><points><x>0.11914</x><x>0.19824</x><y>0.29358</y><y>0.34289</y></points><label>3</label><labelname>window</labelname><flag>1</flag></object><object><points><x>0.11914</x><x>0.19824</x><y>0.38991</y><y>0.43922</y></points><label>3</label><labelname>window</labelname><flag>1</flag></object><object><points><x>0.28027</x><x>0.35938</x><y>0.29128</y><y>0.3406</y></points><label>3</label><labelname>window</labelname><flag>1</flag></object><object><points><x>0.28027</x><x>0.36133</x><y>0.38761</y><y>0.43578</y></points><label>3</label><labelname>window</labelname><flag>1</flag></object><object><points><x>0.44238</x><x>0.52441</x><y>0.38647</y><y>0.43463</y></points><label>3</label><labelname>window</labelname><flag>1</flag></object><object><points><x>0.44141</x><x>0.52539</x><y>0.28784</y><y>0.33486</y></points><label>3</label><labelname>window</labelname><flag>1</flag></object><object><points><x>0.60254</x><x>0.68555</x><y>0.38188</y><y>0.43234</y></points><label>3</label><labelname>window</labelname><flag>1</flag></object><object><points><x>0.60352</x><x>0.6875</x><y>0.2844</y><y>0.33372</y></points><label>3</label><labelname>window</labelname><flag>1</flag></object><object><points><x>0.24414</x><x>0.33203</x><y>0.76606</y><y>0.82913</y></points><label>3</label><labelname>window</labelname><flag>1</flag></object><object><points><x>0.41699</x><x>0.50391</x><y>0.76032</y><y>0.82454</y></points><label>3</label><labelname>window</labelname><flag>1</flag></object><object><points><x>0.58691</x><x>0.67578</x><y>0.76147</y><y>0.82683</y></points><label>3</label><labelname>window</labelname><flag>1</flag></object><object><points><x>0.7627</x><x>0.85059</x><y>0.78096</y><y>0.8406</y></points><label>3</label><labelname>window</labelname><flag>1</flag></object><object><points><x>0.91895</x><x>0.9707</x><y>0.78211</y><y>0.83257</y></points><label>3</label><labelname>window</labelname><flag>1</flag></object><object><points><x>0.91797</x><x>0.96973</x><y>0.50917</y><y>0.58945</y></points><label>3</label><labelname>window</labelname><flag>1</flag></object><object><points><x>0.91992</x><x>0.97266</x><y>0.12041</y><y>0.17431</y></points><label>3</label><labelname>window</labelname><flag>1</flag></object><object><points><x>0.42578</x><x>0.51367</x><y>0.88073</y><y>0.89679</y></points><label>3</label><labelname>window</labelname><flag>1</flag></object><object><points><x>0.25488</x><x>0.35254</x><y>0.88073</y><y>0.89794</y></points><label>3</label><labelname>window</labelname><flag>1</flag></object><object><points><x>0.5918</x><x>0.68262</x><y>0.87959</y><y>0.89679</y></points><label>3</label><labelname>window</labelname><flag>1</flag></object><object><points><x>0.12207</x><x>0.16016</x><y>0.78096</y><y>0.85436</y></points><label>3</label><labelname>window</labelname><flag>1</flag></object><object><points><x>0.84961</x><x>0.97656</x><y>0.31881</y><y>0.39908</y></points><label>4</label><labelname>door</labelname><flag>1</flag></object><object><points><x>0.23926</x><x>0.3125</x><y>0.11353</y><y>0.22248</y></points><label>5</label><labelname>cornice</labelname><flag>1</flag></object><object><points><x>0.23926</x><x>0.3125</x><y>0.27408</y><y>0.36124</y></points><label>5</label><labelname>cornice</labelname><flag>1</flag></object><object><points><x>0.23926</x><x>0.31348</x><y>0.37041</y><y>0.45413</y></points><label>5</label><labelname>cornice</labelname><flag>1</flag></object><object><points><x>0.23926</x><x>0.31152</x><y>0.50459</y><y>0.60894</y></points><label>5</label><labelname>cornice</labelname><flag>1</flag></object><object><points><x>0.39746</x><x>0.45508</x><y>0.095183</y><y>0.22592</y></points><label>5</label><labelname>cornice</labelname><flag>1</flag></object><object><points><x>0.36914</x><x>0.4541</x><y>0.25917</y><y>0.46101</y></points><label>5</label><labelname>cornice</labelname><flag>1</flag></object><object><points><x>0.39941</x><x>0.45703</x><y>0.49197</y><y>0.61583</y></points><label>5</label><labelname>cornice</labelname><flag>1</flag></object><object><points><x>0.37012</x><x>0.42383</x><y>0.74541</y><y>0.83945</y></points><label>5</label><labelname>cornice</labelname><flag>1</flag></object><object><points><x>0.16797</x><x>0.23926</x><y>0.71674</y><y>0.86468</y></points><label>5</label><labelname>cornice</labelname><flag>1</flag></object><object><points><x>0.19434</x><x>0.22949</x><y>0.11697</y><y>0.22133</y></points><label>6</label><labelname>sill</labelname><flag>1</flag></object><object><points><x>0.19531</x><x>0.23145</x><y>0.27523</y><y>0.3555</y></points><label>6</label><labelname>sill</labelname><flag>1</flag></object><object><points><x>0.19531</x><x>0.22949</x><y>0.37041</y><y>0.45069</y></points><label>6</label><labelname>sill</labelname><flag>1</flag></object><object><points><x>0.19629</x><x>0.22949</x><y>0.50573</y><y>0.61009</y></points><label>6</label><labelname>sill</labelname><flag>1</flag></object><object><points><x>0.35742</x><x>0.39746</x><y>0.11927</y><y>0.20757</y></points><label>6</label><labelname>sill</labelname><flag>1</flag></object><object><points><x>0.3584</x><x>0.39551</x><y>0.27638</y><y>0.35092</y></points><label>6</label><labelname>sill</labelname><flag>1</flag></object><object><points><x>0.3584</x><x>0.39746</x><y>0.37615</y><y>0.44954</y></points><label>6</label><labelname>sill</labelname><flag>1</flag></object><object><points><x>0.35645</x><x>0.40137</x><y>0.50344</y><y>0.60665</y></points><label>6</label><labelname>sill</labelname><flag>1</flag></object><object><points><x>0.52148</x><x>0.55957</x><y>0.11009</y><y>0.22592</y></points><label>6</label><labelname>sill</labelname><flag>1</flag></object><object><points><x>0.51953</x><x>0.55566</x><y>0.26835</y><y>0.35321</y></points><label>6</label><labelname>sill</labelname><flag>1</flag></object><object><points><x>0.52051</x><x>0.55762</x><y>0.36583</y><y>0.45183</y></points><label>6</label><labelname>sill</labelname><flag>1</flag></object><object><points><x>0.52148</x><x>0.5625</x><y>0.50115</y><y>0.60894</y></points><label>6</label><labelname>sill</labelname><flag>1</flag></object><object><points><x>0.49902</x><x>0.53906</x><y>0.74771</y><y>0.83945</y></points><label>6</label><labelname>sill</labelname><flag>1</flag></object><object><points><x>0.84766</x><x>0.88867</x><y>0.09289</y><y>0.2156</y></points><label>6</label><labelname>sill</labelname><flag>1</flag></object><object><points><x>0.84863</x><x>0.88672</x><y>0.49656</y><y>0.60665</y></points><label>6</label><labelname>sill</labelname><flag>1</flag></object><object><points><x>0.8457</x><x>0.89062</x><y>0.75917</y><y>0.8578</y></points><label>6</label><labelname>sill</labelname><flag>1</flag></object><object><points><x>0.68555</x><x>0.72461</x><y>0.11009</y><y>0.20757</y></points><label>7</label><labelname>balcony</labelname><flag>1</flag></object><object><points><x>0.68359</x><x>0.72461</x><y>0.27064</y><y>0.34748</y></points><label>7</label><labelname>balcony</labelname><flag>1</flag></object><object><points><x>0.68457</x><x>0.72266</x><y>0.36812</y><y>0.4461</y></points><label>7</label><labelname>balcony</labelname><flag>1</flag></object><object><points><x>0.68359</x><x>0.72559</x><y>0.50573</y><y>0.60206</y></points><label>7</label><labelname>balcony</labelname><flag>1</flag></object><object><points><x>0.67285</x><x>0.71094</x><y>0.75</y><y>0.83142</y></points><label>7</label><labelname>balcony</labelname><flag>1</flag></object><object><points><x>0.15332</x><x>0.2334</x><y>0.68807</y><y>0.93463</y></points><label>7</label><labelname>balcony</labelname><flag>1</flag></object><object><points><x>0.55078</x><x>0.58301</x><y>0.75459</y><y>0.83257</y></points><label>9</label><labelname>deco</labelname><flag>1</flag></object><object><points><x>0.55664</x><x>0.59082</x><y>0.85894</y><y>0.92317</y></points><label>9</label><labelname>deco</labelname><flag>1</flag></object><object><points><x>0.55859</x><x>0.59668</x><y>0.70183</y><y>0.72477</y></points><label>9</label><labelname>deco</labelname><flag>1</flag></object><object><points><x>0.57031</x><x>0.60059</x><y>0.13532</y><y>0.19495</y></points><label>9</label><labelname>deco</labelname><flag>1</flag></object><object><points><x>0.57227</x><x>0.60156</x><y>0.2672</y><y>0.35092</y></points><label>9</label><labelname>deco</labelname><flag>1</flag></object><object><points><x>0.57227</x><x>0.60254</x><y>0.36583</y><y>0.45069</y></points><label>9</label><labelname>deco</labelname><flag>1</flag></object><object><points><x>0.56934</x><x>0.60254</x><y>0.52867</y><y>0.58257</y></points><label>9</label><labelname>deco</labelname><flag>1</flag></object><object><points><x>0.73145</x><x>0.75488</x><y>0.45183</y><y>0.49771</y></points><label>9</label><labelname>deco</labelname><flag>1</flag></object><object><points><x>0.7334</x><x>0.75293</x><y>0.6078</y><y>0.65138</y></points><label>9</label><labelname>deco</labelname><flag>1</flag></object><object><points><x>0.73145</x><x>0.75586</x><y>0.2156</y><y>0.2695</y></points><label>9</label><labelname>deco</labelname><flag>1</flag></object><object><points><x>0.73047</x><x>0.75586</x><y>0.057339</y><y>0.1055</y></points><label>9</label><labelname>deco</labelname><flag>1</flag></object><object><points><x>0.8125</x><x>0.85059</x><y>0.29014</y><y>0.41514</y></points><label>9</label><labelname>deco</labelname><flag>1</flag></object><object><points><x>0.02832</x><x>0.1123</x><y>0.061927</y><y>0.9656</y></points><label>10</label><labelname>molding</labelname><flag>1</flag></object><object><points><x>0.21777</x><x>0.30859</x><y>0.066514</y><y>0.97133</y></points><label>10</label><labelname>molding</labelname><flag>1</flag></object><object><points><x>0.51758</x><x>0.5752</x><y>0.063073</y><y>0.96904</y></points><label>10</label><labelname>molding</labelname><flag>1</flag></object><object><points><x>0.68262</x><x>0.73926</x><y>0.065367</y><y>0.97706</y></points><label>10</label><labelname>molding</labelname><flag>1</flag></object><object><points><x>0.30176</x><x>0.51465</x><y>0.22936</y><y>0.26147</y></points><label>11</label><labelname>pillar</labelname><flag>1</flag></object><object><points><x>0.30176</x><x>0.51465</x><y>0.072248</y><y>0.097477</y></points><label>11</label><labelname>pillar</labelname><flag>1</flag></object><object><points><x>0.30078</x><x>0.51367</x><y>0.46216</y><y>0.48968</y></points><label>11</label><labelname>pillar</labelname><flag>1</flag></object><object><points><x>0.30176</x><x>0.5127</x><y>0.62156</y><y>0.64908</y></points><label>11</label><labelname>pillar</labelname><flag>1</flag></object><object><points><x>0.30176</x><x>0.5127</x><y>0.65367</y><y>0.68349</y></points><label>11</label><labelname>pillar</labelname><flag>1</flag></object><object><points><x>0.10449</x><x>0.20605</x><y>0.66055</y><y>0.68463</y></points><label>11</label><labelname>pillar</labelname><flag>1</flag></object><object><points><x>0.10645</x><x>0.20605</x><y>0.62729</y><y>0.65138</y></points><label>11</label><labelname>pillar</labelname><flag>1</flag></object><object><points><x>0.10449</x><x>0.15918</x><y>0.72133</y><y>0.75688</y></points><label>11</label><labelname>pillar</labelname><flag>1</flag></object><object><points><x>0.10352</x><x>0.2002</x><y>0.46789</y><y>0.49312</y></points><label>11</label><labelname>pillar</labelname><flag>1</flag></object><object><points><x>0.10254</x><x>0.20508</x><y>0.23624</y><y>0.26261</y></points><label>11</label><labelname>pillar</labelname><flag>1</flag></object><object><points><x>0.10254</x><x>0.2041</x><y>0.075688</y><y>0.10436</y></points><label>11</label><labelname>pillar</labelname><flag>1</flag></object><object><points><x>0.10742</x><x>0.20117</x><y>0.94839</y><y>0.97477</y></points><label>11</label><labelname>pillar</labelname><flag>1</flag></object><object><points><x>0.10449</x><x>0.18848</x><y>0.87615</y><y>0.9117</y></points><label>11</label><labelname>pillar</labelname><flag>1</flag></object><object><points><x>0.083008</x><x>0.10449</x><y>0.76032</y><y>0.87615</y></points><label>9</label><labelname>deco</labelname><flag>1</flag></object><object><points><x>0.2041</x><x>0.22852</x><y>0.073394</y><y>0.10436</y></points><label>11</label><labelname>pillar</labelname><flag>1</flag></object><object><points><x>0.2041</x><x>0.22852</x><y>0.2328</y><y>0.26491</y></points><label>11</label><labelname>pillar</labelname><flag>1</flag></object><object><points><x>0.20117</x><x>0.22852</x><y>0.46445</y><y>0.49427</y></points><label>11</label><labelname>pillar</labelname><flag>1</flag></object><object><points><x>0.20605</x><x>0.22852</x><y>0.62271</y><y>0.65252</y></points><label>11</label><labelname>pillar</labelname><flag>1</flag></object><object><points><x>0.20605</x><x>0.22852</x><y>0.65711</y><y>0.68578</y></points><label>11</label><labelname>pillar</labelname><flag>1</flag></object><object><points><x>0.20215</x><x>0.23047</x><y>0.94725</y><y>0.97477</y></points><label>11</label><labelname>pillar</labelname><flag>1</flag></object><object><points><x>0.51465</x><x>0.56055</x><y>0.066514</y><y>0.099771</y></points><label>11</label><labelname>pillar</labelname><flag>1</flag></object><object><points><x>0.51465</x><x>0.56055</x><y>0.22477</y><y>0.26147</y></points><label>11</label><labelname>pillar</labelname><flag>1</flag></object><object><points><x>0.51465</x><x>0.56055</x><y>0.45986</y><y>0.49083</y></points><label>11</label><labelname>pillar</labelname><flag>1</flag></object><object><points><x>0.5127</x><x>0.55957</x><y>0.65023</y><y>0.68578</y></points><label>11</label><labelname>pillar</labelname><flag>1</flag></object><object><points><x>0.51465</x><x>0.55957</x><y>0.61697</y><y>0.64794</y></points><label>11</label><labelname>pillar</labelname><flag>1</flag></object><object><points><x>0.070312</x><x>0.10254</x><y>0.075688</y><y>0.10665</y></points><label>11</label><labelname>pillar</labelname><flag>1</flag></object><object><points><x>0.069336</x><x>0.10156</x><y>0.23509</y><y>0.26606</y></points><label>11</label><labelname>pillar</labelname><flag>1</flag></object><object><points><x>0.069336</x><x>0.10352</x><y>0.4633</y><y>0.49771</y></points><label>11</label><labelname>pillar</labelname><flag>1</flag></object><object><points><x>0.072266</x><x>0.10645</x><y>0.62271</y><y>0.65367</y></points><label>11</label><labelname>pillar</labelname><flag>1</flag></object><object><points><x>0.071289</x><x>0.10449</x><y>0.65826</y><y>0.68807</y></points><label>11</label><labelname>pillar</labelname><flag>1</flag></object><object><points><x>0.070312</x><x>0.10352</x><y>0.71904</y><y>0.76032</y></points><label>11</label><labelname>pillar</labelname><flag>1</flag></object><object><points><x>0.069336</x><x>0.10352</x><y>0.875</y><y>0.91399</y></points><label>11</label><labelname>pillar</labelname><flag>1</flag></object><object><points><x>0.30371</x><x>0.5127</x><y>0.94495</y><y>0.97477</y></points><label>11</label><labelname>pillar</labelname><flag>1</flag></object><object><points><x>0.5127</x><x>0.56641</x><y>0.94037</y><y>0.97477</y></points><label>11</label><labelname>pillar</labelname><flag>1</flag></object><object><points><x>0.27148</x><x>0.30371</x><y>0.94495</y><y>0.97362</y></points><label>11</label><labelname>pillar</labelname><flag>1</flag></object><object><points><x>0.26855</x><x>0.30078</x><y>0.65138</y><y>0.68693</y></points><label>11</label><labelname>pillar</labelname><flag>1</flag></object><object><points><x>0.26855</x><x>0.30273</x><y>0.61812</y><y>0.65023</y></points><label>11</label><labelname>pillar</labelname><flag>1</flag></object><object><points><x>0.27051</x><x>0.30176</x><y>0.45757</y><y>0.49771</y></points><label>11</label><labelname>pillar</labelname><flag>1</flag></object><object><points><x>0.26953</x><x>0.30176</x><y>0.22477</y><y>0.2672</y></points><label>11</label><labelname>pillar</labelname><flag>1</flag></object><object><points><x>0.27051</x><x>0.30176</x><y>0.066514</y><y>0.1055</y></points><label>11</label><labelname>pillar</labelname><flag>1</flag></object>