<object><points><x>0.2002</x><x>0.26562</x><y>0.27083</y><y>0.35026</y></points><label>3</label><labelname>window</labelname><flag>1</flag></object><object><points><x>0.34766</x><x>0.41309</x><y>0.26172</y><y>0.30339</y></points><label>3</label><labelname>window</labelname><flag>1</flag></object><object><points><x>0.34766</x><x>0.41406</x><y>0.32031</y><y>0.36198</y></points><label>3</label><labelname>window</labelname><flag>1</flag></object><object><points><x>0.30371</x><x>0.3457</x><y>0.23828</y><y>0.38411</y></points><label>5</label><labelname>cornice</labelname><flag>1</flag></object><object><points><x>0.47559</x><x>0.49414</x><y>0.24219</y><y>0.38021</y></points><label>5</label><labelname>cornice</labelname><flag>1</flag></object><object><points><x>0.61426</x><x>0.65527</x><y>0.23307</y><y>0.39193</y></points><label>5</label><labelname>cornice</labelname><flag>1</flag></object><object><points><x>0.49609</x><x>0.56348</x><y>0.26302</y><y>0.30469</y></points><label>3</label><labelname>window</labelname><flag>1</flag></object><object><points><x>0.49707</x><x>0.56348</x><y>0.32031</y><y>0.36458</y></points><label>3</label><labelname>window</labelname><flag>1</flag></object><object><points><x>0.65039</x><x>0.68164</x><y>0.26172</y><y>0.30729</y></points><label>3</label><labelname>window</labelname><flag>1</flag></object><object><points><x>0.65039</x><x>0.68164</x><y>0.31771</y><y>0.36458</y></points><label>3</label><labelname>window</labelname><flag>1</flag></object><object><points><x>0.68848</x><x>0.74414</x><y>0.26172</y><y>0.30729</y></points><label>3</label><labelname>window</labelname><flag>1</flag></object><object><points><x>0.68848</x><x>0.74414</x><y>0.31771</y><y>0.36458</y></points><label>3</label><labelname>window</labelname><flag>1</flag></object><object><points><x>0.64941</x><x>0.7334</x><y>0.42578</y><y>0.50911</y></points><label>3</label><labelname>window</labelname><flag>1</flag></object><object><points><x>0.62598</x><x>0.65039</x><y>0.57292</y><y>0.59375</y></points><label>3</label><labelname>window</labelname><flag>1</flag></object><object><points><x>0.62598</x><x>0.65039</x><y>0.60547</y><y>0.64583</y></points><label>3</label><labelname>window</labelname><flag>1</flag></object><object><points><x>0.62598</x><x>0.65039</x><y>0.65755</y><y>0.67969</y></points><label>3</label><labelname>window</labelname><flag>1</flag></object><object><points><x>0.65918</x><x>0.73145</x><y>0.57292</y><y>0.59505</y></points><label>3</label><labelname>window</labelname><flag>1</flag></object><object><points><x>0.65918</x><x>0.73145</x><y>0.60547</y><y>0.64714</y></points><label>3</label><labelname>window</labelname><flag>1</flag></object><object><points><x>0.65918</x><x>0.73145</x><y>0.65755</y><y>0.67969</y></points><label>3</label><labelname>window</labelname><flag>1</flag></object><object><points><x>0.64941</x><x>0.74316</x><y>0.71224</y><y>0.77734</y></points><label>3</label><labelname>window</labelname><flag>1</flag></object><object><points><x>0.49512</x><x>0.56348</x><y>0.76693</y><y>0.78516</y></points><label>3</label><labelname>window</labelname><flag>1</flag></object><object><points><x>0.34863</x><x>0.41406</x><y>0.75911</y><y>0.78255</y></points><label>3</label><labelname>window</labelname><flag>1</flag></object><object><points><x>0.20508</x><x>0.22754</x><y>0.69271</y><y>0.74219</y></points><label>3</label><labelname>window</labelname><flag>1</flag></object><object><points><x>0.15039</x><x>0.21484</x><y>0.60417</y><y>0.65625</y></points><label>3</label><labelname>window</labelname><flag>1</flag></object><object><points><x>0.20117</x><x>0.22461</x><y>0.45573</y><y>0.54036</y></points><label>3</label><labelname>window</labelname><flag>1</flag></object><object><points><x>0.34863</x><x>0.41406</x><y>0.42057</y><y>0.46615</y></points><label>3</label><labelname>window</labelname><flag>1</flag></object><object><points><x>0.49512</x><x>0.56445</x><y>0.42318</y><y>0.46615</y></points><label>3</label><labelname>window</labelname><flag>1</flag></object><object><points><x>0.30859</x><x>0.37891</x><y>0.52474</y><y>0.58464</y></points><label>3</label><labelname>window</labelname><flag>1</flag></object><object><points><x>0.30859</x><x>0.37891</x><y>0.66406</y><y>0.72396</y></points><label>3</label><labelname>window</labelname><flag>1</flag></object><object><points><x>0.46777</x><x>0.49121</x><y>0.65625</y><y>0.6901</y></points><label>3</label><labelname>window</labelname><flag>1</flag></object><object><points><x>0.46777</x><x>0.49023</x><y>0.69792</y><y>0.73047</y></points><label>3</label><labelname>window</labelname><flag>1</flag></object><object><points><x>0.49805</x><x>0.54004</x><y>0.69922</y><y>0.73047</y></points><label>3</label><labelname>window</labelname><flag>1</flag></object><object><points><x>0.49707</x><x>0.54004</x><y>0.65755</y><y>0.6875</y></points><label>3</label><labelname>window</labelname><flag>1</flag></object><object><points><x>0.46875</x><x>0.49121</x><y>0.51953</y><y>0.55078</y></points><label>3</label><labelname>window</labelname><flag>1</flag></object><object><points><x>0.46875</x><x>0.49121</x><y>0.5599</y><y>0.59245</y></points><label>3</label><labelname>window</labelname><flag>1</flag></object><object><points><x>0.49707</x><x>0.54004</x><y>0.51953</y><y>0.55078</y></points><label>3</label><labelname>window</labelname><flag>1</flag></object><object><points><x>0.49707</x><x>0.54004</x><y>0.5599</y><y>0.59245</y></points><label>3</label><labelname>window</labelname><flag>1</flag></object><object><points><x>0.83887</x><x>0.97266</x><y>0.70573</y><y>0.80729</y></points><label>4</label><labelname>door</labelname><flag>1</flag></object><object><points><x>0.84082</x><x>0.98047</x><y>0.40625</y><y>0.50781</y></points><label>4</label><labelname>door</labelname><flag>1</flag></object><object><points><x>0.83984</x><x>0.95801</x><y>0.55599</y><y>0.65755</y></points><label>3</label><labelname>window</labelname><flag>1</flag></object><object><points><x>0.8418</x><x>0.95898</x><y>0.25391</y><y>0.35807</y></points><label>3</label><labelname>window</labelname><flag>1</flag></object><object><points><x>0.011719</x><x>0.98242</x><y>0.21094</y><y>0.99609</y></points><label>2</label><labelname>facade</labelname><flag>1</flag></object><object><points><x>0.2041</x><x>0.26953</x><y>0.85156</y><y>0.93099</y></points><label>3</label><labelname>window</labelname><flag>1</flag></object><object><points><x>0.30469</x><x>0.34375</x><y>0.81901</y><y>0.97005</y></points><label>5</label><labelname>cornice</labelname><flag>1</flag></object><object><points><x>0.47363</x><x>0.49316</x><y>0.82552</y><y>0.96354</y></points><label>5</label><labelname>cornice</labelname><flag>1</flag></object><object><points><x>0.47559</x><x>0.49219</x><y>0.40755</y><y>0.47917</y></points><label>5</label><labelname>cornice</labelname><flag>1</flag></object><object><points><x>0.47461</x><x>0.49219</x><y>0.76172</y><y>0.80339</y></points><label>5</label><labelname>cornice</labelname><flag>1</flag></object><object><points><x>0.61035</x><x>0.65234</x><y>0.81771</y><y>0.90365</y></points><label>5</label><labelname>cornice</labelname><flag>1</flag></object><object><points><x>0.64746</x><x>0.67773</x><y>0.84115</y><y>0.88672</y></points><label>3</label><labelname>window</labelname><flag>1</flag></object><object><points><x>0.68555</x><x>0.73438</x><y>0.84115</y><y>0.88672</y></points><label>3</label><labelname>window</labelname><flag>1</flag></object><object><points><x>0.26367</x><x>0.2832</x><y>0.26042</y><y>0.35938</y></points><label>6</label><labelname>sill</labelname><flag>1</flag></object><object><points><x>0.26758</x><x>0.28711</x><y>0.84505</y><y>0.94401</y></points><label>6</label><labelname>sill</labelname><flag>1</flag></object><object><points><x>0.56055</x><x>0.61328</x><y>0.24089</y><y>0.38932</y></points><label>6</label><labelname>sill</labelname><flag>1</flag></object><object><points><x>0.56348</x><x>0.60059</x><y>0.41276</y><y>0.47786</y></points><label>6</label><labelname>sill</labelname><flag>1</flag></object><object><points><x>0.56152</x><x>0.61133</x><y>0.82031</y><y>0.91536</y></points><label>6</label><labelname>sill</labelname><flag>1</flag></object><object><points><x>0.56055</x><x>0.59863</x><y>0.76042</y><y>0.79688</y></points><label>6</label><labelname>sill</labelname><flag>1</flag></object><object><points><x>0.73242</x><x>0.77734</x><y>0.30469</y><y>0.54427</y></points><label>7</label><labelname>balcony</labelname><flag>1</flag></object><object><points><x>0.73047</x><x>0.77051</x><y>0.71354</y><y>0.89844</y></points><label>7</label><labelname>balcony</labelname><flag>1</flag></object><object><points><x>0.09082</x><x>0.11328</x><y>0.57031</y><y>0.69531</y></points><label>7</label><labelname>balcony</labelname><flag>1</flag></object><object><points><x>0.21973</x><x>0.25586</x><y>0.44792</y><y>0.57161</y></points><label>7</label><labelname>balcony</labelname><flag>1</flag></object><object><points><x>0.22168</x><x>0.25879</x><y>0.6888</y><y>0.8125</y></points><label>7</label><labelname>balcony</labelname><flag>1</flag></object><object><points><x>0.30273</x><x>0.37891</x><y>0.60286</y><y>0.64844</y></points><label>9</label><labelname>deco</labelname><flag>1</flag></object><object><points><x>0.1875</x><x>0.2666</x><y>0.0091146</y><y>0.125</y></points><label>6</label><labelname>sill</labelname><flag>1</flag></object><object><points><x>0.36035</x><x>0.37695</x><y>0.03125</y><y>0.10938</y></points><label>6</label><labelname>sill</labelname><flag>1</flag></object><object><points><x>0.28418</x><x>0.36328</x><y>0.042969</y><y>0.098958</y></points><label>3</label><labelname>window</labelname><flag>1</flag></object><object><points><x>0.43164</x><x>0.54297</x><y>0.03776</y><y>0.11328</y></points><label>3</label><labelname>window</labelname><flag>1</flag></object><object><points><x>0.54883</x><x>0.57324</x><y>0.48828</y><y>0.55208</y></points><label>9</label><labelname>deco</labelname><flag>1</flag></object><object><points><x>0.55078</x><x>0.57617</x><y>0.70312</y><y>0.76693</y></points><label>9</label><labelname>deco</labelname><flag>1</flag></object><object><points><x>0.57812</x><x>0.60449</x><y>0.61068</y><y>0.64583</y></points><label>9</label><labelname>deco</labelname><flag>1</flag></object><object><points><x>0.44922</x><x>0.52344</x><y>0.60938</y><y>0.64714</y></points><label>9</label><labelname>deco</labelname><flag>1</flag></object><object><points><x>0.41211</x><x>0.47461</x><y>0.41146</y><y>0.47786</y></points><label>6</label><labelname>sill</labelname><flag>1</flag></object><object><points><x>0.41309</x><x>0.47363</x><y>0.76042</y><y>0.80078</y></points><label>6</label><labelname>sill</labelname><flag>1</flag></object><object><points><x>0.10938</x><x>0.20996</x><y>0.77474</y><y>0.83073</y></points><label>9</label><labelname>deco</labelname><flag>1</flag></object><object><points><x>0.10938</x><x>0.20605</x><y>0.38151</y><y>0.4375</y></points><label>9</label><labelname>deco</labelname><flag>1</flag></object><object><points><x>0.41211</x><x>0.49219</x><y>0.21615</y><y>0.98958</y></points><label>10</label><labelname>molding</labelname><flag>1</flag></object><object><points><x>0.74023</x><x>0.79199</x><y>0.21484</y><y>0.98828</y></points><label>10</label><labelname>molding</labelname><flag>1</flag></object><object><points><x>0.54004</x><x>0.58008</x><y>0.028646</y><y>0.13021</y></points><label>6</label><labelname>sill</labelname><flag>1</flag></object><object><points><x>0.7334</x><x>0.77051</x><y>0.32422</y><y>0.51172</y></points><label>12</label><labelname>shop</labelname><flag>1</flag></object><object><points><x>0.73242</x><x>0.76953</x><y>0.73047</y><y>0.91667</y></points><label>12</label><labelname>shop</labelname><flag>1</flag></object><object><points><x>0.81934</x><x>0.84375</x><y>0.69792</y><y>0.8112</y></points><label>12</label><labelname>shop</labelname><flag>1</flag></object>