<object><points><x>0.26172</x><x>0.29688</x><y>0.26823</y><y>0.31641</y></points><label>3</label><labelname>window</labelname><flag>1</flag></object><object><points><x>0.2627</x><x>0.29785</x><y>0.35547</y><y>0.40625</y></points><label>3</label><labelname>window</labelname><flag>1</flag></object><object><points><x>0.41602</x><x>0.45703</x><y>0.26432</y><y>0.29167</y></points><label>3</label><labelname>window</labelname><flag>1</flag></object><object><points><x>0.41699</x><x>0.44141</x><y>0.30859</y><y>0.35807</y></points><label>3</label><labelname>window</labelname><flag>1</flag></object><object><points><x>0.41699</x><x>0.45801</x><y>0.3737</y><y>0.40234</y></points><label>3</label><labelname>window</labelname><flag>1</flag></object><object><points><x>0.3916</x><x>0.40918</x><y>0.26562</y><y>0.29297</y></points><label>3</label><labelname>window</labelname><flag>1</flag></object><object><points><x>0.3916</x><x>0.41113</x><y>0.30859</y><y>0.35938</y></points><label>3</label><labelname>window</labelname><flag>1</flag></object><object><points><x>0.3916</x><x>0.41016</x><y>0.3737</y><y>0.40234</y></points><label>3</label><labelname>window</labelname><flag>1</flag></object><object><points><x>0.2627</x><x>0.2793</x><y>0.47786</y><y>0.51432</y></points><label>3</label><labelname>window</labelname><flag>1</flag></object><object><points><x>0.2627</x><x>0.2793</x><y>0.52344</y><y>0.5612</y></points><label>3</label><labelname>window</labelname><flag>1</flag></object><object><points><x>0.28516</x><x>0.32324</x><y>0.47786</y><y>0.51432</y></points><label>3</label><labelname>window</labelname><flag>1</flag></object><object><points><x>0.28613</x><x>0.32324</x><y>0.52344</y><y>0.5599</y></points><label>3</label><labelname>window</labelname><flag>1</flag></object><object><points><x>0.39648</x><x>0.45898</x><y>0.47917</y><y>0.51302</y></points><label>3</label><labelname>window</labelname><flag>1</flag></object><object><points><x>0.39746</x><x>0.45898</x><y>0.52214</y><y>0.55599</y></points><label>3</label><labelname>window</labelname><flag>1</flag></object><object><points><x>0.37402</x><x>0.39844</x><y>0.46224</y><y>0.57031</y></points><label>5</label><labelname>cornice</labelname><flag>1</flag></object><object><points><x>0.23145</x><x>0.25586</x><y>0.45443</y><y>0.58333</y></points><label>5</label><labelname>cornice</labelname><flag>1</flag></object><object><points><x>0.39258</x><x>0.43359</x><y>0.64453</y><y>0.69271</y></points><label>3</label><labelname>window</labelname><flag>1</flag></object><object><points><x>0.39258</x><x>0.43359</x><y>0.72917</y><y>0.77474</y></points><label>3</label><labelname>window</labelname><flag>1</flag></object><object><points><x>0.25879</x><x>0.32031</x><y>0.66276</y><y>0.70312</y></points><label>3</label><labelname>window</labelname><flag>1</flag></object><object><points><x>0.25879</x><x>0.32031</x><y>0.71875</y><y>0.76042</y></points><label>3</label><labelname>window</labelname><flag>1</flag></object><object><points><x>0.13086</x><x>0.16699</x><y>0.69271</y><y>0.73047</y></points><label>3</label><labelname>window</labelname><flag>1</flag></object><object><points><x>0.13477</x><x>0.15137</x><y>0.73958</y><y>0.75781</y></points><label>3</label><labelname>window</labelname><flag>1</flag></object><object><points><x>0.13574</x><x>0.15137</x><y>0.66406</y><y>0.68359</y></points><label>3</label><labelname>window</labelname><flag>1</flag></object><object><points><x>0.53906</x><x>0.58008</x><y>0.64453</y><y>0.66927</y></points><label>3</label><labelname>window</labelname><flag>1</flag></object><object><points><x>0.54004</x><x>0.58203</x><y>0.75</y><y>0.77474</y></points><label>3</label><labelname>window</labelname><flag>1</flag></object><object><points><x>0.52832</x><x>0.57617</x><y>0.6849</y><y>0.73568</y></points><label>3</label><labelname>window</labelname><flag>1</flag></object><object><points><x>0.66797</x><x>0.73633</x><y>0.64062</y><y>0.6875</y></points><label>3</label><labelname>window</labelname><flag>1</flag></object><object><points><x>0.66797</x><x>0.73828</x><y>0.73307</y><y>0.77995</y></points><label>3</label><labelname>window</labelname><flag>1</flag></object><object><points><x>0.80762</x><x>0.87793</x><y>0.65234</y><y>0.69531</y></points><label>3</label><labelname>window</labelname><flag>1</flag></object><object><points><x>0.80859</x><x>0.87793</x><y>0.72266</y><y>0.76562</y></points><label>3</label><labelname>window</labelname><flag>1</flag></object><object><points><x>0.80859</x><x>0.87695</x><y>0.45833</y><y>0.5</y></points><label>3</label><labelname>window</labelname><flag>1</flag></object><object><points><x>0.80859</x><x>0.87598</x><y>0.52734</y><y>0.57031</y></points><label>3</label><labelname>window</labelname><flag>1</flag></object><object><points><x>0.66797</x><x>0.73828</x><y>0.47266</y><y>0.51042</y></points><label>3</label><labelname>window</labelname><flag>1</flag></object><object><points><x>0.66992</x><x>0.75391</x><y>0.51953</y><y>0.55859</y></points><label>3</label><labelname>window</labelname><flag>1</flag></object><object><points><x>0.5293</x><x>0.5957</x><y>0.47266</y><y>0.51042</y></points><label>3</label><labelname>window</labelname><flag>1</flag></object><object><points><x>0.5293</x><x>0.59668</x><y>0.52214</y><y>0.55859</y></points><label>3</label><labelname>window</labelname><flag>1</flag></object><object><points><x>0.50098</x><x>0.52344</x><y>0.44661</y><y>0.58333</y></points><label>5</label><labelname>cornice</labelname><flag>1</flag></object><object><points><x>0.61621</x><x>0.66309</x><y>0.44792</y><y>0.58073</y></points><label>5</label><labelname>cornice</labelname><flag>1</flag></object><object><points><x>0.85059</x><x>0.9707</x><y>0.29036</y><y>0.35547</y></points><label>4</label><labelname>door</labelname><flag>1</flag></object><object><points><x>0.65332</x><x>0.67285</x><y>0.25391</y><y>0.28385</y></points><label>3</label><labelname>window</labelname><flag>1</flag></object><object><points><x>0.6543</x><x>0.67285</x><y>0.29427</y><y>0.32292</y></points><label>3</label><labelname>window</labelname><flag>1</flag></object><object><points><x>0.6543</x><x>0.67188</x><y>0.33333</y><y>0.36198</y></points><label>3</label><labelname>window</labelname><flag>1</flag></object><object><points><x>0.67871</x><x>0.72559</x><y>0.25391</y><y>0.28255</y></points><label>3</label><labelname>window</labelname><flag>1</flag></object><object><points><x>0.67969</x><x>0.72559</x><y>0.29297</y><y>0.32161</y></points><label>3</label><labelname>window</labelname><flag>1</flag></object><object><points><x>0.67969</x><x>0.72461</x><y>0.33333</y><y>0.36198</y></points><label>3</label><labelname>window</labelname><flag>1</flag></object><object><points><x>0.51465</x><x>0.57812</x><y>0.32682</y><y>0.36979</y></points><label>3</label><labelname>window</labelname><flag>1</flag></object><object><points><x>0.51367</x><x>0.57617</x><y>0.28125</y><y>0.29948</y></points><label>3</label><labelname>window</labelname><flag>1</flag></object><object><points><x>0.040039</x><x>0.97852</x><y>0.063802</y><y>0.82552</y></points><label>2</label><labelname>facade</labelname><flag>1</flag></object><object><points><x>0.92285</x><x>0.97559</x><y>0.45573</y><y>0.4974</y></points><label>3</label><labelname>window</labelname><flag>1</flag></object><object><points><x>0.92383</x><x>0.97559</x><y>0.52604</y><y>0.56771</y></points><label>3</label><labelname>window</labelname><flag>1</flag></object><object><points><x>0.9248</x><x>0.97461</x><y>0.65234</y><y>0.69661</y></points><label>3</label><labelname>window</labelname><flag>1</flag></object><object><points><x>0.92578</x><x>0.97559</x><y>0.72135</y><y>0.76562</y></points><label>3</label><labelname>window</labelname><flag>1</flag></object><object><points><x>0.38965</x><x>0.45508</x><y>0.11068</y><y>0.14453</y></points><label>3</label><labelname>window</labelname><flag>1</flag></object><object><points><x>0.38965</x><x>0.4541</x><y>0.15234</y><y>0.1875</y></points><label>3</label><labelname>window</labelname><flag>1</flag></object><object><points><x>0.52539</x><x>0.5918</x><y>0.15234</y><y>0.1901</y></points><label>3</label><labelname>window</labelname><flag>1</flag></object><object><points><x>0.52637</x><x>0.59277</x><y>0.10156</y><y>0.14062</y></points><label>3</label><labelname>window</labelname><flag>1</flag></object><object><points><x>0.28027</x><x>0.31738</x><y>0.10938</y><y>0.14844</y></points><label>3</label><labelname>window</labelname><flag>1</flag></object><object><points><x>0.28223</x><x>0.31934</x><y>0.15755</y><y>0.19661</y></points><label>3</label><labelname>window</labelname><flag>1</flag></object><object><points><x>0.25586</x><x>0.27637</x><y>0.11068</y><y>0.14974</y></points><label>3</label><labelname>window</labelname><flag>1</flag></object><object><points><x>0.25586</x><x>0.27539</x><y>0.15755</y><y>0.19792</y></points><label>3</label><labelname>window</labelname><flag>1</flag></object><object><points><x>0.25781</x><x>0.32617</x><y>0.90495</y><y>0.95182</y></points><label>3</label><labelname>window</labelname><flag>1</flag></object><object><points><x>0.38965</x><x>0.45898</x><y>0.90495</y><y>0.95182</y></points><label>3</label><labelname>window</labelname><flag>1</flag></object><object><points><x>0.52148</x><x>0.5957</x><y>0.90365</y><y>0.95182</y></points><label>3</label><labelname>window</labelname><flag>1</flag></object><object><points><x>0.11816</x><x>0.14941</x><y>0.32552</y><y>0.35026</y></points><label>3</label><labelname>window</labelname><flag>1</flag></object><object><points><x>0.16504</x><x>0.1875</x><y>0.08724</y><y>0.13411</y></points><label>3</label><labelname>window</labelname><flag>1</flag></object><object><points><x>0.16602</x><x>0.18848</x><y>0.14193</y><y>0.1888</y></points><label>3</label><labelname>window</labelname><flag>1</flag></object><object><points><x>0.16797</x><x>0.18945</x><y>0.42839</y><y>0.47396</y></points><label>3</label><labelname>window</labelname><flag>1</flag></object><object><points><x>0.16992</x><x>0.19238</x><y>0.48307</y><y>0.52995</y></points><label>3</label><labelname>window</labelname><flag>1</flag></object><object><points><x>0.1709</x><x>0.19336</x><y>0.53516</y><y>0.58203</y></points><label>3</label><labelname>window</labelname><flag>1</flag></object><object><points><x>0.15723</x><x>0.16602</x><y>0.73958</y><y>0.76042</y></points><label>3</label><labelname>window</labelname><flag>1</flag></object><object><points><x>0.15625</x><x>0.16602</x><y>0.66406</y><y>0.68359</y></points><label>3</label><labelname>window</labelname><flag>1</flag></object><object><points><x>0.80566</x><x>0.87598</x><y>0.15234</y><y>0.19531</y></points><label>3</label><labelname>window</labelname><flag>1</flag></object><object><points><x>0.22559</x><x>0.25195</x><y>0.083333</y><y>0.21745</y></points><label>5</label><labelname>cornice</labelname><flag>1</flag></object><object><points><x>0.37012</x><x>0.39453</x><y>0.09375</y><y>0.20052</y></points><label>5</label><labelname>cornice</labelname><flag>1</flag></object><object><points><x>0.61523</x><x>0.66211</x><y>0.070312</y><y>0.20443</y></points><label>5</label><labelname>cornice</labelname><flag>1</flag></object><object><points><x>0.59375</x><x>0.60547</x><y>0.46484</y><y>0.56641</y></points><label>6</label><labelname>sill</labelname><flag>1</flag></object><object><points><x>0.31543</x><x>0.33008</x><y>0.65234</y><y>0.77344</y></points><label>6</label><labelname>sill</labelname><flag>1</flag></object><object><points><x>0.31934</x><x>0.33398</x><y>0.46615</y><y>0.56901</y></points><label>6</label><labelname>sill</labelname><flag>1</flag></object><object><points><x>0.45801</x><x>0.48828</x><y>0.46484</y><y>0.56901</y></points><label>6</label><labelname>sill</labelname><flag>1</flag></object><object><points><x>0.45312</x><x>0.48438</x><y>0.091146</y><y>0.19531</y></points><label>6</label><labelname>sill</labelname><flag>1</flag></object><object><points><x>0.87402</x><x>0.90723</x><y>0.44792</y><y>0.50651</y></points><label>6</label><labelname>sill</labelname><flag>1</flag></object><object><points><x>0.87598</x><x>0.90918</x><y>0.51693</y><y>0.57552</y></points><label>6</label><labelname>sill</labelname><flag>1</flag></object><object><points><x>0.87695</x><x>0.90918</x><y>0.71615</y><y>0.77214</y></points><label>6</label><labelname>sill</labelname><flag>1</flag></object><object><points><x>0.87598</x><x>0.90918</x><y>0.64453</y><y>0.70182</y></points><label>6</label><labelname>sill</labelname><flag>1</flag></object><object><points><x>0.875</x><x>0.90723</x><y>0.13802</y><y>0.19661</y></points><label>6</label><labelname>sill</labelname><flag>1</flag></object><object><points><x>0.74414</x><x>0.76172</x><y>0.72005</y><y>0.79297</y></points><label>6</label><labelname>sill</labelname><flag>1</flag></object><object><points><x>0.74414</x><x>0.76074</x><y>0.6276</y><y>0.70052</y></points><label>6</label><labelname>sill</labelname><flag>1</flag></object><object><points><x>0.59082</x><x>0.60352</x><y>0.09375</y><y>0.19531</y></points><label>6</label><labelname>sill</labelname><flag>1</flag></object><object><points><x>0.32227</x><x>0.34668</x><y>0.88411</y><y>0.96745</y></points><label>6</label><labelname>sill</labelname><flag>1</flag></object><object><points><x>0.3418</x><x>0.38477</x><y>0.88021</y><y>0.98047</y></points><label>5</label><labelname>cornice</labelname><flag>1</flag></object><object><points><x>0.47656</x><x>0.52148</x><y>0.87891</y><y>0.98047</y></points><label>5</label><labelname>cornice</labelname><flag>1</flag></object><object><points><x>0.45508</x><x>0.46777</x><y>0.88672</y><y>0.97135</y></points><label>6</label><labelname>sill</labelname><flag>1</flag></object><object><points><x>0.59277</x><x>0.60449</x><y>0.89062</y><y>0.96224</y></points><label>6</label><labelname>sill</labelname><flag>1</flag></object><object><points><x>0.29297</x><x>0.42871</x><y>0.21484</y><y>0.4362</y></points><label>7</label><labelname>balcony</labelname><flag>1</flag></object><object><points><x>0.16113</x><x>0.25098</x><y>0.63542</y><y>0.79688</y></points><label>7</label><labelname>balcony</labelname><flag>1</flag></object><object><points><x>0.42871</x><x>0.56934</x><y>0.60547</y><y>0.8112</y></points><label>7</label><labelname>balcony</labelname><flag>1</flag></object><object><points><x>0.57422</x><x>0.65332</x><y>0.6276</y><y>0.79688</y></points><label>7</label><labelname>balcony</labelname><flag>1</flag></object><object><points><x>0.57324</x><x>0.67871</x><y>0.3125</y><y>0.45573</y></points><label>7</label><labelname>balcony</labelname><flag>1</flag></object><object><points><x>0.57031</x><x>0.67578</x><y>0.17318</y><y>0.30729</y></points><label>7</label><labelname>balcony</labelname><flag>1</flag></object><object><points><x>0.72559</x><x>0.81348</x><y>0.1224</y><y>0.59375</y></points><label>7</label><labelname>balcony</labelname><flag>1</flag></object><object><points><x>0.61328</x><x>0.63867</x><y>0.29297</y><y>0.31771</y></points><label>9</label><labelname>deco</labelname><flag>1</flag></object><object><points><x>0.79395</x><x>0.84961</x><y>0.26172</y><y>0.38802</y></points><label>9</label><labelname>deco</labelname><flag>1</flag></object><object><points><x>0.1084</x><x>0.18945</x><y>0.60156</y><y>0.62109</y></points><label>9</label><labelname>deco</labelname><flag>1</flag></object><object><points><x>0.10547</x><x>0.18652</x><y>0.80208</y><y>0.82292</y></points><label>9</label><labelname>deco</labelname><flag>1</flag></object><object><points><x>0.19922</x><x>0.24316</x><y>0.37109</y><y>0.42057</y></points><label>9</label><labelname>deco</labelname><flag>1</flag></object><object><points><x>0.19336</x><x>0.24316</x><y>0.27995</y><y>0.36328</y></points><label>9</label><labelname>deco</labelname><flag>1</flag></object><object><points><x>0.19629</x><x>0.23828</x><y>0.22266</y><y>0.26562</y></points><label>9</label><labelname>deco</labelname><flag>1</flag></object><object><points><x>0.080078</x><x>0.11719</x><y>0.27734</y><y>0.39844</y></points><label>5</label><labelname>cornice</labelname><flag>1</flag></object><object><points><x>0.18457</x><x>0.22949</x><y>0.067708</y><y>0.82031</y></points><label>10</label><labelname>molding</labelname><flag>1</flag></object><object><points><x>0.33008</x><x>0.38574</x><y>0.06901</y><y>0.81901</y></points><label>10</label><labelname>molding</labelname><flag>1</flag></object><object><points><x>0.4502</x><x>0.50488</x><y>0.074219</y><y>0.82422</y></points><label>10</label><labelname>molding</labelname><flag>1</flag></object><object><points><x>0.7334</x><x>0.79199</x><y>0.075521</y><y>0.82292</y></points><label>10</label><labelname>molding</labelname><flag>1</flag></object><object><points><x>0.24609</x><x>0.2959</x><y>0.3151</y><y>0.32422</y></points><label>11</label><labelname>pillar</labelname><flag>1</flag></object><object><points><x>0.24609</x><x>0.2959</x><y>0.22526</y><y>0.23568</y></points><label>11</label><labelname>pillar</labelname><flag>1</flag></object><object><points><x>0.24805</x><x>0.29785</x><y>0.40755</y><y>0.41667</y></points><label>11</label><labelname>pillar</labelname><flag>1</flag></object><object><points><x>0.2373</x><x>0.24707</x><y>0.22005</y><y>0.23828</y></points><label>11</label><labelname>pillar</labelname><flag>1</flag></object><object><points><x>0.23926</x><x>0.24609</x><y>0.3099</y><y>0.32812</y></points><label>11</label><labelname>pillar</labelname><flag>1</flag></object><object><points><x>0.24121</x><x>0.24805</x><y>0.40365</y><y>0.42057</y></points><label>11</label><labelname>pillar</labelname><flag>1</flag></object>