<object><points><x>0.20703</x><x>0.28809</x><y>0.29167</y><y>0.32812</y></points><label>3</label><labelname>window</labelname><flag>1</flag></object><object><points><x>0.20703</x><x>0.28711</x><y>0.35286</y><y>0.38802</y></points><label>3</label><labelname>window</labelname><flag>1</flag></object><object><points><x>0.37988</x><x>0.46289</x><y>0.29036</y><y>0.32812</y></points><label>3</label><labelname>window</labelname><flag>1</flag></object><object><points><x>0.37891</x><x>0.46387</x><y>0.35286</y><y>0.38932</y></points><label>3</label><labelname>window</labelname><flag>1</flag></object><object><points><x>0.33594</x><x>0.375</x><y>0.25781</y><y>0.41667</y></points><label>5</label><labelname>cornice</labelname><flag>1</flag></object><object><points><x>0.55664</x><x>0.64355</x><y>0.29036</y><y>0.32812</y></points><label>3</label><labelname>window</labelname><flag>1</flag></object><object><points><x>0.55566</x><x>0.64453</x><y>0.35286</y><y>0.38802</y></points><label>3</label><labelname>window</labelname><flag>1</flag></object><object><points><x>0.74902</x><x>0.83398</x><y>0.29036</y><y>0.32682</y></points><label>3</label><labelname>window</labelname><flag>1</flag></object><object><points><x>0.75</x><x>0.83301</x><y>0.35286</y><y>0.38932</y></points><label>3</label><labelname>window</labelname><flag>1</flag></object><object><points><x>0.89746</x><x>0.98047</x><y>0.3151</y><y>0.36328</y></points><label>4</label><labelname>door</labelname><flag>1</flag></object><object><points><x>0.89844</x><x>0.96484</x><y>0.51172</y><y>0.5599</y></points><label>3</label><labelname>window</labelname><flag>1</flag></object><object><points><x>0.75098</x><x>0.83496</x><y>0.50911</y><y>0.55859</y></points><label>3</label><labelname>window</labelname><flag>1</flag></object><object><points><x>0.75098</x><x>0.83594</x><y>0.67057</y><y>0.72135</y></points><label>3</label><labelname>window</labelname><flag>1</flag></object><object><points><x>0.89941</x><x>0.9668</x><y>0.70833</y><y>0.75911</y></points><label>3</label><labelname>window</labelname><flag>1</flag></object><object><points><x>0.75195</x><x>0.83496</x><y>0.74349</y><y>0.79297</y></points><label>3</label><labelname>window</labelname><flag>1</flag></object><object><points><x>0.38281</x><x>0.4668</x><y>0.51042</y><y>0.5625</y></points><label>3</label><labelname>window</labelname><flag>1</flag></object><object><points><x>0.55762</x><x>0.64648</x><y>0.51042</y><y>0.5612</y></points><label>3</label><labelname>window</labelname><flag>1</flag></object><object><points><x>0.21094</x><x>0.28809</x><y>0.51042</y><y>0.5625</y></points><label>3</label><labelname>window</labelname><flag>1</flag></object><object><points><x>0.33887</x><x>0.37988</x><y>0.48177</y><y>0.59115</y></points><label>5</label><labelname>cornice</labelname><flag>1</flag></object><object><points><x>0.1582</x><x>0.24219</x><y>0.72917</y><y>0.76302</y></points><label>3</label><labelname>window</labelname><flag>1</flag></object><object><points><x>0.34375</x><x>0.43652</x><y>0.72786</y><y>0.76302</y></points><label>3</label><labelname>window</labelname><flag>1</flag></object><object><points><x>0.16992</x><x>0.26562</x><y>0.67057</y><y>0.69531</y></points><label>3</label><labelname>window</labelname><flag>1</flag></object><object><points><x>0.35156</x><x>0.45312</x><y>0.66797</y><y>0.69531</y></points><label>3</label><labelname>window</labelname><flag>1</flag></object><object><points><x>0.35156</x><x>0.44922</x><y>0.79167</y><y>0.8099</y></points><label>3</label><labelname>window</labelname><flag>1</flag></object><object><points><x>0.16895</x><x>0.2627</x><y>0.79167</y><y>0.80859</y></points><label>3</label><labelname>window</labelname><flag>1</flag></object><object><points><x>0.54102</x><x>0.6377</x><y>0.66536</y><y>0.69401</y></points><label>3</label><labelname>window</labelname><flag>1</flag></object><object><points><x>0.54102</x><x>0.63672</x><y>0.79167</y><y>0.80729</y></points><label>3</label><labelname>window</labelname><flag>1</flag></object><object><points><x>0.53418</x><x>0.62793</x><y>0.72786</y><y>0.76302</y></points><label>3</label><labelname>window</labelname><flag>1</flag></object><object><points><x>0.0068359</x><x>0.97949</x><y>0.23828</y><y>1</y></points><label>2</label><labelname>facade</labelname><flag>1</flag></object><object><points><x>0.041992</x><x>0.11914</x><y>0.51172</y><y>0.5638</y></points><label>3</label><labelname>window</labelname><flag>1</flag></object><object><points><x>0.040039</x><x>0.11719</x><y>0.90495</y><y>0.95703</y></points><label>3</label><labelname>window</labelname><flag>1</flag></object><object><points><x>0.21094</x><x>0.28809</x><y>0.90365</y><y>0.95443</y></points><label>3</label><labelname>window</labelname><flag>1</flag></object><object><points><x>0.38086</x><x>0.46875</x><y>0.90495</y><y>0.95703</y></points><label>3</label><labelname>window</labelname><flag>1</flag></object><object><points><x>0.037109</x><x>0.11719</x><y>0.35547</y><y>0.38932</y></points><label>3</label><labelname>window</labelname><flag>1</flag></object><object><points><x>0.037109</x><x>0.11719</x><y>0.29297</y><y>0.32812</y></points><label>3</label><labelname>window</labelname><flag>1</flag></object><object><points><x>0.3418</x><x>0.44531</x><y>0.05599</y><y>0.15755</y></points><label>3</label><labelname>window</labelname><flag>1</flag></object><object><points><x>0.18359</x><x>0.29492</x><y>0.071615</y><y>0.15885</y></points><label>3</label><labelname>window</labelname><flag>1</flag></object><object><points><x>0.0039062</x><x>0.069336</x><y>0.074219</y><y>0.16146</y></points><label>3</label><labelname>window</labelname><flag>1</flag></object><object><points><x>0.53906</x><x>0.57617</x><y>0.11198</y><y>0.15104</y></points><label>3</label><labelname>window</labelname><flag>1</flag></object><object><points><x>0.58398</x><x>0.64648</x><y>0.11198</y><y>0.15104</y></points><label>3</label><labelname>window</labelname><flag>1</flag></object><object><points><x>0.015625</x><x>0.070312</x><y>0.71745</y><y>0.77734</y></points><label>3</label><labelname>window</labelname><flag>1</flag></object><object><points><x>0.013672</x><x>0.10449</x><y>0.66536</y><y>0.70703</y></points><label>3</label><labelname>window</labelname><flag>1</flag></object><object><points><x>0.017578</x><x>0.098633</x><y>0.78385</y><y>0.8112</y></points><label>3</label><labelname>window</labelname><flag>1</flag></object><object><points><x>0.33789</x><x>0.37891</x><y>0.8737</y><y>0.98828</y></points><label>5</label><labelname>cornice</labelname><flag>1</flag></object><object><points><x>0.1123</x><x>0.19824</x><y>0.2526</y><y>0.42969</y></points><label>6</label><labelname>sill</labelname><flag>1</flag></object><object><points><x>0.11523</x><x>0.20898</x><y>0.46875</y><y>0.60286</y></points><label>6</label><labelname>sill</labelname><flag>1</flag></object><object><points><x>0.11523</x><x>0.20898</x><y>0.86458</y><y>1</y></points><label>6</label><labelname>sill</labelname><flag>1</flag></object><object><points><x>0.28711</x><x>0.33984</x><y>0.88281</y><y>0.97266</y></points><label>6</label><labelname>sill</labelname><flag>1</flag></object><object><points><x>0.28711</x><x>0.3418</x><y>0.48438</y><y>0.58333</y></points><label>6</label><labelname>sill</labelname><flag>1</flag></object><object><points><x>0.28613</x><x>0.33887</x><y>0.26823</y><y>0.40885</y></points><label>6</label><labelname>sill</labelname><flag>1</flag></object><object><points><x>0.45996</x><x>0.50488</x><y>0.26432</y><y>0.41406</y></points><label>6</label><labelname>sill</labelname><flag>1</flag></object><object><points><x>0.46387</x><x>0.50684</x><y>0.48568</y><y>0.57943</y></points><label>6</label><labelname>sill</labelname><flag>1</flag></object><object><points><x>0.6416</x><x>0.67188</x><y>0.27995</y><y>0.40234</y></points><label>6</label><labelname>sill</labelname><flag>1</flag></object><object><points><x>0.6416</x><x>0.67383</x><y>0.5</y><y>0.57292</y></points><label>6</label><labelname>sill</labelname><flag>1</flag></object><object><points><x>0.62793</x><x>0.67285</x><y>0.72396</y><y>0.76823</y></points><label>6</label><labelname>sill</labelname><flag>1</flag></object><object><points><x>0.63574</x><x>0.67676</x><y>0.66276</y><y>0.69531</y></points><label>6</label><labelname>sill</labelname><flag>1</flag></object><object><points><x>0.62988</x><x>0.68359</x><y>0.78646</y><y>0.8112</y></points><label>6</label><labelname>sill</labelname><flag>1</flag></object><object><points><x>0.43457</x><x>0.47656</x><y>0.72526</y><y>0.76823</y></points><label>6</label><labelname>sill</labelname><flag>1</flag></object><object><points><x>0.44141</x><x>0.48926</x><y>0.79036</y><y>0.8125</y></points><label>6</label><labelname>sill</labelname><flag>1</flag></object><object><points><x>0.44922</x><x>0.4873</x><y>0.66667</y><y>0.69401</y></points><label>6</label><labelname>sill</labelname><flag>1</flag></object><object><points><x>0.24219</x><x>0.30176</x><y>0.70703</y><y>0.78646</y></points><label>6</label><labelname>sill</labelname><flag>1</flag></object><object><points><x>0.25</x><x>0.32812</x><y>0.65365</y><y>0.70833</y></points><label>6</label><labelname>sill</labelname><flag>1</flag></object><object><points><x>0.24805</x><x>0.32422</x><y>0.78776</y><y>0.82422</y></points><label>6</label><labelname>sill</labelname><flag>1</flag></object><object><points><x>0.095703</x><x>0.15332</x><y>0.70312</y><y>0.78255</y></points><label>5</label><labelname>cornice</labelname><flag>1</flag></object><object><points><x>0.099609</x><x>0.18359</x><y>0.78516</y><y>0.83203</y></points><label>5</label><labelname>cornice</labelname><flag>1</flag></object><object><points><x>0.1084</x><x>0.18652</x><y>0.64974</y><y>0.70182</y></points><label>5</label><labelname>cornice</labelname><flag>1</flag></object><object><points><x>0.061523</x><x>0.14551</x><y>0.029948</y><y>0.20443</y></points><label>7</label><labelname>balcony</labelname><flag>1</flag></object><object><points><x>0.24609</x><x>0.29883</x><y>0.058594</y><y>0.15234</y></points><label>7</label><labelname>balcony</labelname><flag>1</flag></object><object><points><x>0.30176</x><x>0.33887</x><y>0.063802</y><y>0.14714</y></points><label>9</label><labelname>deco</labelname><flag>1</flag></object><object><points><x>0.45703</x><x>0.52539</x><y>0.076823</y><y>0.15104</y></points><label>9</label><labelname>deco</labelname><flag>1</flag></object><object><points><x>0.51172</x><x>0.53711</x><y>0.25521</y><y>0.27995</y></points><label>9</label><labelname>deco</labelname><flag>1</flag></object><object><points><x>0.51074</x><x>0.53711</x><y>0.32682</y><y>0.35156</y></points><label>9</label><labelname>deco</labelname><flag>1</flag></object><object><points><x>0.50977</x><x>0.53613</x><y>0.39974</y><y>0.42448</y></points><label>9</label><labelname>deco</labelname><flag>1</flag></object><object><points><x>0.51465</x><x>0.54102</x><y>0.47396</y><y>0.4987</y></points><label>9</label><labelname>deco</labelname><flag>1</flag></object><object><points><x>0.51465</x><x>0.54102</x><y>0.57161</y><y>0.59635</y></points><label>9</label><labelname>deco</labelname><flag>1</flag></object><object><points><x>0.49512</x><x>0.52344</x><y>0.66797</y><y>0.6875</y></points><label>9</label><labelname>deco</labelname><flag>1</flag></object><object><points><x>0.48438</x><x>0.51172</x><y>0.73568</y><y>0.75521</y></points><label>9</label><labelname>deco</labelname><flag>1</flag></object><object><points><x>0.51367</x><x>0.54102</x><y>0.8737</y><y>0.89323</y></points><label>9</label><labelname>deco</labelname><flag>1</flag></object><object><points><x>0.49512</x><x>0.52246</x><y>0.79297</y><y>0.8125</y></points><label>9</label><labelname>deco</labelname><flag>1</flag></object><object><points><x>0.0087891</x><x>0.046875</x><y>0.26823</y><y>0.28646</y></points><label>9</label><labelname>deco</labelname><flag>1</flag></object><object><points><x>0.0078125</x><x>0.045898</x><y>0.33203</y><y>0.35026</y></points><label>9</label><labelname>deco</labelname><flag>1</flag></object><object><points><x>0.0078125</x><x>0.045898</x><y>0.39193</y><y>0.41146</y></points><label>9</label><labelname>deco</labelname><flag>1</flag></object><object><points><x>0.012695</x><x>0.050781</x><y>0.48698</y><y>0.50651</y></points><label>9</label><labelname>deco</labelname><flag>1</flag></object><object><points><x>0.011719</x><x>0.049805</x><y>0.56771</y><y>0.58594</y></points><label>9</label><labelname>deco</labelname><flag>1</flag></object><object><points><x>0.0097656</x><x>0.047852</x><y>0.96354</y><y>0.98177</y></points><label>9</label><labelname>deco</labelname><flag>1</flag></object><object><points><x>0.011719</x><x>0.049805</x><y>0.88542</y><y>0.90495</y></points><label>9</label><labelname>deco</labelname><flag>1</flag></object><object><points><x>0.010742</x><x>0.032227</x><y>0.24219</y><y>0.99609</y></points><label>10</label><labelname>molding</labelname><flag>1</flag></object><object><points><x>0.13281</x><x>0.16895</x><y>0.24349</y><y>0.99349</y></points><label>10</label><labelname>molding</labelname><flag>1</flag></object><object><points><x>0.50195</x><x>0.54199</x><y>0.24479</y><y>0.99219</y></points><label>10</label><labelname>molding</labelname><flag>1</flag></object><object><points><x>0.58203</x><x>0.61133</x><y>0.24089</y><y>0.98698</y></points><label>10</label><labelname>molding</labelname><flag>1</flag></object><object><points><x>0.83008</x><x>0.87012</x><y>0.24479</y><y>0.99609</y></points><label>10</label><labelname>molding</labelname><flag>1</flag></object><object><points><x>0.87109</x><x>0.8916</x><y>0.63151</y><y>0.83594</y></points><label>12</label><labelname>shop</labelname><flag>1</flag></object><object><points><x>0.73438</x><x>0.80762</x><y>0.16276</y><y>0.21354</y></points><label>9</label><labelname>deco</labelname><flag>1</flag></object>