<object><points><x>0.53809</x><x>0.61621</x><y>0.5599</y><y>0.61589</y></points><label>3</label><labelname>window</labelname><flag>1</flag></object><object><points><x>0.5127</x><x>0.6123</x><y>0.44661</y><y>0.50391</y></points><label>3</label><labelname>window</labelname><flag>1</flag></object><object><points><x>0.53809</x><x>0.63086</x><y>0.36328</y><y>0.41536</y></points><label>3</label><labelname>window</labelname><flag>1</flag></object><object><points><x>0.83594</x><x>0.9707</x><y>0.29297</y><y>0.38411</y></points><label>4</label><labelname>door</labelname><flag>1</flag></object><object><points><x>0.73047</x><x>0.80078</x><y>0.35807</y><y>0.38672</y></points><label>3</label><labelname>window</labelname><flag>1</flag></object><object><points><x>0.72949</x><x>0.7998</x><y>0.29167</y><y>0.31641</y></points><label>3</label><labelname>window</labelname><flag>1</flag></object><object><points><x>0.71484</x><x>0.78418</x><y>0.32422</y><y>0.35156</y></points><label>3</label><labelname>window</labelname><flag>1</flag></object><object><points><x>0.71289</x><x>0.79883</x><y>0.45964</y><y>0.51432</y></points><label>3</label><labelname>window</labelname><flag>1</flag></object><object><points><x>0.71191</x><x>0.79785</x><y>0.55469</y><y>0.60677</y></points><label>3</label><labelname>window</labelname><flag>1</flag></object><object><points><x>0.71094</x><x>0.79688</x><y>0.77865</y><y>0.83203</y></points><label>3</label><labelname>window</labelname><flag>1</flag></object><object><points><x>0.71094</x><x>0.79785</x><y>0.71875</y><y>0.77474</y></points><label>3</label><labelname>window</labelname><flag>1</flag></object><object><points><x>0.33301</x><x>0.43359</x><y>0.54557</y><y>0.61328</y></points><label>3</label><labelname>window</labelname><flag>1</flag></object><object><points><x>0.33398</x><x>0.43359</x><y>0.44271</y><y>0.51042</y></points><label>3</label><labelname>window</labelname><flag>1</flag></object><object><points><x>0.33398</x><x>0.43555</x><y>0.33854</y><y>0.40755</y></points><label>3</label><labelname>window</labelname><flag>1</flag></object><object><points><x>0.00097656</x><x>0.98047</x><y>0.0625</y><y>0.91016</y></points><label>2</label><labelname>facade</labelname><flag>1</flag></object><object><points><x>0.53906</x><x>0.63184</x><y>0.71615</y><y>0.83594</y></points><label>3</label><labelname>window</labelname><flag>1</flag></object><object><points><x>0.54492</x><x>0.63281</x><y>0.13932</y><y>0.25521</y></points><label>3</label><labelname>window</labelname><flag>1</flag></object><object><points><x>0.37598</x><x>0.44434</x><y>0.14323</y><y>0.25651</y></points><label>3</label><labelname>window</labelname><flag>1</flag></object><object><points><x>0.37305</x><x>0.44141</x><y>0.71745</y><y>0.83203</y></points><label>3</label><labelname>window</labelname><flag>1</flag></object><object><points><x>0.21289</x><x>0.2998</x><y>0.71615</y><y>0.83073</y></points><label>3</label><labelname>window</labelname><flag>1</flag></object><object><points><x>0.2168</x><x>0.30371</x><y>0.14062</y><y>0.25521</y></points><label>3</label><labelname>window</labelname><flag>1</flag></object><object><points><x>0.16602</x><x>0.25586</x><y>0.54297</y><y>0.61328</y></points><label>3</label><labelname>window</labelname><flag>1</flag></object><object><points><x>0.17188</x><x>0.2627</x><y>0.33854</y><y>0.41016</y></points><label>3</label><labelname>window</labelname><flag>1</flag></object><object><points><x>0.072266</x><x>0.15137</x><y>0.14844</y><y>0.1901</y></points><label>3</label><labelname>window</labelname><flag>1</flag></object><object><points><x>0.072266</x><x>0.15137</x><y>0.21745</y><y>0.25911</y></points><label>3</label><labelname>window</labelname><flag>1</flag></object><object><points><x>0.066406</x><x>0.14551</x><y>0.71484</y><y>0.75651</y></points><label>3</label><labelname>window</labelname><flag>1</flag></object><object><points><x>0.066406</x><x>0.14551</x><y>0.78646</y><y>0.82812</y></points><label>3</label><labelname>window</labelname><flag>1</flag></object><object><points><x>0.048828</x><x>0.097656</x><y>0.35156</y><y>0.39844</y></points><label>3</label><labelname>window</labelname><flag>1</flag></object><object><points><x>0.045898</x><x>0.094727</x><y>0.55469</y><y>0.60026</y></points><label>3</label><labelname>window</labelname><flag>1</flag></object><object><points><x>0.71094</x><x>0.80078</x><y>0.12109</y><y>0.22266</y></points><label>3</label><labelname>window</labelname><flag>1</flag></object><object><points><x>0.85352</x><x>0.94824</x><y>0.11328</y><y>0.22005</y></points><label>3</label><labelname>window</labelname><flag>1</flag></object><object><points><x>0.16113</x><x>0.25586</x><y>0.44922</y><y>0.50521</y></points><label>3</label><labelname>window</labelname><flag>1</flag></object><object><points><x>0.03418</x><x>0.09668</x><y>0.43229</y><y>0.52083</y></points><label>3</label><labelname>window</labelname><flag>1</flag></object><object><points><x>0.25195</x><x>0.38867</x><y>0.079427</y><y>0.29036</y></points><label>7</label><labelname>balcony</labelname><flag>1</flag></object><object><points><x>0.24902</x><x>0.38574</x><y>0.67969</y><y>0.8763</y></points><label>7</label><labelname>balcony</labelname><flag>1</flag></object><object><points><x>0.43555</x><x>0.53516</x><y>0.69401</y><y>0.87891</y></points><label>7</label><labelname>balcony</labelname><flag>1</flag></object><object><points><x>0.43652</x><x>0.54297</x><y>0.084635</y><y>0.28646</y></points><label>7</label><labelname>balcony</labelname><flag>1</flag></object><object><points><x>0.60449</x><x>0.69727</x><y>0.69141</y><y>0.8724</y></points><label>7</label><labelname>balcony</labelname><flag>1</flag></object><object><points><x>0.097656</x><x>0.125</x><y>0.34375</y><y>0.6237</y></points><label>7</label><labelname>balcony</labelname><flag>1</flag></object><object><points><x>0.25781</x><x>0.2959</x><y>0.32422</y><y>0.625</y></points><label>7</label><labelname>balcony</labelname><flag>1</flag></object><object><points><x>0.43164</x><x>0.46973</x><y>0.32422</y><y>0.625</y></points><label>7</label><labelname>balcony</labelname><flag>1</flag></object><object><points><x>0.61816</x><x>0.64941</x><y>0.53255</y><y>0.63281</y></points><label>7</label><labelname>balcony</labelname><flag>1</flag></object><object><points><x>0.61426</x><x>0.64746</x><y>0.43359</y><y>0.51953</y></points><label>7</label><labelname>balcony</labelname><flag>1</flag></object><object><points><x>0.49219</x><x>0.51562</x><y>0.4362</y><y>0.50911</y></points><label>5</label><labelname>cornice</labelname><flag>1</flag></object><object><points><x>0.2998</x><x>0.35742</x><y>0.3138</y><y>0.64193</y></points><label>9</label><labelname>deco</labelname><flag>1</flag></object><object><points><x>0.13379</x><x>0.18359</x><y>0.43099</y><y>0.52083</y></points><label>9</label><labelname>deco</labelname><flag>1</flag></object><object><points><x>0.12695</x><x>0.14648</x><y>0.53385</y><y>0.625</y></points><label>9</label><labelname>deco</labelname><flag>1</flag></object><object><points><x>0.13086</x><x>0.15137</x><y>0.32812</y><y>0.41927</y></points><label>9</label><labelname>deco</labelname><flag>1</flag></object><object><points><x>0.15137</x><x>0.17188</x><y>0.071615</y><y>0.30078</y></points><label>9</label><labelname>deco</labelname><flag>1</flag></object><object><points><x>0.14551</x><x>0.16895</x><y>0.65885</y><y>0.89974</y></points><label>9</label><labelname>deco</labelname><flag>1</flag></object><object><points><x>0.021484</x><x>0.048828</x><y>0.17057</y><y>0.22266</y></points><label>9</label><labelname>deco</labelname><flag>1</flag></object><object><points><x>0.3457</x><x>0.37109</x><y>0.13281</y><y>0.17057</y></points><label>9</label><labelname>deco</labelname><flag>1</flag></object><object><points><x>0.34473</x><x>0.37012</x><y>0.18359</y><y>0.22005</y></points><label>9</label><labelname>deco</labelname><flag>1</flag></object><object><points><x>0.34473</x><x>0.37012</x><y>0.22656</y><y>0.26302</y></points><label>9</label><labelname>deco</labelname><flag>1</flag></object><object><points><x>0.34082</x><x>0.36816</x><y>0.80339</y><y>0.84505</y></points><label>9</label><labelname>deco</labelname><flag>1</flag></object><object><points><x>0.33984</x><x>0.36621</x><y>0.7526</y><y>0.79557</y></points><label>9</label><labelname>deco</labelname><flag>1</flag></object><object><points><x>0.34082</x><x>0.36719</x><y>0.70573</y><y>0.7474</y></points><label>9</label><labelname>deco</labelname><flag>1</flag></object><object><points><x>0.70117</x><x>0.80273</x><y>0.25</y><y>0.28906</y></points><label>9</label><labelname>deco</labelname><flag>1</flag></object><object><points><x>0.69922</x><x>0.80078</x><y>0.38802</y><y>0.42839</y></points><label>9</label><labelname>deco</labelname><flag>1</flag></object><object><points><x>0.78223</x><x>0.85156</x><y>0.26172</y><y>0.41276</y></points><label>9</label><labelname>deco</labelname><flag>1</flag></object><object><points><x>0.7959</x><x>0.83789</x><y>0.70182</y><y>0.85547</y></points><label>6</label><labelname>sill</labelname><flag>1</flag></object><object><points><x>0.79883</x><x>0.85156</x><y>0.10677</y><y>0.23177</y></points><label>7</label><labelname>balcony</labelname><flag>1</flag></object><object><points><x>0.13867</x><x>0.2041</x><y>0.072917</y><y>0.90365</y></points><label>10</label><labelname>molding</labelname><flag>1</flag></object><object><points><x>0.62793</x><x>0.65234</x><y>0.074219</y><y>0.90495</y></points><label>10</label><labelname>molding</labelname><flag>1</flag></object><object><points><x>0.89062</x><x>0.95996</x><y>0.26302</y><y>0.27474</y></points><label>11</label><labelname>pillar</labelname><flag>1</flag></object><object><points><x>0.88867</x><x>0.95898</x><y>0.39453</y><y>0.40755</y></points><label>11</label><labelname>pillar</labelname><flag>1</flag></object><object><points><x>0.88965</x><x>0.95801</x><y>0.38932</y><y>0.39453</y></points><label>11</label><labelname>pillar</labelname><flag>1</flag></object><object><points><x>0.89062</x><x>0.95898</x><y>0.27734</y><y>0.28385</y></points><label>11</label><labelname>pillar</labelname><flag>1</flag></object><object><points><x>0.95996</x><x>0.97949</x><y>0.26042</y><y>0.27604</y></points><label>11</label><labelname>pillar</labelname><flag>1</flag></object><object><points><x>0.95898</x><x>0.97852</x><y>0.27734</y><y>0.28516</y></points><label>11</label><labelname>pillar</labelname><flag>1</flag></object><object><points><x>0.95898</x><x>0.97559</x><y>0.39323</y><y>0.40885</y></points><label>11</label><labelname>pillar</labelname><flag>1</flag></object><object><points><x>0.95801</x><x>0.97559</x><y>0.38672</y><y>0.39323</y></points><label>11</label><labelname>pillar</labelname><flag>1</flag></object><object><points><x>0.87988</x><x>0.89062</x><y>0.26042</y><y>0.27734</y></points><label>11</label><labelname>pillar</labelname><flag>1</flag></object><object><points><x>0.87988</x><x>0.89062</x><y>0.27734</y><y>0.28906</y></points><label>11</label><labelname>pillar</labelname><flag>1</flag></object><object><points><x>0.87891</x><x>0.88867</x><y>0.39323</y><y>0.40885</y></points><label>11</label><labelname>pillar</labelname><flag>1</flag></object><object><points><x>0.87891</x><x>0.88965</x><y>0.38542</y><y>0.39323</y></points><label>11</label><labelname>pillar</labelname><flag>1</flag></object><object><points><x>0.39062</x><x>0.42969</x><y>0.37109</y><y>0.3776</y></points><label>11</label><labelname>pillar</labelname><flag>1</flag></object><object><points><x>0.39062</x><x>0.42969</x><y>0.47266</y><y>0.47917</y></points><label>11</label><labelname>pillar</labelname><flag>1</flag></object><object><points><x>0.38965</x><x>0.42871</x><y>0.57552</y><y>0.58203</y></points><label>11</label><labelname>pillar</labelname><flag>1</flag></object><object><points><x>0.42969</x><x>0.43555</x><y>0.36979</y><y>0.38021</y></points><label>11</label><labelname>pillar</labelname><flag>1</flag></object><object><points><x>0.42871</x><x>0.43262</x><y>0.47135</y><y>0.48177</y></points><label>11</label><labelname>pillar</labelname><flag>1</flag></object><object><points><x>0.42871</x><x>0.43262</x><y>0.57552</y><y>0.58594</y></points><label>11</label><labelname>pillar</labelname><flag>1</flag></object><object><points><x>0.38281</x><x>0.3916</x><y>0.36849</y><y>0.37891</y></points><label>11</label><labelname>pillar</labelname><flag>1</flag></object><object><points><x>0.38281</x><x>0.39062</x><y>0.47135</y><y>0.48177</y></points><label>11</label><labelname>pillar</labelname><flag>1</flag></object><object><points><x>0.38184</x><x>0.38965</x><y>0.57422</y><y>0.58464</y></points><label>11</label><labelname>pillar</labelname><flag>1</flag></object><object><points><x>0.37012</x><x>0.43262</x><y>0.51823</y><y>0.53646</y></points><label>11</label><labelname>pillar</labelname><flag>1</flag></object><object><points><x>0.36914</x><x>0.43164</x><y>0.6224</y><y>0.64062</y></points><label>11</label><labelname>pillar</labelname><flag>1</flag></object><object><points><x>0.37109</x><x>0.43359</x><y>0.41536</y><y>0.43229</y></points><label>11</label><labelname>pillar</labelname><flag>1</flag></object><object><points><x>0.37207</x><x>0.43457</x><y>0.3099</y><y>0.32682</y></points><label>11</label><labelname>pillar</labelname><flag>1</flag></object><object><points><x>0.36426</x><x>0.37207</x><y>0.30859</y><y>0.33073</y></points><label>11</label><labelname>pillar</labelname><flag>1</flag></object><object><points><x>0.36426</x><x>0.37109</x><y>0.41406</y><y>0.43359</y></points><label>11</label><labelname>pillar</labelname><flag>1</flag></object><object><points><x>0.36328</x><x>0.36914</x><y>0.6224</y><y>0.64193</y></points><label>11</label><labelname>pillar</labelname><flag>1</flag></object><object><points><x>0.36426</x><x>0.37012</x><y>0.51693</y><y>0.53776</y></points><label>11</label><labelname>pillar</labelname><flag>1</flag></object><object><points><x>0.38086</x><x>0.42578</x><y>0.43359</y><y>0.4388</y></points><label>11</label><labelname>pillar</labelname><flag>1</flag></object><object><points><x>0.38086</x><x>0.42578</x><y>0.41016</y><y>0.41536</y></points><label>11</label><labelname>pillar</labelname><flag>1</flag></object><object><points><x>0.37988</x><x>0.4248</x><y>0.51172</y><y>0.51693</y></points><label>11</label><labelname>pillar</labelname><flag>1</flag></object><object><points><x>0.37988</x><x>0.4248</x><y>0.53646</y><y>0.54167</y></points><label>11</label><labelname>pillar</labelname><flag>1</flag></object><object><points><x>0.37988</x><x>0.42383</x><y>0.61589</y><y>0.62109</y></points><label>11</label><labelname>pillar</labelname><flag>1</flag></object><object><points><x>0.38086</x><x>0.42578</x><y>0.32943</y><y>0.33594</y></points><label>11</label><labelname>pillar</labelname><flag>1</flag></object><object><points><x>0.42676</x><x>0.43555</x><y>0.32943</y><y>0.33724</y></points><label>11</label><labelname>pillar</labelname><flag>1</flag></object><object><points><x>0.4248</x><x>0.43359</x><y>0.40755</y><y>0.41536</y></points><label>11</label><labelname>pillar</labelname><flag>1</flag></object><object><points><x>0.42578</x><x>0.43457</x><y>0.43359</y><y>0.4401</y></points><label>11</label><labelname>pillar</labelname><flag>1</flag></object><object><points><x>0.4248</x><x>0.43359</x><y>0.51042</y><y>0.51693</y></points><label>11</label><labelname>pillar</labelname><flag>1</flag></object><object><points><x>0.4248</x><x>0.43359</x><y>0.53776</y><y>0.54427</y></points><label>11</label><labelname>pillar</labelname><flag>1</flag></object><object><points><x>0.42383</x><x>0.43359</x><y>0.61458</y><y>0.62109</y></points><label>11</label><labelname>pillar</labelname><flag>1</flag></object><object><points><x>0.37207</x><x>0.37891</x><y>0.61328</y><y>0.6224</y></points><label>11</label><labelname>pillar</labelname><flag>1</flag></object><object><points><x>0.37207</x><x>0.37988</x><y>0.53646</y><y>0.54427</y></points><label>11</label><labelname>pillar</labelname><flag>1</flag></object><object><points><x>0.37207</x><x>0.37988</x><y>0.51042</y><y>0.51823</y></points><label>11</label><labelname>pillar</labelname><flag>1</flag></object><object><points><x>0.37207</x><x>0.37988</x><y>0.43229</y><y>0.4401</y></points><label>11</label><labelname>pillar</labelname><flag>1</flag></object><object><points><x>0.37305</x><x>0.37988</x><y>0.40755</y><y>0.41536</y></points><label>11</label><labelname>pillar</labelname><flag>1</flag></object><object><points><x>0.37305</x><x>0.38086</x><y>0.32943</y><y>0.33724</y></points><label>11</label><labelname>pillar</labelname><flag>1</flag></object><object><points><x>0.20215</x><x>0.25195</x><y>0.4349</y><y>0.44531</y></points><label>11</label><labelname>pillar</labelname><flag>1</flag></object><object><points><x>0.20117</x><x>0.25098</x><y>0.50781</y><y>0.51693</y></points><label>11</label><labelname>pillar</labelname><flag>1</flag></object><object><points><x>0.25098</x><x>0.25684</x><y>0.50781</y><y>0.51953</y></points><label>11</label><labelname>pillar</labelname><flag>1</flag></object><object><points><x>0.25098</x><x>0.25781</x><y>0.43359</y><y>0.44531</y></points><label>11</label><labelname>pillar</labelname><flag>1</flag></object><object><points><x>0.18555</x><x>0.20117</x><y>0.43229</y><y>0.44531</y></points><label>11</label><labelname>pillar</labelname><flag>1</flag></object><object><points><x>0.18652</x><x>0.20117</x><y>0.50651</y><y>0.52083</y></points><label>11</label><labelname>pillar</labelname><flag>1</flag></object><object><points><x>0.84668</x><x>0.96973</x><y>0.45833</y><y>0.61068</y></points><label>12</label><labelname>shop</labelname><flag>1</flag></object><object><points><x>0.85156</x><x>0.96875</x><y>0.71875</y><y>0.83594</y></points><label>12</label><labelname>shop</labelname><flag>1</flag></object>