<object><points><x>0.17474</x><x>0.97263</x><y>0.0048232</y><y>0.99678</y></points><label>2</label><labelname>facade</labelname><flag>1</flag></object><object><points><x>0.31158</x><x>0.41474</x><y>0.48553</y><y>0.57556</y></points><label>3</label><labelname>window</labelname><flag>1</flag></object><object><points><x>0.31579</x><x>0.42105</x><y>0.89068</y><y>0.98071</y></points><label>3</label><labelname>window</labelname><flag>1</flag></object><object><points><x>0.31368</x><x>0.41895</x><y>0.20418</y><y>0.2717</y></points><label>3</label><labelname>window</labelname><flag>1</flag></object><object><points><x>0.30737</x><x>0.41263</x><y>0.11736</y><y>0.18489</y></points><label>3</label><labelname>window</labelname><flag>1</flag></object><object><points><x>0.31579</x><x>0.41684</x><y>0.78296</y><y>0.84727</y></points><label>3</label><labelname>window</labelname><flag>1</flag></object><object><points><x>0.50737</x><x>0.58947</x><y>0.20579</y><y>0.26688</y></points><label>3</label><labelname>window</labelname><flag>1</flag></object><object><points><x>0.50316</x><x>0.58737</x><y>0.11576</y><y>0.17685</y></points><label>3</label><labelname>window</labelname><flag>1</flag></object><object><points><x>0.50526</x><x>0.58737</x><y>0.791</y><y>0.85048</y></points><label>3</label><labelname>window</labelname><flag>1</flag></object><object><points><x>0.50316</x><x>0.58947</x><y>0.48553</y><y>0.57717</y></points><label>3</label><labelname>window</labelname><flag>1</flag></object><object><points><x>0.50737</x><x>0.58737</x><y>0.90032</y><y>0.99196</y></points><label>3</label><labelname>window</labelname><flag>1</flag></object><object><points><x>0.45684</x><x>0.58737</x><y>0.34084</y><y>0.38746</y></points><label>3</label><labelname>window</labelname><flag>1</flag></object><object><points><x>0.45895</x><x>0.59158</x><y>0.40193</y><y>0.43569</y></points><label>3</label><labelname>window</labelname><flag>1</flag></object><object><points><x>0.46105</x><x>0.59579</x><y>0.30386</y><y>0.32637</y></points><label>3</label><labelname>window</labelname><flag>1</flag></object><object><points><x>0.27368</x><x>0.41684</x><y>0.34244</y><y>0.38907</y></points><label>3</label><labelname>window</labelname><flag>1</flag></object><object><points><x>0.64</x><x>0.77053</x><y>0.33762</y><y>0.38424</y></points><label>3</label><labelname>window</labelname><flag>1</flag></object><object><points><x>0.28842</x><x>0.42105</x><y>0.40354</y><y>0.4373</y></points><label>3</label><labelname>window</labelname><flag>1</flag></object><object><points><x>0.28842</x><x>0.42105</x><y>0.30547</y><y>0.32797</y></points><label>3</label><labelname>window</labelname><flag>1</flag></object><object><points><x>0.65053</x><x>0.78316</x><y>0.30225</y><y>0.32476</y></points><label>3</label><labelname>window</labelname><flag>1</flag></object><object><points><x>0.65263</x><x>0.78526</x><y>0.39871</y><y>0.43248</y></points><label>3</label><labelname>window</labelname><flag>1</flag></object><object><points><x>0.27579</x><x>0.41895</x><y>0.6672</y><y>0.71543</y></points><label>3</label><labelname>window</labelname><flag>1</flag></object><object><points><x>0.45684</x><x>0.6</x><y>0.66881</y><y>0.71543</y></points><label>3</label><labelname>window</labelname><flag>1</flag></object><object><points><x>0.64</x><x>0.78316</x><y>0.67203</y><y>0.71865</y></points><label>3</label><labelname>window</labelname><flag>1</flag></object><object><points><x>0.28842</x><x>0.42105</x><y>0.7299</y><y>0.75723</y></points><label>3</label><labelname>window</labelname><flag>1</flag></object><object><points><x>0.46947</x><x>0.60421</x><y>0.7283</y><y>0.75723</y></points><label>3</label><labelname>window</labelname><flag>1</flag></object><object><points><x>0.65053</x><x>0.78316</x><y>0.7283</y><y>0.75563</y></points><label>3</label><labelname>window</labelname><flag>1</flag></object><object><points><x>0.65053</x><x>0.78316</x><y>0.62862</y><y>0.65595</y></points><label>3</label><labelname>window</labelname><flag>1</flag></object><object><points><x>0.47158</x><x>0.60632</x><y>0.63023</y><y>0.65756</y></points><label>3</label><labelname>window</labelname><flag>1</flag></object><object><points><x>0.28</x><x>0.43789</x><y>0.62058</y><y>0.65273</y></points><label>3</label><labelname>window</labelname><flag>1</flag></object><object><points><x>0.67789</x><x>0.76211</x><y>0.20418</y><y>0.26527</y></points><label>3</label><labelname>window</labelname><flag>1</flag></object><object><points><x>0.67368</x><x>0.75789</x><y>0.11254</y><y>0.17524</y></points><label>3</label><labelname>window</labelname><flag>1</flag></object><object><points><x>0.67579</x><x>0.75789</x><y>0.7926</y><y>0.84887</y></points><label>3</label><labelname>window</labelname><flag>1</flag></object><object><points><x>0.67158</x><x>0.75579</x><y>0.90032</y><y>0.99357</y></points><label>3</label><labelname>window</labelname><flag>1</flag></object><object><points><x>0.27579</x><x>0.37684</x><y>0.34566</y><y>0.38585</y></points><label>8</label><labelname>blind</labelname><flag>1</flag></object><object><points><x>0.29053</x><x>0.39579</x><y>0.40514</y><y>0.43408</y></points><label>8</label><labelname>blind</labelname><flag>1</flag></object><object><points><x>0.67789</x><x>0.75579</x><y>0.11415</y><y>0.17363</y></points><label>8</label><labelname>blind</labelname><flag>1</flag></object><object><points><x>0.68211</x><x>0.76</x><y>0.20579</y><y>0.26367</y></points><label>8</label><labelname>blind</labelname><flag>1</flag></object><object><points><x>0.64421</x><x>0.78947</x><y>0.33923</y><y>0.38264</y></points><label>8</label><labelname>blind</labelname><flag>1</flag></object><object><points><x>0.64842</x><x>0.79368</x><y>0.30225</y><y>0.32476</y></points><label>8</label><labelname>blind</labelname><flag>1</flag></object><object><points><x>0.65474</x><x>0.79579</x><y>0.40032</y><y>0.43248</y></points><label>8</label><labelname>blind</labelname><flag>1</flag></object><object><points><x>0.28421</x><x>0.43579</x><y>0.62379</y><y>0.65113</y></points><label>8</label><labelname>blind</labelname><flag>1</flag></object><object><points><x>0.28</x><x>0.40632</x><y>0.67042</y><y>0.71061</y></points><label>8</label><labelname>blind</labelname><flag>1</flag></object><object><points><x>0.28211</x><x>0.43579</x><y>0.7299</y><y>0.75402</y></points><label>8</label><labelname>blind</labelname><flag>1</flag></object><object><points><x>0.64211</x><x>0.78947</x><y>0.67363</y><y>0.71543</y></points><label>8</label><labelname>blind</labelname><flag>1</flag></object><object><points><x>0.68</x><x>0.75368</x><y>0.79582</y><y>0.84566</y></points><label>8</label><labelname>blind</labelname><flag>1</flag></object><object><points><x>0.68</x><x>0.75368</x><y>0.90675</y><y>0.98875</y></points><label>8</label><labelname>blind</labelname><flag>1</flag></object><object><points><x>0.46105</x><x>0.49263</x><y>0.014469</y><y>0.98714</y></points><label>10</label><labelname>molding</labelname><flag>1</flag></object>