<object><points><x>0.0068359</x><x>1</x><y>0.054334</y><y>0.99353</y></points><label>2</label><labelname>facade</labelname><flag>1</flag></object><object><points><x>0.14453</x><x>0.2041</x><y>0.13325</y><y>0.18629</y></points><label>3</label><labelname>window</labelname><flag>1</flag></object><object><points><x>0.12891</x><x>0.20898</x><y>0.5304</y><y>0.5912</y></points><label>3</label><labelname>window</labelname><flag>1</flag></object><object><points><x>0.12988</x><x>0.20898</x><y>0.45537</y><y>0.50582</y></points><label>3</label><labelname>window</labelname><flag>1</flag></object><object><points><x>0.14648</x><x>0.20312</x><y>0.85252</y><y>0.90298</y></points><label>3</label><labelname>window</labelname><flag>1</flag></object><object><points><x>0.29492</x><x>0.36816</x><y>0.30142</y><y>0.36869</y></points><label>3</label><labelname>window</labelname><flag>1</flag></object><object><points><x>0.29688</x><x>0.36816</x><y>0.68176</y><y>0.74903</y></points><label>3</label><labelname>window</labelname><flag>1</flag></object><object><points><x>0.42871</x><x>0.50293</x><y>0.30272</y><y>0.36869</y></points><label>3</label><labelname>window</labelname><flag>1</flag></object><object><points><x>0.42871</x><x>0.50293</x><y>0.68047</y><y>0.74903</y></points><label>3</label><labelname>window</labelname><flag>1</flag></object><object><points><x>0.55859</x><x>0.63672</x><y>0.30272</y><y>0.36999</y></points><label>3</label><labelname>window</labelname><flag>1</flag></object><object><points><x>0.55957</x><x>0.6377</x><y>0.68176</y><y>0.74774</y></points><label>3</label><labelname>window</labelname><flag>1</flag></object><object><points><x>0.38867</x><x>0.47461</x><y>0.46054</y><y>0.52781</y></points><label>3</label><labelname>window</labelname><flag>1</flag></object><object><points><x>0.53223</x><x>0.61621</x><y>0.46054</y><y>0.52781</y></points><label>3</label><labelname>window</labelname><flag>1</flag></object><object><points><x>0.41211</x><x>0.49609</x><y>0.56792</y><y>0.60414</y></points><label>3</label><labelname>window</labelname><flag>1</flag></object><object><points><x>0.54199</x><x>0.63672</x><y>0.5705</y><y>0.60543</y></points><label>3</label><labelname>window</labelname><flag>1</flag></object><object><points><x>0.29688</x><x>0.37793</x><y>0.11902</y><y>0.2238</y></points><label>3</label><labelname>window</labelname><flag>1</flag></object><object><points><x>0.42676</x><x>0.50586</x><y>0.11514</y><y>0.21863</y></points><label>3</label><labelname>window</labelname><flag>1</flag></object><object><points><x>0.55957</x><x>0.64062</x><y>0.11643</y><y>0.2238</y></points><label>3</label><labelname>window</labelname><flag>1</flag></object><object><points><x>0.70312</x><x>0.77734</x><y>0.12937</y><y>0.22639</y></points><label>3</label><labelname>window</labelname><flag>1</flag></object><object><points><x>0.83301</x><x>0.91211</x><y>0.12937</y><y>0.21992</y></points><label>3</label><labelname>window</labelname><flag>1</flag></object><object><points><x>0.83301</x><x>0.91113</x><y>0.28849</y><y>0.38551</y></points><label>3</label><labelname>window</labelname><flag>1</flag></object><object><points><x>0.29883</x><x>0.37793</x><y>0.83182</y><y>0.93273</y></points><label>3</label><labelname>window</labelname><flag>1</flag></object><object><points><x>0.42773</x><x>0.50879</x><y>0.83053</y><y>0.93144</y></points><label>3</label><labelname>window</labelname><flag>1</flag></object><object><points><x>0.56348</x><x>0.64355</x><y>0.83312</y><y>0.93402</y></points><label>3</label><labelname>window</labelname><flag>1</flag></object><object><points><x>0.70312</x><x>0.77734</x><y>0.83571</y><y>0.93144</y></points><label>3</label><labelname>window</labelname><flag>1</flag></object><object><points><x>0.70508</x><x>0.77832</x><y>0.48383</y><y>0.57568</y></points><label>3</label><labelname>window</labelname><flag>1</flag></object><object><points><x>0.83301</x><x>0.91113</x><y>0.66882</y><y>0.76455</y></points><label>3</label><labelname>window</labelname><flag>1</flag></object><object><points><x>0.83301</x><x>0.90918</x><y>0.83441</y><y>0.92885</y></points><label>3</label><labelname>window</labelname><flag>1</flag></object><object><points><x>0.70312</x><x>0.77734</x><y>0.30272</y><y>0.37646</y></points><label>3</label><labelname>window</labelname><flag>1</flag></object><object><points><x>0.70215</x><x>0.77734</x><y>0.68047</y><y>0.75291</y></points><label>3</label><labelname>window</labelname><flag>1</flag></object><object><points><x>0.95898</x><x>0.99707</x><y>0.83312</y><y>0.87581</y></points><label>3</label><labelname>window</labelname><flag>1</flag></object><object><points><x>0.95898</x><x>0.99805</x><y>0.88745</y><y>0.92626</y></points><label>3</label><labelname>window</labelname><flag>1</flag></object><object><points><x>0.95898</x><x>0.99707</x><y>0.72057</y><y>0.76455</y></points><label>3</label><labelname>window</labelname><flag>1</flag></object><object><points><x>0.96191</x><x>1</x><y>0.17335</y><y>0.21734</y></points><label>3</label><labelname>window</labelname><flag>1</flag></object><object><points><x>0.96191</x><x>1</x><y>0.12419</y><y>0.163</y></points><label>3</label><labelname>window</labelname><flag>1</flag></object><object><points><x>0.82812</x><x>0.85938</x><y>0.489</y><y>0.54334</y></points><label>3</label><labelname>window</labelname><flag>1</flag></object><object><points><x>0.87695</x><x>0.99512</x><y>0.47348</y><y>0.56404</y></points><label>4</label><labelname>door</labelname><flag>1</flag></object><object><points><x>0.95801</x><x>0.99805</x><y>0.66624</y><y>0.70893</y></points><label>3</label><labelname>window</labelname><flag>1</flag></object><object><points><x>0.96191</x><x>0.99805</x><y>0.2859</y><y>0.32988</y></points><label>3</label><labelname>window</labelname><flag>1</flag></object><object><points><x>0.38672</x><x>0.45801</x><y>0.27814</y><y>0.3868</y></points><label>5</label><labelname>cornice</labelname><flag>1</flag></object><object><points><x>0.38477</x><x>0.45996</x><y>0.66235</y><y>0.76714</y></points><label>5</label><labelname>cornice</labelname><flag>1</flag></object><object><points><x>0.51758</x><x>0.58984</x><y>0.28461</y><y>0.3881</y></points><label>5</label><labelname>cornice</labelname><flag>1</flag></object><object><points><x>0.51758</x><x>0.59082</x><y>0.65977</y><y>0.76843</y></points><label>5</label><labelname>cornice</labelname><flag>1</flag></object><object><points><x>0.36328</x><x>0.38965</x><y>0.27943</y><y>0.38422</y></points><label>6</label><labelname>sill</labelname><flag>1</flag></object><object><points><x>0.5</x><x>0.52734</x><y>0.28202</y><y>0.3881</y></points><label>6</label><labelname>sill</labelname><flag>1</flag></object><object><points><x>0.36621</x><x>0.3916</x><y>0.66365</y><y>0.76585</y></points><label>6</label><labelname>sill</labelname><flag>1</flag></object><object><points><x>0.5</x><x>0.52539</x><y>0.66106</y><y>0.76326</y></points><label>6</label><labelname>sill</labelname><flag>1</flag></object><object><points><x>0.63477</x><x>0.66797</x><y>0.66106</y><y>0.76714</y></points><label>6</label><labelname>sill</labelname><flag>1</flag></object><object><points><x>0.63477</x><x>0.66699</x><y>0.27943</y><y>0.38551</y></points><label>6</label><labelname>sill</labelname><flag>1</flag></object><object><points><x>0.77246</x><x>0.80762</x><y>0.28202</y><y>0.38551</y></points><label>6</label><labelname>sill</labelname><flag>1</flag></object><object><points><x>0.77637</x><x>0.80762</x><y>0.66235</y><y>0.76455</y></points><label>6</label><labelname>sill</labelname><flag>1</flag></object><object><points><x>0.77441</x><x>0.81055</x><y>0.81113</y><y>0.94567</y></points><label>6</label><labelname>sill</labelname><flag>1</flag></object><object><points><x>0.77539</x><x>0.81348</x><y>0.1022</y><y>0.23933</y></points><label>6</label><labelname>sill</labelname><flag>1</flag></object><object><points><x>0.90918</x><x>0.95996</x><y>0.28331</y><y>0.3868</y></points><label>6</label><labelname>sill</labelname><flag>1</flag></object><object><points><x>0.90918</x><x>0.96289</x><y>0.11384</y><y>0.2238</y></points><label>6</label><labelname>sill</labelname><flag>1</flag></object><object><points><x>0.9082</x><x>0.96582</x><y>0.66106</y><y>0.76843</y></points><label>6</label><labelname>sill</labelname><flag>1</flag></object><object><points><x>0.9082</x><x>0.97461</x><y>0.82665</y><y>0.9392</y></points><label>6</label><labelname>sill</labelname><flag>1</flag></object><object><points><x>0.31934</x><x>0.40723</x><y>0.40362</y><y>0.6326</y></points><label>7</label><labelname>balcony</labelname><flag>1</flag></object><object><points><x>0.35156</x><x>0.40918</x><y>0.79819</y><y>0.96248</y></points><label>7</label><labelname>balcony</labelname><flag>1</flag></object><object><points><x>0.4834</x><x>0.54199</x><y>0.80336</y><y>0.96248</y></points><label>7</label><labelname>balcony</labelname><flag>1</flag></object><object><points><x>0.48242</x><x>0.54199</x><y>0.086675</y><y>0.24321</y></points><label>7</label><labelname>balcony</labelname><flag>1</flag></object><object><points><x>0.62402</x><x>0.68066</x><y>0.087969</y><y>0.23545</y></points><label>7</label><labelname>balcony</labelname><flag>1</flag></object><object><points><x>0.62695</x><x>0.68164</x><y>0.80207</y><y>0.9586</y></points><label>7</label><labelname>balcony</labelname><flag>1</flag></object><object><points><x>0.76172</x><x>0.80957</x><y>0.45149</y><y>0.58732</y></points><label>7</label><labelname>balcony</labelname><flag>1</flag></object><object><points><x>0.74707</x><x>0.80859</x><y>0.57568</y><y>0.63131</y></points><label>9</label><labelname>deco</labelname><flag>1</flag></object><object><points><x>0.65918</x><x>0.73535</x><y>0.5097</y><y>0.62613</y></points><label>9</label><labelname>deco</labelname><flag>1</flag></object><object><points><x>0.75</x><x>0.80566</x><y>0.41268</y><y>0.46313</y></points><label>9</label><labelname>deco</labelname><flag>1</flag></object><object><points><x>0.65234</x><x>0.73633</x><y>0.40621</y><y>0.50065</y></points><label>9</label><labelname>deco</labelname><flag>1</flag></object><object><points><x>0.81152</x><x>0.88672</x><y>0.46572</y><y>0.57568</y></points><label>9</label><labelname>deco</labelname><flag>1</flag></object><object><points><x>0.025391</x><x>0.13184</x><y>0.44243</y><y>0.60285</y></points><label>9</label><labelname>deco</labelname><flag>1</flag></object><object><points><x>0.66113</x><x>0.69824</x><y>0.062096</y><y>0.97283</y></points><label>10</label><labelname>molding</labelname><flag>1</flag></object><object><points><x>0.7998</x><x>0.82422</x><y>0.062096</y><y>0.98318</y></points><label>10</label><labelname>molding</labelname><flag>1</flag></object><object><points><x>0.26855</x><x>0.63672</x><y>0.23157</y><y>0.28202</y></points><label>11</label><labelname>pillar</labelname><flag>1</flag></object><object><points><x>0.27148</x><x>0.63672</x><y>0.38551</y><y>0.4295</y></points><label>11</label><labelname>pillar</labelname><flag>1</flag></object><object><points><x>0.26855</x><x>0.63184</x><y>0.056921</y><y>0.094437</y></points><label>11</label><labelname>pillar</labelname><flag>1</flag></object><object><points><x>0.27148</x><x>0.63574</x><y>0.61449</y><y>0.66494</y></points><label>11</label><labelname>pillar</labelname><flag>1</flag></object><object><points><x>0.27246</x><x>0.6377</x><y>0.76843</y><y>0.80854</y></points><label>11</label><labelname>pillar</labelname><flag>1</flag></object><object><points><x>0.26855</x><x>0.63184</x><y>0.94955</y><y>0.98706</y></points><label>11</label><labelname>pillar</labelname><flag>1</flag></object><object><points><x>0.63184</x><x>0.66602</x><y>0.055627</y><y>0.095731</y></points><label>11</label><labelname>pillar</labelname><flag>1</flag></object><object><points><x>0.6377</x><x>0.66699</x><y>0.23157</y><y>0.28331</y></points><label>11</label><labelname>pillar</labelname><flag>1</flag></object><object><points><x>0.63672</x><x>0.66699</x><y>0.38551</y><y>0.43338</y></points><label>11</label><labelname>pillar</labelname><flag>1</flag></object><object><points><x>0.63672</x><x>0.66602</x><y>0.61449</y><y>0.66494</y></points><label>11</label><labelname>pillar</labelname><flag>1</flag></object><object><points><x>0.6377</x><x>0.66797</x><y>0.76714</y><y>0.81371</y></points><label>11</label><labelname>pillar</labelname><flag>1</flag></object><object><points><x>0.63281</x><x>0.66699</x><y>0.94696</y><y>0.99224</y></points><label>11</label><labelname>pillar</labelname><flag>1</flag></object><object><points><x>0.98438</x><x>0.99805</x><y>0.56921</y><y>0.60673</y></points><label>11</label><labelname>pillar</labelname><flag>1</flag></object><object><points><x>0.9834</x><x>0.99707</x><y>0.60802</y><y>0.62225</y></points><label>11</label><labelname>pillar</labelname><flag>1</flag></object><object><points><x>0.98438</x><x>0.99609</x><y>0.43596</y><y>0.4696</y></points><label>11</label><labelname>pillar</labelname><flag>1</flag></object><object><points><x>0.98535</x><x>0.99609</x><y>0.42561</y><y>0.43596</y></points><label>11</label><labelname>pillar</labelname><flag>1</flag></object><object><points><x>0.8584</x><x>0.9834</x><y>0.57568</y><y>0.60414</y></points><label>11</label><labelname>pillar</labelname><flag>1</flag></object><object><points><x>0.85938</x><x>0.98438</x><y>0.60414</y><y>0.61708</y></points><label>11</label><labelname>pillar</labelname><flag>1</flag></object><object><points><x>0.8584</x><x>0.98438</x><y>0.44114</y><y>0.46701</y></points><label>11</label><labelname>pillar</labelname><flag>1</flag></object><object><points><x>0.85938</x><x>0.98438</x><y>0.43079</y><y>0.44114</y></points><label>11</label><labelname>pillar</labelname><flag>1</flag></object><object><points><x>0.85254</x><x>0.8584</x><y>0.43984</y><y>0.46701</y></points><label>11</label><labelname>pillar</labelname><flag>1</flag></object><object><points><x>0.85254</x><x>0.85938</x><y>0.4282</y><y>0.44114</y></points><label>11</label><labelname>pillar</labelname><flag>1</flag></object><object><points><x>0.84766</x><x>0.8584</x><y>0.56792</y><y>0.60414</y></points><label>11</label><labelname>pillar</labelname><flag>1</flag></object><object><points><x>0.84863</x><x>0.85938</x><y>0.60414</y><y>0.62225</y></points><label>11</label><labelname>pillar</labelname><flag>1</flag></object><object><points><x>0.25</x><x>0.27148</x><y>0.36869</y><y>0.43984</y></points><label>11</label><labelname>pillar</labelname><flag>1</flag></object><object><points><x>0.24805</x><x>0.26758</x><y>0.2251</y><y>0.2859</y></points><label>11</label><labelname>pillar</labelname><flag>1</flag></object><object><points><x>0.25293</x><x>0.26758</x><y>0.055627</y><y>0.10349</y></points><label>11</label><labelname>pillar</labelname><flag>1</flag></object><object><points><x>0.25293</x><x>0.27246</x><y>0.60802</y><y>0.67141</y></points><label>11</label><labelname>pillar</labelname><flag>1</flag></object><object><points><x>0.25293</x><x>0.27246</x><y>0.75938</y><y>0.82147</y></points><label>11</label><labelname>pillar</labelname><flag>1</flag></object><object><points><x>0.24707</x><x>0.26855</x><y>0.94049</y><y>0.99224</y></points><label>11</label><labelname>pillar</labelname><flag>1</flag></object><object><points><x>0.29785</x><x>0.35547</x><y>0.46831</y><y>0.58473</y></points><label>3</label><labelname>window</labelname><flag>1</flag></object>