<object><points><x>0.2168</x><x>0.28711</x><y>0.26562</y><y>0.3138</y></points><label>3</label><labelname>window</labelname><flag>1</flag></object><object><points><x>0.2207</x><x>0.29102</x><y>0.42188</y><y>0.49479</y></points><label>3</label><labelname>window</labelname><flag>1</flag></object><object><points><x>0.35254</x><x>0.4248</x><y>0.26693</y><y>0.3151</y></points><label>3</label><labelname>window</labelname><flag>1</flag></object><object><points><x>0.48633</x><x>0.55859</x><y>0.26562</y><y>0.31641</y></points><label>3</label><labelname>window</labelname><flag>1</flag></object><object><points><x>0.35449</x><x>0.42285</x><y>0.42318</y><y>0.49349</y></points><label>3</label><labelname>window</labelname><flag>1</flag></object><object><points><x>0.48926</x><x>0.55762</x><y>0.42318</y><y>0.49349</y></points><label>3</label><labelname>window</labelname><flag>1</flag></object><object><points><x>0.46484</x><x>0.48535</x><y>0.41146</y><y>0.5</y></points><label>5</label><labelname>cornice</labelname><flag>1</flag></object><object><points><x>0.46387</x><x>0.4834</x><y>0.2513</y><y>0.32161</y></points><label>5</label><labelname>cornice</labelname><flag>1</flag></object><object><points><x>0.62305</x><x>0.69238</x><y>0.42188</y><y>0.49479</y></points><label>3</label><labelname>window</labelname><flag>1</flag></object><object><points><x>0.75488</x><x>0.8252</x><y>0.42318</y><y>0.49479</y></points><label>3</label><labelname>window</labelname><flag>1</flag></object><object><points><x>0.75293</x><x>0.82422</x><y>0.27214</y><y>0.32161</y></points><label>3</label><labelname>window</labelname><flag>1</flag></object><object><points><x>0.62012</x><x>0.70801</x><y>0.26432</y><y>0.3138</y></points><label>3</label><labelname>window</labelname><flag>1</flag></object><object><points><x>0.21973</x><x>0.29004</x><y>0.67708</y><y>0.7487</y></points><label>3</label><labelname>window</labelname><flag>1</flag></object><object><points><x>0.35449</x><x>0.42188</x><y>0.67708</y><y>0.74609</y></points><label>3</label><labelname>window</labelname><flag>1</flag></object><object><points><x>0.48828</x><x>0.55762</x><y>0.67708</y><y>0.74609</y></points><label>3</label><labelname>window</labelname><flag>1</flag></object><object><points><x>0.46387</x><x>0.4873</x><y>0.66927</y><y>0.75391</y></points><label>5</label><labelname>cornice</labelname><flag>1</flag></object><object><points><x>0.18555</x><x>0.25586</x><y>0.5625</y><y>0.58333</y></points><label>3</label><labelname>window</labelname><flag>1</flag></object><object><points><x>0.32715</x><x>0.39941</x><y>0.5625</y><y>0.58333</y></points><label>3</label><labelname>window</labelname><flag>1</flag></object><object><points><x>0.46875</x><x>0.54199</x><y>0.5612</y><y>0.58333</y></points><label>3</label><labelname>window</labelname><flag>1</flag></object><object><points><x>0.19434</x><x>0.27637</x><y>0.60938</y><y>0.6276</y></points><label>3</label><labelname>window</labelname><flag>1</flag></object><object><points><x>0.33496</x><x>0.41406</x><y>0.60807</y><y>0.6263</y></points><label>3</label><labelname>window</labelname><flag>1</flag></object><object><points><x>0.33496</x><x>0.41406</x><y>0.53125</y><y>0.54167</y></points><label>3</label><labelname>window</labelname><flag>1</flag></object><object><points><x>0.19531</x><x>0.27734</x><y>0.53255</y><y>0.54167</y></points><label>3</label><labelname>window</labelname><flag>1</flag></object><object><points><x>0.47363</x><x>0.5498</x><y>0.53255</y><y>0.54297</y></points><label>3</label><labelname>window</labelname><flag>1</flag></object><object><points><x>0.47363</x><x>0.55176</x><y>0.60807</y><y>0.6276</y></points><label>3</label><labelname>window</labelname><flag>1</flag></object><object><points><x>0.61328</x><x>0.68945</x><y>0.60807</y><y>0.62891</y></points><label>3</label><labelname>window</labelname><flag>1</flag></object><object><points><x>0.61328</x><x>0.6875</x><y>0.53255</y><y>0.54427</y></points><label>3</label><labelname>window</labelname><flag>1</flag></object><object><points><x>0.76465</x><x>0.82422</x><y>0.56641</y><y>0.59245</y></points><label>3</label><labelname>window</labelname><flag>1</flag></object><object><points><x>0.62207</x><x>0.69336</x><y>0.67708</y><y>0.7474</y></points><label>3</label><labelname>window</labelname><flag>1</flag></object><object><points><x>0.75488</x><x>0.82422</x><y>0.67708</y><y>0.7487</y></points><label>3</label><labelname>window</labelname><flag>1</flag></object><object><points><x>0.11328</x><x>0.98633</x><y>0.39062</y><y>0.77865</y></points><label>2</label><labelname>facade</labelname><flag>1</flag></object><object><points><x>0.2168</x><x>0.28711</x><y>0.15234</y><y>0.20052</y></points><label>3</label><labelname>window</labelname><flag>1</flag></object><object><points><x>0.21777</x><x>0.28809</x><y>0.040365</y><y>0.08724</y></points><label>3</label><labelname>window</labelname><flag>1</flag></object><object><points><x>0.35254</x><x>0.42285</x><y>0.15234</y><y>0.20052</y></points><label>3</label><labelname>window</labelname><flag>1</flag></object><object><points><x>0.4873</x><x>0.55762</x><y>0.15234</y><y>0.20052</y></points><label>3</label><labelname>window</labelname><flag>1</flag></object><object><points><x>0.62012</x><x>0.69238</x><y>0.15104</y><y>0.20182</y></points><label>3</label><labelname>window</labelname><flag>1</flag></object><object><points><x>0.75293</x><x>0.8252</x><y>0.15234</y><y>0.20182</y></points><label>3</label><labelname>window</labelname><flag>1</flag></object><object><points><x>0.3584</x><x>0.4082</x><y>0.92578</y><y>0.95833</y></points><label>3</label><labelname>window</labelname><flag>1</flag></object><object><points><x>0.36035</x><x>0.41016</x><y>0.85286</y><y>0.88542</y></points><label>3</label><labelname>window</labelname><flag>1</flag></object><object><points><x>0.35938</x><x>0.40918</x><y>0.89062</y><y>0.92318</y></points><label>3</label><labelname>window</labelname><flag>1</flag></object><object><points><x>0.33301</x><x>0.35645</x><y>0.92708</y><y>0.95703</y></points><label>3</label><labelname>window</labelname><flag>1</flag></object><object><points><x>0.33398</x><x>0.35742</x><y>0.89062</y><y>0.92057</y></points><label>3</label><labelname>window</labelname><flag>1</flag></object><object><points><x>0.33496</x><x>0.35742</x><y>0.85417</y><y>0.88411</y></points><label>3</label><labelname>window</labelname><flag>1</flag></object><object><points><x>0.46973</x><x>0.53027</x><y>0.85286</y><y>0.89974</y></points><label>3</label><labelname>window</labelname><flag>1</flag></object><object><points><x>0.46973</x><x>0.53027</x><y>0.90885</y><y>0.95573</y></points><label>3</label><labelname>window</labelname><flag>1</flag></object><object><points><x>0.60059</x><x>0.62793</x><y>0.85417</y><y>0.88672</y></points><label>3</label><labelname>window</labelname><flag>1</flag></object><object><points><x>0.60156</x><x>0.62793</x><y>0.89193</y><y>0.92448</y></points><label>3</label><labelname>window</labelname><flag>1</flag></object><object><points><x>0.62988</x><x>0.68066</x><y>0.85286</y><y>0.88672</y></points><label>3</label><labelname>window</labelname><flag>1</flag></object><object><points><x>0.62891</x><x>0.67969</x><y>0.89193</y><y>0.92578</y></points><label>3</label><labelname>window</labelname><flag>1</flag></object><object><points><x>0.75488</x><x>0.83594</x><y>0.85286</y><y>0.90104</y></points><label>3</label><labelname>window</labelname><flag>1</flag></object><object><points><x>0.60938</x><x>0.68262</x><y>0.5625</y><y>0.58464</y></points><label>3</label><labelname>window</labelname><flag>1</flag></object><object><points><x>0.097656</x><x>0.14746</x><y>0.18359</y><y>0.22005</y></points><label>3</label><labelname>window</labelname><flag>1</flag></object><object><points><x>0.097656</x><x>0.14746</x><y>0.023438</y><y>0.058594</y></points><label>3</label><labelname>window</labelname><flag>1</flag></object><object><points><x>0.087891</x><x>0.15039</x><y>0.078125</y><y>0.11198</y></points><label>3</label><labelname>window</labelname><flag>1</flag></object><object><points><x>0.087891</x><x>0.15039</x><y>0.13151</y><y>0.16667</y></points><label>3</label><labelname>window</labelname><flag>1</flag></object><object><points><x>0.88672</x><x>0.98242</x><y>0.55599</y><y>0.61849</y></points><label>4</label><labelname>door</labelname><flag>1</flag></object><object><points><x>0.45996</x><x>0.48633</x><y>0.13672</y><y>0.21354</y></points><label>5</label><labelname>cornice</labelname><flag>1</flag></object><object><points><x>0.41504</x><x>0.43164</x><y>0.13672</y><y>0.20964</y></points><label>6</label><labelname>sill</labelname><flag>1</flag></object><object><points><x>0.41602</x><x>0.43359</x><y>0.2526</y><y>0.32552</y></points><label>6</label><labelname>sill</labelname><flag>1</flag></object><object><points><x>0.41992</x><x>0.43555</x><y>0.67188</y><y>0.7513</y></points><label>6</label><labelname>sill</labelname><flag>1</flag></object><object><points><x>0.41797</x><x>0.43359</x><y>0.41927</y><y>0.4987</y></points><label>6</label><labelname>sill</labelname><flag>1</flag></object><object><points><x>0.55371</x><x>0.56934</x><y>0.67188</y><y>0.7513</y></points><label>6</label><labelname>sill</labelname><flag>1</flag></object><object><points><x>0.55273</x><x>0.56543</x><y>0.41797</y><y>0.5013</y></points><label>6</label><labelname>sill</labelname><flag>1</flag></object><object><points><x>0.54004</x><x>0.5498</x><y>0.55859</y><y>0.58594</y></points><label>6</label><labelname>sill</labelname><flag>1</flag></object><object><points><x>0.5459</x><x>0.55859</x><y>0.52734</y><y>0.54427</y></points><label>6</label><labelname>sill</labelname><flag>1</flag></object><object><points><x>0.54492</x><x>0.55957</x><y>0.60677</y><y>0.63151</y></points><label>6</label><labelname>sill</labelname><flag>1</flag></object><object><points><x>0.39844</x><x>0.40723</x><y>0.55599</y><y>0.58594</y></points><label>6</label><labelname>sill</labelname><flag>1</flag></object><object><points><x>0.4043</x><x>0.4209</x><y>0.60417</y><y>0.63281</y></points><label>6</label><labelname>sill</labelname><flag>1</flag></object><object><points><x>0.40625</x><x>0.42188</x><y>0.52865</y><y>0.54427</y></points><label>6</label><labelname>sill</labelname><flag>1</flag></object><object><points><x>0.25488</x><x>0.26562</x><y>0.55599</y><y>0.58854</y></points><label>6</label><labelname>sill</labelname><flag>1</flag></object><object><points><x>0.55078</x><x>0.57324</x><y>0.13802</y><y>0.20833</y></points><label>6</label><labelname>sill</labelname><flag>1</flag></object><object><points><x>0.55176</x><x>0.57324</x><y>0.25391</y><y>0.32422</y></points><label>6</label><labelname>sill</labelname><flag>1</flag></object><object><points><x>0.82227</x><x>0.85254</x><y>0.25651</y><y>0.33073</y></points><label>6</label><labelname>sill</labelname><flag>1</flag></object><object><points><x>0.82129</x><x>0.85547</x><y>0.41406</y><y>0.5026</y></points><label>6</label><labelname>sill</labelname><flag>1</flag></object><object><points><x>0.82129</x><x>0.85547</x><y>0.66927</y><y>0.75781</y></points><label>6</label><labelname>sill</labelname><flag>1</flag></object><object><points><x>0.83301</x><x>0.84473</x><y>0.83203</y><y>0.92057</y></points><label>6</label><labelname>sill</labelname><flag>1</flag></object><object><points><x>0.85547</x><x>0.86914</x><y>0.66667</y><y>0.75651</y></points><label>5</label><labelname>cornice</labelname><flag>1</flag></object><object><points><x>0.85352</x><x>0.86523</x><y>0.51302</y><y>0.65495</y></points><label>5</label><labelname>cornice</labelname><flag>1</flag></object><object><points><x>0.85449</x><x>0.86426</x><y>0.41016</y><y>0.50391</y></points><label>5</label><labelname>cornice</labelname><flag>1</flag></object><object><points><x>0.85352</x><x>0.86426</x><y>0.25391</y><y>0.33333</y></points><label>5</label><labelname>cornice</labelname><flag>1</flag></object><object><points><x>0.82715</x><x>0.87891</x><y>0.13411</y><y>0.21615</y></points><label>5</label><labelname>cornice</labelname><flag>1</flag></object><object><points><x>0.67969</x><x>0.72949</x><y>0.13281</y><y>0.33333</y></points><label>7</label><labelname>balcony</labelname><flag>1</flag></object><object><points><x>0.25977</x><x>0.33008</x><y>0.045573</y><y>0.54948</y></points><label>7</label><labelname>balcony</labelname><flag>1</flag></object><object><points><x>0.25488</x><x>0.32422</x><y>0.59896</y><y>0.77474</y></points><label>7</label><labelname>balcony</labelname><flag>1</flag></object><object><points><x>0.37207</x><x>0.45703</x><y>0.81771</y><y>0.98828</y></points><label>7</label><labelname>balcony</labelname><flag>1</flag></object><object><points><x>0.52832</x><x>0.56348</x><y>0.83073</y><y>0.97005</y></points><label>7</label><labelname>balcony</labelname><flag>1</flag></object><object><points><x>0.67969</x><x>0.71484</x><y>0.82812</y><y>0.96745</y></points><label>7</label><labelname>balcony</labelname><flag>1</flag></object><object><points><x>0.14844</x><x>0.1709</x><y>0.39844</y><y>0.52865</y></points><label>7</label><labelname>balcony</labelname><flag>1</flag></object><object><points><x>0.16504</x><x>0.20898</x><y>0.14583</y><y>0.20182</y></points><label>9</label><labelname>deco</labelname><flag>1</flag></object><object><points><x>0.16504</x><x>0.20898</x><y>0.26172</y><y>0.31641</y></points><label>9</label><labelname>deco</labelname><flag>1</flag></object><object><points><x>0.16309</x><x>0.20801</x><y>0.03125</y><y>0.085938</y></points><label>9</label><labelname>deco</labelname><flag>1</flag></object><object><points><x>0.26855</x><x>0.32422</x><y>0.5612</y><y>0.58203</y></points><label>9</label><labelname>deco</labelname><flag>1</flag></object><object><points><x>0.41016</x><x>0.46582</x><y>0.5612</y><y>0.58203</y></points><label>9</label><labelname>deco</labelname><flag>1</flag></object><object><points><x>0.42285</x><x>0.47363</x><y>0.60938</y><y>0.6276</y></points><label>9</label><labelname>deco</labelname><flag>1</flag></object><object><points><x>0.42188</x><x>0.47363</x><y>0.53255</y><y>0.54167</y></points><label>9</label><labelname>deco</labelname><flag>1</flag></object><object><points><x>0.54883</x><x>0.56348</x><y>0.55859</y><y>0.58594</y></points><label>9</label><labelname>deco</labelname><flag>1</flag></object><object><points><x>0.55859</x><x>0.57227</x><y>0.61198</y><y>0.6276</y></points><label>9</label><labelname>deco</labelname><flag>1</flag></object><object><points><x>0.55762</x><x>0.57129</x><y>0.52995</y><y>0.54557</y></points><label>9</label><labelname>deco</labelname><flag>1</flag></object><object><points><x>0.44141</x><x>0.4541</x><y>0.44922</y><y>0.46484</y></points><label>9</label><labelname>deco</labelname><flag>1</flag></object><object><points><x>0.44141</x><x>0.45508</x><y>0.70312</y><y>0.71875</y></points><label>9</label><labelname>deco</labelname><flag>1</flag></object><object><points><x>0.33301</x><x>0.37891</x><y>0.33724</y><y>0.35417</y></points><label>9</label><labelname>deco</labelname><flag>1</flag></object><object><points><x>0.33398</x><x>0.37891</x><y>0.21875</y><y>0.24089</y></points><label>9</label><labelname>deco</labelname><flag>1</flag></object><object><points><x>0.33301</x><x>0.37891</x><y>0.10677</y><y>0.12891</y></points><label>9</label><labelname>deco</labelname><flag>1</flag></object><object><points><x>0.18945</x><x>0.25879</x><y>0.33724</y><y>0.35807</y></points><label>9</label><labelname>deco</labelname><flag>1</flag></object><object><points><x>0.19043</x><x>0.25879</x><y>0.22005</y><y>0.23958</y></points><label>9</label><labelname>deco</labelname><flag>1</flag></object><object><points><x>0.18945</x><x>0.25879</x><y>0.10677</y><y>0.1276</y></points><label>9</label><labelname>deco</labelname><flag>1</flag></object><object><points><x>0.74121</x><x>0.9082</x><y>0.20443</y><y>0.26172</y></points><label>9</label><labelname>deco</labelname><flag>1</flag></object><object><points><x>0.71582</x><x>0.75977</x><y>0.39714</y><y>0.77474</y></points><label>10</label><labelname>molding</labelname><flag>1</flag></object><object><points><x>0.57129</x><x>0.62305</x><y>0.39714</y><y>0.77083</y></points><label>10</label><labelname>molding</labelname><flag>1</flag></object><object><points><x>0.88379</x><x>0.95898</x><y>0.67188</y><y>0.75391</y></points><label>12</label><labelname>shop</labelname><flag>1</flag></object><object><points><x>0.88379</x><x>0.95801</x><y>0.41667</y><y>0.4987</y></points><label>12</label><labelname>shop</labelname><flag>1</flag></object><object><points><x>0.86426</x><x>0.88672</x><y>0.5013</y><y>0.67057</y></points><label>12</label><labelname>shop</labelname><flag>1</flag></object><object><points><x>0.90234</x><x>0.93164</x><y>0.63021</y><y>0.66016</y></points><label>12</label><labelname>shop</labelname><flag>1</flag></object><object><points><x>0.90137</x><x>0.93066</x><y>0.50781</y><y>0.53906</y></points><label>12</label><labelname>shop</labelname><flag>1</flag></object><object><points><x>0.93066</x><x>0.9502</x><y>0.51302</y><y>0.53906</y></points><label>12</label><labelname>shop</labelname><flag>1</flag></object><object><points><x>0.8623</x><x>0.88477</x><y>0.39453</y><y>0.40885</y></points><label>12</label><labelname>shop</labelname><flag>1</flag></object><object><points><x>0.86523</x><x>0.88477</x><y>0.75651</y><y>0.77344</y></points><label>12</label><labelname>shop</labelname><flag>1</flag></object><object><points><x>0.91895</x><x>0.9541</x><y>0.34896</y><y>0.38672</y></points><label>12</label><labelname>shop</labelname><flag>1</flag></object><object><points><x>0.88281</x><x>0.97656</x><y>0.26562</y><y>0.34766</y></points><label>12</label><labelname>shop</labelname><flag>1</flag></object><object><points><x>0.91016</x><x>0.95996</x><y>0.20964</y><y>0.25911</y></points><label>12</label><labelname>shop</labelname><flag>1</flag></object><object><points><x>0.88086</x><x>0.98242</x><y>0.16927</y><y>0.20833</y></points><label>12</label><labelname>shop</labelname><flag>1</flag></object><object><points><x>0.85449</x><x>0.96387</x><y>0.78385</y><y>0.88542</y></points><label>12</label><labelname>shop</labelname><flag>1</flag></object>