<object><points><x>0.095355</x><x>1</x><y>0.0016103</y><y>0.99517</y></points><label>2</label><labelname>facade</labelname><flag>1</flag></object><object><points><x>0.11491</x><x>0.15403</x><y>0.05314</y><y>0.099839</y></points><label>3</label><labelname>window</labelname><flag>1</flag></object><object><points><x>0.11736</x><x>0.14914</x><y>0.28019</y><y>0.31562</y></points><label>3</label><labelname>window</labelname><flag>1</flag></object><object><points><x>0.11491</x><x>0.14914</x><y>0.33816</y><y>0.38003</y></points><label>3</label><labelname>window</labelname><flag>1</flag></object><object><points><x>0.11491</x><x>0.1467</x><y>0.68921</y><y>0.71981</y></points><label>3</label><labelname>window</labelname><flag>1</flag></object><object><points><x>0.11736</x><x>0.15892</x><y>0.88728</y><y>0.91626</y></points><label>3</label><labelname>window</labelname><flag>1</flag></object><object><points><x>0.01956</x><x>0.04401</x><y>0.86957</y><y>0.89211</y></points><label>3</label><labelname>window</labelname><flag>1</flag></object><object><points><x>0.20293</x><x>0.30318</x><y>0.33816</y><y>0.41063</y></points><label>3</label><labelname>window</labelname><flag>1</flag></object><object><points><x>0.20293</x><x>0.30318</x><y>0.46699</y><y>0.53945</y></points><label>3</label><labelname>window</labelname><flag>1</flag></object><object><points><x>0.20293</x><x>0.30562</x><y>0.63929</y><y>0.71176</y></points><label>3</label><labelname>window</labelname><flag>1</flag></object><object><points><x>0.20538</x><x>0.30562</x><y>0.16103</y><y>0.23349</y></points><label>3</label><labelname>window</labelname><flag>1</flag></object><object><points><x>0.42298</x><x>0.52323</x><y>0.15781</y><y>0.23027</y></points><label>3</label><labelname>window</labelname><flag>1</flag></object><object><points><x>0.42054</x><x>0.52078</x><y>0.33494</y><y>0.40741</y></points><label>3</label><labelname>window</labelname><flag>1</flag></object><object><points><x>0.42298</x><x>0.52323</x><y>0.46699</y><y>0.53945</y></points><label>3</label><labelname>window</labelname><flag>1</flag></object><object><points><x>0.41809</x><x>0.52078</x><y>0.63607</y><y>0.70853</y></points><label>3</label><labelname>window</labelname><flag>1</flag></object><object><points><x>0.63325</x><x>0.7335</x><y>0.63768</y><y>0.70853</y></points><label>3</label><labelname>window</labelname><flag>1</flag></object><object><points><x>0.6357</x><x>0.73594</x><y>0.46055</y><y>0.53301</y></points><label>3</label><labelname>window</labelname><flag>1</flag></object><object><points><x>0.6357</x><x>0.73839</x><y>0.33172</y><y>0.40419</y></points><label>3</label><labelname>window</labelname><flag>1</flag></object><object><points><x>0.6357</x><x>0.73839</x><y>0.1562</y><y>0.22866</y></points><label>3</label><labelname>window</labelname><flag>1</flag></object><object><points><x>0.84841</x><x>0.9511</x><y>0.63607</y><y>0.70853</y></points><label>3</label><labelname>window</labelname><flag>1</flag></object><object><points><x>0.8533</x><x>0.95355</x><y>0.15137</y><y>0.22383</y></points><label>3</label><labelname>window</labelname><flag>1</flag></object><object><points><x>0.42787</x><x>0.54279</x><y>0.87923</y><y>0.94042</y></points><label>3</label><labelname>window</labelname><flag>1</flag></object><object><points><x>0.43276</x><x>0.54279</x><y>0.94847</y><y>0.99356</y></points><label>3</label><labelname>window</labelname><flag>1</flag></object><object><points><x>0.64548</x><x>0.74817</x><y>0.88084</y><y>0.94203</y></points><label>3</label><labelname>window</labelname><flag>1</flag></object><object><points><x>0.511</x><x>0.5379</x><y>0.13688</y><y>0.24638</y></points><label>6</label><labelname>sill</labelname><flag>1</flag></object><object><points><x>0.511</x><x>0.5379</x><y>0.31079</y><y>0.42029</y></points><label>6</label><labelname>sill</labelname><flag>1</flag></object><object><points><x>0.51834</x><x>0.5379</x><y>0.44928</y><y>0.55072</y></points><label>6</label><labelname>sill</labelname><flag>1</flag></object><object><points><x>0.51834</x><x>0.5379</x><y>0.62319</y><y>0.72464</y></points><label>6</label><labelname>sill</labelname><flag>1</flag></object><object><points><x>0.72861</x><x>0.74817</x><y>0.62319</y><y>0.72464</y></points><label>6</label><labelname>sill</labelname><flag>1</flag></object><object><points><x>0.73105</x><x>0.75061</x><y>0.44283</y><y>0.54428</y></points><label>6</label><labelname>sill</labelname><flag>1</flag></object><object><points><x>0.72861</x><x>0.74817</x><y>0.31884</y><y>0.42029</y></points><label>6</label><labelname>sill</labelname><flag>1</flag></object><object><points><x>0.7335</x><x>0.75306</x><y>0.14332</y><y>0.24477</y></points><label>6</label><labelname>sill</labelname><flag>1</flag></object><object><points><x>0.94866</x><x>0.96822</x><y>0.13688</y><y>0.23994</y></points><label>6</label><labelname>sill</labelname><flag>1</flag></object><object><points><x>0.93888</x><x>0.95844</x><y>0.62319</y><y>0.72625</y></points><label>6</label><labelname>sill</labelname><flag>1</flag></object><object><points><x>0.47922</x><x>0.58191</x><y>0.80193</y><y>0.99517</y></points><label>7</label><labelname>balcony</labelname><flag>1</flag></object><object><points><x>0.70905</x><x>0.80929</x><y>0.7971</y><y>0.99034</y></points><label>7</label><labelname>balcony</labelname><flag>1</flag></object><object><points><x>0.1467</x><x>0.17604</x><y>0.41546</y><y>0.52979</y></points><label>7</label><labelname>balcony</labelname><flag>1</flag></object><object><points><x>0.20049</x><x>0.30318</x><y>0.16103</y><y>0.19324</y></points><label>8</label><labelname>blind</labelname><flag>1</flag></object><object><points><x>0.20538</x><x>0.30318</x><y>0.19807</y><y>0.23188</y></points><label>8</label><labelname>blind</labelname><flag>1</flag></object><object><points><x>0.20049</x><x>0.30318</x><y>0.29791</y><y>0.33494</y></points><label>8</label><labelname>blind</labelname><flag>1</flag></object><object><points><x>0.20049</x><x>0.30318</x><y>0.40902</y><y>0.44605</y></points><label>8</label><labelname>blind</labelname><flag>1</flag></object><object><points><x>0.20538</x><x>0.30073</x><y>0.46699</y><y>0.50403</y></points><label>8</label><labelname>blind</labelname><flag>1</flag></object><object><points><x>0.20049</x><x>0.30318</x><y>0.53945</y><y>0.57488</y></points><label>8</label><labelname>blind</labelname><flag>1</flag></object><object><points><x>0.20049</x><x>0.30318</x><y>0.59903</y><y>0.63446</y></points><label>8</label><labelname>blind</labelname><flag>1</flag></object><object><points><x>0.20293</x><x>0.30562</x><y>0.71176</y><y>0.74718</y></points><label>8</label><labelname>blind</labelname><flag>1</flag></object><object><points><x>0.42054</x><x>0.51834</x><y>0.67472</y><y>0.70692</y></points><label>8</label><labelname>blind</labelname><flag>1</flag></object><object><points><x>0.42054</x><x>0.51834</x><y>0.6409</y><y>0.67311</y></points><label>8</label><labelname>blind</labelname><flag>1</flag></object><object><points><x>0.42054</x><x>0.52567</x><y>0.54106</y><y>0.57488</y></points><label>8</label><labelname>blind</labelname><flag>1</flag></object><object><points><x>0.41565</x><x>0.52078</x><y>0.40902</y><y>0.44444</y></points><label>8</label><labelname>blind</labelname><flag>1</flag></object><object><points><x>0.42054</x><x>0.52567</x><y>0.42673</y><y>0.46055</y></points><label>8</label><labelname>blind</labelname><flag>1</flag></object><object><points><x>0.41809</x><x>0.52323</x><y>0.2963</y><y>0.33172</y></points><label>8</label><labelname>blind</labelname><flag>1</flag></object><object><points><x>0.42298</x><x>0.51834</x><y>0.19485</y><y>0.23027</y></points><label>8</label><labelname>blind</labelname><flag>1</flag></object><object><points><x>0.42543</x><x>0.52078</x><y>0.15942</y><y>0.19485</y></points><label>8</label><labelname>blind</labelname><flag>1</flag></object><object><points><x>0.63325</x><x>0.73839</x><y>0.11272</y><y>0.15298</y></points><label>8</label><labelname>blind</labelname><flag>1</flag></object><object><points><x>0.6357</x><x>0.74083</x><y>0.22705</y><y>0.26731</y></points><label>8</label><labelname>blind</labelname><flag>1</flag></object><object><points><x>0.63814</x><x>0.73594</x><y>0.36876</y><y>0.40258</y></points><label>8</label><labelname>blind</labelname><flag>1</flag></object><object><points><x>0.63814</x><x>0.73594</x><y>0.33333</y><y>0.36876</y></points><label>8</label><labelname>blind</labelname><flag>1</flag></object><object><points><x>0.63325</x><x>0.74083</x><y>0.42029</y><y>0.45733</y></points><label>8</label><labelname>blind</labelname><flag>1</flag></object><object><points><x>0.62836</x><x>0.73839</x><y>0.53623</y><y>0.57327</y></points><label>8</label><labelname>blind</labelname><flag>1</flag></object><object><points><x>0.62836</x><x>0.73594</x><y>0.59581</y><y>0.63285</y></points><label>8</label><labelname>blind</labelname><flag>1</flag></object><object><points><x>0.62836</x><x>0.73594</x><y>0.71176</y><y>0.74879</y></points><label>8</label><labelname>blind</labelname><flag>1</flag></object><object><points><x>0.84352</x><x>0.9511</x><y>0.71014</y><y>0.74718</y></points><label>8</label><labelname>blind</labelname><flag>1</flag></object><object><points><x>0.84597</x><x>0.95355</x><y>0.59742</y><y>0.63446</y></points><label>8</label><labelname>blind</labelname><flag>1</flag></object><object><points><x>0.85575</x><x>0.9511</x><y>0.15298</y><y>0.18357</y></points><label>8</label><labelname>blind</labelname><flag>1</flag></object><object><points><x>0.85575</x><x>0.9511</x><y>0.18519</y><y>0.22222</y></points><label>8</label><labelname>blind</labelname><flag>1</flag></object><object><points><x>0.33741</x><x>0.41076</x><y>0.016103</y><y>0.99034</y></points><label>10</label><labelname>molding</labelname><flag>1</flag></object><object><points><x>0.16137</x><x>0.19804</x><y>0.069243</y><y>0.80676</y></points><label>10</label><labelname>molding</labelname><flag>1</flag></object>