<object><points><x>0.22168</x><x>0.29199</x><y>0.14462</y><y>0.2</y></points><label>3</label><labelname>window</labelname><flag>1</flag></object><object><points><x>0.21973</x><x>0.29102</x><y>0.30154</y><y>0.35846</y></points><label>3</label><labelname>window</labelname><flag>1</flag></object><object><points><x>0.375</x><x>0.45117</x><y>0.14462</y><y>0.20615</y></points><label>3</label><labelname>window</labelname><flag>1</flag></object><object><points><x>0.375</x><x>0.4502</x><y>0.30154</y><y>0.36308</y></points><label>3</label><labelname>window</labelname><flag>1</flag></object><object><points><x>0.2207</x><x>0.29199</x><y>0.42462</y><y>0.48</y></points><label>3</label><labelname>window</labelname><flag>1</flag></object><object><points><x>0.2207</x><x>0.29199</x><y>0.59538</y><y>0.65077</y></points><label>3</label><labelname>window</labelname><flag>1</flag></object><object><points><x>0.375</x><x>0.4502</x><y>0.42308</y><y>0.48308</y></points><label>3</label><labelname>window</labelname><flag>1</flag></object><object><points><x>0.37598</x><x>0.45117</x><y>0.58923</y><y>0.66154</y></points><label>3</label><labelname>window</labelname><flag>1</flag></object><object><points><x>0.2207</x><x>0.29102</x><y>0.76308</y><y>0.81846</y></points><label>3</label><labelname>window</labelname><flag>1</flag></object><object><points><x>0.2207</x><x>0.29102</x><y>0.88154</y><y>0.93846</y></points><label>3</label><labelname>window</labelname><flag>1</flag></object><object><points><x>0.375</x><x>0.44922</x><y>0.76308</y><y>0.82462</y></points><label>3</label><labelname>window</labelname><flag>1</flag></object><object><points><x>0.37402</x><x>0.44922</x><y>0.88</y><y>0.94154</y></points><label>3</label><labelname>window</labelname><flag>1</flag></object><object><points><x>0.33789</x><x>0.37109</x><y>0.73538</y><y>0.85231</y></points><label>5</label><labelname>cornice</labelname><flag>1</flag></object><object><points><x>0.33789</x><x>0.37109</x><y>0.85538</y><y>0.97077</y></points><label>5</label><labelname>cornice</labelname><flag>1</flag></object><object><points><x>0.33789</x><x>0.37012</x><y>0.11231</y><y>0.22923</y></points><label>5</label><labelname>cornice</labelname><flag>1</flag></object><object><points><x>0.33789</x><x>0.37207</x><y>0.27231</y><y>0.39231</y></points><label>5</label><labelname>cornice</labelname><flag>1</flag></object><object><points><x>0.33789</x><x>0.37305</x><y>0.39692</y><y>0.51231</y></points><label>5</label><labelname>cornice</labelname><flag>1</flag></object><object><points><x>0.33789</x><x>0.37207</x><y>0.56154</y><y>0.69077</y></points><label>5</label><labelname>cornice</labelname><flag>1</flag></object><object><points><x>0.53125</x><x>0.61035</x><y>0.14308</y><y>0.20615</y></points><label>3</label><labelname>window</labelname><flag>1</flag></object><object><points><x>0.53027</x><x>0.61035</x><y>0.30154</y><y>0.36462</y></points><label>3</label><labelname>window</labelname><flag>1</flag></object><object><points><x>0.69336</x><x>0.77441</x><y>0.14308</y><y>0.20615</y></points><label>3</label><labelname>window</labelname><flag>1</flag></object><object><points><x>0.69238</x><x>0.77344</x><y>0.30308</y><y>0.36615</y></points><label>3</label><labelname>window</labelname><flag>1</flag></object><object><points><x>0.48438</x><x>0.52734</x><y>0.11846</y><y>0.22769</y></points><label>5</label><labelname>cornice</labelname><flag>1</flag></object><object><points><x>0.48438</x><x>0.5293</x><y>0.27538</y><y>0.38615</y></points><label>5</label><labelname>cornice</labelname><flag>1</flag></object><object><points><x>0.48535</x><x>0.52734</x><y>0.39692</y><y>0.50923</y></points><label>5</label><labelname>cornice</labelname><flag>1</flag></object><object><points><x>0.53027</x><x>0.60938</x><y>0.42308</y><y>0.48615</y></points><label>3</label><labelname>window</labelname><flag>1</flag></object><object><points><x>0.69238</x><x>0.77344</x><y>0.42462</y><y>0.48615</y></points><label>3</label><labelname>window</labelname><flag>1</flag></object><object><points><x>0.50684</x><x>0.5918</x><y>0.60923</y><y>0.67385</y></points><label>3</label><labelname>window</labelname><flag>1</flag></object><object><points><x>0.67969</x><x>0.7627</x><y>0.60923</y><y>0.67538</y></points><label>3</label><labelname>window</labelname><flag>1</flag></object><object><points><x>0.46094</x><x>0.50488</x><y>0.57538</y><y>0.70923</y></points><label>5</label><labelname>cornice</labelname><flag>1</flag></object><object><points><x>0.53027</x><x>0.61035</x><y>0.76154</y><y>0.82462</y></points><label>3</label><labelname>window</labelname><flag>1</flag></object><object><points><x>0.5293</x><x>0.6084</x><y>0.88</y><y>0.94154</y></points><label>3</label><labelname>window</labelname><flag>1</flag></object><object><points><x>0.69238</x><x>0.77246</x><y>0.76154</y><y>0.82462</y></points><label>3</label><labelname>window</labelname><flag>1</flag></object><object><points><x>0.69043</x><x>0.77148</x><y>0.88</y><y>0.94308</y></points><label>3</label><labelname>window</labelname><flag>1</flag></object><object><points><x>0.48438</x><x>0.52734</x><y>0.74462</y><y>0.85077</y></points><label>5</label><labelname>cornice</labelname><flag>1</flag></object><object><points><x>0.4834</x><x>0.52832</x><y>0.85846</y><y>0.96923</y></points><label>5</label><labelname>cornice</labelname><flag>1</flag></object><object><points><x>0.011719</x><x>0.99707</x><y>0.056923</y><y>0.99846</y></points><label>2</label><labelname>facade</labelname><flag>1</flag></object><object><points><x>0.071289</x><x>0.12402</x><y>0.50154</y><y>0.55538</y></points><label>3</label><labelname>window</labelname><flag>1</flag></object><object><points><x>0.070312</x><x>0.12305</x><y>0.68923</y><y>0.74308</y></points><label>3</label><labelname>window</labelname><flag>1</flag></object><object><points><x>0.083984</x><x>0.12305</x><y>0.40769</y><y>0.46154</y></points><label>3</label><labelname>window</labelname><flag>1</flag></object><object><points><x>0.085938</x><x>0.125</x><y>0.78308</y><y>0.83692</y></points><label>3</label><labelname>window</labelname><flag>1</flag></object><object><points><x>0.44824</x><x>0.47559</x><y>0.11231</y><y>0.23231</y></points><label>6</label><labelname>sill</labelname><flag>1</flag></object><object><points><x>0.44824</x><x>0.47266</x><y>0.27231</y><y>0.38615</y></points><label>6</label><labelname>sill</labelname><flag>1</flag></object><object><points><x>0.44824</x><x>0.47266</x><y>0.39538</y><y>0.50923</y></points><label>6</label><labelname>sill</labelname><flag>1</flag></object><object><points><x>0.44824</x><x>0.47266</x><y>0.85231</y><y>0.96615</y></points><label>6</label><labelname>sill</labelname><flag>1</flag></object><object><points><x>0.44727</x><x>0.47168</x><y>0.73231</y><y>0.84615</y></points><label>6</label><labelname>sill</labelname><flag>1</flag></object><object><points><x>0.60645</x><x>0.6416</x><y>0.85846</y><y>0.96462</y></points><label>6</label><labelname>sill</labelname><flag>1</flag></object><object><points><x>0.60938</x><x>0.64551</x><y>0.74462</y><y>0.85077</y></points><label>6</label><labelname>sill</labelname><flag>1</flag></object><object><points><x>0.60938</x><x>0.64551</x><y>0.40154</y><y>0.50615</y></points><label>6</label><labelname>sill</labelname><flag>1</flag></object><object><points><x>0.61035</x><x>0.64648</x><y>0.28154</y><y>0.38769</y></points><label>6</label><labelname>sill</labelname><flag>1</flag></object><object><points><x>0.6123</x><x>0.64746</x><y>0.12462</y><y>0.22923</y></points><label>6</label><labelname>sill</labelname><flag>1</flag></object><object><points><x>0.77441</x><x>0.7959</x><y>0.12154</y><y>0.22769</y></points><label>6</label><labelname>sill</labelname><flag>1</flag></object><object><points><x>0.77344</x><x>0.79492</x><y>0.27846</y><y>0.38615</y></points><label>6</label><labelname>sill</labelname><flag>1</flag></object><object><points><x>0.77246</x><x>0.79492</x><y>0.4</y><y>0.50769</y></points><label>6</label><labelname>sill</labelname><flag>1</flag></object><object><points><x>0.77051</x><x>0.79297</x><y>0.74154</y><y>0.84923</y></points><label>6</label><labelname>sill</labelname><flag>1</flag></object><object><points><x>0.77148</x><x>0.79297</x><y>0.86</y><y>0.96769</y></points><label>6</label><labelname>sill</labelname><flag>1</flag></object><object><points><x>0.58984</x><x>0.62793</x><y>0.58615</y><y>0.69846</y></points><label>6</label><labelname>sill</labelname><flag>1</flag></object><object><points><x>0.7627</x><x>0.7959</x><y>0.56923</y><y>0.72308</y></points><label>6</label><labelname>sill</labelname><flag>1</flag></object><object><points><x>0.4082</x><x>0.4668</x><y>0.51692</y><y>0.75077</y></points><label>7</label><labelname>balcony</labelname><flag>1</flag></object><object><points><x>0.1416</x><x>0.21289</x><y>0.06</y><y>0.08</y></points><label>9</label><labelname>deco</labelname><flag>1</flag></object><object><points><x>0.14258</x><x>0.21387</x><y>0.10154</y><y>0.12</y></points><label>9</label><labelname>deco</labelname><flag>1</flag></object><object><points><x>0.14258</x><x>0.21484</x><y>0.21846</y><y>0.23846</y></points><label>9</label><labelname>deco</labelname><flag>1</flag></object><object><points><x>0.14258</x><x>0.21484</x><y>0.26154</y><y>0.28</y></points><label>9</label><labelname>deco</labelname><flag>1</flag></object><object><points><x>0.14258</x><x>0.21387</x><y>0.38308</y><y>0.40308</y></points><label>9</label><labelname>deco</labelname><flag>1</flag></object><object><points><x>0.1416</x><x>0.1582</x><y>0.13846</y><y>0.16308</y></points><label>9</label><labelname>deco</labelname><flag>1</flag></object><object><points><x>0.14355</x><x>0.15918</x><y>0.17692</y><y>0.20154</y></points><label>9</label><labelname>deco</labelname><flag>1</flag></object><object><points><x>0.14453</x><x>0.16016</x><y>0.29846</y><y>0.32308</y></points><label>9</label><labelname>deco</labelname><flag>1</flag></object><object><points><x>0.14258</x><x>0.1582</x><y>0.34</y><y>0.36462</y></points><label>9</label><labelname>deco</labelname><flag>1</flag></object><object><points><x>0.14258</x><x>0.21484</x><y>0.50923</y><y>0.52769</y></points><label>9</label><labelname>deco</labelname><flag>1</flag></object><object><points><x>0.14355</x><x>0.21484</x><y>0.55692</y><y>0.57538</y></points><label>9</label><labelname>deco</labelname><flag>1</flag></object><object><points><x>0.14355</x><x>0.21582</x><y>0.68154</y><y>0.7</y></points><label>9</label><labelname>deco</labelname><flag>1</flag></object><object><points><x>0.14355</x><x>0.21484</x><y>0.72462</y><y>0.74308</y></points><label>9</label><labelname>deco</labelname><flag>1</flag></object><object><points><x>0.14355</x><x>0.21582</x><y>0.84615</y><y>0.86462</y></points><label>9</label><labelname>deco</labelname><flag>1</flag></object><object><points><x>0.14355</x><x>0.21484</x><y>0.96615</y><y>0.98615</y></points><label>9</label><labelname>deco</labelname><flag>1</flag></object><object><points><x>0.14258</x><x>0.1582</x><y>0.42154</y><y>0.44615</y></points><label>9</label><labelname>deco</labelname><flag>1</flag></object><object><points><x>0.14355</x><x>0.15918</x><y>0.46615</y><y>0.49077</y></points><label>9</label><labelname>deco</labelname><flag>1</flag></object><object><points><x>0.14453</x><x>0.16113</x><y>0.59385</y><y>0.61846</y></points><label>9</label><labelname>deco</labelname><flag>1</flag></object><object><points><x>0.14258</x><x>0.1582</x><y>0.63692</y><y>0.66154</y></points><label>9</label><labelname>deco</labelname><flag>1</flag></object><object><points><x>0.14453</x><x>0.16113</x><y>0.76462</y><y>0.78923</y></points><label>9</label><labelname>deco</labelname><flag>1</flag></object><object><points><x>0.14453</x><x>0.16113</x><y>0.80615</y><y>0.83077</y></points><label>9</label><labelname>deco</labelname><flag>1</flag></object><object><points><x>0.1416</x><x>0.1582</x><y>0.88462</y><y>0.90923</y></points><label>9</label><labelname>deco</labelname><flag>1</flag></object><object><points><x>0.14355</x><x>0.15918</x><y>0.92615</y><y>0.95077</y></points><label>9</label><labelname>deco</labelname><flag>1</flag></object><object><points><x>0.19824</x><x>0.2207</x><y>0.14154</y><y>0.20462</y></points><label>5</label><labelname>cornice</labelname><flag>1</flag></object><object><points><x>0.19824</x><x>0.2207</x><y>0.29846</y><y>0.36154</y></points><label>5</label><labelname>cornice</labelname><flag>1</flag></object><object><points><x>0.19922</x><x>0.22168</x><y>0.42</y><y>0.48308</y></points><label>5</label><labelname>cornice</labelname><flag>1</flag></object><object><points><x>0.19824</x><x>0.2207</x><y>0.59077</y><y>0.65385</y></points><label>5</label><labelname>cornice</labelname><flag>1</flag></object><object><points><x>0.19824</x><x>0.22168</x><y>0.75692</y><y>0.82</y></points><label>5</label><labelname>cornice</labelname><flag>1</flag></object><object><points><x>0.19824</x><x>0.22168</x><y>0.87846</y><y>0.94154</y></points><label>5</label><labelname>cornice</labelname><flag>1</flag></object><object><points><x>0.6709</x><x>0.69531</x><y>0.12769</y><y>0.22154</y></points><label>5</label><labelname>cornice</labelname><flag>1</flag></object><object><points><x>0.66992</x><x>0.69434</x><y>0.28769</y><y>0.38154</y></points><label>5</label><labelname>cornice</labelname><flag>1</flag></object><object><points><x>0.66992</x><x>0.69434</x><y>0.40923</y><y>0.50154</y></points><label>5</label><labelname>cornice</labelname><flag>1</flag></object><object><points><x>0.66992</x><x>0.69336</x><y>0.74769</y><y>0.84154</y></points><label>5</label><labelname>cornice</labelname><flag>1</flag></object><object><points><x>0.66797</x><x>0.69238</x><y>0.86308</y><y>0.95692</y></points><label>5</label><labelname>cornice</labelname><flag>1</flag></object><object><points><x>0.63477</x><x>0.68359</x><y>0.59385</y><y>0.68769</y></points><label>5</label><labelname>cornice</labelname><flag>1</flag></object><object><points><x>0.11719</x><x>0.20508</x><y>0.061538</y><y>0.99385</y></points><label>10</label><labelname>molding</labelname><flag>1</flag></object><object><points><x>0.23242</x><x>0.32715</x><y>0.063077</y><y>0.99538</y></points><label>10</label><labelname>molding</labelname><flag>1</flag></object><object><points><x>0.6084</x><x>0.6582</x><y>0.066154</y><y>0.99231</y></points><label>10</label><labelname>molding</labelname><flag>1</flag></object><object><points><x>0.79297</x><x>0.84375</x><y>0.069231</y><y>0.98923</y></points><label>10</label><labelname>molding</labelname><flag>1</flag></object><object><points><x>0.66992</x><x>0.7627</x><y>0.52615</y><y>0.54308</y></points><label>11</label><labelname>pillar</labelname><flag>1</flag></object><object><points><x>0.66797</x><x>0.76074</x><y>0.73846</y><y>0.75538</y></points><label>11</label><labelname>pillar</labelname><flag>1</flag></object><object><points><x>0.7627</x><x>0.7959</x><y>0.52154</y><y>0.55077</y></points><label>11</label><labelname>pillar</labelname><flag>1</flag></object><object><points><x>0.76074</x><x>0.79395</x><y>0.73077</y><y>0.76</y></points><label>11</label><labelname>pillar</labelname><flag>1</flag></object><object><points><x>0.65234</x><x>0.66895</x><y>0.51538</y><y>0.55231</y></points><label>11</label><labelname>pillar</labelname><flag>1</flag></object><object><points><x>0.65039</x><x>0.66797</x><y>0.72923</y><y>0.76462</y></points><label>11</label><labelname>pillar</labelname><flag>1</flag></object><object><points><x>0.039062</x><x>0.070312</x><y>0.58615</y><y>0.66308</y></points><label>9</label><labelname>deco</labelname><flag>1</flag></object><object><points><x>0.24121</x><x>0.28906</x><y>0.49385</y><y>0.58462</y></points><label>9</label><labelname>deco</labelname><flag>1</flag></object><object><points><x>0.24121</x><x>0.28906</x><y>0.66154</y><y>0.75231</y></points><label>9</label><labelname>deco</labelname><flag>1</flag></object><object><points><x>0.24121</x><x>0.28809</x><y>0.21385</y><y>0.29385</y></points><label>9</label><labelname>deco</labelname><flag>1</flag></object><object><points><x>0.24023</x><x>0.28809</x><y>0.069231</y><y>0.12923</y></points><label>9</label><labelname>deco</labelname><flag>1</flag></object><object><points><x>0.24219</x><x>0.28809</x><y>0.36923</y><y>0.41231</y></points><label>9</label><labelname>deco</labelname><flag>1</flag></object><object><points><x>0.24121</x><x>0.28711</x><y>0.82769</y><y>0.87077</y></points><label>9</label><labelname>deco</labelname><flag>1</flag></object><object><points><x>0.24023</x><x>0.28906</x><y>0.95385</y><y>0.99846</y></points><label>9</label><labelname>deco</labelname><flag>1</flag></object><object><points><x>0.83594</x><x>0.99316</x><y>0.41077</y><y>0.50154</y></points><label>12</label><labelname>shop</labelname><flag>1</flag></object><object><points><x>0.83789</x><x>0.99219</x><y>0.28923</y><y>0.38</y></points><label>12</label><labelname>shop</labelname><flag>1</flag></object><object><points><x>0.83887</x><x>0.99316</x><y>0.12154</y><y>0.23231</y></points><label>12</label><labelname>shop</labelname><flag>1</flag></object><object><points><x>0.86328</x><x>0.99316</x><y>0.56615</y><y>0.68308</y></points><label>12</label><labelname>shop</labelname><flag>1</flag></object><object><points><x>0.83594</x><x>0.99512</x><y>0.86462</y><y>0.95231</y></points><label>12</label><labelname>shop</labelname><flag>1</flag></object><object><points><x>0.83691</x><x>0.99512</x><y>0.75077</y><y>0.83538</y></points><label>4</label><labelname>door</labelname><flag>1</flag></object>