<object><points><x>0.00097656</x><x>0.99805</x><y>0.0022573</y><y>1</y></points><label>2</label><labelname>facade</labelname><flag>1</flag></object><object><points><x>0.27734</x><x>0.3916</x><y>0.5553</y><y>0.63205</y></points><label>3</label><labelname>window</labelname><flag>1</flag></object><object><points><x>0.27832</x><x>0.39355</x><y>0.71106</y><y>0.78781</y></points><label>3</label><labelname>window</labelname><flag>1</flag></object><object><points><x>0.12793</x><x>0.20703</x><y>0.55079</y><y>0.62077</y></points><label>3</label><labelname>window</labelname><flag>1</flag></object><object><points><x>0.21777</x><x>0.2373</x><y>0.39052</y><y>0.44244</y></points><label>3</label><labelname>window</labelname><flag>1</flag></object><object><points><x>0.125</x><x>0.2041</x><y>0.37698</y><y>0.45372</y></points><label>3</label><labelname>window</labelname><flag>1</flag></object><object><points><x>0.12402</x><x>0.20312</x><y>0.21219</y><y>0.28894</y></points><label>3</label><labelname>window</labelname><flag>1</flag></object><object><points><x>0.12109</x><x>0.20117</x><y>0.051919</y><y>0.12867</y></points><label>3</label><labelname>window</labelname><flag>1</flag></object><object><points><x>0.27539</x><x>0.38965</x><y>0.054176</y><y>0.13093</y></points><label>3</label><labelname>window</labelname><flag>1</flag></object><object><points><x>0.27637</x><x>0.39062</x><y>0.21445</y><y>0.28894</y></points><label>3</label><labelname>window</labelname><flag>1</flag></object><object><points><x>0.27637</x><x>0.39062</x><y>0.37698</y><y>0.45372</y></points><label>3</label><labelname>window</labelname><flag>1</flag></object><object><points><x>0.28906</x><x>0.40332</x><y>0.86907</y><y>0.94582</y></points><label>3</label><labelname>window</labelname><flag>1</flag></object><object><points><x>0.12891</x><x>0.20801</x><y>0.69977</y><y>0.77878</y></points><label>3</label><labelname>window</labelname><flag>1</flag></object><object><points><x>0.12891</x><x>0.20801</x><y>0.85553</y><y>0.93454</y></points><label>3</label><labelname>window</labelname><flag>1</flag></object><object><points><x>0.47656</x><x>0.58984</x><y>0.054176</y><y>0.13318</y></points><label>3</label><labelname>window</labelname><flag>1</flag></object><object><points><x>0.47852</x><x>0.58789</x><y>0.2167</y><y>0.28894</y></points><label>3</label><labelname>window</labelname><flag>1</flag></object><object><points><x>0.47363</x><x>0.58789</x><y>0.38149</y><y>0.4605</y></points><label>3</label><labelname>window</labelname><flag>1</flag></object><object><points><x>0.47852</x><x>0.59277</x><y>0.55305</y><y>0.6298</y></points><label>3</label><labelname>window</labelname><flag>1</flag></object><object><points><x>0.70996</x><x>0.86914</x><y>0.36795</y><y>0.49661</y></points><label>4</label><labelname>door</labelname><flag>1</flag></object><object><points><x>0.71582</x><x>0.85938</x><y>0.56433</y><y>0.65914</y></points><label>4</label><labelname>door</labelname><flag>1</flag></object><object><points><x>0.72168</x><x>0.8418</x><y>0.063205</y><y>0.13544</y></points><label>3</label><labelname>window</labelname><flag>1</flag></object><object><points><x>0.72266</x><x>0.84277</x><y>0.22122</y><y>0.29345</y></points><label>3</label><labelname>window</labelname><flag>1</flag></object><object><points><x>0.88477</x><x>0.99414</x><y>0.072235</y><y>0.30474</y></points><label>4</label><labelname>door</labelname><flag>1</flag></object><object><points><x>0.099609</x><x>0.11719</x><y>0.036117</y><y>0.1535</y></points><label>5</label><labelname>cornice</labelname><flag>1</flag></object><object><points><x>0.098633</x><x>0.11621</x><y>0.19187</y><y>0.30926</y></points><label>5</label><labelname>cornice</labelname><flag>1</flag></object><object><points><x>0.10156</x><x>0.11914</x><y>0.35214</y><y>0.46953</y></points><label>5</label><labelname>cornice</labelname><flag>1</flag></object><object><points><x>0.1084</x><x>0.12598</x><y>0.53047</y><y>0.64786</y></points><label>5</label><labelname>cornice</labelname><flag>1</flag></object><object><points><x>0.10742</x><x>0.125</x><y>0.68623</y><y>0.80361</y></points><label>5</label><labelname>cornice</labelname><flag>1</flag></object><object><points><x>0.10938</x><x>0.12695</x><y>0.83973</y><y>0.95711</y></points><label>5</label><labelname>cornice</labelname><flag>1</flag></object><object><points><x>0.25391</x><x>0.27539</x><y>0.36117</y><y>0.48307</y></points><label>5</label><labelname>cornice</labelname><flag>1</flag></object><object><points><x>0.25586</x><x>0.27637</x><y>0.53047</y><y>0.65237</y></points><label>5</label><labelname>cornice</labelname><flag>1</flag></object><object><points><x>0.25977</x><x>0.28027</x><y>0.69074</y><y>0.81264</y></points><label>5</label><labelname>cornice</labelname><flag>1</flag></object><object><points><x>0.25586</x><x>0.27637</x><y>0.19865</y><y>0.31828</y></points><label>5</label><labelname>cornice</labelname><flag>1</flag></object><object><points><x>0.25391</x><x>0.27441</x><y>0.040632</y><y>0.16027</y></points><label>5</label><labelname>cornice</labelname><flag>1</flag></object><object><points><x>0.45312</x><x>0.47852</x><y>0.03386</y><y>0.1535</y></points><label>5</label><labelname>cornice</labelname><flag>1</flag></object><object><points><x>0.45312</x><x>0.47949</x><y>0.19187</y><y>0.31377</y></points><label>5</label><labelname>cornice</labelname><flag>1</flag></object><object><points><x>0.45312</x><x>0.47852</x><y>0.35892</y><y>0.48081</y></points><label>5</label><labelname>cornice</labelname><flag>1</flag></object><object><points><x>0.45117</x><x>0.47754</x><y>0.53725</y><y>0.65688</y></points><label>5</label><labelname>cornice</labelname><flag>1</flag></object><object><points><x>0.20117</x><x>0.22266</x><y>0.36569</y><y>0.47856</y></points><label>6</label><labelname>sill</labelname><flag>1</flag></object><object><points><x>0.20508</x><x>0.22754</x><y>0.53273</y><y>0.6456</y></points><label>6</label><labelname>sill</labelname><flag>1</flag></object><object><points><x>0.39062</x><x>0.41211</x><y>0.53725</y><y>0.64786</y></points><label>6</label><labelname>sill</labelname><flag>1</flag></object><object><points><x>0.38867</x><x>0.41113</x><y>0.36569</y><y>0.4763</y></points><label>6</label><labelname>sill</labelname><flag>1</flag></object><object><points><x>0.58691</x><x>0.6084</x><y>0.36343</y><y>0.4763</y></points><label>6</label><labelname>sill</labelname><flag>1</flag></object><object><points><x>0.11719</x><x>0.23242</x><y>0.027088</y><y>0.42212</y></points><label>7</label><labelname>balcony</labelname><flag>1</flag></object><object><points><x>0.3125</x><x>0.42871</x><y>0.029345</y><y>0.42438</y></points><label>7</label><labelname>balcony</labelname><flag>1</flag></object><object><points><x>0.52441</x><x>0.6377</x><y>0.036117</y><y>0.46727</y></points><label>7</label><labelname>balcony</labelname><flag>1</flag></object><object><points><x>0.12207</x><x>0.25586</x><y>0.6772</y><y>0.99549</y></points><label>7</label><labelname>balcony</labelname><flag>1</flag></object><object><points><x>0.054688</x><x>0.076172</x><y>0.17607</y><y>0.30248</y></points><label>9</label><labelname>deco</labelname><flag>1</flag></object><object><points><x>0.056641</x><x>0.077148</x><y>0.33183</y><y>0.45824</y></points><label>9</label><labelname>deco</labelname><flag>1</flag></object><object><points><x>0.05957</x><x>0.080078</x><y>0.6772</y><y>0.80587</y></points><label>9</label><labelname>deco</labelname><flag>1</flag></object><object><points><x>0.057617</x><x>0.079102</x><y>0.54628</y><y>0.64334</y></points><label>9</label><labelname>deco</labelname><flag>1</flag></object><object><points><x>0.053711</x><x>0.075195</x><y>0.042889</y><y>0.13995</y></points><label>9</label><labelname>deco</labelname><flag>1</flag></object><object><points><x>0.024414</x><x>0.083008</x><y>0.1535</y><y>0.20993</y></points><label>9</label><labelname>deco</labelname><flag>1</flag></object><object><points><x>0.026367</x><x>0.10254</x><y>0.30926</y><y>0.36569</y></points><label>9</label><labelname>deco</labelname><flag>1</flag></object><object><points><x>0.016602</x><x>0.099609</x><y>0.0090293</y><y>0.063205</y></points><label>9</label><labelname>deco</labelname><flag>1</flag></object><object><points><x>0.023438</x><x>0.10059</x><y>0.46275</y><y>0.51919</y></points><label>9</label><labelname>deco</labelname><flag>1</flag></object><object><points><x>0.025391</x><x>0.10156</x><y>0.51919</y><y>0.57562</y></points><label>9</label><labelname>deco</labelname><flag>1</flag></object><object><points><x>0.02832</x><x>0.10449</x><y>0.65237</y><y>0.70655</y></points><label>9</label><labelname>deco</labelname><flag>1</flag></object><object><points><x>0.0019531</x><x>0.10156</x><y>0.0045147</y><y>0.97065</y></points><label>10</label><labelname>molding</labelname><flag>1</flag></object><object><points><x>0.66211</x><x>0.69824</x><y>0.056433</y><y>0.34312</y></points><label>12</label><labelname>shop</labelname><flag>1</flag></object>