<object><points><x>0.00097656</x><x>0.99805</x><y>0.00271</y><y>0.99864</y></points><label>2</label><labelname>facade</labelname><flag>1</flag></object><object><points><x>0.32715</x><x>0.38574</x><y>0.89431</y><y>0.93225</y></points><label>3</label><labelname>window</labelname><flag>1</flag></object><object><points><x>0.32715</x><x>0.38281</x><y>0.059621</y><y>0.10027</y></points><label>3</label><labelname>window</labelname><flag>1</flag></object><object><points><x>0.65625</x><x>0.74316</x><y>0.88076</y><y>0.94309</y></points><label>3</label><labelname>window</labelname><flag>1</flag></object><object><points><x>0.50977</x><x>0.58496</x><y>0.88076</y><y>0.9458</y></points><label>3</label><labelname>window</labelname><flag>1</flag></object><object><points><x>0.65039</x><x>0.73828</x><y>0.052846</y><y>0.11789</y></points><label>3</label><labelname>window</labelname><flag>1</flag></object><object><points><x>0.50977</x><x>0.58301</x><y>0.051491</y><y>0.11382</y></points><label>3</label><labelname>window</labelname><flag>1</flag></object><object><points><x>0.28613</x><x>0.38184</x><y>0.46206</y><y>0.52575</y></points><label>3</label><labelname>window</labelname><flag>1</flag></object><object><points><x>0.60059</x><x>0.66113</x><y>0.58672</y><y>0.7019</y></points><label>5</label><labelname>cornice</labelname><flag>1</flag></object><object><points><x>0.59863</x><x>0.66016</x><y>0.44309</y><y>0.5542</y></points><label>5</label><labelname>cornice</labelname><flag>1</flag></object><object><points><x>0.60059</x><x>0.66016</x><y>0.29404</y><y>0.40786</y></points><label>5</label><labelname>cornice</labelname><flag>1</flag></object><object><points><x>0.66309</x><x>0.73633</x><y>0.61247</y><y>0.66802</y></points><label>3</label><labelname>window</labelname><flag>1</flag></object><object><points><x>0.66309</x><x>0.73535</x><y>0.46748</y><y>0.52575</y></points><label>3</label><labelname>window</labelname><flag>1</flag></object><object><points><x>0.66309</x><x>0.73438</x><y>0.3252</y><y>0.38347</y></points><label>3</label><labelname>window</labelname><flag>1</flag></object><object><points><x>0.52148</x><x>0.59473</x><y>0.61111</y><y>0.67073</y></points><label>3</label><labelname>window</labelname><flag>1</flag></object><object><points><x>0.52148</x><x>0.59375</x><y>0.46477</y><y>0.52575</y></points><label>3</label><labelname>window</labelname><flag>1</flag></object><object><points><x>0.52148</x><x>0.59473</x><y>0.32249</y><y>0.38347</y></points><label>3</label><labelname>window</labelname><flag>1</flag></object><object><points><x>0.59277</x><x>0.65723</x><y>0.84824</y><y>0.97696</y></points><label>5</label><labelname>cornice</labelname><flag>1</flag></object><object><points><x>0.58887</x><x>0.64941</x><y>0.01355</y><y>0.14363</y></points><label>5</label><labelname>cornice</labelname><flag>1</flag></object><object><points><x>0.47266</x><x>0.51172</x><y>0.025745</y><y>0.13821</y></points><label>5</label><labelname>cornice</labelname><flag>1</flag></object><object><points><x>0.47266</x><x>0.50977</x><y>0.85908</y><y>0.97154</y></points><label>5</label><labelname>cornice</labelname><flag>1</flag></object><object><points><x>0.26855</x><x>0.32617</x><y>0.023035</y><y>0.12466</y></points><label>5</label><labelname>cornice</labelname><flag>1</flag></object><object><points><x>0.26758</x><x>0.3252</x><y>0.86856</y><y>0.97019</y></points><label>5</label><labelname>cornice</labelname><flag>1</flag></object><object><points><x>0.1582</x><x>0.23145</x><y>0.39702</y><y>0.59485</y></points><label>5</label><labelname>cornice</labelname><flag>1</flag></object><object><points><x>0.58008</x><x>0.60254</x><y>0.023035</y><y>0.1355</y></points><label>6</label><labelname>sill</labelname><flag>1</flag></object><object><points><x>0.58301</x><x>0.60547</x><y>0.85772</y><y>0.97154</y></points><label>6</label><labelname>sill</labelname><flag>1</flag></object><object><points><x>0.59082</x><x>0.60645</x><y>0.59756</y><y>0.68564</y></points><label>6</label><labelname>sill</labelname><flag>1</flag></object><object><points><x>0.59277</x><x>0.6084</x><y>0.45528</y><y>0.54336</y></points><label>6</label><labelname>sill</labelname><flag>1</flag></object><object><points><x>0.5918</x><x>0.60645</x><y>0.30759</y><y>0.39702</y></points><label>6</label><labelname>sill</labelname><flag>1</flag></object><object><points><x>0.73633</x><x>0.77539</x><y>0.02439</y><y>0.14228</y></points><label>6</label><labelname>sill</labelname><flag>1</flag></object><object><points><x>0.74121</x><x>0.78027</x><y>0.85095</y><y>0.97019</y></points><label>6</label><labelname>sill</labelname><flag>1</flag></object><object><points><x>0.94043</x><x>0.95898</x><y>0.45257</y><y>0.55014</y></points><label>6</label><labelname>sill</labelname><flag>1</flag></object><object><points><x>0.86133</x><x>0.94141</x><y>0.46883</y><y>0.53117</y></points><label>3</label><labelname>window</labelname><flag>1</flag></object><object><points><x>0.86133</x><x>0.94141</x><y>0.32249</y><y>0.38482</y></points><label>3</label><labelname>window</labelname><flag>1</flag></object><object><points><x>0.86035</x><x>0.94043</x><y>0.61382</y><y>0.67615</y></points><label>3</label><labelname>window</labelname><flag>1</flag></object><object><points><x>0.85938</x><x>0.93945</x><y>0.058266</y><y>0.1206</y></points><label>3</label><labelname>window</labelname><flag>1</flag></object><object><points><x>0.73535</x><x>0.78223</x><y>0.25203</y><y>0.73713</y></points><label>7</label><labelname>balcony</labelname><flag>1</flag></object><object><points><x>0.62305</x><x>0.73535</x><y>0.74255</y><y>0.79268</y></points><label>9</label><labelname>deco</labelname><flag>1</flag></object><object><points><x>0.63184</x><x>0.73242</x><y>0.19783</y><y>0.24932</y></points><label>9</label><labelname>deco</labelname><flag>1</flag></object><object><points><x>0.052734</x><x>0.11328</x><y>0.42818</y><y>0.55827</y></points><label>9</label><labelname>deco</labelname><flag>1</flag></object><object><points><x>0.13672</x><x>0.20703</x><y>0.41734</y><y>0.47696</y></points><label>9</label><labelname>deco</labelname><flag>1</flag></object><object><points><x>0.14258</x><x>0.21289</x><y>0.51084</y><y>0.57046</y></points><label>9</label><labelname>deco</labelname><flag>1</flag></object><object><points><x>0.14453</x><x>0.22266</x><y>0.31572</y><y>0.36992</y></points><label>9</label><labelname>deco</labelname><flag>1</flag></object><object><points><x>0.14355</x><x>0.22461</x><y>0.61924</y><y>0.66938</y></points><label>9</label><labelname>deco</labelname><flag>1</flag></object><object><points><x>0.29492</x><x>0.38965</x><y>0.20461</y><y>0.24797</y></points><label>9</label><labelname>deco</labelname><flag>1</flag></object><object><points><x>0.29688</x><x>0.3916</x><y>0.73713</y><y>0.78049</y></points><label>9</label><labelname>deco</labelname><flag>1</flag></object><object><points><x>0.46289</x><x>0.49316</x><y>0.2019</y><y>0.2561</y></points><label>9</label><labelname>deco</labelname><flag>1</flag></object><object><points><x>0.46387</x><x>0.49512</x><y>0.73713</y><y>0.79133</y></points><label>9</label><labelname>deco</labelname><flag>1</flag></object><object><points><x>0.81738</x><x>0.89453</x><y>0.20461</y><y>0.25745</y></points><label>9</label><labelname>deco</labelname><flag>1</flag></object><object><points><x>0.82031</x><x>0.89844</x><y>0.73984</y><y>0.79133</y></points><label>9</label><labelname>deco</labelname><flag>1</flag></object><object><points><x>0.24316</x><x>0.26172</x><y>0.30894</y><y>0.36856</y></points><label>9</label><labelname>deco</labelname><flag>1</flag></object><object><points><x>0.24316</x><x>0.26074</x><y>0.6206</y><y>0.68022</y></points><label>9</label><labelname>deco</labelname><flag>1</flag></object><object><points><x>0.37598</x><x>0.47363</x><y>0.0081301</y><y>0.99458</y></points><label>10</label><labelname>molding</labelname><flag>1</flag></object><object><points><x>0.77832</x><x>0.8291</x><y>0.0094851</y><y>0.99593</y></points><label>10</label><labelname>molding</labelname><flag>1</flag></object><object><points><x>0.51953</x><x>0.70312</x><y>0.26287</y><y>0.28726</y></points><label>11</label><labelname>pillar</labelname><flag>1</flag></object><object><points><x>0.52148</x><x>0.70801</x><y>0.41192</y><y>0.43631</y></points><label>11</label><labelname>pillar</labelname><flag>1</flag></object><object><points><x>0.52051</x><x>0.70898</x><y>0.55827</y><y>0.58266</y></points><label>11</label><labelname>pillar</labelname><flag>1</flag></object><object><points><x>0.52051</x><x>0.70605</x><y>0.70732</y><y>0.73171</y></points><label>11</label><labelname>pillar</labelname><flag>1</flag></object><object><points><x>0.27344</x><x>0.37793</x><y>0.41192</y><y>0.43089</y></points><label>11</label><labelname>pillar</labelname><flag>1</flag></object><object><points><x>0.27441</x><x>0.37988</x><y>0.55962</y><y>0.57859</y></points><label>11</label><labelname>pillar</labelname><flag>1</flag></object><object><points><x>0.37793</x><x>0.4043</x><y>0.39973</y><y>0.44038</y></points><label>11</label><labelname>pillar</labelname><flag>1</flag></object><object><points><x>0.37988</x><x>0.40723</x><y>0.54743</y><y>0.58808</y></points><label>11</label><labelname>pillar</labelname><flag>1</flag></object><object><points><x>0.26367</x><x>0.27246</x><y>0.40921</y><y>0.43225</y></points><label>11</label><labelname>pillar</labelname><flag>1</flag></object><object><points><x>0.26562</x><x>0.27441</x><y>0.55691</y><y>0.57995</y></points><label>11</label><labelname>pillar</labelname><flag>1</flag></object><object><points><x>0.5</x><x>0.51953</x><y>0.25203</y><y>0.29539</y></points><label>11</label><labelname>pillar</labelname><flag>1</flag></object><object><points><x>0.50195</x><x>0.52148</x><y>0.40108</y><y>0.44309</y></points><label>11</label><labelname>pillar</labelname><flag>1</flag></object><object><points><x>0.50098</x><x>0.52051</x><y>0.55014</y><y>0.59214</y></points><label>11</label><labelname>pillar</labelname><flag>1</flag></object><object><points><x>0.50098</x><x>0.52051</x><y>0.69919</y><y>0.74255</y></points><label>11</label><labelname>pillar</labelname><flag>1</flag></object><object><points><x>0.70312</x><x>0.73535</x><y>0.25339</y><y>0.29539</y></points><label>11</label><labelname>pillar</labelname><flag>1</flag></object><object><points><x>0.70801</x><x>0.73633</x><y>0.40379</y><y>0.44444</y></points><label>11</label><labelname>pillar</labelname><flag>1</flag></object><object><points><x>0.70996</x><x>0.73926</x><y>0.55014</y><y>0.59079</y></points><label>11</label><labelname>pillar</labelname><flag>1</flag></object><object><points><x>0.70508</x><x>0.73438</x><y>0.7019</y><y>0.74119</y></points><label>11</label><labelname>pillar</labelname><flag>1</flag></object>