<object><points><x>0.029297</x><x>0.94727</x><y>0.1728</y><y>0.67139</y></points><label>2</label><labelname>facade</labelname><flag>1</flag></object><object><points><x>0.26758</x><x>0.38672</x><y>0.30595</y><y>0.35694</y></points><label>3</label><labelname>window</labelname><flag>1</flag></object><object><points><x>0.30078</x><x>0.41992</x><y>0.52833</y><y>0.57932</y></points><label>3</label><labelname>window</labelname><flag>1</flag></object><object><points><x>0.49219</x><x>0.61133</x><y>0.52833</y><y>0.57932</y></points><label>3</label><labelname>window</labelname><flag>1</flag></object><object><points><x>0.46875</x><x>0.58789</x><y>0.30453</y><y>0.35552</y></points><label>3</label><labelname>window</labelname><flag>1</flag></object><object><points><x>0.68359</x><x>0.80078</x><y>0.5255</y><y>0.57649</y></points><label>3</label><labelname>window</labelname><flag>1</flag></object><object><points><x>0.66602</x><x>0.7832</x><y>0.30312</y><y>0.35411</y></points><label>3</label><labelname>window</labelname><flag>1</flag></object><object><points><x>0.125</x><x>0.20508</x><y>0.53399</y><y>0.57649</y></points><label>3</label><labelname>window</labelname><flag>1</flag></object><object><points><x>0.083984</x><x>0.16602</x><y>0.31586</y><y>0.35836</y></points><label>3</label><labelname>window</labelname><flag>1</flag></object><object><points><x>0.64258</x><x>0.75195</x><y>0.10198</y><y>0.14023</y></points><label>3</label><labelname>window</labelname><flag>1</flag></object><object><points><x>0.4707</x><x>0.58203</x><y>0.1034</y><y>0.14306</y></points><label>3</label><labelname>window</labelname><flag>1</flag></object><object><points><x>0.30273</x><x>0.4043</x><y>0.10907</y><y>0.14731</y></points><label>3</label><labelname>window</labelname><flag>1</flag></object><object><points><x>0.25391</x><x>0.39062</x><y>0.19972</y><y>0.23513</y></points><label>3</label><labelname>window</labelname><flag>1</flag></object><object><points><x>0.45117</x><x>0.58789</x><y>0.19263</y><y>0.23371</y></points><label>3</label><labelname>window</labelname><flag>1</flag></object><object><points><x>0.40039</x><x>0.43164</x><y>0.89235</y><y>0.92493</y></points><label>3</label><labelname>window</labelname><flag>1</flag></object><object><points><x>0.39648</x><x>0.42969</x><y>0.78187</y><y>0.81586</y></points><label>3</label><labelname>window</labelname><flag>1</flag></object><object><points><x>0.54297</x><x>0.58008</x><y>0.89235</y><y>0.92635</y></points><label>3</label><labelname>window</labelname><flag>1</flag></object><object><points><x>0.53125</x><x>0.58203</x><y>0.78329</y><y>0.81728</y></points><label>3</label><labelname>window</labelname><flag>1</flag></object><object><points><x>0.58203</x><x>0.64062</x><y>0.031161</y><y>0.049575</y></points><label>3</label><labelname>window</labelname><flag>1</flag></object><object><points><x>0.58203</x><x>0.64062</x><y>0.011331</y><y>0.029745</y></points><label>3</label><labelname>window</labelname><flag>1</flag></object><object><points><x>0.6875</x><x>0.71875</x><y>0.032578</y><y>0.050992</y></points><label>3</label><labelname>window</labelname><flag>1</flag></object><object><points><x>0.68555</x><x>0.71875</x><y>0.0084986</y><y>0.028329</y></points><label>3</label><labelname>window</labelname><flag>1</flag></object><object><points><x>0.77734</x><x>0.81445</x><y>0.031161</y><y>0.049575</y></points><label>3</label><labelname>window</labelname><flag>1</flag></object><object><points><x>0.77734</x><x>0.81445</x><y>0.0070822</y><y>0.026912</y></points><label>3</label><labelname>window</labelname><flag>1</flag></object><object><points><x>0.060547</x><x>0.099609</x><y>0.51416</y><y>0.59773</y></points><label>5</label><labelname>cornice</labelname><flag>1</flag></object><object><points><x>0.033203</x><x>0.072266</x><y>0.29745</y><y>0.3796</y></points><label>5</label><labelname>cornice</labelname><flag>1</flag></object><object><points><x>0.41406</x><x>0.45703</x><y>0.28187</y><y>0.38102</y></points><label>5</label><labelname>cornice</labelname><flag>1</flag></object><object><points><x>0.41406</x><x>0.43164</x><y>0.51275</y><y>0.59773</y></points><label>6</label><labelname>sill</labelname><flag>1</flag></object><object><points><x>0.60352</x><x>0.62109</x><y>0.50992</y><y>0.59632</y></points><label>6</label><labelname>sill</labelname><flag>1</flag></object><object><points><x>0.79688</x><x>0.81445</x><y>0.5085</y><y>0.5949</y></points><label>6</label><labelname>sill</labelname><flag>1</flag></object><object><points><x>0.7793</x><x>0.79492</x><y>0.28612</y><y>0.37252</y></points><label>6</label><labelname>sill</labelname><flag>1</flag></object><object><points><x>0.58203</x><x>0.59961</x><y>0.29037</y><y>0.37677</y></points><label>6</label><labelname>sill</labelname><flag>1</flag></object><object><points><x>0.38477</x><x>0.40039</x><y>0.29037</y><y>0.37677</y></points><label>6</label><labelname>sill</labelname><flag>1</flag></object><object><points><x>0.42188</x><x>0.51172</x><y>0.75637</y><y>0.99292</y></points><label>7</label><labelname>balcony</labelname><flag>1</flag></object><object><points><x>0.57812</x><x>0.66797</x><y>0.75921</y><y>0.99575</y></points><label>7</label><labelname>balcony</labelname><flag>1</flag></object><object><points><x>0.7168</x><x>0.76758</x><y>0.0028329</y><y>0.077904</y></points><label>7</label><labelname>balcony</labelname><flag>1</flag></object><object><points><x>0.62695</x><x>0.67383</x><y>0.19263</y><y>0.67139</y></points><label>10</label><labelname>molding</labelname><flag>1</flag></object><object><points><x>0.19141</x><x>0.28711</x><y>0.28187</y><y>0.66289</y></points><label>10</label><labelname>molding</labelname><flag>1</flag></object><object><points><x>0.49219</x><x>0.57812</x><y>0.89235</y><y>0.90085</y></points><label>11</label><labelname>pillar</labelname><flag>1</flag></object><object><points><x>0.49023</x><x>0.57422</x><y>0.79887</y><y>0.80737</y></points><label>11</label><labelname>pillar</labelname><flag>1</flag></object><object><points><x>0.64648</x><x>0.7832</x><y>0.89377</y><y>0.90085</y></points><label>11</label><labelname>pillar</labelname><flag>1</flag></object><object><points><x>0.85547</x><x>0.88672</x><y>0.30878</y><y>0.34986</y></points><label>3</label><labelname>window</labelname><flag>1</flag></object><object><points><x>0.87109</x><x>0.90234</x><y>0.53258</y><y>0.57365</y></points><label>3</label><labelname>window</labelname><flag>1</flag></object><object><points><x>0.039062</x><x>0.064453</x><y>0.43909</y><y>0.46034</y></points><label>3</label><labelname>window</labelname><flag>1</flag></object><object><points><x>0.25391</x><x>0.9082</x><y>0.72946</y><y>1</y></points><label>2</label><labelname>facade</labelname><flag>1</flag></object>