<object><points><x>0.0040214</x><x>1</x><y>0.0029297</y><y>1</y></points><label>2</label><labelname>facade</labelname><flag>1</flag></object><object><points><x>0.19973</x><x>0.34048</x><y>0.025391</y><y>0.056641</y></points><label>3</label><labelname>window</labelname><flag>1</flag></object><object><points><x>0.19839</x><x>0.34048</x><y>0.09375</y><y>0.125</y></points><label>3</label><labelname>window</labelname><flag>1</flag></object><object><points><x>0.19571</x><x>0.33646</x><y>0.16211</y><y>0.19336</y></points><label>3</label><labelname>window</labelname><flag>1</flag></object><object><points><x>0.19169</x><x>0.33646</x><y>0.23047</y><y>0.26074</y></points><label>3</label><labelname>window</labelname><flag>1</flag></object><object><points><x>0.19169</x><x>0.33646</x><y>0.30273</y><y>0.33301</y></points><label>3</label><labelname>window</labelname><flag>1</flag></object><object><points><x>0.19035</x><x>0.33646</x><y>0.37402</y><y>0.4043</y></points><label>3</label><labelname>window</labelname><flag>1</flag></object><object><points><x>0.18901</x><x>0.33646</x><y>0.44629</y><y>0.47656</y></points><label>3</label><labelname>window</labelname><flag>1</flag></object><object><points><x>0.19035</x><x>0.3378</x><y>0.51758</y><y>0.54883</y></points><label>3</label><labelname>window</labelname><flag>1</flag></object><object><points><x>0.19303</x><x>0.33914</x><y>0.58984</y><y>0.62109</y></points><label>3</label><labelname>window</labelname><flag>1</flag></object><object><points><x>0.19303</x><x>0.34048</x><y>0.65918</y><y>0.69141</y></points><label>3</label><labelname>window</labelname><flag>1</flag></object><object><points><x>0.19437</x><x>0.34316</x><y>0.72949</y><y>0.76172</y></points><label>3</label><labelname>window</labelname><flag>1</flag></object><object><points><x>0.19705</x><x>0.3445</x><y>0.7998</y><y>0.83105</y></points><label>3</label><labelname>window</labelname><flag>1</flag></object><object><points><x>0.19705</x><x>0.34584</x><y>0.86816</y><y>0.89941</y></points><label>3</label><labelname>window</labelname><flag>1</flag></object><object><points><x>0.19839</x><x>0.34584</x><y>0.93457</y><y>0.96582</y></points><label>3</label><labelname>window</labelname><flag>1</flag></object><object><points><x>0.45845</x><x>0.60456</x><y>0.026367</y><y>0.058594</y></points><label>3</label><labelname>window</labelname><flag>1</flag></object><object><points><x>0.45845</x><x>0.60456</x><y>0.094727</y><y>0.12695</y></points><label>3</label><labelname>window</labelname><flag>1</flag></object><object><points><x>0.45979</x><x>0.6059</x><y>0.16211</y><y>0.19336</y></points><label>3</label><labelname>window</labelname><flag>1</flag></object><object><points><x>0.46113</x><x>0.60724</x><y>0.23047</y><y>0.2627</y></points><label>3</label><labelname>window</labelname><flag>1</flag></object><object><points><x>0.45845</x><x>0.60456</x><y>0.30371</y><y>0.33594</y></points><label>3</label><labelname>window</labelname><flag>1</flag></object><object><points><x>0.45979</x><x>0.6059</x><y>0.37598</y><y>0.40723</y></points><label>3</label><labelname>window</labelname><flag>1</flag></object><object><points><x>0.46113</x><x>0.60724</x><y>0.44824</y><y>0.47949</y></points><label>3</label><labelname>window</labelname><flag>1</flag></object><object><points><x>0.46247</x><x>0.60858</x><y>0.52051</y><y>0.55176</y></points><label>3</label><labelname>window</labelname><flag>1</flag></object><object><points><x>0.46381</x><x>0.60992</x><y>0.5918</y><y>0.62402</y></points><label>3</label><labelname>window</labelname><flag>1</flag></object><object><points><x>0.46381</x><x>0.60992</x><y>0.66113</y><y>0.69336</y></points><label>3</label><labelname>window</labelname><flag>1</flag></object><object><points><x>0.46649</x><x>0.61394</x><y>0.73145</y><y>0.76367</y></points><label>3</label><labelname>window</labelname><flag>1</flag></object><object><points><x>0.46917</x><x>0.61528</x><y>0.80371</y><y>0.83301</y></points><label>3</label><labelname>window</labelname><flag>1</flag></object><object><points><x>0.46649</x><x>0.6126</x><y>0.87402</y><y>0.90234</y></points><label>3</label><labelname>window</labelname><flag>1</flag></object><object><points><x>0.47051</x><x>0.61662</x><y>0.93945</y><y>0.96875</y></points><label>3</label><labelname>window</labelname><flag>1</flag></object><object><points><x>0.72386</x><x>0.86327</x><y>0.025391</y><y>0.056641</y></points><label>3</label><labelname>window</labelname><flag>1</flag></object><object><points><x>0.72654</x><x>0.86595</x><y>0.09668</y><y>0.12793</y></points><label>3</label><labelname>window</labelname><flag>1</flag></object><object><points><x>0.7319</x><x>0.87399</x><y>0.30664</y><y>0.33789</y></points><label>3</label><labelname>window</labelname><flag>1</flag></object><object><points><x>0.73056</x><x>0.87399</x><y>0.38086</y><y>0.41211</y></points><label>3</label><labelname>window</labelname><flag>1</flag></object><object><points><x>0.72922</x><x>0.86997</x><y>0.45312</y><y>0.48242</y></points><label>3</label><labelname>window</labelname><flag>1</flag></object><object><points><x>0.73056</x><x>0.87131</x><y>0.52344</y><y>0.55273</y></points><label>3</label><labelname>window</labelname><flag>1</flag></object><object><points><x>0.73056</x><x>0.87131</x><y>0.59668</y><y>0.62695</y></points><label>3</label><labelname>window</labelname><flag>1</flag></object><object><points><x>0.72922</x><x>0.86997</x><y>0.66797</y><y>0.69727</y></points><label>3</label><labelname>window</labelname><flag>1</flag></object><object><points><x>0.72788</x><x>0.86863</x><y>0.73633</y><y>0.7666</y></points><label>3</label><labelname>window</labelname><flag>1</flag></object><object><points><x>0.72922</x><x>0.86997</x><y>0.80762</y><y>0.83789</y></points><label>3</label><labelname>window</labelname><flag>1</flag></object><object><points><x>0.72922</x><x>0.86997</x><y>0.87891</y><y>0.90332</y></points><label>3</label><labelname>window</labelname><flag>1</flag></object><object><points><x>0.72922</x><x>0.86997</x><y>0.94824</y><y>0.97266</y></points><label>3</label><labelname>window</labelname><flag>1</flag></object><object><points><x>0.72788</x><x>0.99866</x><y>0.19727</y><y>0.23438</y></points><label>4</label><labelname>door</labelname><flag>1</flag></object><object><points><x>0.72654</x><x>0.92895</x><y>0.1748</y><y>0.19141</y></points><label>3</label><labelname>window</labelname><flag>1</flag></object><object><points><x>0.7319</x><x>0.92895</x><y>0.24023</y><y>0.25488</y></points><label>3</label><labelname>window</labelname><flag>1</flag></object><object><points><x>0.17024</x><x>0.23995</x><y>0.015625</y><y>0.067383</y></points><label>5</label><labelname>cornice</labelname><flag>1</flag></object><object><points><x>0.16622</x><x>0.23861</x><y>0.083008</y><y>0.13672</y></points><label>5</label><labelname>cornice</labelname><flag>1</flag></object><object><points><x>0.16354</x><x>0.23458</x><y>0.15039</y><y>0.20703</y></points><label>5</label><labelname>cornice</labelname><flag>1</flag></object><object><points><x>0.16086</x><x>0.2319</x><y>0.21777</y><y>0.27441</y></points><label>5</label><labelname>cornice</labelname><flag>1</flag></object><object><points><x>0.16086</x><x>0.23324</x><y>0.29004</y><y>0.34863</y></points><label>5</label><labelname>cornice</labelname><flag>1</flag></object><object><points><x>0.15684</x><x>0.22922</x><y>0.35938</y><y>0.41895</y></points><label>5</label><labelname>cornice</labelname><flag>1</flag></object><object><points><x>0.15952</x><x>0.2319</x><y>0.43164</y><y>0.49219</y></points><label>5</label><labelname>cornice</labelname><flag>1</flag></object><object><points><x>0.1622</x><x>0.23324</x><y>0.50293</y><y>0.56348</y></points><label>5</label><labelname>cornice</labelname><flag>1</flag></object><object><points><x>0.15952</x><x>0.2319</x><y>0.57129</y><y>0.63281</y></points><label>5</label><labelname>cornice</labelname><flag>1</flag></object><object><points><x>0.15818</x><x>0.23056</x><y>0.64551</y><y>0.70605</y></points><label>5</label><labelname>cornice</labelname><flag>1</flag></object><object><points><x>0.16354</x><x>0.23324</x><y>0.7168</y><y>0.77734</y></points><label>5</label><labelname>cornice</labelname><flag>1</flag></object><object><points><x>0.16488</x><x>0.23592</x><y>0.78613</y><y>0.84668</y></points><label>5</label><labelname>cornice</labelname><flag>1</flag></object><object><points><x>0.16756</x><x>0.23861</x><y>0.92188</y><y>0.98242</y></points><label>5</label><labelname>cornice</labelname><flag>1</flag></object><object><points><x>0.16354</x><x>0.23458</x><y>0.85352</y><y>0.91406</y></points><label>5</label><labelname>cornice</labelname><flag>1</flag></object><object><points><x>0.3378</x><x>0.45174</x><y>0.019531</y><y>0.063477</y></points><label>6</label><labelname>sill</labelname><flag>1</flag></object><object><points><x>0.3378</x><x>0.45308</x><y>0.087891</y><y>0.13184</y></points><label>6</label><labelname>sill</labelname><flag>1</flag></object><object><points><x>0.33512</x><x>0.45576</x><y>0.15723</y><y>0.20117</y></points><label>6</label><labelname>sill</labelname><flag>1</flag></object><object><points><x>0.33646</x><x>0.45576</x><y>0.22461</y><y>0.26855</y></points><label>6</label><labelname>sill</labelname><flag>1</flag></object><object><points><x>0.33646</x><x>0.45576</x><y>0.29883</y><y>0.34277</y></points><label>6</label><labelname>sill</labelname><flag>1</flag></object><object><points><x>0.33378</x><x>0.45442</x><y>0.37012</y><y>0.41406</y></points><label>6</label><labelname>sill</labelname><flag>1</flag></object><object><points><x>0.33378</x><x>0.45576</x><y>0.44238</y><y>0.48633</y></points><label>6</label><labelname>sill</labelname><flag>1</flag></object><object><points><x>0.33646</x><x>0.45845</x><y>0.5127</y><y>0.55762</y></points><label>6</label><labelname>sill</labelname><flag>1</flag></object><object><points><x>0.3378</x><x>0.45979</x><y>0.58594</y><y>0.62988</y></points><label>6</label><labelname>sill</labelname><flag>1</flag></object><object><points><x>0.3378</x><x>0.45979</x><y>0.65527</y><y>0.7002</y></points><label>6</label><labelname>sill</labelname><flag>1</flag></object><object><points><x>0.34048</x><x>0.46247</x><y>0.72559</y><y>0.77051</y></points><label>6</label><labelname>sill</labelname><flag>1</flag></object><object><points><x>0.34048</x><x>0.46247</x><y>0.79688</y><y>0.84082</y></points><label>6</label><labelname>sill</labelname><flag>1</flag></object><object><points><x>0.34316</x><x>0.46515</x><y>0.93164</y><y>0.97559</y></points><label>6</label><labelname>sill</labelname><flag>1</flag></object><object><points><x>0.3378</x><x>0.46113</x><y>0.86719</y><y>0.91016</y></points><label>6</label><labelname>sill</labelname><flag>1</flag></object><object><points><x>0.60322</x><x>0.61662</x><y>0.020508</y><y>0.064453</y></points><label>6</label><labelname>sill</labelname><flag>1</flag></object><object><points><x>0.60322</x><x>0.61662</x><y>0.09082</y><y>0.13379</y></points><label>6</label><labelname>sill</labelname><flag>1</flag></object><object><points><x>0.60054</x><x>0.61796</x><y>0.15332</y><y>0.27539</y></points><label>6</label><labelname>sill</labelname><flag>1</flag></object><object><points><x>0.6059</x><x>0.62064</x><y>0.29785</y><y>0.3457</y></points><label>6</label><labelname>sill</labelname><flag>1</flag></object><object><points><x>0.60456</x><x>0.6193</x><y>0.37012</y><y>0.41797</y></points><label>6</label><labelname>sill</labelname><flag>1</flag></object><object><points><x>0.6059</x><x>0.62198</x><y>0.44336</y><y>0.49121</y></points><label>6</label><labelname>sill</labelname><flag>1</flag></object><object><points><x>0.60456</x><x>0.6193</x><y>0.5166</y><y>0.56445</y></points><label>6</label><labelname>sill</labelname><flag>1</flag></object><object><points><x>0.6059</x><x>0.62064</x><y>0.58691</y><y>0.63477</y></points><label>6</label><labelname>sill</labelname><flag>1</flag></object><object><points><x>0.6059</x><x>0.62198</x><y>0.66113</y><y>0.70898</y></points><label>6</label><labelname>sill</labelname><flag>1</flag></object><object><points><x>0.60858</x><x>0.62332</x><y>0.72852</y><y>0.77637</y></points><label>6</label><labelname>sill</labelname><flag>1</flag></object><object><points><x>0.60858</x><x>0.62466</x><y>0.79688</y><y>0.84473</y></points><label>6</label><labelname>sill</labelname><flag>1</flag></object><object><points><x>0.60992</x><x>0.62466</x><y>0.86621</y><y>0.91406</y></points><label>6</label><labelname>sill</labelname><flag>1</flag></object><object><points><x>0.60858</x><x>0.62332</x><y>0.93164</y><y>0.97949</y></points><label>6</label><labelname>sill</labelname><flag>1</flag></object><object><points><x>0.02681</x><x>0.053619</x><y>0.047852</y><y>0.064453</y></points><label>3</label><labelname>window</labelname><flag>1</flag></object><object><points><x>0.017426</x><x>0.044236</x><y>0.15234</y><y>0.16992</y></points><label>3</label><labelname>window</labelname><flag>1</flag></object><object><points><x>0.0093834</x><x>0.036193</x><y>0.26562</y><y>0.2832</y></points><label>3</label><labelname>window</labelname><flag>1</flag></object><object><points><x>0.0093834</x><x>0.036193</x><y>0.37402</y><y>0.39062</y></points><label>3</label><labelname>window</labelname><flag>1</flag></object><object><points><x>0.013405</x><x>0.038874</x><y>0.81445</y><y>0.83105</y></points><label>3</label><labelname>window</labelname><flag>1</flag></object><object><points><x>0.010724</x><x>0.036193</x><y>0.70508</y><y>0.72168</y></points><label>3</label><labelname>window</labelname><flag>1</flag></object><object><points><x>0.0080429</x><x>0.033512</x><y>0.59473</y><y>0.61133</y></points><label>3</label><labelname>window</labelname><flag>1</flag></object><object><points><x>0.0053619</x><x>0.030831</x><y>0.48633</y><y>0.50293</y></points><label>3</label><labelname>window</labelname><flag>1</flag></object><object><points><x>0.0053619</x><x>0.030831</x><y>0.48633</y><y>0.50293</y></points><label>3</label><labelname>window</labelname><flag>1</flag></object><object><points><x>0.2319</x><x>0.28686</x><y>0.060547</y><y>0.088867</y></points><label>9</label><labelname>deco</labelname><flag>1</flag></object><object><points><x>0.23056</x><x>0.28552</x><y>0.12988</y><y>0.1582</y></points><label>9</label><labelname>deco</labelname><flag>1</flag></object><object><points><x>0.2252</x><x>0.28016</x><y>0.19824</y><y>0.22656</y></points><label>9</label><labelname>deco</labelname><flag>1</flag></object><object><points><x>0.2252</x><x>0.28016</x><y>0.26855</y><y>0.2959</y></points><label>9</label><labelname>deco</labelname><flag>1</flag></object><object><points><x>0.22252</x><x>0.27748</x><y>0.34082</y><y>0.36914</y></points><label>9</label><labelname>deco</labelname><flag>1</flag></object><object><points><x>0.22118</x><x>0.27614</x><y>0.41211</y><y>0.43945</y></points><label>9</label><labelname>deco</labelname><flag>1</flag></object><object><points><x>0.22386</x><x>0.27882</x><y>0.48145</y><y>0.50977</y></points><label>9</label><labelname>deco</labelname><flag>1</flag></object><object><points><x>0.2252</x><x>0.28016</x><y>0.55762</y><y>0.58496</y></points><label>9</label><labelname>deco</labelname><flag>1</flag></object><object><points><x>0.22386</x><x>0.27882</x><y>0.62695</y><y>0.6543</y></points><label>9</label><labelname>deco</labelname><flag>1</flag></object><object><points><x>0.22788</x><x>0.28284</x><y>0.69629</y><y>0.72461</y></points><label>9</label><labelname>deco</labelname><flag>1</flag></object><object><points><x>0.22788</x><x>0.28284</x><y>0.76758</y><y>0.7959</y></points><label>9</label><labelname>deco</labelname><flag>1</flag></object><object><points><x>0.22788</x><x>0.28284</x><y>0.83496</y><y>0.86328</y></points><label>9</label><labelname>deco</labelname><flag>1</flag></object><object><points><x>0.23056</x><x>0.28552</x><y>0.90332</y><y>0.93164</y></points><label>9</label><labelname>deco</labelname><flag>1</flag></object><object><points><x>0.2319</x><x>0.28686</x><y>0.9707</y><y>0.99512</y></points><label>9</label><labelname>deco</labelname><flag>1</flag></object><object><points><x>0.065684</x><x>0.1555</x><y>0.0078125</y><y>0.99707</y></points><label>10</label><labelname>molding</labelname><flag>1</flag></object><object><points><x>0.78418</x><x>0.80965</x><y>0.0087891</y><y>0.99219</y></points><label>10</label><labelname>molding</labelname><flag>1</flag></object><object><points><x>0.66488</x><x>0.72386</x><y>0.15625</y><y>0.19238</y></points><label>9</label><labelname>deco</labelname><flag>1</flag></object>