<object><points><x>0.0029851</x><x>1</x><y>0.0016181</y><y>1</y></points><label>2</label><labelname>facade</labelname><flag>1</flag></object><object><points><x>0.083582</x><x>0.16119</x><y>0.050162</y><y>0.088997</y></points><label>3</label><labelname>window</labelname><flag>1</flag></object><object><points><x>0.28657</x><x>0.36716</x><y>0.050162</y><y>0.088997</y></points><label>3</label><labelname>window</labelname><flag>1</flag></object><object><points><x>0.48955</x><x>0.57015</x><y>0.048544</y><y>0.087379</y></points><label>3</label><labelname>window</labelname><flag>1</flag></object><object><points><x>0.083582</x><x>0.16418</x><y>0.33819</y><y>0.37702</y></points><label>3</label><labelname>window</labelname><flag>1</flag></object><object><points><x>0.28955</x><x>0.37015</x><y>0.33495</y><y>0.37379</y></points><label>3</label><labelname>window</labelname><flag>1</flag></object><object><points><x>0.50448</x><x>0.58209</x><y>0.33819</y><y>0.37702</y></points><label>3</label><labelname>window</labelname><flag>1</flag></object><object><points><x>0.086567</x><x>0.16418</x><y>0.63754</y><y>0.67638</y></points><label>3</label><labelname>window</labelname><flag>1</flag></object><object><points><x>0.29552</x><x>0.37612</x><y>0.63754</y><y>0.67799</y></points><label>3</label><labelname>window</labelname><flag>1</flag></object><object><points><x>0.50746</x><x>0.58806</x><y>0.64078</y><y>0.67961</y></points><label>3</label><labelname>window</labelname><flag>1</flag></object><object><points><x>0.51045</x><x>0.58806</x><y>0.92557</y><y>0.9644</y></points><label>3</label><labelname>window</labelname><flag>1</flag></object><object><points><x>0.29851</x><x>0.3791</x><y>0.92395</y><y>0.96278</y></points><label>3</label><labelname>window</labelname><flag>1</flag></object><object><points><x>0.092537</x><x>0.17015</x><y>0.92071</y><y>0.95955</y></points><label>3</label><labelname>window</labelname><flag>1</flag></object><object><points><x>0.095522</x><x>0.19701</x><y>0.10518</y><y>0.25728</y></points><label>3</label><labelname>window</labelname><flag>1</flag></object><object><points><x>0.089552</x><x>0.2</x><y>0.3932</y><y>0.55663</y></points><label>3</label><labelname>window</labelname><flag>1</flag></object><object><points><x>0.092537</x><x>0.20299</x><y>0.69741</y><y>0.85437</y></points><label>3</label><labelname>window</labelname><flag>1</flag></object><object><points><x>0.28955</x><x>0.40597</x><y>0.1068</y><y>0.25566</y></points><label>3</label><labelname>window</labelname><flag>1</flag></object><object><points><x>0.29851</x><x>0.41791</x><y>0.39482</y><y>0.55663</y></points><label>3</label><labelname>window</labelname><flag>1</flag></object><object><points><x>0.30149</x><x>0.41493</x><y>0.69903</y><y>0.85922</y></points><label>3</label><labelname>window</labelname><flag>1</flag></object><object><points><x>0.51045</x><x>0.62388</x><y>0.69741</y><y>0.85599</y></points><label>3</label><labelname>window</labelname><flag>1</flag></object><object><points><x>0.50746</x><x>0.6209</x><y>0.39806</y><y>0.55663</y></points><label>3</label><labelname>window</labelname><flag>1</flag></object><object><points><x>0.49552</x><x>0.60896</x><y>0.10194</y><y>0.26052</y></points><label>3</label><labelname>window</labelname><flag>1</flag></object><object><points><x>0.29552</x><x>0.4</x><y>0.10841</y><y>0.25405</y></points><label>8</label><labelname>blind</labelname><flag>1</flag></object><object><points><x>0.50448</x><x>0.60299</x><y>0.11003</y><y>0.25566</y></points><label>8</label><labelname>blind</labelname><flag>1</flag></object><object><points><x>0.51045</x><x>0.61791</x><y>0.39968</y><y>0.55502</y></points><label>8</label><labelname>blind</labelname><flag>1</flag></object><object><points><x>0.30448</x><x>0.37015</x><y>0.39968</y><y>0.55502</y></points><label>8</label><labelname>blind</labelname><flag>1</flag></object><object><points><x>0.098507</x><x>0.15821</x><y>0.70065</y><y>0.84951</y></points><label>8</label><labelname>blind</labelname><flag>1</flag></object><object><points><x>0.30448</x><x>0.41194</x><y>0.70227</y><y>0.85437</y></points><label>8</label><labelname>blind</labelname><flag>1</flag></object><object><points><x>0.5194</x><x>0.58507</x><y>0.70227</y><y>0.85599</y></points><label>8</label><labelname>blind</labelname><flag>1</flag></object><object><points><x>0.0089552</x><x>0.11045</x><y>0.0064725</y><y>0.99191</y></points><label>10</label><labelname>molding</labelname><flag>1</flag></object><object><points><x>0.19104</x><x>0.21791</x><y>0.0097087</y><y>0.99515</y></points><label>10</label><labelname>molding</labelname><flag>1</flag></object><object><points><x>0.28657</x><x>0.31343</x><y>0.011327</y><y>0.99838</y></points><label>10</label><labelname>molding</labelname><flag>1</flag></object><object><points><x>0.39403</x><x>0.42985</x><y>0.0064725</y><y>0.99353</y></points><label>10</label><labelname>molding</labelname><flag>1</flag></object><object><points><x>0.48358</x><x>0.5194</x><y>0.0097087</y><y>0.99515</y></points><label>10</label><labelname>molding</labelname><flag>1</flag></object><object><points><x>0.6</x><x>0.63582</x><y>0.0064725</y><y>0.99191</y></points><label>10</label><labelname>molding</labelname><flag>1</flag></object><object><points><x>0.69851</x><x>0.73433</x><y>0.0080906</y><y>0.99515</y></points><label>10</label><labelname>molding</labelname><flag>1</flag></object><object><points><x>0.6209</x><x>0.71642</x><y>0.21197</y><y>0.35761</y></points><label>12</label><labelname>shop</labelname><flag>1</flag></object><object><points><x>0.71642</x><x>0.77015</x><y>0.18447</y><y>0.37864</y></points><label>12</label><labelname>shop</labelname><flag>1</flag></object><object><points><x>0.72239</x><x>0.77313</x><y>0.38026</y><y>0.58414</y></points><label>12</label><labelname>shop</labelname><flag>1</flag></object><object><points><x>0.72836</x><x>0.77612</x><y>0.59061</y><y>0.7945</y></points><label>12</label><labelname>shop</labelname><flag>1</flag></object><object><points><x>0.73731</x><x>0.78209</x><y>0.79935</y><y>0.99838</y></points><label>12</label><labelname>shop</labelname><flag>1</flag></object><object><points><x>0.72537</x><x>0.76119</x><y>0.011327</y><y>0.18123</y></points><label>12</label><labelname>shop</labelname><flag>1</flag></object><object><points><x>0.77612</x><x>0.99403</x><y>0.20065</y><y>0.37702</y></points><label>12</label><labelname>shop</labelname><flag>1</flag></object><object><points><x>0.77015</x><x>0.99403</x><y>0.012945</y><y>0.18608</y></points><label>12</label><labelname>shop</labelname><flag>1</flag></object><object><points><x>0.7791</x><x>0.94627</x><y>0.39159</y><y>0.58414</y></points><label>12</label><labelname>shop</labelname><flag>1</flag></object><object><points><x>0.79403</x><x>0.9403</x><y>0.60032</y><y>0.78317</y></points><label>12</label><labelname>shop</labelname><flag>1</flag></object><object><points><x>0.79104</x><x>0.93731</x><y>0.80583</y><y>0.98867</y></points><label>12</label><labelname>shop</labelname><flag>1</flag></object>