<object><points><x>0.016602</x><x>1</x><y>0.0015723</y><y>1</y></points><label>2</label><labelname>facade</labelname><flag>1</flag></object><object><points><x>0.25293</x><x>0.31641</x><y>0.7217</y><y>0.79403</y></points><label>3</label><labelname>window</labelname><flag>1</flag></object><object><points><x>0.27246</x><x>0.32617</x><y>0.24686</y><y>0.34591</y></points><label>3</label><labelname>window</labelname><flag>1</flag></object><object><points><x>0.37695</x><x>0.43359</x><y>0.27358</y><y>0.38208</y></points><label>3</label><labelname>window</labelname><flag>1</flag></object><object><points><x>0.36621</x><x>0.42578</x><y>0.62107</y><y>0.73899</y></points><label>3</label><labelname>window</labelname><flag>1</flag></object><object><points><x>0.58398</x><x>0.66016</x><y>0.21698</y><y>0.30975</y></points><label>3</label><labelname>window</labelname><flag>1</flag></object><object><points><x>0.58984</x><x>0.65234</x><y>0.70597</y><y>0.79874</y></points><label>3</label><labelname>window</labelname><flag>1</flag></object><object><points><x>0.59863</x><x>0.65234</x><y>0.43239</y><y>0.52358</y></points><label>3</label><labelname>window</labelname><flag>1</flag></object><object><points><x>0.4707</x><x>0.53906</x><y>0.68553</y><y>0.80975</y></points><label>3</label><labelname>window</labelname><flag>1</flag></object><object><points><x>0.48535</x><x>0.53516</x><y>0.36164</y><y>0.48899</y></points><label>3</label><labelname>window</labelname><flag>1</flag></object><object><points><x>0.72363</x><x>0.7959</x><y>0.17767</y><y>0.36478</y></points><label>3</label><labelname>window</labelname><flag>1</flag></object><object><points><x>0.7041</x><x>0.78027</x><y>0.70755</y><y>0.86792</y></points><label>3</label><labelname>window</labelname><flag>1</flag></object><object><points><x>0.59277</x><x>0.65234</x><y>0.5739</y><y>0.64151</y></points><label>3</label><labelname>window</labelname><flag>1</flag></object><object><points><x>0.48242</x><x>0.5332</x><y>0.53145</y><y>0.59906</y></points><label>3</label><labelname>window</labelname><flag>1</flag></object><object><points><x>0.47559</x><x>0.54004</x><y>0.19497</y><y>0.2783</y></points><label>3</label><labelname>window</labelname><flag>1</flag></object><object><points><x>0.38574</x><x>0.42188</x><y>0.49057</y><y>0.55189</y></points><label>3</label><labelname>window</labelname><flag>1</flag></object><object><points><x>0.27344</x><x>0.31055</x><y>0.5283</y><y>0.60063</y></points><label>3</label><labelname>window</labelname><flag>1</flag></object><object><points><x>0.37109</x><x>0.41699</x><y>0.83962</y><y>0.87893</y></points><label>3</label><labelname>window</labelname><flag>1</flag></object><object><points><x>0.38184</x><x>0.43262</x><y>0.18239</y><y>0.21698</y></points><label>3</label><labelname>window</labelname><flag>1</flag></object><object><points><x>0.28418</x><x>0.3125</x><y>0.43868</y><y>0.48428</y></points><label>3</label><labelname>window</labelname><flag>1</flag></object><object><points><x>0.72949</x><x>0.7793</x><y>0.50314</y><y>0.55189</y></points><label>3</label><labelname>window</labelname><flag>1</flag></object><object><points><x>0.72461</x><x>0.78418</x><y>0.40252</y><y>0.47013</y></points><label>3</label><labelname>window</labelname><flag>1</flag></object><object><points><x>0.70801</x><x>0.7832</x><y>0.58805</y><y>0.6761</y></points><label>3</label><labelname>window</labelname><flag>1</flag></object><object><points><x>0.17285</x><x>0.18652</x><y>0.36321</y><y>0.39308</y></points><label>3</label><labelname>window</labelname><flag>1</flag></object><object><points><x>0.16602</x><x>0.17969</x><y>0.21855</y><y>0.24843</y></points><label>3</label><labelname>window</labelname><flag>1</flag></object><object><points><x>0.14844</x><x>0.16113</x><y>0.58648</y><y>0.61635</y></points><label>3</label><labelname>window</labelname><flag>1</flag></object><object><points><x>0.14062</x><x>0.15332</x><y>0.75157</y><y>0.78302</y></points><label>3</label><labelname>window</labelname><flag>1</flag></object><object><points><x>0.84473</x><x>0.91309</x><y>0.64465</y><y>0.80975</y></points><label>3</label><labelname>window</labelname><flag>1</flag></object><object><points><x>0.84766</x><x>0.99219</x><y>0.36164</y><y>0.61006</y></points><label>4</label><labelname>door</labelname><flag>1</flag></object><object><points><x>0.25293</x><x>0.33301</x><y>0.36321</y><y>0.68553</y></points><label>7</label><labelname>balcony</labelname><flag>1</flag></object><object><points><x>0.38867</x><x>0.4375</x><y>0.40723</y><y>0.6022</y></points><label>7</label><labelname>balcony</labelname><flag>1</flag></object><object><points><x>0.48633</x><x>0.55273</x><y>0.32547</y><y>0.65566</y></points><label>7</label><labelname>balcony</labelname><flag>1</flag></object><object><points><x>0.58984</x><x>0.66992</x><y>0.32233</y><y>0.70126</y></points><label>7</label><labelname>balcony</labelname><flag>1</flag></object><object><points><x>0.37793</x><x>0.39648</x><y>0.27673</y><y>0.3805</y></points><label>8</label><labelname>blind</labelname><flag>1</flag></object><object><points><x>0.37109</x><x>0.38965</x><y>0.84434</y><y>0.87736</y></points><label>8</label><labelname>blind</labelname><flag>1</flag></object><object><points><x>0.27344</x><x>0.28809</x><y>0.25</y><y>0.34119</y></points><label>8</label><labelname>blind</labelname><flag>1</flag></object><object><points><x>0.25488</x><x>0.27246</x><y>0.72484</y><y>0.79088</y></points><label>8</label><labelname>blind</labelname><flag>1</flag></object><object><points><x>0.36816</x><x>0.38379</x><y>0.62421</y><y>0.73585</y></points><label>8</label><labelname>blind</labelname><flag>1</flag></object><object><points><x>0.47363</x><x>0.52344</x><y>0.69025</y><y>0.80346</y></points><label>8</label><labelname>blind</labelname><flag>1</flag></object><object><points><x>0.4873</x><x>0.53027</x><y>0.3695</y><y>0.48742</y></points><label>8</label><labelname>blind</labelname><flag>1</flag></object><object><points><x>0.48438</x><x>0.53027</x><y>0.54088</y><y>0.58962</y></points><label>8</label><labelname>blind</labelname><flag>1</flag></object><object><points><x>0.47949</x><x>0.53125</x><y>0.20126</y><y>0.27516</y></points><label>8</label><labelname>blind</labelname><flag>1</flag></object><object><points><x>0.58691</x><x>0.61133</x><y>0.22327</y><y>0.3066</y></points><label>8</label><labelname>blind</labelname><flag>1</flag></object><object><points><x>0.70508</x><x>0.77832</x><y>0.71226</y><y>0.86635</y></points><label>8</label><labelname>blind</labelname><flag>1</flag></object><object><points><x>0.70898</x><x>0.78027</x><y>0.59119</y><y>0.67138</y></points><label>8</label><labelname>blind</labelname><flag>1</flag></object><object><points><x>0.7334</x><x>0.77734</x><y>0.50943</y><y>0.54717</y></points><label>8</label><labelname>blind</labelname><flag>1</flag></object><object><points><x>0.72852</x><x>0.78125</x><y>0.40881</y><y>0.46069</y></points><label>8</label><labelname>blind</labelname><flag>1</flag></object><object><points><x>0.76465</x><x>0.83887</x><y>0.10377</y><y>0.40881</y></points><label>9</label><labelname>deco</labelname><flag>1</flag></object><object><points><x>0.76855</x><x>0.82617</x><y>0.63365</y><y>0.92767</y></points><label>9</label><labelname>deco</labelname><flag>1</flag></object><object><points><x>0.78125</x><x>0.80078</x><y>0.43711</y><y>0.61321</y></points><label>9</label><labelname>deco</labelname><flag>1</flag></object><object><points><x>0.17676</x><x>0.2207</x><y>0.49214</y><y>0.53931</y></points><label>9</label><labelname>deco</labelname><flag>1</flag></object><object><points><x>0.019531</x><x>0.12598</x><y>0.54088</y><y>0.66352</y></points><label>9</label><labelname>deco</labelname><flag>1</flag></object><object><points><x>0.12207</x><x>0.18848</x><y>0.0031447</y><y>0.12107</y></points><label>9</label><labelname>deco</labelname><flag>1</flag></object><object><points><x>0.10352</x><x>0.13867</x><y>0.17453</y><y>0.23585</y></points><label>9</label><labelname>deco</labelname><flag>1</flag></object><object><points><x>0.13672</x><x>0.17773</x><y>0.89465</y><y>0.99686</y></points><label>9</label><labelname>deco</labelname><flag>1</flag></object><object><points><x>0.10645</x><x>0.1377</x><y>0.89151</y><y>0.93082</y></points><label>9</label><labelname>deco</labelname><flag>1</flag></object><object><points><x>0.64551</x><x>0.69727</x><y>0.017296</y><y>0.99686</y></points><label>10</label><labelname>molding</labelname><flag>1</flag></object><object><points><x>0.41602</x><x>0.4668</x><y>0.0078616</y><y>0.98742</y></points><label>10</label><labelname>molding</labelname><flag>1</flag></object><object><points><x>0.29785</x><x>0.34961</x><y>0.012579</y><y>0.99214</y></points><label>10</label><labelname>molding</labelname><flag>1</flag></object><object><points><x>0.70312</x><x>0.79199</x><y>0.41667</y><y>0.44182</y></points><label>11</label><labelname>pillar</labelname><flag>1</flag></object><object><points><x>0.70117</x><x>0.79199</x><y>0.61006</y><y>0.63679</y></points><label>11</label><labelname>pillar</labelname><flag>1</flag></object><object><points><x>0.72656</x><x>0.78418</x><y>0.3695</y><y>0.3978</y></points><label>11</label><labelname>pillar</labelname><flag>1</flag></object><object><points><x>0.7168</x><x>0.77637</x><y>0.67925</y><y>0.70755</y></points><label>11</label><labelname>pillar</labelname><flag>1</flag></object><object><points><x>0.70703</x><x>0.72656</x><y>0.35535</y><y>0.40723</y></points><label>11</label><labelname>pillar</labelname><flag>1</flag></object><object><points><x>0.69727</x><x>0.7168</x><y>0.67138</y><y>0.72484</y></points><label>11</label><labelname>pillar</labelname><flag>1</flag></object><object><points><x>0.8457</x><x>0.91895</x><y>0.16038</y><y>0.32075</y></points><label>12</label><labelname>shop</labelname><flag>1</flag></object><object><points><x>0.84277</x><x>0.9248</x><y>0.004717</y><y>0.089623</y></points><label>12</label><labelname>shop</labelname><flag>1</flag></object><object><points><x>0.93848</x><x>0.99707</x><y>0.0062893</y><y>0.080189</y></points><label>12</label><labelname>shop</labelname><flag>1</flag></object>