<object><points><x>0.0042373</x><x>0.98941</x><y>0.035055</y><y>0.76384</y></points><label>12</label><labelname>shop</labelname><flag>1</flag></object><object><points><x>0.12924</x><x>0.23305</x><y>0.55904</y><y>0.6107</y></points><label>3</label><labelname>window</labelname><flag>1</flag></object><object><points><x>0.12712</x><x>0.23093</x><y>0.49815</y><y>0.54797</y></points><label>3</label><labelname>window</labelname><flag>1</flag></object><object><points><x>0.15042</x><x>0.24153</x><y>0.24723</y><y>0.28967</y></points><label>3</label><labelname>window</labelname><flag>1</flag></object><object><points><x>0.15254</x><x>0.24364</x><y>0.30258</y><y>0.34502</y></points><label>3</label><labelname>window</labelname><flag>1</flag></object><object><points><x>0.37712</x><x>0.5</x><y>0.18819</y><y>0.26937</y></points><label>3</label><labelname>window</labelname><flag>1</flag></object><object><points><x>0.36653</x><x>0.49153</x><y>0.51476</y><y>0.59779</y></points><label>3</label><labelname>window</labelname><flag>1</flag></object><object><points><x>0.62712</x><x>0.78602</x><y>0.12177</y><y>0.28229</y></points><label>3</label><labelname>window</labelname><flag>1</flag></object><object><points><x>0.70763</x><x>0.82839</x><y>0.83026</y><y>0.86162</y></points><label>3</label><labelname>window</labelname><flag>1</flag></object><object><points><x>0.625</x><x>0.79025</x><y>0.43542</y><y>0.49631</y></points><label>3</label><labelname>window</labelname><flag>1</flag></object><object><points><x>0.625</x><x>0.79025</x><y>0.50554</y><y>0.56827</y></points><label>3</label><labelname>window</labelname><flag>1</flag></object><object><points><x>0.62712</x><x>0.79237</x><y>0.57934</y><y>0.64022</y></points><label>3</label><labelname>window</labelname><flag>1</flag></object><object><points><x>0.47246</x><x>0.59746</x><y>0.038745</y><y>0.68819</y></points><label>7</label><labelname>balcony</labelname><flag>1</flag></object><object><points><x>0.37712</x><x>0.5</x><y>0.14391</y><y>0.18819</y></points><label>8</label><labelname>blind</labelname><flag>1</flag></object><object><points><x>0.38136</x><x>0.50424</x><y>0.26937</y><y>0.31365</y></points><label>8</label><labelname>blind</labelname><flag>1</flag></object><object><points><x>0.36441</x><x>0.5</x><y>0.46679</y><y>0.51476</y></points><label>8</label><labelname>blind</labelname><flag>1</flag></object><object><points><x>0.36653</x><x>0.50212</x><y>0.59779</y><y>0.64576</y></points><label>8</label><labelname>blind</labelname><flag>1</flag></object><object><points><x>0.62924</x><x>0.75636</x><y>0.43911</y><y>0.49262</y></points><label>8</label><labelname>blind</labelname><flag>1</flag></object><object><points><x>0.62712</x><x>0.75212</x><y>0.50923</y><y>0.56273</y></points><label>8</label><labelname>blind</labelname><flag>1</flag></object><object><points><x>0.22669</x><x>0.33898</x><y>0.060886</y><y>0.7583</y></points><label>10</label><labelname>molding</labelname><flag>1</flag></object><object><points><x>0.55508</x><x>0.5911</x><y>0.04797</y><y>0.74539</y></points><label>10</label><labelname>molding</labelname><flag>1</flag></object>