<object><points><x>0.16408</x><x>0.99827</x><y>0.0013774</y><y>0.99587</y></points><label>2</label><labelname>facade</labelname><flag>1</flag></object><object><points><x>0.21244</x><x>0.25389</x><y>0.21901</y><y>0.25207</y></points><label>3</label><labelname>window</labelname><flag>1</flag></object><object><points><x>0.21244</x><x>0.25216</x><y>0.70799</y><y>0.73829</y></points><label>3</label><labelname>window</labelname><flag>1</flag></object><object><points><x>0.31606</x><x>0.39896</x><y>0.049587</y><y>0.085399</y></points><label>3</label><labelname>window</labelname><flag>1</flag></object><object><points><x>0.31779</x><x>0.40069</x><y>0.088154</y><y>0.12259</y></points><label>3</label><labelname>window</labelname><flag>1</flag></object><object><points><x>0.32297</x><x>0.39896</x><y>0.38154</y><y>0.41185</y></points><label>3</label><labelname>window</labelname><flag>1</flag></object><object><points><x>0.32124</x><x>0.39896</x><y>0.42011</y><y>0.45317</y></points><label>3</label><labelname>window</labelname><flag>1</flag></object><object><points><x>0.48532</x><x>0.56822</x><y>0.35399</y><y>0.3843</y></points><label>3</label><labelname>window</labelname><flag>1</flag></object><object><points><x>0.48359</x><x>0.56822</x><y>0.39256</y><y>0.42287</y></points><label>3</label><labelname>window</labelname><flag>1</flag></object><object><points><x>0.48705</x><x>0.57168</x><y>0.23416</y><y>0.26446</y></points><label>3</label><labelname>window</labelname><flag>1</flag></object><object><points><x>0.4905</x><x>0.5734</x><y>0.19559</y><y>0.2259</y></points><label>3</label><labelname>window</labelname><flag>1</flag></object><object><points><x>0.48877</x><x>0.5734</x><y>0.095041</y><y>0.12534</y></points><label>3</label><labelname>window</labelname><flag>1</flag></object><object><points><x>0.4905</x><x>0.5734</x><y>0.056474</y><y>0.086777</y></points><label>3</label><labelname>window</labelname><flag>1</flag></object><object><points><x>0.45423</x><x>0.53886</x><y>0.61433</y><y>0.64463</y></points><label>3</label><labelname>window</labelname><flag>1</flag></object><object><points><x>0.45596</x><x>0.53886</x><y>0.65152</y><y>0.68044</y></points><label>3</label><labelname>window</labelname><flag>1</flag></object><object><points><x>0.45596</x><x>0.54059</x><y>0.7989</y><y>0.8292</y></points><label>3</label><labelname>window</labelname><flag>1</flag></object><object><points><x>0.45769</x><x>0.54231</x><y>0.83471</y><y>0.86501</y></points><label>3</label><labelname>window</labelname><flag>1</flag></object><object><points><x>0.45769</x><x>0.54231</x><y>0.8719</y><y>0.90496</y></points><label>3</label><labelname>window</labelname><flag>1</flag></object><object><points><x>0.31606</x><x>0.37997</x><y>0.20799</y><y>0.2562</y></points><label>3</label><labelname>window</labelname><flag>1</flag></object><object><points><x>0.31088</x><x>0.3886</x><y>0.53857</y><y>0.57025</y></points><label>3</label><labelname>window</labelname><flag>1</flag></object><object><points><x>0.31088</x><x>0.3886</x><y>0.57576</y><y>0.60744</y></points><label>3</label><labelname>window</labelname><flag>1</flag></object><object><points><x>0.31088</x><x>0.3886</x><y>0.69008</y><y>0.72176</y></points><label>3</label><labelname>window</labelname><flag>1</flag></object><object><points><x>0.30915</x><x>0.38687</x><y>0.7259</y><y>0.75758</y></points><label>3</label><labelname>window</labelname><flag>1</flag></object><object><points><x>0.31261</x><x>0.3886</x><y>0.84435</y><y>0.87603</y></points><label>3</label><labelname>window</labelname><flag>1</flag></object><object><points><x>0.31434</x><x>0.39033</x><y>0.88017</y><y>0.91185</y></points><label>3</label><labelname>window</labelname><flag>1</flag></object><object><points><x>0.63385</x><x>0.72193</x><y>0.18044</y><y>0.24793</y></points><label>3</label><labelname>window</labelname><flag>1</flag></object><object><points><x>0.63558</x><x>0.72193</x><y>0.099174</y><y>0.13499</y></points><label>3</label><labelname>window</labelname><flag>1</flag></object><object><points><x>0.63731</x><x>0.72366</x><y>0.30165</y><y>0.33747</y></points><label>3</label><labelname>window</labelname><flag>1</flag></object><object><points><x>0.63731</x><x>0.72366</x><y>0.3416</y><y>0.37603</y></points><label>3</label><labelname>window</labelname><flag>1</flag></object><object><points><x>0.62003</x><x>0.73402</x><y>0.7989</y><y>0.83609</y></points><label>3</label><labelname>window</labelname><flag>1</flag></object><object><points><x>0.62176</x><x>0.73748</x><y>0.84298</y><y>0.87879</y></points><label>3</label><labelname>window</labelname><flag>1</flag></object><object><points><x>0.62176</x><x>0.72366</x><y>0.65427</y><y>0.68871</y></points><label>3</label><labelname>window</labelname><flag>1</flag></object><object><points><x>0.62176</x><x>0.72193</x><y>0.6157</y><y>0.65014</y></points><label>3</label><labelname>window</labelname><flag>1</flag></object><object><points><x>0.78411</x><x>0.91019</x><y>0.1157</y><y>0.1708</y></points><label>3</label><labelname>window</labelname><flag>1</flag></object><object><points><x>0.78411</x><x>0.91019</x><y>0.23278</y><y>0.28926</y></points><label>3</label><labelname>window</labelname><flag>1</flag></object><object><points><x>0.78929</x><x>0.91364</x><y>0.37879</y><y>0.43388</y></points><label>3</label><labelname>window</labelname><flag>1</flag></object><object><points><x>0.78756</x><x>0.91192</x><y>0.49862</y><y>0.55372</y></points><label>3</label><labelname>window</labelname><flag>1</flag></object><object><points><x>0.78929</x><x>0.91364</x><y>0.64463</y><y>0.69972</y></points><label>3</label><labelname>window</labelname><flag>1</flag></object><object><points><x>0.78756</x><x>0.91192</x><y>0.76033</y><y>0.81543</y></points><label>3</label><labelname>window</labelname><flag>1</flag></object><object><points><x>0.79102</x><x>0.9171</x><y>0.90909</y><y>0.96419</y></points><label>3</label><labelname>window</labelname><flag>1</flag></object><object><points><x>0.27461</x><x>0.3057</x><y>0.17218</y><y>0.28926</y></points><label>5</label><labelname>cornice</labelname><flag>1</flag></object><object><points><x>0.3886</x><x>0.41278</x><y>0.82507</y><y>0.92287</y></points><label>6</label><labelname>sill</labelname><flag>1</flag></object><object><points><x>0.38687</x><x>0.41278</x><y>0.67218</y><y>0.76997</y></points><label>6</label><labelname>sill</labelname><flag>1</flag></object><object><points><x>0.3886</x><x>0.40587</x><y>0.52204</y><y>0.61983</y></points><label>6</label><labelname>sill</labelname><flag>1</flag></object><object><points><x>0.6563</x><x>0.74093</x><y>0.068871</y><y>0.99036</y></points><label>7</label><labelname>balcony</labelname><flag>1</flag></object><object><points><x>0.31779</x><x>0.39378</x><y>0.0041322</y><y>0.046832</y></points><label>8</label><labelname>blind</labelname><flag>1</flag></object><object><points><x>0.31779</x><x>0.39551</x><y>0.12672</y><y>0.16667</y></points><label>8</label><labelname>blind</labelname><flag>1</flag></object><object><points><x>0.32124</x><x>0.39724</x><y>0.33884</y><y>0.38017</y></points><label>8</label><labelname>blind</labelname><flag>1</flag></object><object><points><x>0.3057</x><x>0.39206</x><y>0.53306</y><y>0.573</y></points><label>8</label><labelname>blind</labelname><flag>1</flag></object><object><points><x>0.3057</x><x>0.39206</x><y>0.573</y><y>0.61019</y></points><label>8</label><labelname>blind</labelname><flag>1</flag></object><object><points><x>0.30743</x><x>0.39378</x><y>0.68595</y><y>0.72314</y></points><label>8</label><labelname>blind</labelname><flag>1</flag></object><object><points><x>0.30743</x><x>0.39551</x><y>0.72452</y><y>0.76033</y></points><label>8</label><labelname>blind</labelname><flag>1</flag></object><object><points><x>0.30915</x><x>0.39724</x><y>0.84022</y><y>0.87741</y></points><label>8</label><labelname>blind</labelname><flag>1</flag></object><object><points><x>0.30915</x><x>0.39551</x><y>0.87741</y><y>0.9146</y></points><label>8</label><labelname>blind</labelname><flag>1</flag></object><object><points><x>0.48187</x><x>0.57168</x><y>0.012397</y><y>0.052342</y></points><label>8</label><labelname>blind</labelname><flag>1</flag></object><object><points><x>0.48359</x><x>0.5734</x><y>0.13361</y><y>0.17355</y></points><label>8</label><labelname>blind</labelname><flag>1</flag></object><object><points><x>0.48187</x><x>0.5734</x><y>0.15289</y><y>0.19284</y></points><label>8</label><labelname>blind</labelname><flag>1</flag></object><object><points><x>0.48705</x><x>0.57513</x><y>0.2741</y><y>0.31267</y></points><label>8</label><labelname>blind</labelname><flag>1</flag></object><object><points><x>0.48187</x><x>0.56822</x><y>0.30992</y><y>0.34848</y></points><label>8</label><labelname>blind</labelname><flag>1</flag></object><object><points><x>0.48187</x><x>0.56822</x><y>0.43251</y><y>0.47107</y></points><label>8</label><labelname>blind</labelname><flag>1</flag></object><object><points><x>0.4525</x><x>0.53886</x><y>0.57438</y><y>0.61295</y></points><label>8</label><labelname>blind</labelname><flag>1</flag></object><object><points><x>0.45596</x><x>0.54231</x><y>0.68733</y><y>0.72727</y></points><label>8</label><labelname>blind</labelname><flag>1</flag></object><object><points><x>0.45423</x><x>0.54059</x><y>0.7562</y><y>0.79614</y></points><label>8</label><labelname>blind</labelname><flag>1</flag></object><object><points><x>0.45596</x><x>0.54231</x><y>0.9146</y><y>0.95455</y></points><label>8</label><labelname>blind</labelname><flag>1</flag></object><object><points><x>0.63558</x><x>0.72193</x><y>0.15289</y><y>0.17631</y></points><label>8</label><labelname>blind</labelname><flag>1</flag></object><object><points><x>0.63385</x><x>0.72021</x><y>0.13499</y><y>0.1584</y></points><label>8</label><labelname>blind</labelname><flag>1</flag></object><object><points><x>0.63212</x><x>0.71675</x><y>0.034435</y><y>0.057851</y></points><label>8</label><labelname>blind</labelname><flag>1</flag></object><object><points><x>0.63385</x><x>0.72021</x><y>0.26171</y><y>0.29752</y></points><label>8</label><labelname>blind</labelname><flag>1</flag></object><object><points><x>0.63558</x><x>0.72193</x><y>0.24931</y><y>0.28375</y></points><label>8</label><labelname>blind</labelname><flag>1</flag></object><object><points><x>0.63731</x><x>0.72366</x><y>0.38292</y><y>0.41736</y></points><label>8</label><labelname>blind</labelname><flag>1</flag></object><object><points><x>0.62003</x><x>0.72712</x><y>0.61433</y><y>0.65152</y></points><label>8</label><labelname>blind</labelname><flag>1</flag></object><object><points><x>0.62003</x><x>0.72712</x><y>0.65152</y><y>0.68871</y></points><label>8</label><labelname>blind</labelname><flag>1</flag></object><object><points><x>0.61831</x><x>0.73057</x><y>0.88017</y><y>0.91873</y></points><label>8</label><labelname>blind</labelname><flag>1</flag></object><object><points><x>0.62003</x><x>0.7323</x><y>0.76033</y><y>0.79752</y></points><label>8</label><labelname>blind</labelname><flag>1</flag></object><object><points><x>0.78066</x><x>0.90501</x><y>0.089532</y><y>0.1157</y></points><label>8</label><labelname>blind</labelname><flag>1</flag></object><object><points><x>0.78238</x><x>0.90674</x><y>0.17769</y><y>0.20523</y></points><label>8</label><labelname>blind</labelname><flag>1</flag></object><object><points><x>0.78238</x><x>0.90674</x><y>0.20661</y><y>0.23278</y></points><label>8</label><labelname>blind</labelname><flag>1</flag></object><object><points><x>0.78584</x><x>0.91019</x><y>0.29614</y><y>0.32231</y></points><label>8</label><labelname>blind</labelname><flag>1</flag></object><object><points><x>0.78584</x><x>0.91019</x><y>0.35124</y><y>0.37741</y></points><label>8</label><labelname>blind</labelname><flag>1</flag></object><object><points><x>0.78411</x><x>0.90846</x><y>0.44215</y><y>0.46832</y></points><label>8</label><labelname>blind</labelname><flag>1</flag></object><object><points><x>0.78411</x><x>0.90846</x><y>0.47107</y><y>0.49725</y></points><label>8</label><labelname>blind</labelname><flag>1</flag></object><object><points><x>0.78756</x><x>0.91192</x><y>0.55785</y><y>0.58402</y></points><label>8</label><labelname>blind</labelname><flag>1</flag></object><object><points><x>0.78756</x><x>0.91192</x><y>0.61295</y><y>0.6405</y></points><label>8</label><labelname>blind</labelname><flag>1</flag></object><object><points><x>0.78929</x><x>0.91364</x><y>0.70248</y><y>0.72865</y></points><label>8</label><labelname>blind</labelname><flag>1</flag></object><object><points><x>0.78929</x><x>0.91364</x><y>0.73416</y><y>0.76033</y></points><label>8</label><labelname>blind</labelname><flag>1</flag></object><object><points><x>0.78756</x><x>0.91192</x><y>0.82094</y><y>0.84711</y></points><label>8</label><labelname>blind</labelname><flag>1</flag></object><object><points><x>0.79275</x><x>0.9171</x><y>0.87741</y><y>0.90358</y></points><label>8</label><labelname>blind</labelname><flag>1</flag></object><object><points><x>0.37997</x><x>0.47841</x><y>0.17218</y><y>0.30716</y></points><label>7</label><labelname>balcony</labelname><flag>1</flag></object>